S. No.,Product,SKU ID,HSN Code (4 digit),Shiprocket SKU code,State & City,Shop Name,Product weight,Main person's name & Contact No.,GST Registration No.,FSSAI Licence No.,Packaging availability (Outer),MRP Printed on Vendor's package (Y/N & current MRP),Applicable GST rate (%) - Buying,Applicable GST rate (%) - Selling,Available SKUs by weight,"Total weight/unit 
(with packaging)",Package dimensions (LxBxH),"Volumetric 
(with Delhivery)",Custom MRP possible?,Agreed Price (per kg) - Without GST,Channel of communication for orders,Phone No. (with Whatsapp),SPOC,Mail ID (if available),Full Address,PIN Code,Pickup hours/Shop timings,Payment Terms,"Remarks, if any"
1,Kashmiri Almonds - New,10001KE,,,,Kashmirexotics,,Maqsood,01BQYPD3217M1ZQ,2.10E+13,0.4 Kg,N,12%,,400 gms,,21*13*7 (cm),,NA,1012.1,,7006644649,Maqsood,,"Kashmir Exotics Ishbur, Nishat ,Srinagar, Jammu and Kashmir, 191121",191121,,,
2,Kashmiri Walnuts - New,10002KE,,,,,,,01BQYPD3217M1ZQ,2.10E+13,0.4 Kg,N,5%,,400 gms,,21*13*7 (cm),,NA,1240.1,,7006644649,Maqsood,,"Kashmir Exotics Ishbur, Nishat ,Srinagar, Jammu and Kashmir, 191121",,,,
3,Badam Patisa ,10003RHJ,,3,Punjab,RHJ Sweets,,Sachin,03AABFR2891P1ZU,1.21E+13,0.4 Kg,N,5%,,400 gms,470 gms,17*17*4 (cm),0.29,NA,357.9,Whatsapp/Call,9417000650,Sumit,Rhj1925@gmail.com,"Ram Lal Hakumat Rai, Railway Station Rd, Ram Nagar Area, Jagraon, Punjab 142026",142026,Till 7 pm,Payment in 1-2 days post delivery,
,Badam Patisa (sample),S10003RHJ,,,,,,,,,,,,,,,,,,,,,,,,,,,
4,Panjiri,10004RHJ,,,,,,,03AABFR2891P1ZU,1.21E+13,0.4 Kg,N,5%,,400 gms,470 gms,17*17*4 (cm),0.29,NA,402.3,Whatsapp/Call,9417000650,Sumit,Rhj1925@gmail.com,"Ram Lal Hakumat Rai, Railway Station Rd, Ram Nagar Area, Jagraon, Punjab 142026",142026,,,
,Panjiri (sample),S10004RHJ,,,,,,,,,,,,,,,,,,,,,,,,,,,
5,Pinni,10005RHJ,,,,,,,03AABFR2891P1ZU,1.21E+13,0.4 Kg,N,5%,,400 gms,470 gms,17*17*4 (cm),0.29,NA,461,Whatsapp/Call,9417000650,Sumit,Rhj1925@gmail.com,"Ram Lal Hakumat Rai, Railway Station Rd, Ram Nagar Area, Jagraon, Punjab 142026",142026,,,
,Pinni (sample),S10005RHJ,,,,,,,,,,,,,,,,,,,,,,,,,,,
6,Achari Mathri,10006NS,,,Delhi,Nathus,,Bhavya,07BMHPG2575C3Z8,1.33E+13,0.4 Kg,N,12%,,400 gms,480 gms,19*14*9 (cm),0.59,NA,300,Whatsapp/Call,9599091606,Bhavya/Sajjan,,"Nathus, C-787, New Friends Colony ,new delhi 110025",110025,No such time information,Payment in 1-2 days post delivery,Prices include packaging cost also
,Achari Mathri (sample),S10006NS,,,,,,,,,,,,,,,,,,,,,,,,,,,
7,Mini Samosa ,10007NS,,,,,,,,,0.4 Kg,N,12%,,400 gms,480 gms,19*14*9 (cm),0.59,NA,300,,,,,,,,,
,Mini Samosa (sample),S10007NS,,,,,,,,,,,,,,,,,,,,,,,,,,,
8,Sohan Halwa,10008NS,,,,,,,,,0.4 Kg,N,5%,,400 gms,480 gms,19*14*9 (cm),,NA,687.5,,,,,,,,,
,Sohan Halwa (sample),S10008NS,,,,,,,,,,,,,,,,,,,,,,,,,,,
9,Karachi Halwa,10009NS,,,,,,,,,0.4 Kg,N,5%,,400 gms,480 gms,19*14*9 (cm),,NA,420,,,,,,,,,
,Karachi Halwa (sample),S10009NS,,,,,,,,,,,,,,,,,,,,,,,,,,,
10,Makhana (Premium large),10010KM,,,Bihar,Koshi,,,10AAECH6585L1ZD,,0.25 Kg,Y,5%,,250 gms,300 gms,28*21*5.5 (cm),0.81,Yes,799,Whatsapp/Call,8002794821,Kumar,,"Koshi Makhana, Near New Shahzam Traders, Ward No. 26, Bhartiya Nagar, Batraha, Saharsa, Bihar - 852201",852201,Till 7 pm,Advance payment,Includes packaging rates
11,Darjeeling Premium Green Tea,10011CL,,,Darjeeling,Chiya Leaf,,"Anish & Yash
(86373 57739)",19AFMPA6962Q1ZM,1.00E+13,0.1 Kg,Y (Rs. 299/100gm),5%,,2x100 gms,300 gms,22*15*7.5 (cm),,NA,1600,Whatsapp then Email,8637357739,Yash, chiyaleaves@gmail.com,"HD Lama Rd, Chauk Bazaar, Darjeeling, West Bengal 734101",734101,"9 AM to 7 PM
(Thursday Closed)",Post Pickup,Delivery through xpressbees gets delayed. Use Delhivery.
12,Darjeeling Black Tea,10012CL,,,Darjeeling,,,,,,,Y (Rs. 299/100gm),5%,,2x100 gms,300 gms,22*15*7.5 (cm),,NA,1600,,,,,,,,,
13,Ghee Anarsa (Puri w/o khowa),10013SR,,,Gaya (Bihar),Sri Ram Tilkut Bhandar,,,10ABAFS8545F1ZF,1.04E+13,"1kg, 0.5kg",N,5%,,"1kg, 0.5kg

400gm can be done",460 gms,19*11*9 (cm),0.47,NA,323.8,Whatsapp/mail,9102594444,Dhirendra Keshri,sriramtilkutbhandar@gmail.com,"Sri Ram Tilkut Bhandar, Tekari Road, Gaya",823001,,Weekly payment,Vendor prices inclusive of packaging
14,Ghee Anarsa Khowa,10014SR,,,,,,,,,,N,5%,,,,,,,342.9,,,,,,,,,
15,Tilkut Gur,10015SR,,,,,,,,,,N,5%,,,,,,,304.8,,,,,,,,,
16,Tilkut (Cheeni),10016SR,,,,,,,,,,N,5%,,,,,,,304.8,,,,,,,,,
17,Panama Lai,10017SR,,,,,,,,,,N,5%,,0.5kg; 350gm can be done,,,,,381,,,,,,,,,
,Khowa Lai,10018SR,,,,,,,,,,N,5%,,,,,,,342.9,,,,,,,,,
18,Silao Khaja,10019SKS,,,Silao (Bihar),Sri Kokil Sah Khaja bhandar,,,NA,NA,For 1kg,N,NA,5%,1kg,1.3kg,29×24×14 (cm),2.82,NA,250,Whatsapp,9504896984,Jacky Kumar,,SILAO BYPASS NEAR BUS STOP INFRONT OF JAI MATA DI TEA SHOP SILAO NALANDA BIHAR - 803117,803117,Timing 5am to 9pm,"Advance payment, for now",
19,Kaju Dalmoth,10020KS,,,Bareilly,Kipps,,,09AACHD8544A1ZK,1.27E+13,0.5 kg,N,12%,,500 gms,500 gms,18*13*5 (cm),0.3,NA,625,First mail then whatsapp,9719449112,Amir,kippssweets1972@gmail.​com,"Kipps Store, near hanuman mandir, 47, Civil Lines, Bareilly, Uttar Pradesh",243001,,Payment in 1-2 days post delivery,
20,Bareily ki Burfi,10021KS,,,,,,,,,0.4 kg,N,5%,,400 gms,470 gms,18*16*5 (cm),0.36,NA,447.6,,,,,,,,,
21,Balushahi,10022KJ,,,Aligarh,Kunjilal,,,,1.27E+13,0.4 kg,N,5%,,400 gms,470 gms,20*17*7 (cm),0.59,NA,552.4,First Mail then whatsapp,"7088500040 
- For Ordering",Soni Ji,kldoff01@gmail.com,"Kunjilal lal foods pvt.ltd, Krishna market, samad road, Aligarh",202001,9 AM to 7 PM,Payment in 1-2 days post delivery,Vendor rates includes primary/secondary packaging
22,Chandrakala,10023KJ,,,,,,,,,0.4 kg,N,5%,,400 gms,470 gms,20*17*7 (cm),0.59,,457.1,,,,,,,,,
23,Dhodha,10024RHJ,,,Punjab,RHJ,,,03AABFR2891P1ZU,1.21E+13,0.4 kg,N,5%,,400 gms,500 gm,17*17*4 (cm),,NA,360.4,,,,,,,,,
24,Rasogulla,10025GR,,,Kolkata (West Bengal),Ganguram,,,See invoice,,For 1kg,Y (Custom),5%,,1 kg,1.1 kg,11*11*14 (cm),,Y,189,First Mail then whatsapp,7003134441,Aman Chourasia,ganguramonline@gmail.com,"Gangaram Sweets
123/2 A P C Road
Brandon Street
Kolkata 700006",700006,Till 7 pm,Payment on the same day,
25,Nolen Gurer Jolbhora Sandesh,10026GR,,,,,,,,,0.4 kg,N,5%,,400 gm,500 gm,19.5*14.5*7 (cm),,NA,780,,,,,,,,,
26,Kaju Paan,10027GR,,,,,,,,,0.4 kg,N,5%,,400 gm,500 gm,,,NA,857.5,,,,,,,,,
27,Anjeer Burfi,10028NS,,,Delhi,Nathus,,,07BMHPG2575C3Z8,1.33E+13,0.4 kg,N,5%,,400 gm,500 gm,19*14*9 (cm),,NA,1142.9,Whatsapp/Call,9599091606,Bhavya/Sajjan,,"Nathus, C-787, New Friends Colony ,new delhi 110025",110025,No such time information,Payment in 1-2 days post delivery,Prices include packaging cost also
28,Khajur Burfi,10029NS,,,Delhi,,,,,,0.4 kg,,5%,,400 gm,500 gm,19*14*9 (cm),,NA,560,Whatsapp/Call,9599091606,Bhavya/Sajjan,,"Nathus, C-787, New Friends Colony ,new delhi 110025",110025,No such time information,Payment in 1-2 days post delivery,Prices include packaging cost also
29,Kaju Badam Lachcha,10030PK,,,Bareilly,PK Namkeen,,,09AAFFK0027Q1Z3,,0,Y (Custom),12%,,400 gms (custom),500 gms,19*14*9 (cm),,Y,171.9,Whatsapp,9711940026,Yash (owner),pknamkeen2009@gmail.com,KUMAR ENTERPRISE (P.K NAMKEEN HEAD OFFICE) NEAR KATRA CHAND KHAN BEHIND SATELLITE BUS STATION BAREILLY 243001 UTTAR PRADESH,243001,10 AM to 8 PM,As per billing. Same day (for now),
30,Makhana Mixture,10031PK,,,,,,,,,0.4 kg,Y (Custom),12%,,400 gms (custom),500 gms,10*15*15 (cm),,Y,171.9,,,,,,,,,
31,Paneer Bhujia,10032PK,,,,,,,,,0.4 kg,Y (Custom),12%,,400 gms (custom),500 gms,19*14*9 (cm),,Y,196.4,,,,,,,,,
32,Sohan Papdi,10033KJ,,,Aligarh (UP),Kunjilal,,,,1.27E+13,0.4 kg,N,5%,,400 gms (custom),500 gms,19*14*9 (cm),,NA,457.1,First Mail then whatsapp,,,,,,,,
33,Bal Mithai (with sugar balls),10036OS,,,"Mussoorie, Uttarakhand",Omi Sweets,,9837171819,05CAHPG7422B1Z8,,0.4 kg,N,5%,,0.4 kg,500 gms,18*14*5 (cm),,NA,500,Whatsapp,9837171819,Ashwani mittal,,"153 - 154 Landour bazaar Mussoorie Dist dehradun, Mussoorie, Uttarakhand. India ",248179,,As per billing. Same day,
34,Bal Mithai w/o sugar balls with nuts ,10035OS,,,,,,,,,,,5%,,400 gms (custom),500 gms,19*14*9 (cm),,NA,547.6,,,,,,,,,
35,Indori Khatta Mittha Mixture,10036KN,,,Indore,Khandelwal Ratlami Sev Bhandar,,"9425054112, 8827098612",23AKFPK4121P1Z6,1.14E+13,0.4 kg,Y (CUSTOM),12%,,0.4 kg,500 gms,17*21*7 (cm),,Y,151.8,Whatsapp,9425054112,Mayank,,"Khandelwal Ratlami Sev Bhandar, 109, R.N.T. Marg, Chhawani Chowk

Indore, Madhya Pradesh
India - 452001",452001,,As per billing. Same day,
36,Ratlami sev ,10037KN,,,,,,,,,0.4 kg,Y,12%,,0.4 kg,500 gms,17*21*7 (cm),,Y,151.8,,,,,,,,,
37,Masala Pudina Gathiya,10038KN,,,,,,,,,0.4 kg,Y,12%,,0.4 kg,500 gms,17*21*7 (cm),,Y,151.8,,,,,,,,,
,Kadak Masala Chai,10039CL,,,Darjeeling,Chiya Leaf,,"Anish & Yash
(86373 57739)",19AFMPA6962Q1ZM,1.00E+13,0.25 kg,Y (Rs. 299 for 250gm),5%,,250gm,300 gms,22*15*7.5 (cm),,NA,740,Whatsapp then Email,8637357739,Yash, chiyaleaves@gmail.com,"HD Lama Rd, Chauk Bazaar, Darjeeling, West Bengal 734101",734101,"9 AM to 7 PM
(Thursday Closed)",Post Pickup,Delivery through xpressbees gets delayed. Use Delhivery.
38,Ice Halwa,10040GS,,,"Maharashtra
(Mumbai)",Ghasitaram Gifts,,"Rima
9892000011",27AAEFT4853C1Z8,1.15E+13,0.4 kg,Y(Rs. 399 / 400g),5%,,0.4 kg,510 grms,22*18*4 (cm),,No,712.5,Mail,,,orders@ghasitaramgifts.com,,,"7 days open
Pickup hrs: 2PM to 5PM","Initially after pickup, then every 15 days",25% discount on MRP
39,Mawa ring Modak,10041GS,,,,,,,,,0.4 kg,Y(Rs. 551 / 400g),5%,,0.4 kg,510 grms,22*18*4 (cm),,No,983.9,,,,,,,,,
40,Pure Kaju Assorted Modak,10042GS,,,,,,,,,0.4 kg,Y(Rs. 799 / 400g),5%,,0.4 kg,510 grms,22*18*4 (cm),,No,1426.8,,,,,,,,,
41,Tikha Chavana ,10043GG,,,,,,,,,0.20 kg,Y(Rs. 45 / 200g),12%,,0.20 kg,,,,Y,170.8,,,,,,,,,
42,Hing papadi mix ,10044GG,,,,,,,,,0.20 kg,Y(Rs. 45 / 200g),12%,,0.20 kg,,,,Y,170.8,,,,,,,,,
43,Sakkarpara ,10045GG,,,,,,,,,0.40 kg,Y(Rs. 90 / 400g),5%,,0.40 kg,,,,Y,182.1,,,,,,,,,
44,Fulwadi ,10046GG,,,,,,,,,0.20 kg,Y(Rs. 45 / 200g),12%,,0.20 kg,,,,Y,170.8,,,,,,,,,
45,Masala chakri ,10047GG,,,,,,,,,0.10 kg,Y(Rs. 40 / 100g),12%,,0.10 kg,,,,Y,303.6,,,,,,,,,
46,Dry fruit Kachori ,10048GG,,,,,,,,,0.40 kg,Y(Rs. 150 / 400g),12%,,0.40 kg,,,,Y,284.6,,,,,,,,,
47,Khasta Gajak,10049SG,,,"Rajasthan
(Jaipur)",Sahu Gajak Bhandar,,"Ramavtar
7728919809",08BHPPS4313B1ZD,1.22E+13,0.40 kg,Y (Rs. 400),5%,,0.40 kg,,19*14*9 (cm),,No,571.4,Whatsapp,8875463405,Kailash Sahu,info@sahugajak.com,"63/10, Rajai Path, Maday Marg, Mansarovar, Jaipur, Rajasthan - 302020",302020,"7 days open.
Pickup hrs: Anytime",Weekly,40% discount on MRP (on amazon)
48,Peanut Chikki,10050SG,,,,,,,,,0.50 kg,Y (Rs. 400),5%,,0.50 kg,,,,No,,,,,,,,,,
48,Gur ki Rewadi,10050SG,,,,,,,,,0.40 kg,Y (Rs. 400),5%,,0.40 kg,,,,No,585.7,,,,,,,,,
49,Gajak Roll,10051SG,,,,,,,,,0.35 kg,Y (Rs. 400),5%,,0.35 kg,,,,No,653.1,,,,,,,,,
50,Masala Khakra,10052BG,,,"Gujarat
(Surat)",Bhavna Gruh Udyog,,"Nikesh
9722109832",24BORPM8506F2ZO,2.07E+13,0.20 Kg,Y (Rs. 95),5%,,0.20 Kg,,20*20*5 (cm),,Y,151.5,Whatsapp,9722109832,Nikesh,,"Shop No 1, Mavani Point, beside Bhakti group, near Chokshi Wadi Adajan, Surat, Gujarat - 395009",395009,"Sunday closed
Shop timings: 11AM to 8PM",Immediately after pickup,5% discount on Rate (not on MRP) in PDF
51,Methi Khakra,10053BG,,,,,,,,,0.20 Kg,Y (Rs. 95),5%,,0.20 Kg,,20*20*5 (cm),,Y,151.5,,,,,,,,,
52,Pizza Khakra,10054BG,,,,,,,,,0.20 Kg,Y (Rs. 95),5%,,0.20 Kg,,20*20*5 (cm),,Y,182.9,,,,,,,,,
53,Dhaniya Mirchi Bhakri,10055BG,,,,,,,,,0.20 Kg,Y (Rs. 90),5%,,0.20 Kg,,14*14*11 (cm),,Y,185.5,,,,,,,,,
54,Masala Bhakri,10056BG,,,,,,,,,0.20 Kg,Y (Rs. 90),5%,,0.20 Kg,,14*14*11 (cm),,Y,185.5,,,,,,,,,
