Index (Year),Author / Editor / Source,Year ofpublication,Countriessampled,World  RankingWorldwide ranking among countries evaluated.,RankingL.A.Ranking among the 20 Latin American countries (Puerto Rico is not included).
"Human Poverty, HPI-1 (2005) Ranking among 108 developing countries with available data only.",United Nations (UNDP) page 240,2007–08,108,2nd,1st
Poverty below $2 a day (1990–2005) Ranking among 71 developing countries with available data only. Countries in the sample surveyed between 1990 and 2005. Refers to population below income poverty line as defined by the World Bank 's $2 per day indicator,United Nations (UNDP) page 238–240,2007–08,71,3rd,2nd
Global Peace (2009),The Economist,2008,140,21st,2nd
"Corruption Perception (2008) The 2008 CPI for Uruguay is equal to that of Chile , therefore both countries are tied in first place for Latin America.",Transparency International,2008,180,23rd,1st
Democracy (2006),The Economist,2007,167,23rd,2nd
Prosperity Index (2008),Legatum Institute,2008,104,36th,3rd
Press Freedom (2007),Reporters Without Borders,2007,169,37th,2nd
Economic Freedom (2008),The Wall Street Journal,2008,157,38th,3rd
Human Development (2005),United Nations (UNDP),2007–08,177,46th,3rd
Quality-of-life (2005),The Economist,2007,111,46th,6th
Travel and Tourism Competitiveness (2008),World Economic Forum,2008,130,63rd,7th <!--without Puerto Rico (does not belong to LA)-->
Global Competitiveness (2009–2010),World Economic Forum,2009–10,131,65th,6th <!--without Puerto Rico (does not belong to LA)-->
"Income inequality (1989–2007) Because the Gini coefficient used for the ranking corresponds to different years depending of the country, and the underlying household surveys differ in method and in the type of data collected, the distribution data are not strictly comparable across countries. The ranking therefore is only a proxy for reference purposes, and though the source is the same, the sample is smaller than for the HDI",United Nations (UNDP),2007–2008,126,88th,2nd
