PLACE,DATA TYPE,UNITS,2000,2001,2002,2003,2004,2005,2006,2007,2008,2009,2010,2011,2012,2013,2014,2015,2016,2017,2018,2019,2020,2021,2022
New England,Real Gross State Product: New England,billion chained 2012 dollars - saar,749,760,766,785,816,831,851,868,868,851,873,877,890,885,895,924,935,951,973,991,951,1014,1062
Middle Atlantic,Real Gross State Product: Middle Atlantic,billion chained 2012 dollars - saar,2096,2129,2135,2163,2213,2268,2312,2340,2334,2337,2406,2412,2484,2503,2538,2589,2628,2660,2723,2771,2628,2789,2938
East North Central,Real Gross State Product: East North Central,billion chained 2012 dollars - saar,2085,2063,2102,2144,2195,2231,2250,2263,2215,2105,2176,2222,2253,2276,2334,2370,2390,2420,2479,2506,2401,2552,2666
West North Central,Real Gross State Product: West North Central,billion chained 2012 dollars - saar,859,859,878,909,940,966,980,1000,1014,990,1016,1037,1062,1073,1103,1123,1128,1141,1169,1181,1144,1220,1272
South Atlantic,Real Gross State Product: South Atlantic,billion chained 2012 dollars - saar,2341,2393,2448,2528,2644,2772,2851,2869,2843,2755,2805,2834,2851,2881,2945,3045,3117,3199,3291,3361,3267,3476,3639
East South Central,Real Gross State Product: East South Central,billion chained 2012 dollars - saar,631,629,646,664,692,711,728,727,734,707,722,733,746,755,759,775,783,794,811,823,791,845,881
West South Central,Real Gross State Product: West South Central,billion chained 2012 dollars - saar,1416,1446,1476,1496,1571,1625,1711,1770,1777,1771,1814,1850,1925,1984,2049,2132,2133,2183,2260,2319,2229,2375,2506
Mountain,Real Gross State Product: Mountain,billion chained 2012 dollars - saar,815,827,845,874,915,971,1016,1044,1035,991,1000,1015,1024,1041,1068,1106,1132,1171,1220,1262,1238,1329,1394
Pacific,Real Gross State Product: Pacific,billion chained 2012 dollars - saar,2253,2245,2296,2393,2485,2603,2716,2774,2788,2690,2733,2780,2851,2936,3052,3206,3316,3461,3588,3710,3612,3865,4083
New England,"Industrial Output, Manufacturing: New England","index, year 2017=100",107.1,104.1,102.1,102.1,104.2,107.3,108.8,112.6,108.4,95.4,101.5,103.1,104,103.7,102.9,101.3,99.7,100,100.4,98.2,91.3,93.3,96.7
Middle Atlantic,"Industrial Output, Manufacturing: Middle Atlantic","index, year 2017=100",109.4,105,104.9,105.6,107.2,110,111.5,114.4,109.4,95.3,101,102.7,103.6,103.3,103.2,101.7,100.1,100,100.2,97.4,89.2,91.7,96
East North Central,"Industrial Output, Manufacturing: East North Central","index, year 2017=100",95,89.5,90.6,92.1,94.6,98.1,99.6,102.2,96.9,81.3,88.2,92.8,96.6,98,100,99.8,99.2,100,101.4,98.5,90.3,98.3,105
West North Central,"Industrial Output, Manufacturing: West North Central","index, year 2017=100",83.7,81,82.9,85.6,89.6,95.1,98.5,102.9,100.2,87.2,92.8,96.2,99,100.1,101.3,100.4,99.3,100,101.6,99.9,94,99.7,104.5
South Atlantic,"Industrial Output, Manufacturing: South Atlantic","index, year 2017=100",99.7,94.7,95.4,96.4,98.8,102.7,104.4,106.5,100.3,86.5,91.2,93.5,95.3,96.1,97.4,98,98.6,100,101.7,100.4,94.5,104,110.6
East South Central,"Industrial Output, Manufacturing: East South Central","index, year 2017=100",93,86.5,88.4,90.6,94.5,99.3,101.7,103.5,97.5,82.5,87.4,89.6,93.4,95.3,97.1,97.6,99,100,100.4,98.4,91.7,103.7,110.3
West South Central,"Industrial Output, Manufacturing: West South Central","index, year 2017=100",88.7,86.1,86.5,88.1,91.2,96.1,101.1,106.9,103.8,91.6,97.2,101.2,105,105.9,107.2,104.4,99.6,100,102.5,101.9,95.7,96.5,101.1
Mountain,"Industrial Output, Manufacturing: Mountain","index, year 2017=100",80.4,78.4,78.5,80.3,84.4,90.2,95.4,99.9,95.3,82.3,87.4,90.6,94.1,95.7,96.9,97.2,97.6,100,103.6,103.8,100.1,112.2,119.4
Pacific,"Industrial Output, Manufacturing: Pacific","index, year 2017=100",91.3,88.7,88.2,89.2,92.4,96.6,99.7,103.8,100,87.8,93.3,96,98.3,99.3,100.6,100.7,100.1,100,100.6,98.3,91.3,95.6,101.9
New England,Real Personal Income: New England,billion chained 2012 dollars - saar,619,637,633,636,655,665,695,716,726,719,741,755,769,759,781,815,828,846,867,885,930,954,945
Middle Atlantic,Real Personal Income: Middle Atlantic,billion chained 2012 dollars - saar,1633,1660,1651,1655,1695,1716,1786,1860,1854,1812,1846,1898,1945,1945,1999,2081,2119,2191,2234,2290,2402,2437,2404
East North Central,Real Personal Income: East North Central,billion chained 2012 dollars - saar,1857,1876,1873,1881,1907,1915,1962,1998,1997,1926,1954,2018,2072,2081,2151,2253,2283,2329,2398,2439,2568,2659,2610
West North Central,Real Personal Income: West North Central,billion chained 2012 dollars - saar,798,809,813,830,854,861,890,924,948,920,936,974,1006,1001,1031,1069,1071,1085,1122,1147,1198,1250,1231
South Atlantic,Real Personal Income: South Atlantic,billion chained 2012 dollars - saar,1999,2055,2087,2139,2242,2341,2456,2519,2509,2433,2499,2576,2636,2604,2725,2877,2951,3056,3151,3221,3387,3528,3490
East South Central,Real Personal Income: East South Central,billion chained 2012 dollars - saar,615,624,631,642,666,681,703,720,726,720,737,755,768,765,791,824,841,864,881,899,943,994,973
West South Central,Real Personal Income: West South Central,billion chained 2012 dollars - saar,1146,1194,1197,1218,1250,1315,1400,1454,1533,1465,1520,1606,1682,1699,1792,1818,1801,1886,1968,2021,2102,2186,2176
Mountain,Real Personal Income: Mountain,billion chained 2012 dollars - saar,664,684,691,707,740,785,838,868,865,828,845,876,910,919,973,1026,1058,1106,1157,1191,1260,1320,1304
Pacific,Real Personal Income: Pacific,billion chained 2012 dollars - saar,1725,1748,1754,1796,1867,1916,2013,2061,2049,1984,2027,2110,2209,2214,2328,2489,2560,2618,2703,2786,2950,3052,3031
New England,Households: New England,thousands,5479,5500,5550,5554,5573,5598,5643,5654,5664,5659,5708,5743,5765,5786,5812,5845,5866,5910,5942,5965,5954,5978,6026
Middle Atlantic,Households: Middle Atlantic,thousands,15148,15191,15316,15316,15354,15362,15469,15538,15566,15542,15626,15731,15838,15887,15945,15958,15984,16143,16255,16346,16333,16418,16549
East North Central,Households: East North Central,thousands,17562,17659,17852,17899,17992,18056,18211,18243,18208,18109,18149,18257,18447,18538,18643,18800,18849,18975,19036,19089,19077,19183,19322
West North Central,Households: West North Central,thousands,7643,7702,7803,7840,7897,7965,8060,8108,8127,8112,8166,8235,8334,8379,8440,8500,8509,8594,8671,8742,8771,8843,8941
South Atlantic,Households: South Atlantic,thousands,20535,20899,21385,21702,22080,22415,22802,23004,23055,23074,23356,23648,23961,24192,24550,24914,25088,25388,25622,25898,26111,26442,26865
East South Central,Households: East South Central,thousands,6742,6793,6881,6913,6963,6995,7072,7137,7177,7197,7286,7365,7428,7463,7524,7580,7581,7614,7668,7741,7776,7847,7943
West South Central,Households: West South Central,thousands,11707,11851,12062,12175,12321,12431,12643,12869,13068,13212,13440,13645,13866,14052,14266,14459,14521,14651,14808,15011,15153,15354,15610
Mountain,Households: Mountain,thousands,6935,7107,7322,7481,7664,7833,8014,8130,8190,8220,8325,8427,8527,8613,8753,8901,9019,9197,9360,9531,9670,9852,10049
Pacific,Households: Pacific,thousands,16095,16280,16555,16697,16883,17045,17281,17367,17379,17393,17596,17757,17950,18126,18350,18574,18657,18804,18898,19001,19043,19146,19317
New England,Total Non-farm Employment: New England,millions,7,7.1,7,6.9,6.9,6.9,7,7.1,7.1,6.8,6.8,6.9,7,7,7.1,7.3,7.3,7.4,7.5,7.5,6.9,7.1,7.4
Middle Atlantic,Total Non-farm Employment: Middle Atlantic,millions,18.3,18.3,18.1,18,18.1,18.3,18.4,18.6,18.6,18,18,18.2,18.4,18.6,18.9,19.1,19.4,19.6,19.9,20.1,18.2,18.7,19.6
East North Central,Total Non-farm Employment: East North Central,millions,22.2,21.9,21.5,21.3,21.4,21.5,21.5,21.5,21.3,20.1,20,20.3,20.7,20.9,21.2,21.6,21.8,22,22.2,22.3,20.8,21.3,22
West North Central,Total Non-farm Employment: West North Central,millions,9.9,9.9,9.8,9.7,9.8,9.9,10.1,10.2,10.2,9.9,9.8,9.9,10.1,10.2,10.4,10.5,10.6,10.7,10.8,10.8,10.2,10.5,10.8
South Atlantic,Total Non-farm Employment: South Atlantic,millions,24.6,24.6,24.4,24.5,25,25.6,26.2,26.5,26.1,24.9,24.7,25,25.4,25.8,26.4,27.1,27.7,28.2,28.7,29.2,27.7,28.3,29.3
East South Central,Total Non-farm Employment: East South Central,millions,7.7,7.5,7.5,7.4,7.5,7.7,7.8,7.8,7.8,7.4,7.4,7.4,7.5,7.6,7.7,7.9,8,8.1,8.2,8.3,7.9,8.1,8.3
West South Central,Total Non-farm Employment: West South Central,millions,14,14.1,14,13.9,14.1,14.4,14.7,15.1,15.4,15,15,15.3,15.6,16,16.4,16.7,16.9,17.1,17.5,17.8,17,17.4,18
Mountain,Total Non-farm Employment: Mountain,millions,8.5,8.6,8.6,8.6,8.9,9.2,9.6,9.8,9.7,9.2,9,9.1,9.3,9.6,9.8,10.1,10.3,10.5,10.8,11.1,10.6,11,11.3
Pacific,Total Non-farm Employment: Pacific,millions,19.8,19.9,19.7,19.7,20,20.4,20.9,21.1,21,19.8,19.6,19.9,20.3,20.8,21.3,22,22.5,23,23.5,23.8,22.1,22.6,23.7