{"realtime_start": "2019-12-23", "realtime_end": "2019-12-23", "seriess": [{"id": "MMMFTAQ027S", "realtime_start": "2019-12-23", "realtime_end": "2019-12-23", "title": "Money market funds; total financial assets, Flow", "observation_start": "1946-10-01", "observation_end": "2019-07-01", "frequency": "Quarterly", "frequency_short": "Q", "units": "Millions of Dollars", "units_short": "Mil. of $", "seasonal_adjustment": "Seasonally Adjusted Annual Rate", "seasonal_adjustment_short": "SAAR", "last_updated": "2019-12-12 12:33:04-06", "popularity": 44, "notes": "Source ID: FA634090005.Q\n\nFor more information about the Flow of Funds tables, see: https://www.federalreserve.gov/apps/fof/Default.aspx\n\nFor a detailed description, including how this series is constructed, see: https://www.federalreserve.gov/apps/fof/SeriesAnalyzer.aspx?s=FA634090005&t="}]}