Vegetable,Ideal Temp. C,Range Temp C,Growing_way,North India,South india
Tinda,"	25","	20-30	",Direct,"	Feb-Mar/Jun-Jul","	Feb-Mar/Jun-Jul"
Beet,"	20","	10-30","	Direct","	Oct-Nov","	Aug-Nov"
Bittergourd,"	25","	20-30","	Direct","	Feb-March/June-July","	Nov-Dec/Dec-JanJun-July"
Bottlegourd,"	25	","	20-30","	Direct","	Feb-March/June-July","	Nov-Dec/Dec-Jan/Jun-July"
Brinjal,"	30","	21-35","	Transplant","	Jan-Feb/May-Jun/Oct-Nov","	Jun-Jul/Oct-Nov/Jan-Feb"
Cabbage,"	20","	10-20","	Transplant	",Sep-Oct,"	Jun-Jul/Oct-Nov"
Capsicum,"	21","	15-25","	Transplant","	Nov-Jan","	Jul-Aug/Oct-Nov/Jan-Feb"
Carrot,"	25","	10-30	",Direct,"	Aug-Sep-Oct","	Aug-Nov"
"Cauliflower(early)	","	25","	25-27","	Transplant","	Mid-June","	Jun-Jul/Aug-Sep"
Cauliflower(late),"	18","16-20	","Transplant	",Aug-Sep-Oct,"	Jun-Jul"
Cauliflower(midseason),"	15","	<16","	Transplant","	Sep-Oct	",Jun-Jul/Aug-Sep
Cucumber,"	16",16-32,"	Direct","	Feb-March/June-July	",Jun-July/Sep-Oct/Dec-Jan
Melon,"	27",22-32,"	Direct","	Jan-Feb	",Oct-Jan
Okra,"	25","	20-32	",Direct,"	Feb-Mar/Jun-Jul	",Jan-Feb/May-Jun/Oct-Dec
"Onion	","	22","	10-32","	Transplant","	May-Jun","	Mar-Apr/May-June/Sep-Oct"
Peas,"	22","	10-22","	Direct","	Sep-Oct-Nov	",Sep-Oct-Nov
"Pepper	","	30","	18-32","	Transplant","	Nov-Jan/May-Jun","	Jan-Feb/May-Jun/Oct-Nov"
Sembeans,"	30","	25-35	",Direct,"	Jun-Jul","	Jun-Jul-Aug"
Spinach,"	22","	10-22","	Direct",Sep-Nov/Feb,Sep-Oct-Nov
Spongegourd,"	22",20-30,"	Direct","	Feb-Mar/Jun-Jul","	Feb-Mar/Jun-Jul/Oct-Nov"
Tomato,"	30","	20-30","	Transplant","	Jun-Aug/Nov-Dec","	Jan-Feb/Jun-Jul/Oct-Nov"
Turnip,"	30","	15-35	",Direct,"	Oct-Nov","	Oct-Nov"
Watermelon,"	30","	20-30","	Direct","	Jan-Mar	",Oct-Jan
