﻿Month,North India,South India
JANUARY,Brinjal,"Lettuce,Spinach, Gourds, Melons, Radish, Carrot, Onion, Tomato,Okra,Brinjal, Bean"
FEBRUARY,"Applegourd, Bittergourd, Bottle gourd, Cucumber, French Beans, Okra, Sponge, Gourd, Watermelon, Spinach","Lettuce,Spinach, Gourds, Melons, Radish, Carrot, Onion, Tomato,Okra,Brinjal, Bean"
MARCH,"Applegourd, Bittergourd, Bottle gourd, Cucumber, French Beans, Okra, Sponge, Gourd, Watermelon, Spinach","Amaranthus, Coriander, Gourds, Beans, Melons, Spinach, Okra"
APRIL,Capsicum,"Onion, Amaranthus, Coriander, Gourds, Okra, Tomato, Chilli"
MAY,"Onion, Pepper, Brinjal","Okra, Onion, Chilli"
JUNE,"All gourds, Brinjal, Cucumber, Cauliflower (Early), Okra, Onion,Sem,Tomato,Pepper","All Gourds, Solanaeceae,Almost all vegetables"
JULY,"All gourds, Cucumber, Okra, Sem, Tomato","All Gourds, Solanaeceae,Almost all vegetables"
AUGUST,"Carrot, Cauliflower, Radish, Tomato","Carrot, Cauliflower, Beans, Beet"
SEPTEMBER,"Cabbage, Carrot, Cauliflower, Peas, Radish, Tomato, Lettuce","Cauliflower, Cucumber, Onion,Peas,Spinach"
OCTOBER,"Beet, Brinjal, Cabbage, Cauliflower, Lettuce, Peas, Radish, Spinach, Turnip","Brinjal, Cabbage,Capsicum,Cucumber, Beans,Peas, Spinach, Turnip, Watermelon"
NOVEMBER,"Turnip, Tomato, Radish, Pepper, Peas, Beet","Beet, Eggplant, Cabbage, Carrot, Beans, Lettuce, Melon, Okra, Turnip"
DECEMBER,Tomato,"Lettuce, Pumpkin, Watermelon, Muskmelon, Ash gourd, Ridge gourd, Bitter gourd, Bottle gourd, Cucumber, Chilly, Cabbage,"
