Rank,Region,GDP in millions of Pesos. PHP,GDP in millions of USD(PPP),% of national GDP,Equivalent country
-,Luzon group of islands,11400796,633574,72.1%,
-,Visayas group of islands,2011606,111632,12.7%,
-,Mindanao group of islands,2393956,132850,15.1%,
1,National Capital Region (Metro Manila),6016249,333865,38.1%,Israel
2,Calabarzon,2316356,128544,14.7%,Libya
3,Central Luzon,1459629,81900,9.2%,Uganda
4,Central Visayas,1032639,57305,6.5%,Latvia
5,Davao Region,728807,40444,4.6%,Mali
6,Western Visayas,658003,36515,4.2%,Nicaragua
7,Northern Mindanao,626476,34766,4.0%,Papua New Guinea
8,Ilocos Region,487587,27058,3.1%,Namibia
9,Soccsksargen,426170,23650,2.7%,Kyrgyzstan
10,Bicol Region,331677,18406,2.1%,Malta
11,Eastern Visayas,320964,17812,2.0%,Iceland
12,Zamboanga Peninsula,312492,17341,2.0%,Mauritania
13,Cagayan Valley,280561,15569,1.8%,Mauritania
14,Cordillera Administrative Region,272268,15109,1.7%,Mauritania
15,Mimaropa Region,236469,13123,1.5%,Togo
16,Caraga,180934,10041,1.1%,East Timor
17,Autonomous Region in Muslim Mindanao,119077,6608,0.8%,Guyana
,Philippines,15806359,877156,100%,Netherlands
