id,score,treatment,exercise,age
1,95.6,yes,low,59
2,82.2,yes,low,65
3,97.2,yes,low,70
4,96.4,yes,low,66
5,81.4,yes,low,61
6,83.6,yes,low,65
7,89.4,yes,low,57
8,83.8,yes,low,61
9,83.3,yes,low,58
10,85.7,yes,low,55
11,97.2,yes,moderate,62
12,78.2,yes,moderate,61
13,78.9,yes,moderate,60
14,91.8,yes,moderate,59
15,86.9,yes,moderate,55
16,84.1,yes,moderate,57
17,88.6,yes,moderate,60
18,89.8,yes,moderate,63
19,87.3,yes,moderate,62
20,85.4,yes,moderate,57
21,81.8,yes,high,58
22,65.8,yes,high,56
23,68.1,yes,high,57
24,70,yes,high,59
25,69.9,yes,high,59
26,75.1,yes,high,60
27,72.3,yes,high,55
28,70.9,yes,high,53
29,71.5,yes,high,55
30,72.5,yes,high,58
31,84.9,no,low,68
32,96.1,no,low,62
33,94.6,no,low,61
34,82.5,no,low,54
35,90.7,no,low,59
36,87,no,low,63
37,86.8,no,low,60
38,93.3,no,low,67
39,87.6,no,low,60
40,92.4,no,low,67
41,100,no,moderate,75
42,80.5,no,moderate,54
43,92.9,no,moderate,57
44,84,no,moderate,62
45,88.4,no,moderate,65
46,91.1,no,moderate,60
47,85.7,no,moderate,58
48,91.3,no,moderate,61
49,92.3,no,moderate,65
50,87.9,no,moderate,57
51,91.7,no,high,56
52,88.6,no,high,58
53,75.8,no,high,58
54,75.7,no,high,58
55,75.3,no,high,52
56,82.4,no,high,53
57,80.1,no,high,60
58,86,no,high,62
59,81.8,no,high,61
60,82.5,no,high,61
