Date,Seriously_ill,Pneumonia_ratio
29 July,542.0,9.4
30 July,561.0,9.3
31 July,582.0,8.8
1 August,586.0,8.7
2 August,582.0,8.5
3 August,580.0,8.4
4 August,583.0,8.5
5 August,582.0,8.4
6 August,580.0,8.3
7 August,586.0,8.3
8 August,587.0,8.1
9 August,596.0,8.1
10 August,603.0,8.2
11 August,617.0,8.2
12 August,632.0,8.2
13 August,647.0,7.9
14 August,656.0,7.8
15 August,668.0,7.6
16 August,679.0,7.6
17 August,686.0,7.5
18 August,703.0,7.5
19 August,719.0,7.4
20 August,735.0,7.3
21 August,749.0,7.3
22 August,762.0,7.4
23 August,783.0,7.5
24 August,796.0,7.4
25 August,811.0,7.4
26 August,841.0,7.4
27 August,862.0,7.3
28 August,896.0,7.4
29 August,917.0,7.4
30 August,945.0,7.5
31 August,961.0,7.5
1 September,991.0,7.6
2 September,1017.0,7.6
3 September,1041.0,7.6
4 September,1076.0,7.5
5 September,1091.0,7.5
6 September,1102.0,7.6
7 September,1118.0,7.6
8 September,1159.0,7.5
9 September,1181.0,7.4
10 September,1209.0,7.3
11 September,1223.0,7.3
12 September,1241.0,7.2
13 September,1267.0,7.2
14 September,1301.0,7.1
15 September,1327.0,7.1
16 September,1351.0,7.1
17 September,1372.0,7.1
18 September,1402.0,7.1
19 September,1432.0,7.0
20 September,1456.0,7.0
21 September,1491.0,6.8
22 September,1522.0,6.7
23 September,1561.0,6.7
24 September,1573.0,6.6
25 September,1601.0,6.6
26 September,1615.0,6.6
27 September,1583.0,6.5
28 September,1596.0,6.5
29 September,1583.0,6.5
30 September,1516.0,6.4
1 October,1507.0,6.4
2 October,1455.0,6.4
3 October,1470.0,6.4
4 October,1475.0,6.4
5 October,1412.0,6.2
6 October,1414.0,6.2
7 October,1411.0,6.2
8 October,1403.0,6.2
9 October,1398.0,6.2
10 October,1414.0,6.2
11 October,1411.0,6.2
12 October,1417.0,5.9
13 October,1416.0,5.9
14 October,1418.0,5.9
15 October,1408.0,5.9
16 October,1445.0,5.9
17 October,1428.0,5.9
18 October,1427.0,5.9
19 October,1447.0,5.6
20 October,1545.0,5.6
21 October,1504.0,5.6
22 October,1599.0,5.6
23 October,1648.0,5.6
24 October,1699.0,5.6
25 October,1744.0,5.6
26 October,1780.0,5.0
27 October,1827.0,5.0
28 October,1836.0,5.0
29 October,1916.0,5.0
30 October,1966.0,5.0
31 October,2075.0,5.0
1 November,2177.0,5.0
2 November,2341.0,4.7
3 November,2386.0,4.7
4 November,2464.0,4.7
5 November,2564.0,4.7
6 November,2654.0,4.7
7 November,2730.0,4.7
8 November,2740.0,4.7
9 November,2867.0,4.2
10 November,3001.0,4.2
11 November,3095.0,4.2
12 November,3230.0,4.2
13 November,3356.0,4.2
14 November,3423.0,4.2
15 November,3439.0,4.2
16 November,3610.0,3.8
17 November,3657.0,3.8
18 November,3742.0,3.8
19 November,3850.0,3.8
20 November,3990.0,3.8
21 November,4121.0,3.8
