Операция,Число операций,Сумма,Валюта,Внутри страны,В ночное время,Разные получатели,Мошенничество
Покупка в магазине,1,100,RUB,Да,Нет,Нет,Нет
Покупка в Интернет,4,25,EUR,Нет,Да,Да,Да
Покупка в Интернет,2,6,USD,Нет,Да,Нет,Нет
Снятие наличных,1,200,USD,Нет,Нет,Нет,Нет
Перевод средств,10,10000,RUB,Да,Нет,Да,Да
Перевод средств,1,20000,RUB,Да,Нет,Нет,Нет
Снятие наличных,3,6000,RUB,Да,Да,Да,Да
Покупка в Интернет,1,2000,USD,Нет,Да,Нет,Да
Покупка в магазине,2,1500,RUB,Да,Нет,Да,Нет
Снятие наличных,2,4900,RUB,Да,Да,Нет,Нет
Перевод средств,1,80000,RUB,Нет,Нет,Нет,Да
Покупка в Интернет,2,1000,EUR,Нет,Нет,Нет,Да
Покупка в магазине,1,70,EUR,Нет,Нет,Нет,Нет
Перевод средств,2,100,USD,Нет,Нет,Да,Нет
Покупка в магазине,1,20000,RUB,Да,Нет,Нет,Да
Снятие наличных,2,70000,RUB,Да,Нет,Да,Да
Покупка в магазине,3,15,EUR,Нет,Да,Нет,Нет
Покупка в Интернет,1,150,USD,Нет,Нет,Нет,Нет
Перевод средств,3,300,EUR,Нет,Да,Да,Да
Снятие наличных,1,800,USD,Нет,Нет,Нет,Да