I quickly feel drained when in a large crowd of people,I am a cautious decision maker,"I feel drained after being out and about, even if I've enjoyed myself",I enjoy large gatherings of people,I don’t take risks unless I've done some careful research or evaluation first,"When I was a child, people described me as ""quiet""","In large social gatherings, I often feel a need to seek out space to be by myself","If possible, I would spend every single moment by myself",I like to spend at least a few moments alone every day,I prefer to work alone than with others
Disagree,Agree,Disagree,Agree,Disagree,Disagree,Disagree,Disagree,Agree,Agree
Disagree,Agree,Agree,Agree,Disagree,Agree,Disagree,Disagree,Agree,Disagree
Agree,Agree,Agree,Disagree,Disagree,Agree,Agree,Disagree,Agree,Agree
Agree,Agree,Agree,Agree,Disagree,Agree,Disagree,Disagree,Agree,Agree
Agree,Agree,Agree,Disagree,Agree,Disagree,Disagree,Disagree,Agree,Agree
Agree,Agree,Agree,Agree,Agree,Agree,Disagree,Disagree,Disagree,Disagree
Disagree,Agree,Agree,Agree,Agree,Disagree,Disagree,Disagree,Agree,Agree
Agree,Agree,Agree,Agree,Agree,Agree,Agree,Disagree,Agree,Disagree
Disagree,Agree,Agree,Disagree,Agree,Agree,Agree,Disagree,Agree,Agree
Agree,Agree,Disagree,Agree,Agree,Agree,Agree,Disagree,Agree,Agree
Disagree,Agree,Agree,Agree,Agree,Disagree,Disagree,Disagree,Agree,Disagree
Disagree,Disagree,Agree,Agree,Disagree,Disagree,Disagree,Disagree,Agree,Agree
Disagree,Agree,Agree,Agree,Disagree,Disagree,Disagree,Disagree,Disagree,Disagree
Agree,Disagree,Agree,Disagree,Disagree,Disagree,Agree,Disagree,Agree,Agree
Disagree,Agree,Disagree,Agree,Disagree,Disagree,Disagree,Disagree,Agree,Disagree
Agree,Disagree,Disagree,Disagree,Disagree,Agree,Agree,Disagree,Agree,Agree
Agree,Agree,Agree,Agree,Agree,Agree,Agree,Disagree,Agree,Agree
Disagree,Disagree,Disagree,Agree,Disagree,Disagree,Disagree,Disagree,Agree,Disagree
Disagree,Agree,Disagree,Agree,Agree,Agree,Agree,Disagree,Agree,Agree
Agree,Agree,Disagree,Disagree,Disagree,Agree,Disagree,Disagree,Agree,Agree
Agree,Disagree,Agree,Disagree,Disagree,Disagree,Agree,Disagree,Agree,Disagree
Agree,Agree,Agree,Disagree,Agree,Agree,Agree,Disagree,Agree,Agree
Agree,Agree,Agree,Agree,Agree,Agree,Agree,Disagree,Agree,Agree
Disagree,Disagree,Disagree,Agree,Disagree,Disagree,Disagree,Disagree,Agree,Disagree
Agree,Agree,Agree,Disagree,Agree,Agree,Agree,Disagree,Agree,Agree
Agree,Agree,Agree,Disagree,Disagree,Disagree,Agree,Disagree,Agree,Agree
Agree,Agree,Agree,Disagree,Agree,Disagree,Agree,Disagree,Agree,Agree
Disagree,Agree,Disagree,Disagree,Agree,Agree,Disagree,Disagree,Agree,Agree
Agree,Agree,Agree,Disagree,Disagree,Agree,Agree,Agree,Agree,Disagree
Agree,Disagree,Agree,Disagree,Disagree,Agree,Agree,Agree,Agree,Agree
Disagree,Disagree,Disagree,Agree,Disagree,Agree,Disagree,Disagree,Agree,Disagree
Disagree,Disagree,Agree,Agree,Disagree,Disagree,Disagree,Disagree,Agree,Agree
Agree,Disagree,Agree,Disagree,Agree,Disagree,Disagree,Disagree,Agree,Agree
Agree,Agree,Agree,Disagree,Agree,Agree,Agree,Disagree,Agree,Agree
Agree,Agree,Agree,Agree,Agree,Agree,Agree,Disagree,Agree,Agree
Disagree,Agree,Agree,Agree,Disagree,Disagree,Agree,Disagree,Agree,Agree
Agree,Agree,Agree,Agree,Agree,Agree,Agree,Disagree,Agree,Agree
Disagree,Agree,Agree,Agree,Disagree,Agree,Disagree,Disagree,Agree,Disagree
Disagree,Agree,Agree,Agree,Disagree,Disagree,Disagree,Disagree,Agree,Disagree
Disagree,Disagree,Disagree,Disagree,Disagree,Agree,Agree,Disagree,Agree,Agree
Disagree,Agree,Disagree,Agree,Agree,Disagree,Disagree,Disagree,Agree,Disagree
Disagree,Agree,Disagree,Agree,Disagree,Disagree,Disagree,Disagree,Agree,Disagree
Agree,Agree,Agree,Disagree,Agree,Agree,Agree,Disagree,Agree,Agree
Disagree,Disagree,Agree,Disagree,Disagree,Disagree,Agree,Disagree,Agree,Disagree
Disagree,Agree,Agree,Disagree,Agree,Disagree,Disagree,Disagree,Agree,Disagree
Disagree,Agree,Disagree,Agree,Agree,Disagree,Disagree,Disagree,Agree,Agree
Agree,Agree,Agree,Disagree,Disagree,Disagree,Agree,Disagree,Agree,Agree
Disagree,Agree,Agree,Agree,Disagree,Disagree,Disagree,Disagree,Agree,Disagree
Disagree,Agree,Disagree,Agree,Disagree,Disagree,Disagree,Disagree,Agree,Disagree
Disagree,Agree,Agree,Disagree,Agree,Disagree,Disagree,Agree,Agree,Agree
Disagree,Disagree,Agree,Disagree,Disagree,Agree,Agree,Agree,Agree,Disagree
Agree,Disagree,Agree,Agree,Disagree,Agree,Disagree,Disagree,Agree,Agree
Agree,Agree,Agree,Disagree,Agree,Agree,Agree,Disagree,Agree,Agree
Disagree,Agree,Agree,Agree,Agree,Agree,Disagree,Disagree,Agree,Disagree
Disagree,Agree,Agree,Disagree,Disagree,Disagree,Disagree,Disagree,Agree,Agree
Agree,Agree,Agree,Disagree,Agree,Agree,Agree,Disagree,Agree,Agree
Agree,Agree,Agree,Disagree,Agree,Agree,Agree,Disagree,Agree,Agree
Disagree,Agree,Agree,Disagree,Agree,Disagree,Disagree,Disagree,Agree,Agree
Disagree,Agree,Agree,Agree,Disagree,Agree,Agree,Disagree,Agree,Agree
Agree,Agree,Agree,Disagree,Agree,Agree,Agree,Disagree,Agree,Disagree
Agree,Agree,Agree,Disagree,Agree,Agree,Agree,Disagree,Agree,Agree
Agree,Agree,Agree,Agree,Agree,Disagree,Disagree,Disagree,Agree,Agree
Agree,Disagree,Agree,Disagree,Agree,Disagree,Agree,Disagree,Agree,Agree
Disagree,Agree,Disagree,Disagree,Agree,Disagree,Disagree,Disagree,Agree,Agree
Agree,Agree,Agree,Disagree,Agree,Agree,Agree,Disagree,Agree,Agree
Disagree,Disagree,Disagree,Agree,Disagree,Agree,Disagree,Disagree,Agree,Agree
Disagree,Agree,Agree,Agree,Disagree,Agree,Disagree,Disagree,Agree,Disagree
Disagree,Agree,Disagree,Agree,Agree,Disagree,Disagree,Disagree,Agree,Disagree
Agree,Agree,Agree,Disagree,Agree,Agree,Agree,Agree,Disagree,Disagree