Sl. No.,Date,Name,Qualification,Place,State,Programme,Module,Month,Mode of Info,Status,Remarks
2,23/03/2016,Sathish P,B.E,Bangalore,KA,ATP,Finite element analysis ,April,brochure ,Completed,Joined ATP July batch
3,6/4/2016,Abhijeet Sharan,B.E,Bangalore,KA,MTP,Sudden impact test,April,word of mouth,,Project assistance
4,12/4/2016,Venkatesan,B.E,Bangalore,KA,M.Tech,M.Tech Enquiry,April,,,Project assistance
5,18/04/2016,Shreekala,Mtech,Bangalore,KA,MTP,ICEM CFD & Fluent,April,word of mouth,Completed,Joined MTP April batch
6,21/04/2016,Hari,B.E,Bangalore,KA,ATP,VLSI system design,,,,Not interested
7,25/04/2016,Sharath M N,B.E,Bangalore,KA,MTP,Hypermesh,April,word of mouth,Completed,Joined MTP April 2016
8,2/5/2016,Andrew Anoop,Mtech,Bangalore,KA,Project,CFD -Project enquiry,May,,,Project assistance
9,3/5/2016,Arun Kumar,B.E,Bangalore,KA,MTP,Matlab,May,,,Not interested
10,11/5/2016,Karthik,Diploma,Bangalore,KA,MTP,CNC,May,,,Not interested
11,13/05/2016,Moinack Rudra,BDS,Bangalore,KA,MTP,mimics,May,,Completed,Joined MTP Mimics May 2016
12,17/05/2016,K Nikhil Bhushan,B.E,Kadapa dist,AP,ATP,"CAE,Finite element analysis",May,,,Not interested
13,17/05/2016,Rajeev N,Mtech,Bangalore,KA,MTP,Hyper & LS Dyna,May,word of mouth,,Not picking the call
14,19/05/2016,K M Pradeep,,Bangalore,KA,ATP,Finite element analysis,May,,,Got Job
15,20/05/2016,Hrushikesh Patil,B.E,Bangalore,KA,MTP,CATIA V5,May,word of mouth,Completed,Joined MTP May 2016
16,20/05/2016,Mahesh,B.E,Bangalore,KA,MTP,Turbomachinery(Rator Dynamics),May,,,Not interested
17,23/05/2016,Raghav(Faculty),B.E,Coorg,KA,MTP,CFD,May,,,Looking for weekend classes
18,24/05/2016,Dr Komal Nagendra prasad,MDS,Bangalore,KA,MTP,Ansys,May,,Completed,Joined MTP May 2016
19,24/05/2016,Lokesh,B.E,Chennai,TN,ATP,VLSI,May,,,send Syllabus
20,27/05/2016,Rohith,B.E,Hyderabad,AP,ATP,Finite element analysis,May,Brochure,,not interested
21,30/05/2016,Manoj S,B.E,Bangalore,KA,ATP,Finite element analysis,June,,Completed,Joined ATP July batch
22,1/6/2016,Aruna K,B.E,Bangalore,KA,ATP,Complete CFD tool with coding using Fortran,June,,,Not interested
23,4/6/2016,Sunil Kumar SR,B.E,Bangalore,KA,ATP,Finite element analysis,June,,Completed,Joined ATP July batch
24,4/6/2016,Murali S,MBA,Tamil nadu,TN,MTP,Digital Marketing,June,,Completed,Joined MTP June 2016
25,4/6/2016,Dr M Swapna,MBA,Tamil nadu,TN,MTP,Digital Marketing,June,,Completed,Joined MTP June 2016
26,4/6/2016,Syed Umraz Aqib,Bcom,Bangalore,KA,MTP,Digital Marketing,June,,Completed,Joined MTP June 2016
27,4/6/2016,Mohammed Safwan,BBM,Bangalore,KA,MTP,Digital Marketing,June,,Completed,Joined MTP June 2016
28,4/6/2016,B R Prasad,B.E,Bangalore,KA,MTP,Digital Marketing,June,,Completed,Joined MTP June 2016
29,4/6/2016,Vinod Kumar Goud Ellandula,BDS,Bangalore,KA,MTP,Digital Marketing,June,,Completed,Joined MTP June 2016
30,10/6/2016,Jeeju George,B.E,Bangalore,KA,ATP,Finite element analysis,June,,Completed,Joined ATP July batch
31,10/6/2016,Balakrishna Choudhari,B.E,Bangalore,KA,MTP,CFD,June,Brochure,Completed,Joined  MTP June batch
32,10/6/2016,Krishna,B.E,Bangalore,KA,MTP,CFD,June,,,Not interested
33,10/6/2016,Nagarajan V,(Msc),Bangalore,KA,MTP,"Ansys work B.Ench, Fluent",June,,,Not interested
34,16/06/2016,Sonal,MDS,Bangalore,KA,MTP,Finite element analysis,June,,,Not interested
35,16/06/2016,Pradeep Hugar,B.E,Bangalore,KA,ATP,"CAD,Finite element analysis",June,,Completed,Joined ATP July batch
36,17/06/2016,Swathi P,B.E,,AP,ATP,VLSI,june,,,Not interested
37,17/06/2016,K Likhith,Diploma,Kadapa dist,AP,ATP,CAD,june,word of mouth,,Not interested
38,21/06/2016,Ponnanna,B.E,Coorg,KA,ATP,Finite element analysis,June,Email,Completed,Joined ATP July Batch
39,22/06/2016,Shivarathnam,B.E,Bangalore,KA,Project,Project assistance (VLSI),June,,,Project assistance
40,23/06/2016,Rekha,M.B.A,Bangalore,KA,Project,"Ansys , CFD",june,,,Contact for Placement
42,25/06/2016,Shivannagasi shankar,Dip,Bangalore,KA,MTP,PCB Design,june,,,
43,26/06/2016,B Jayachandra Reddy,B.E,Ananthpur,AP,ATP,EmB.Edded Systemdesign,june,,,not interested working 
44,27/06/2016,Varun Sai Mandava,B.E,Vijaywada,AP,ATP,Finite element analysis,june,,,not interested  working 
45,29/06/2016,B R Nagaraj urs,Mtech,Bangalore,KA,MTP,Catia and Hypermesh,june,,,
46,29/06/2016,Rahul Santhosh,B.E,Bangalore,KA,ATP,"CAE,Finite element analysis",june,,,not interested  working 
47,30/06/2016,Chandrashekar,Dip,Bangalore,KA,MTP,Auto CAD and Solidworks,june,,,
48,30/06/2016,Pankaj vaidya,B.E,Bangalore,KA,MTP,ANALYSIS,june,Email,,not interested
49,30/06/2016,Rizwan S,B.E,Bangalore,KA,ATP,"CAE,CATIA & ANSYS",june,Brochure,,not interested
50,2/7/2016,Namitha P,B.E,Mysore,KA,ATP,EmB.Edded system design,July,Friend,Completed,Joined ATP July Batch
51,2/7/2016,Praveen Gokak,B.E,Bangalore,KA,MTP,CFD,July,,Completed,Joined MTP July Batch
52,2/7/2016,Senthil Kumar J,B.E,Salem,TN,MTP,CFD,July,,Completed,Joined MTP July Batch
53,2/7/2016,Venkatesh Prasad,Dip,Bangalore ,KA,MTP,PCB Design,July ,,,Not offering MTP
54,2/7/2016,Samarth,Mtech,Bangalore ,KA,ATP,Finite element analysis,July,,,Got Job
55,5/7/2016,Naveen A,B.E,Bangalore,KA,MTP,CFD-Fluent and ICEMCFD,July,,Completed,Joined MTP July Batch
56,4/7/2016,Priyanka H N,B.E,Mysore,KA,ATP,ESD,July,Friend,Completed,Joined ATP July Batch
57,4/7/2016,Rashmi R,B.E,Bangalore,KA,ATP,ESD,July,,Completed,Joined ATP July Batch
58,4/7/2016,Suresh Kumar ,B.E,Bangalore,KA,ATP,Finite element analysis,July,,Completed,Joined ATP July batch
59,4/7/2016,Kumar .G,B.E,Coorg,KA,ATP,Finite element analysis,July,,Completed,Joined ATP July batch
60,4/7/2016,Hemanth P S,B.E,Coorg,KA,ATP,Finite element analysis,July,,Completed,Joined ATP July batch
61,4/7/2016,Thimmaiah MV,B.E,Coorg,KA,ATP,Finite element analysis,July,,Completed,Joined ATP July batch
62,4/7/2016,Sreedhara C K,B.E,Mandya,KA,ATP,Finite element analysis,July,,Completed,Joined ATP July batch
63,4/7/2016,Rakesh . B .N,B.E,Coorg,KA,ATP,Finite element analysis,July,,Completed,Joined ATP July batch
64,4/7/2016,Keerthan K B,B.E,Coorg,KA,ATP,Finite element analysis,July,,Completed,Joined ATP July batch
65,4/7/2016,Vishwanath Lakkannavar,Mtech,B.Elgaum,KA,ATP,VLSI,July,,Completed,Joined ATP July Batch
66,4/7/2016,Yallalinga,B.E,Bangalore,KA,ATP,Finite element analysis,July,,Completed,Joined ATP July Batch
67,12/7/2016,Rajesh kumar,Mtech(vlsi),Bangalore,KA,MTP,Physical design,July,,,Specfic about Placements
68,12/7/2016,Sandeep,,,,B.Tech,Prpject assistance(Mech),July,,,B.Tech enquiry
69,13/7/2016,Suresh J,,Bangalore,KA,Project,Project assistance (VLSI),July,,,Company enquiry
70,14/7/2016,Harish S,B.E,chanpatna,KA,MTP,VLSI,July,,,Looking for weekend classes
71,15/07/2016,Ranjith R,B.E,Ramanagara Dist,KA,MTP,Unigraphics,July,,Completed,Joined MTP July Batch
72,21/07/2016,Koppula Ramya Sri,B.E,Andhra Pradesh,AP,MTP,Unigraphics,July,,Completed,Joined MTP July Batch
73,23/07/2016,Maheshwaran M,B.E,NK,KA,MTP,Unigraphics,July,,Completed,Joined MTP July Batch
74,29/7/2016,Nagbhushan,B.E,,,MTP,STADPRO,July,,,Working 
75,3/8/2016,Salman,B.E,,,ATP,Finite element analysis,August,,,Specfic about Placements
76,16/08/2016,Madhu,B.E,Mysore,KA,ATP,Finite element analysis,August,,,Not picking the call
77,17/08/2016,Daniel,B.E,Kerala,,ATP,Finite element analysis,August,,,Not picking the call
78,6/8/2016,Dr Dominic Augustine,MDS,Bangalore,KA,MTP,MATLAB,August,,Completed,Joined MTP August Batch
79,6/8/2016,Dr Sowmya S V,MDS,Bangalore,KA,MTP,MATLAB,August,,Completed,Joined MTP August Batch
80,16/08/2016,Darshan B P,B.E,Bangalore,KA,MTP,Ansys,August,,Completed,Joined MTP August Batch
81,19/08/2016,Dharshan M V,M.Design,Bangalore,KA,MTP,Alias,August,,,Looking for weekend classes
82,22/08/2016,B Sachin Candra Yadav,B.E,Coimbatore,TN,ATP,Finite element analysis,August,word of mouth,pursuing,Joined ATP Sep 2016
83,23/08/2016,Vinod,B.E,Jaipura,RJ,ATP,ESD,August,,,Not interested
84,24/08/2016,Shivaraj P,B.E,Bangalore,KA,ATP,Finite element analysis,August,,,he will come and meet
85,27/08/2016,Harsha E,B.E,Bangalore,KA,MTP,designing,August,Friend,,will join in decemB.Er
86,29/08/2016,Santhosh Kumar,B.E,Coimbatore,TN,ATP,Finite element analysis,August,Notice Board Display,,Specifc about Placements
87,7/9/2016,M Prasanth,B.E,Madurai,TN,ATP,Finite element analysis,SeptemB.Er,,pursuing,Joined ATP Sep 2016
88,8/9/2016,Rakshit,B.E,Chitradurga,KA,ATP,Finite element analysis,SeptemB.Er,,,Not interested
89,28/09/2016,Aviral guptha,Mtech,Banaglore,KA,Project,Project assistance (VLSI),SeptemB.Er,,,Project assistance
90,1/10/2016,Sridhar,B.E,Bangalore,KA,ATP,VLSI,octoB.Er,,,will join january batch
91,1/10/2016,Sharath,B.E,Bangalore,KA,MTP,"Manual sketching ,model making",octoB.Er,,,will join in decemB.Er
92,6/10/2016,Shreyas B R,B.E,Bangalore,KA,ATP,Finite element analysis,octoB.Er,,,Not Interested
93,3/10/2016,Chetan Kumar,B.E,Mandya,KA,ATP,Finite element analysis,octoB.Er,,pursuing,Joined ATP Sep 2016
94,3/10/2016,Harshith AP,B.E,Mandya,KA,ATP,Finite element analysis,octoB.Er,,pursuing,Joined ATP Sep 2016
95,3/10/2016,K Sankar,B.E,Madurai,TN,ATP,Finite element analysis,octoB.Er,word of mouth,pursuing,Joined ATP Sep 2016
96,4/10/2016,T Mohammed Sanjid,B.E,Kerala,KL,ATP,Finite element analysis,octoB.Er,,pursuing,Joined ATP Sep 2016
97,5/10/2016,Jose Paul,B.E,KATTAT,KL,ATP,Finite element analysis,octoB.Er,,pursuing,Joined ATP Sep 2016
98,8/10/2016,Manohar N,B.E,Bangalore,KA,MTP,"ANSYS,GD&T,",octoB.Er,word of mouth,,Looking for weekend classes
99,12/10/2016,Ganesh,B.E,Raichur,KA,MTP,Catia,octoB.Er,,,Not interested
100,12/10/2016,Abinav,Mtech,Bangalore,KA,MTP,Hypermesh,octoB.Er,,,will come in january
101,13/10/2016,Shanid Mohammed Haneef,B.E,Bangalore,KA,MTP,Ansys,octoB.Er,,,Joined MTP Oct 2016
102,15/10/2016,Chacko Mathew,B.E,Kerala,KA,ATP,Finite element analysis,octoB.Er,,pursuing,Joined ATP Sep 2016
103,18/10/2016,Vinay theja M N,(M.Tech),Bangalore,KA,MTP,Hypermesh,octoB.Er,,,Joined MTP Oct 2016
104,18/10/2016,Jyothish Balachandran,Diploma,Kannur,AP,MTP,Catia & Unigraphics,octoB.Er,,,Specfic about Placements
105,19/10/2016,Tanmay U,(B.E),Bangalore,KA,MTP,JAVA,octoB.Er,word of mouth,,Will join during holidays
106,19/10/2016,Manikanta Reddy,B.E,Bangalore,KA,MTP,CAD CAM / CMC,octoB.Er,word of mouth,,Will join ASTP
107,24/10/2016,Abhi Jayaram,M.Tech(AE),Bangalore,KA,MTP,Hypermesh,octoB.Er,,Completed,Joined MTP Oct 2016
108,26/10/2016,Vinay Theja M N,M.Tech(AE),Bangalore,KA,MTP,Hypermesh,octoB.Er,,Completed,Joined MTP Oct 2016
109,26/10/2016,B.G.Gokula Kannan,M.Tech(AE),Bangalore,KA,MTP,Hypermesh,octoB.Er,,Completed,Joined MTP Oct 2016
110,26/10/2016,Pramaan,Msc,Bangalore,KA,MTP,Adams car,octoB.Er,,,Will join in January
111,26/10/2016,Dr Kritika,PG -Dental,Chennai,TN,ATP,Finite element analysis-Dental,octoB.Er,Brochure,,will enroll during their project
112,27/10/2016,Karthik H s ,M.Tech(AE),Bangalore,KA,MTP,Hypermesh,octoB.Er,,Completed,Joined MTP Oct 2016
113,28/10/2016,Ankit Mehta,M.Tech(AE),Bangalore,KA,MTP,Hypermesh,octoB.Er,,Completed,Joined MTP Oct 2016
114,2/11/2016,Faiz Ahmed Delvi,M.Tech(AE),Bangalore,KA,MTP,Hypermesh,octoB.Er,,Completed,Joined MTP Oct 2016
115,7/11/2016,Umesh,Mtech,Bangalore,KA,ATP,CFD,NovemB.Er,,,Specific about placements
116,7/11/2016,Gowrishankar K,B.E,Bangalore,KA,MTP,unigraphics,NovemB.Er,,Completed,Joined MTP Nov 2016
117,7/11/2016,Vivek B M,B.E,Bangalore,KA,MTP,unigraphics,NovemB.Er,,Completed,Joined MTP Nov 2016
118,7/11/2016,A. Lenin Muthiah,B.E,Bangalore,KA,MTP,unigraphics,NovemB.Er,,Completed,Joined MTP Nov 2016
119,7/11/2016,Vignesh D,B.E,Bangalore,KA,MTP,unigraphics,NovemB.Er,,Completed,Joined MTP Nov 2016
120,17/11/2016,Shivaraj,B.E,Bangalore,KA,MTP,Unigraphics,NovemB.Er,,,Not interested
121,21/11/2016,Sandya B S,(Mtech),Bangalore,KA,Project,Mtech Project,NovemB.Er,,,Project assistance
122,21/11/2016,Usha N,(Mtech),Bangalore,KA,Project,Mtech Project,NovemB.Er,,,Project assistance
123,28/11/2016,Pushpa Latha P,B.E,Bangalore,KA,ATP,Finite Element Analysis,NovemB.Er,,,will join january batch
124,28/11/2016,Akshay. B. Patil,B.E,Bangalore,KA,ATP,innovative Product Development,NovemB.Er,,,will join january batch
125,9/12/2016,Durga,B.E,Anekal,KA,ATP,Finite element analysis,,,,
126,10/12/2016,Raju,B.E,Anekal,KA,ATP,Finite element analysis,,,,
127,10/12/2016,Kotireddy,B.E,Anekal,KA,ATP,Finite element analysis,,,,
128,10/12/2016,Santosh ,B.E,Anekal,KA,ATP,Finite element analysis,,,,
129,10/12/2016,Harshith,B.E,Banaglore,KA,ATP,Finite element analysis,,,,
130,16/12/2016,GeetikaGesu,Mtech ,Nagpur,NG,ATP,EmB.Edded sys design,,,,
131,17/12/2016,Abhijith Haveri,B.E,Hubli,KA,ATP,Finite element analysis,,,,
132,2/1/2017,Jandisab,B.E,Gadag,KA,ATP,Finite element analysis,,,,
133,2/1/2017,Krishna,B.E,Dharavad,KA,ATP,Finite element analysis,,,,
134,2/1/2017,Dilip N S,B.E ,Bangalore,KA,MTP,Digital Marketing,,,,
135,2/1/2017,Srivatsa ,B.E,Coorg,KA,ATP,Finite element analysis,,,,
136,2/1/2017,Naveen,B.E,Coorg,KA,ATP,Finite element analysis,,,,
