Period,Type of Receipts,Type of Spending,Amount
2007-Q1,Tourism Receipts,Accommodation,714000000
2007-Q1,Tourism Receipts,Food & Beverage,395000000
2007-Q1,Tourism Receipts,Shopping,992000000
2007-Q1,Tourism Receipts,"Sightseeing, Entertainment & Gaming",46000000
2007-Q1,Tourism Receipts,Others,1308000000
2007-Q2,Tourism Receipts,Accommodation,827000000
2007-Q2,Tourism Receipts,Food & Beverage,418000000
2007-Q2,Tourism Receipts,Shopping,1009000000
2007-Q2,Tourism Receipts,"Sightseeing, Entertainment & Gaming",34000000
2007-Q2,Tourism Receipts,Others,1321000000
2007-Q3,Tourism Receipts,Accommodation,916000000
2007-Q3,Tourism Receipts,Food & Beverage,443000000
2007-Q3,Tourism Receipts,Shopping,1014000000
2007-Q3,Tourism Receipts,"Sightseeing, Entertainment & Gaming",32000000
2007-Q3,Tourism Receipts,Others,1563000000
2007-Q4,Tourism Receipts,Accommodation,832000000
2007-Q4,Tourism Receipts,Food & Beverage,408000000
2007-Q4,Tourism Receipts,Shopping,1058000000
2007-Q4,Tourism Receipts,"Sightseeing, Entertainment & Gaming",32000000
2007-Q4,Tourism Receipts,Others,1411000000
2008-Q1,Tourism Receipts,Accommodation,902000000
2008-Q1,Tourism Receipts,Food & Beverage,448000000
2008-Q1,Tourism Receipts,Shopping,1069000000
2008-Q1,Tourism Receipts,"Sightseeing, Entertainment & Gaming",37000000
2008-Q1,Tourism Receipts,Others,1401000000
2008-Q2,Tourism Receipts,Accommodation,917000000
2008-Q2,Tourism Receipts,Food & Beverage,467000000
2008-Q2,Tourism Receipts,Shopping,936000000
2008-Q2,Tourism Receipts,"Sightseeing, Entertainment & Gaming",36000000
2008-Q2,Tourism Receipts,Others,1424000000
2008-Q3,Tourism Receipts,Accommodation,966000000
2008-Q3,Tourism Receipts,Food & Beverage,484000000
2008-Q3,Tourism Receipts,Shopping,966000000
2008-Q3,Tourism Receipts,"Sightseeing, Entertainment & Gaming",41000000
2008-Q3,Tourism Receipts,Others,1599000000
2008-Q4,Tourism Receipts,Accommodation,822000000
2008-Q4,Tourism Receipts,Food & Beverage,449000000
2008-Q4,Tourism Receipts,Shopping,1012000000
2008-Q4,Tourism Receipts,"Sightseeing, Entertainment & Gaming",64000000
2008-Q4,Tourism Receipts,Others,1437000000
2009-Q1,Tourism Receipts,Accommodation,724000000
2009-Q1,Tourism Receipts,Food & Beverage,377000000
2009-Q1,Tourism Receipts,Shopping,852000000
2009-Q1,Tourism Receipts,"Sightseeing, Entertainment & Gaming",37000000
2009-Q1,Tourism Receipts,Others,1164000000
2009-Q2,Tourism Receipts,Accommodation,663000000
2009-Q2,Tourism Receipts,Food & Beverage,350000000
2009-Q2,Tourism Receipts,Shopping,767000000
2009-Q2,Tourism Receipts,"Sightseeing, Entertainment & Gaming",64000000
2009-Q2,Tourism Receipts,Others,1092000000
2009-Q3,Tourism Receipts,Accommodation,713000000
2009-Q3,Tourism Receipts,Food & Beverage,377000000
2009-Q3,Tourism Receipts,Shopping,829000000
2009-Q3,Tourism Receipts,"Sightseeing, Entertainment & Gaming",50000000
2009-Q3,Tourism Receipts,Others,1234000000
2009-Q4,Tourism Receipts,Accommodation,739000000
2009-Q4,Tourism Receipts,Food & Beverage,408000000
2009-Q4,Tourism Receipts,Shopping,930000000
2009-Q4,Tourism Receipts,"Sightseeing, Entertainment & Gaming",50000000
2009-Q4,Tourism Receipts,Others,1223000000
2010-Q1,Tourism Receipts,Accommodation,757000000
2010-Q1,Tourism Receipts,Food & Beverage,417000000
2010-Q1,Tourism Receipts,Shopping,942000000
2010-Q1,Tourism Receipts,"Sightseeing, Entertainment & Gaming",219000000
2010-Q1,Tourism Receipts,Others,1269000000
2010-Q2,Tourism Receipts,Accommodation,929000000
2010-Q2,Tourism Receipts,Food & Beverage,472000000
2010-Q2,Tourism Receipts,Shopping,955000000
2010-Q2,Tourism Receipts,"Sightseeing, Entertainment & Gaming",810000000
2010-Q2,Tourism Receipts,Others,1307000000
2010-Q3,Tourism Receipts,Accommodation,984000000
2010-Q3,Tourism Receipts,Food & Beverage,502000000
2010-Q3,Tourism Receipts,Shopping,1001000000
2010-Q3,Tourism Receipts,"Sightseeing, Entertainment & Gaming",1148000000
2010-Q3,Tourism Receipts,Others,1491000000
2010-Q4,Tourism Receipts,Accommodation,953000000
2010-Q4,Tourism Receipts,Food & Beverage,513000000
2010-Q4,Tourism Receipts,Shopping,1073000000
2010-Q4,Tourism Receipts,"Sightseeing, Entertainment & Gaming",1245000000
2010-Q4,Tourism Receipts,Others,1354000000
2011-Q1,Tourism Receipts,Accommodation,1039000000
2011-Q1,Tourism Receipts,Food & Beverage,546000000
2011-Q1,Tourism Receipts,Shopping,1039000000
2011-Q1,Tourism Receipts,"Sightseeing, Entertainment & Gaming",1339000000
2011-Q1,Tourism Receipts,Others,1407000000
2011-Q2,Tourism Receipts,Accommodation,1080000000
2011-Q2,Tourism Receipts,Food & Beverage,545000000
2011-Q2,Tourism Receipts,Shopping,1042000000
2011-Q2,Tourism Receipts,"Sightseeing, Entertainment & Gaming",1280000000
2011-Q2,Tourism Receipts,Others,1395000000
2011-Q3,Tourism Receipts,Accommodation,1109000000
2011-Q3,Tourism Receipts,Food & Beverage,584000000
2011-Q3,Tourism Receipts,Shopping,1187000000
2011-Q3,Tourism Receipts,"Sightseeing, Entertainment & Gaming",1470000000
2011-Q3,Tourism Receipts,Others,1614000000
2011-Q4,Tourism Receipts,Accommodation,1162000000
2011-Q4,Tourism Receipts,Food & Beverage,565000000
2011-Q4,Tourism Receipts,Shopping,1221000000
2011-Q4,Tourism Receipts,"Sightseeing, Entertainment & Gaming",1301000000
2011-Q4,Tourism Receipts,Others,1352000000
2012-Q1,Tourism Receipts,Accommodation,1274000000
2012-Q1,Tourism Receipts,Food & Beverage,561000000
2012-Q1,Tourism Receipts,Shopping,1207000000
2012-Q1,Tourism Receipts,"Sightseeing, Entertainment & Gaming",1513000000
2012-Q1,Tourism Receipts,Others,1467000000
2012-Q2,Tourism Receipts,Accommodation,1216000000
2012-Q2,Tourism Receipts,Food & Beverage,550000000
2012-Q2,Tourism Receipts,Shopping,1097000000
2012-Q2,Tourism Receipts,"Sightseeing, Entertainment & Gaming",1200000000
2012-Q2,Tourism Receipts,Others,1434000000
2012-Q3,Tourism Receipts,Accommodation,1267000000
2012-Q3,Tourism Receipts,Food & Beverage,559000000
2012-Q3,Tourism Receipts,Shopping,1094000000
2012-Q3,Tourism Receipts,"Sightseeing, Entertainment & Gaming",1078000000
2012-Q3,Tourism Receipts,Others,1588000000
2012-Q4,Tourism Receipts,Accommodation,1280000000
2012-Q4,Tourism Receipts,Food & Beverage,575000000
2012-Q4,Tourism Receipts,Shopping,1189000000
2012-Q4,Tourism Receipts,"Sightseeing, Entertainment & Gaming",1450000000
2012-Q4,Tourism Receipts,Others,1481000000
2013-Q1,Tourism Receipts,Accommodation,1283000000
2013-Q1,Tourism Receipts,Food & Beverage,582000000
2013-Q1,Tourism Receipts,Shopping,1175000000
2013-Q1,Tourism Receipts,"Sightseeing, Entertainment & Gaming",1349000000
2013-Q1,Tourism Receipts,Others,1373000000
2013-Q2,Tourism Receipts,Accommodation,1281000000
2013-Q2,Tourism Receipts,Food & Beverage,557000000
2013-Q2,Tourism Receipts,Shopping,1180000000
2013-Q2,Tourism Receipts,"Sightseeing, Entertainment & Gaming",1318000000
2013-Q2,Tourism Receipts,Others,1424000000
2013-Q3,Tourism Receipts,Accommodation,1402000000
2013-Q3,Tourism Receipts,Food & Beverage,601000000
2013-Q3,Tourism Receipts,Shopping,1127000000
2013-Q3,Tourism Receipts,"Sightseeing, Entertainment & Gaming",1481000000
2013-Q3,Tourism Receipts,Others,1655000000
2013-Q4,Tourism Receipts,Accommodation,1366000000
2013-Q4,Tourism Receipts,Food & Beverage,554000000
2013-Q4,Tourism Receipts,Shopping,1071000000
2013-Q4,Tourism Receipts,"Sightseeing, Entertainment & Gaming",1323000000
2013-Q4,Tourism Receipts,Others,1366000000
2014-Q1,Tourism Receipts,Accommodation,1377000000
2014-Q1,Tourism Receipts,Food & Beverage,576000000
2014-Q1,Tourism Receipts,Shopping,1088000000
2014-Q1,Tourism Receipts,"Sightseeing, Entertainment & Gaming",1617000000
2014-Q1,Tourism Receipts,Others,1558000000
2014-Q2,Tourism Receipts,Accommodation,1310000000
2014-Q2,Tourism Receipts,Food & Beverage,534000000
2014-Q2,Tourism Receipts,Shopping,961000000
2014-Q2,Tourism Receipts,"Sightseeing, Entertainment & Gaming",1475000000
2014-Q2,Tourism Receipts,Others,1399000000
2014-Q3,Tourism Receipts,Accommodation,1366000000
2014-Q3,Tourism Receipts,Food & Beverage,595000000
2014-Q3,Tourism Receipts,Shopping,1092000000
2014-Q3,Tourism Receipts,"Sightseeing, Entertainment & Gaming",1319000000
2014-Q3,Tourism Receipts,Others,1589000000
2014-Q4,Tourism Receipts,Accommodation,1256000000
2014-Q4,Tourism Receipts,Food & Beverage,558000000
2014-Q4,Tourism Receipts,Shopping,975000000
2014-Q4,Tourism Receipts,"Sightseeing, Entertainment & Gaming",1411000000
2014-Q4,Tourism Receipts,Others,1504000000
2015-Q1,Tourism Receipts,Accommodation,1092000000
2015-Q1,Tourism Receipts,Food & Beverage,532000000
2015-Q1,Tourism Receipts,Shopping,961000000
2015-Q1,Tourism Receipts,"Sightseeing, Entertainment & Gaming",1372000000
2015-Q1,Tourism Receipts,Others,1356000000
2015-Q2,Tourism Receipts,Accommodation,1086000000
2015-Q2,Tourism Receipts,Food & Beverage,541000000
2015-Q2,Tourism Receipts,Shopping,918000000
2015-Q2,Tourism Receipts,"Sightseeing, Entertainment & Gaming",1222000000
2015-Q2,Tourism Receipts,Others,1272000000
2015-Q3,Tourism Receipts,Accommodation,1336000000
2015-Q3,Tourism Receipts,Food & Beverage,650000000
2015-Q3,Tourism Receipts,Shopping,1040000000
2015-Q3,Tourism Receipts,"Sightseeing, Entertainment & Gaming",1340000000
2015-Q3,Tourism Receipts,Others,1673000000
2015-Q4,Tourism Receipts,Accommodation,1166000000
2015-Q4,Tourism Receipts,Food & Beverage,596000000
2015-Q4,Tourism Receipts,Shopping,993000000
2015-Q4,Tourism Receipts,"Sightseeing, Entertainment & Gaming",1159000000
2015-Q4,Tourism Receipts,Others,1471000000
2016-Q1,Tourism Receipts,Accommodation,1280000000
2016-Q1,Tourism Receipts,Food & Beverage,591000000
2016-Q1,Tourism Receipts,Shopping,1176000000
2016-Q1,Tourism Receipts,"Sightseeing, Entertainment & Gaming",1199000000
2016-Q1,Tourism Receipts,Others,1394000000
2016-Q2,Tourism Receipts,Accommodation,1468000000
2016-Q2,Tourism Receipts,Food & Beverage,786000000
2016-Q2,Tourism Receipts,Shopping,1540000000
2016-Q2,Tourism Receipts,"Sightseeing, Entertainment & Gaming",1374000000
2016-Q2,Tourism Receipts,Others,1462000000
2016-Q3,Tourism Receipts,Accommodation,1765000000
2016-Q3,Tourism Receipts,Food & Beverage,768000000
2016-Q3,Tourism Receipts,Shopping,1639000000
2016-Q3,Tourism Receipts,"Sightseeing, Entertainment & Gaming",1408000000
2016-Q3,Tourism Receipts,Others,1530000000
2016-Q4,Tourism Receipts,Accommodation,1403000000
2016-Q4,Tourism Receipts,Food & Beverage,642000000
2016-Q4,Tourism Receipts,Shopping,1603000000
2016-Q4,Tourism Receipts,"Sightseeing, Entertainment & Gaming",1367000000
2016-Q4,Tourism Receipts,Others,1354000000
2017-Q1,Tourism Receipts,Accommodation,1525000000
2017-Q1,Tourism Receipts,Food & Beverage,700000000
2017-Q1,Tourism Receipts,Shopping,1611000000
2017-Q1,Tourism Receipts,"Sightseeing, Entertainment & Gaming",1414000000
2017-Q1,Tourism Receipts,Others,1475000000
2017-Q2,Tourism Receipts,Accommodation,1404000000
2017-Q2,Tourism Receipts,Food & Beverage,705000000
2017-Q2,Tourism Receipts,Shopping,1598000000
2017-Q2,Tourism Receipts,"Sightseeing, Entertainment & Gaming",1483000000
2017-Q2,Tourism Receipts,Others,1491000000
2017-Q3,Tourism Receipts,Accommodation,1660000000
2017-Q3,Tourism Receipts,Food & Beverage,628000000
2017-Q3,Tourism Receipts,Shopping,1519000000
2017-Q3,Tourism Receipts,"Sightseeing, Entertainment & Gaming",1327000000
2017-Q3,Tourism Receipts,Others,1808000000
2017-Q4,Tourism Receipts,Accommodation,1428000000
2017-Q4,Tourism Receipts,Food & Beverage,617000000
2017-Q4,Tourism Receipts,Shopping,1445000000
2017-Q4,Tourism Receipts,"Sightseeing, Entertainment & Gaming",1395000000
2017-Q4,Tourism Receipts,Others,1578000000
2018-Q1,Tourism Receipts,Accommodation,1436000000
2018-Q1,Tourism Receipts,Food & Beverage,630000000
2018-Q1,Tourism Receipts,Shopping,1470000000
2018-Q1,Tourism Receipts,"Sightseeing, Entertainment & Gaming",1498000000
2018-Q1,Tourism Receipts,Others,1834000000
2018-Q2,Tourism Receipts,Accommodation,1497000000
2018-Q2,Tourism Receipts,Food & Beverage,604000000
2018-Q2,Tourism Receipts,Shopping,1246000000
2018-Q2,Tourism Receipts,"Sightseeing, Entertainment & Gaming",1454000000
2018-Q2,Tourism Receipts,Others,1793000000
2018-Q3,Tourism Receipts,Accommodation,1457000000
2018-Q3,Tourism Receipts,Food & Beverage,712000000
2018-Q3,Tourism Receipts,Shopping,1337000000
2018-Q3,Tourism Receipts,"Sightseeing, Entertainment & Gaming",1520000000
2018-Q3,Tourism Receipts,Others,2122000000
2018-Q4,Tourism Receipts,Accommodation,1276000000
2018-Q4,Tourism Receipts,Food & Beverage,647000000
2018-Q4,Tourism Receipts,Shopping,1331000000
2018-Q4,Tourism Receipts,"Sightseeing, Entertainment & Gaming",1386000000
2018-Q4,Tourism Receipts,Others,1691000000
2019-Q1,Tourism Receipts,Accommodation,1256000000
2019-Q1,Tourism Receipts,Food & Beverage,588000000
2019-Q1,Tourism Receipts,Shopping,1371000000
2019-Q1,Tourism Receipts,"Sightseeing, Entertainment & Gaming",1457000000
2019-Q1,Tourism Receipts,Others,1929000000
2019-Q2,Tourism Receipts,Accommodation,1309000000
2019-Q2,Tourism Receipts,Food & Beverage,586000000
2019-Q2,Tourism Receipts,Shopping,1386000000
2019-Q2,Tourism Receipts,"Sightseeing, Entertainment & Gaming",1443000000
2019-Q2,Tourism Receipts,Others,1842000000
2019-Q3,Tourism Receipts,Accommodation,1525000000
2019-Q3,Tourism Receipts,Food & Beverage,673000000
2019-Q3,Tourism Receipts,Shopping,1426000000
2019-Q3,Tourism Receipts,"Sightseeing, Entertainment & Gaming",1505000000
2019-Q3,Tourism Receipts,Others,2254000000
2019-Q4,Tourism Receipts,Accommodation,1439000000
2019-Q4,Tourism Receipts,Food & Beverage,649000000
2019-Q4,Tourism Receipts,Shopping,1457000000
2019-Q4,Tourism Receipts,"Sightseeing, Entertainment & Gaming",1593000000
2019-Q4,Tourism Receipts,Others,2002000000
2020-Q1,Tourism Receipts,Accommodation,862000000
2020-Q1,Tourism Receipts,Food & Beverage,376000000
2020-Q1,Tourism Receipts,Shopping,656000000
2020-Q1,Tourism Receipts,"Sightseeing, Entertainment & Gaming",858000000
2020-Q1,Tourism Receipts,Others,1278000000
