Sira No,Film Adi,Filmin Turu,Gosterime Giris Tarihi,Yonetmen,Yapimci,Oyuncu,Senarist
1,Recep Ivedik 5,Komedi,16 Subat 2017,Togan Gokbakar,Sahan Gokbakar-Togan Gokbakar,Sahan Gokbakar-Orkan Varan-Deniz Ceylan-Nurullah Celebi-Murat_Bolucek-Huseyin Baycur-Merve Baskaya-Sahabettin Karabulut-Zeynep Kusem-Miray Akbulut,Togan Gokbakar-Sahan Gokbakar
2,Recep Ivedik 4,Komedi,21 Subat 2014,Togan Gokbakar,Sahan Gokbakar-Emrah Coban,Sahan Gokbakar-Baris Bulut-Irfan Kangi-Adem Atbas-Ece Incebay-Gulum Baltacigil-Aziz Karakaya-Murat Ergun-Cem Korkmaz-Caner Tanriverdi-Arda Hacioglu,Sahan Gokbakar
3,Dugun Dernek,Komedi,6 Aralik 2013,Selcuk Aydemir,Necati Akpinar,Ahmet Kural-Murat Cemcir-Inan Ulas Torun-Rasim Oztekin-Devrim Yakut-Lelde Draimane-Jelena Bozic-Toms Liepajnieks-Baris Yildiz-Zerrin Sumer-Sinasi Yurtsever-Emel Sayin,Selcuk Aydemir
4,Fetih 1453,Tarihi Savas,16 Subat 2012,Faruk Aksoy,Faruk Aksoy-Ayse Germen,Devrim Ekin-Ibrahim Celikkol-Dilek Serbest-Murat Unluoglu-Volkan Keskin-Erden Alkan-Ali Riza Soydan-Sedat Mert-Cengiz Coskun,Irfan Saruhan-Atilla Engin-Faruk Aksoy
5,Muslum,Dram Biyografi,26 Ekim 2018,Ketche-Can Ulkay,Mustafa Uslu-Nurinisa Yildirim,Timucin Esen-Zerrin Tekindor-Ayca Bingol-Erkan Can-Taner Olmez-Erkan Avci-Sahin Kendirci-Turgut Tuncalp,Hakan Gunday-Gurhan Ozciftci
6,Dugun Dernek 2: Sunnet,Komedi,4 Aralik 2015,Selcuk Aydemir,Necati Akpinar,Ahmet Kural-Murat Cemcir-Inan Ulas Torun-Rasim Oztekin-Devrim Yakut-Lelde Draimane-Jelena Bozic -Sinasi Yurtsever Erdal Tosun-Acalya Samyeli Danoglu-Nukhet Duru-Mustafa Keser-Zahide Yetis,Selcuk Aydemir
7,Ayla,27 Ekim 2017,Komedi,Can Ulkay,Mustafa Uslu,Ismail Hacioglu-Cetin Tekindor-Kim Seol-Kyung-Jin Lee-Ali Ata-Murat Yildirim-Taner Birsel-Damla Sonmez-Cade Carredine-Caner Kurtaran- Altan Erkekli-Meral Cetinkaya-Busra Develi-Erkan Petekkaya,Yigit Guralp
8,Aile Arasinda,Komedi,1 Aralik 2017,Ozan Aciktan,Necati Akpinar,Engin Gunaydin-Demet Evgar-Erdal Ozyagcilar-Devrim Yakut-Fatih Artman-Sevket Coruh-Gurse Birsel-Derya Karadas-Su Kutlu-Ayta Sozeri-Devin Ozgun Cakir-Deniz Sen Hamzaoglu-Riza Akin,Gulse Birsel
9,Arif v 216,Komedi Bilim-Kurgu,5 Ocak 2018,Kivanc Barunonu,CMYLMZ Fikir Sanat-Nu Look,Cem Yilmaz-Ozan Guven-Zafer Algoz-Seda Bakan-Kerem Alisik-Mert Firat-Ozkan Ugur-Caglar Corumlu-Ozge Ozberk-Farah Zeynep Abdullah-Ahu Yagtu-Mustafa Sandal-Can Yilmaz-Ediz Hun-Kubilay Aka,Cem Yilmaz
10,Recep Ivedik 2,Komedi,13 Subat 2009,Togan Gokbakar,Faruk Aksoy-Mehmet Soyarslan,Sahan Gokbakar-Gulsen Ozbakan-Efe Babacan-Zeynep Camci-Cagri Buyuksayar-Asiye Dincsoy-Ayfer Calgici-Aysan Sumercan-Emre Koc-Fusun Oztoprak,Sahan Gokbakar-Togan Gokbakar-Serkan Altunigne
11,Recep Ivedik,Komedi,22 Subat 2008,Togan Gokbakar,Faruk Aksoy-Mehmet Soyarslan-Ayse Germen,Sahan Gokbakar-Fatma Toptas-Tulug Cizgen-Mucahit Avci-Lemi Filozof-Ismail Hakki Urun-Hakan Bilgin-Onder Acikbas-Volkan Cal-Yakup Yavru-Murat Akdag-Ferhat Ucar-Nedim Dogan,Serkan Altunigne-Sahan Gokbakar
12,Kurtlar Vadisi Irak,Aksiyon Politik,3 Subat 2006,Serdar Akar,Raci Sasmaz,Necati Sasmaz-Billy Zane-Tito Ortiz-Gassan Mesud-Berguzar Korel-Gurkan Uygun-Gary Busey-Kenan Coban-Diego Serrano-Spencer Garrett-Tayfun Erarslan-Egemen Yavuz-Erhan Ufak-Jay Abdo,Raci Sasmaz-Bahadir Ozdener
13,Ailecek Saskiniz,Komedi,2 Mart_2018,Selcuk Aydemir,Murat Cemcir-Necati Kocabay-Fatih Yilmaz-Mehmet Ozbay,Ahmet Kural-Saadet Isil Aksoy-Caglar Ertugrul-Murat Cemcir-Bihter Ozdemir-Cengiz Bozkurt -Gunay Karacaoglu-Ayde Aksel-Guven Murat Akpinar-Serhat Ozcan-Mustafa Alabora,Selcuk Aydemir
14,G.O.R.A.,Komedi Bilim-Kurgu,12 Kasim 2004,Omer Faruk Sorak,Necati Akpinar-Nuri Sevin-Pelin Ekinci Kaya-Ipek Sorak,Cem Yilmaz-Idil Firat-Ozge Ozberk-Safak Sezer-Ozan Guven-Ozkan Ugur-Rasim Oztekin-Erdal Tosun-Engin Gunaydin-Cezmi Baskin-Coskun Gogen-Naz Elmas-Dilek Serbest-Muhittin Korkmaz,Cem Yilmaz
15,Eyvah Eyvah 2,Komedi,07 Ocak 2011,Hakan Algul,Necati Akpinar,Demet Akbag-Ata Demirer-Ozge Borak-Salih Kalyon-Tanju Tuncel-Aysenil Samlioglu-Caner Alkaya-Okan Cabalar-Bican Gunalan-Bulent Sakrak-Ali Savasci-Meray Ulgen-Neslihan Aka,Ata Demirer
16,CM101MMXI Fundamentals,Komedi,03 Ocak 2011,CMYLMZ Fikir Sanat/Can Yilmaz,Murat Dundar,Cem Yilmaz (Hilmself),Cem Yilmaz
17,Babam ve Oglum,Dram,18 Kasim 2005,Cagan Irmak,Sukru Avsar,Fikret Kuskan-Humeyra-Ozge Ozberk-Cetin Tekindor-Serif Sezer-Yetkin Dikinciler-Binnur Kaya-Ege Tanman-Halit Ergenc-Tuba Buyukustun-Mahmut Gokgoz-Nergis Corakci,Cagan Irmak
18,Mucize (2015),Dram,1 Ocak 2015,Mahsun Kirmizigul,Murat Tokat,Mahsun Kirmizigul-Mert Turak-Talat Bulut-Seda Tosun-Meral Cetinkaya-Ali Surmeli-Busra Pekin-Erol Demiroz-Cezmi Baskin-Senay Gurler-Erdem Yener-Adem Atbas-Serpil Gul-Berivan Karaman,Billur Yilmaz,Dilek Denizdelen,Sinan Bengier-Umit Okur,Mahsun Kirmizigul
19,A.R.O.G.,Komedi Bilim-Kurgu Fantastik,5 Aralik 2008,Cem Yilmaz-Ali Taner Baltaci,Murat Akdilek-Cem Yilmaz,Cem Yilmaz-Ozge Ozberk-Nil Karaibrahimgil-Ozkan Ugur-Zafer Algoz-Ozan Guven-Muhittin Korkmaz-Hasan Kacan-Metin Kececi-Ilker Ayrik-Charles Carroll-Cem Korkmaz-Ethel Mulinas Araf,Cem Yilmaz
20,Dag 2,Dram Savas,4 Kasim 2016,Alper Caglar,Alper Caglar-Doruk Acar,Caglar Ertugrul-Ufuk Bayraktar-Murat Serezli-Ahu Turkpence-Atilgan Gumus-Mustafa Sahin-Murat Arkin-Armagan Oguz-Bedii Akin-Buse Varol-Atif Emir Benderlioglu-Eylul Arular-Acelya Ozcan-Ahmet Pinar,Alper Caglar
21,New York'ta Bes Minare,Macera Dram,5 Kasim 2010,Mahsun Kirmizigul,Murat Tokat,Mahsun Kirmizigul-Haluk Bilginer-Robert Patrick-Danny Glover-Mustafa Sandal-Gina Gershon-Sharrieff Pugh -Engin Altan Duzyatan-Justine Cotsanas-Ryan Silverman-Laine Rettmer-Umit Okur,Mahsun Kirmizigul
22,Eyvah Eyvah 3,Komedi,31 Ocak 2014,Hakan Algul,Necati Akpinar,Demet Akbag-Ata Demirer-Ozge Borak-Salih Kalyon-Tarik Unluoglu-Aysenil Samlioglu-Serra Yilmaz-Meral Ulgen-Cengiz Bozkurt-Onur Buldu-Ali Meric-Murat Serezli-Onur Atilla-Selcuk Borak,Ata Demirer
23,Recep Ivedik 3,Komedi,12 Subat 2010,Togan Gokbakar,Faruk Aksoy-Mehmet Soyarslan,Sahan Gokbakar-Zeynep Camci-Cagatay Ulusoy-Sevim Yatlilar-Mehmet Yumurtaci-Cihan Culfa-Metin Senturk,Sahan Gokbakar
24,Vizontele,Komedi,2 Subat 2001,Yilmaz Erdogan Omer Faruk Sorak,Necati Akpinar Yilmaz Erdogan,Yilmaz Erdogan-Cem Yilmaz-Demet Akbag-Altan Erkekli-Erdal Tosun-Cezmi Baskin-Zerrin Sumer-Iclal Aydin-Tuncer Salman-Sebnem Donmez-Zeynep Tokus-Yesim Salkim-Safak Sezer-Erkan Can-Tolga Cevik,Yilmaz Erdogan
