Gender,Période,Nombre d’inscrits
Masculin,2001,"3,971.0"
Masculin,2002,"7,644.0"
Masculin,2003,"9,219.0"
Masculin,2004,"10,351.0"
Masculin,2005,"12,439.0"
Masculin,2006,"15,564.0"
Masculin,2007,"16,484.0"
Masculin,2008,"19,256.0"
Masculin,2009,"20,928.0"
Masculin,2010,"21,738.0"
Masculin,2011,"22,284.0"
Masculin,2012,"23,218.0"
Feminin,2001,"3,696.0"
Feminin,2002,"6,919.0"
Feminin,2003,"8,620.0"
Feminin,2004,"9,685.0"
Feminin,2005,"11,317.0"
Feminin,2006,"14,346.0"
Feminin,2007,"15,385.0"
Feminin,2008,"17,874.0"
Feminin,2009,"19,648.0"
Feminin,2010,"20,322.0"
Feminin,2011,"20,650.0"
Feminin,2012,"22,133.0"