Website,Image URL,1993,1993.1,1994,1995,1996,1997,1998,1999,2000,2001,2002,2003,2004,2005,2006,2007,2008,2009,2010,2011,2012,2013,2014,2015,2016,2017,2018,2019,2020,2020.1
AOL,https://cdn.iconscout.com/icon/free/png-256/aol-1-282736.png,25600000.0,25600000.0,27280000.0,34000000.0,90432000.0,152510000.0,293998843.0,501100000.0,771400000.0,803600000.0,1029100000.0,1226500000.0,2026300000.0,2013900000.0,2014100000.0,1617500000.0,1632700000.0,1503200000.0,1384500000.0,1583600000.0,1722800000.0,1716300000.0,1016300000.0,0.0,,,,,,
Prodigy,https://cdn.worldvectorlogo.com/logos/prodigy.svg,4600000.0,4600000.0,5147000.0,7150000.0,0.0,,,,,,,,,,,,,,,,,,,,,,,,,
Bloomberg,https://i.pinimg.com/originals/71/b5/70/71b5706762354172b7ba6ea184d3ef38.png,360000.0,360000.0,380000.0,455000.0,0.0,,,,,,,,,,,,,,,,,,,,,,,,,
Apple,https://upload.wikimedia.org/wikipedia/commons/thumb/f/fa/Apple_logo_black.svg/1200px-Apple_logo_black.svg.png,147000.0,147000.0,185000.0,0.0,,,,,,,,,,,,,,,,,,,,,,,,,,
MTV,https://upload.wikimedia.org/wikipedia/commons/thumb/7/76/MTV_Logo.svg/625px-MTV_Logo.svg.png,43500.0,43500.0,60000.0,0.0,,,,,,,,,,,,,,,,,,,,,,,,,,
IMBD,https://upload.wikimedia.org/wikipedia/commons/thumb/6/69/IMDB_Logo_2016.svg/575px-IMDB_Logo_2016.svg.png,36000.0,36000.0,0.0,,,,,,,,,,,,,,,,,,,,,,,,,,,
BBC,https://www.newbridge-health.org.uk/wp-content/uploads/2019/08/bbc-logo.jpg,,,56100.0,0.0,,,,,,,,,,,,,,,,,,,,,,,,,,
Britannica,https://www.britannica.com/resources/images/EBLogo.jpg,,,323000.0,1996000.0,0.0,,,,,,,,,,,,,,,,,,,,,,,,,
Yahoo,https://cdn.iconscout.com/icon/free/png-256/yahoo-49-789855.png,,,11490000.0,30500000.0,34731000.0,64676000.0,122045849.0,168400000.0,227800000.0,627500000.0,1651500000.0,3520900000.0,5164000000.0,6535600000.0,5770700000.0,5124800000.0,6525000000.0,9511200000.0,11653800000.0,11585900000.0,10372100000.0,9097800000.0,7385400000.0,6336100000.0,5573500000.0,4855900000.0,4285100000.0,3406000000.0,3006000000.0,3006000000.0
MSN,https://www.logolynx.com/images/logolynx/f8/f881c400b07a00dcbb192271a41311c6.jpeg,,,,1432000.0,13847000.0,33229000.0,71697663.0,181300000.0,321800000.0,406700000.0,602700000.0,1288700000.0,1775000000.0,1944200000.0,1484900000.0,1261400000.0,1261300000.0,1282700000.0,1243000000.0,1108600000.0,908600000.0,0.0,,,,,,,,
Excite,"https://res-5.cloudinary.com/crunchbase-production/image/upload/c_lpad,h_256,w_256,f_auto,q_auto:eco/v1495177762/jrw8dzx5f1w85rbi2iqx.png",,,,7237000.0,9691000.0,20641000.0,46741847.0,55100000.0,58600000.0,60900000.0,50900000.0,30900000.0,0.0,,,,,,,,,,,,,,,,,
Geocities,https://i.kym-cdn.com/photos/images/newsfeed/000/552/271/22d.jpg,,,,15500000.0,18688000.0,26662000.0,44096892.0,0.0,,,,,,,,,,,,,,,,,,,,,,
Lycos,"https://user-images.strikinglycdn.com/res/hrscywv4p/image/upload/c_fill,f_auto,g_faces:center,h_128,q_80,w_128/225507/http_www_logotypes101_com_logos_140_3B0D2CDBABE7778D2F5E7FD8360A4887_Lycos_bhh8er.png",,,,6200000.0,7413000.0,22161000.0,41945852.0,86400000.0,103500000.0,135600000.0,140800000.0,100800000.0,50800000.0,0.0,,,,,,,,,,,,,,,,
Netscape,https://upload.wikimedia.org/wikipedia/en/4/48/Netscape9logo.png,,,5750000.0,15300000.0,17034000.0,17176000.0,17718536.0,0.0,,,,,,,,,,,,,,,,,,,,,,
Infoseek,"https://res-1.cloudinary.com/crunchbase-production/image/upload/c_lpad,h_120,w_120,f_auto,b_white,q_auto:eco/v1424213908/txyd8h6r2etfzs2lz5dn.png",,,2783000.0,6450000.0,7779000.0,9147000.0,10879954.0,0.0,,,,,,,,,,,,,,,,,,,,,,
Am. Greetings,https://bloximages.newyork1.vip.townnews.com/wdrb.com/content/tncms/assets/v3/editorial/9/53/95378336-3280-5316-a615-ab22dc8fd751/5c05b2cfe0e41.image.jpg?resize=400%2C222,,,,,,,8000000.0,34000000.0,0.0,,,,,,,,,,,,,,,,,,,,,
ZDnet,"https://res-4.cloudinary.com/crunchbase-production/image/upload/c_lpad,h_256,w_256,f_auto,q_auto:eco/v1492753967/szbodcsafoskuy4pkrt2.png",,,,,,4012000.0,7587438.0,0.0,,,,,,,,,,,,,,,,,,,,,,
Amazon,https://www.creatingawebsitetoday.com/wp-content/uploads/2014/07/Amazon-Website-Builder.png,,,52900.0,100000.0,500000.0,2000000.0,10000000.0,51408037.0,71800000.0,105300000.0,206500000.0,413500000.0,584000000.0,692700000.0,694800000.0,740500000.0,881000000.0,1129600000.0,1440500000.0,1649300000.0,1767400000.0,1825300000.0,1964500000.0,2175500000.0,0.0,,,,,
Infospace,https://res.cloudinary.com/aamong/image/upload/v1518002315/1infospace-logo_jdygfn.jpg,,,,,,,,32716658.0,47400000.0,17400000.0,0.0,,,,,,,,,,,,,,,,,,,
Go.com,https://www.gmkfreelogos.com/logos/G/img/Go_com.gif,,,,,,,,29070009.0,39000000.0,61400000.0,31400000.0,11400000.0,0.0,,,,,,,,,,,,,,,,,
Real.com,https://www.gmkfreelogos.com/logos/R/img/Real_com-1.gif,,,,,,,,23421767.0,1000000.0,0.0,,,,,,,,,,,,,,,,,,,,
About.com,https://www.arcintegrated.com/wp-content/uploads/2017/06/about.png,,,,,,,,,95513134.0,115900000.0,140200000.0,170800000.0,223200000.0,113200000.0,93200000.0,0.0,,,,,,,,,,,,,,
Ebay,https://encrypted-tbn0.gstatic.com/images?q=tbn:ANd9GcTRBSzKKllBeXFWPoxxdeoeBl94zFwh575WFPaI2a0CHI1f93fSCg&s,,,,,,,,,84451262.0,165500000.0,294800000.0,533200000.0,751900000.0,896300000.0,954800000.0,959400000.0,921800000.0,721800000.0,0.0,,,,,,,,,,,
CNET,"https://res-4.cloudinary.com/crunchbase-production/image/upload/c_lpad,h_256,w_256,f_auto,q_auto:eco/v1488570589/cauf2hzuag3akduqzixm.png",,,,,,,,,50449266.0,67900000.0,116400000.0,196600000.0,244700000.0,104700000.0,0.0,,,,,,,,,,,,,,,
Google,https://encrypted-tbn0.gstatic.com/images?q=tbn%3AANd9GcTBNqj_BACxuoGE7co2RFznug8f_xcjNR0Lng&usqp=CAU,,,,,,,,,,,347395305.0,661800000.0,1018700000.0,1854900000.0,4312500000.0,7297700000.0,7984300000.0,8814100000.0,9805200000.0,13442700000.0,16004200000.0,18603100000.0,21537300000.0,25382200000.0,33484400000.0,48272300000.0,62721000000.0,77061000000.0,81061000000.0,81061000000.0
Ask.com,"https://res-2.cloudinary.com/crunchbase-production/image/upload/c_lpad,h_256,w_256,f_auto,q_auto:eco/v1397749405/20007f160820a7665e763a195d803a50.gif",,,,,,,,,,,183472259.0,355900000.0,484700000.0,555200000.0,627400000.0,813300000.0,1098000000.0,1184700000.0,1230300000.0,630300000.0,0.0,,,,,,,,,
Walmart,https://rm-core-production.s3.amazonaws.com/logos/1391/large_wal-mart_logo.jpg,,,,,,,,,,,,255484276.0,392300000.0,442300000.0,429300000.0,229300000.0,129300000.0,0.0,,,,,,,,,,,,
Wikipedia,https://cdn.iconscout.com/icon/free/png-256/wikipedia-283043.png,,,,,,,,,,,,,,340337102.0,511900000.0,634000000.0,73000000.0,858100000.0,977600000.0,1131300000.0,1559200000.0,2204400000.0,2914800000.0,3581300000.0,4236700000.0,4944800000.0,5434200000.0,5224000000.0,5024000000.0,5024000000.0
Myspace,https://live.staticflickr.com/4044/4684606236_fc572b392e.jpg,,,,,,,,,,,,,,329075758.0,1033800000.0,1278200000.0,1115600000.0,715600000.0,0.0,,,,,,,,,,,
YouTube,https://upload.wikimedia.org/wikipedia/commons/thumb/4/40/Youtube_icon.svg/256px-Youtube_icon.svg.png,,,,,,,,,,,,,,,,671692004.0,1127400000.0,1817800000.0,3508500000.0,6016200000.0,9340000000.0,12938900000.0,17175300000.0,21110900000.0,24575700000.0,26254300000.0,27480500000.0,27732000000.0,28032000000.0,28032000000.0
Facebook,https://facebookbrand.com/wp-content/uploads/2019/04/f_logo_RGB-Hex-Blue_512.png?w=256&h=256,,,,,,,,,,,,,,,,,1142926428.0,2546600000.0,4181000000.0,5603900000.0,8377300000.0,13142400000.0,18512400000.0,22607600000.0,26318900000.0,27813700000.0,28020000000.0,23583000000.0,20583000000.0,20583000000.0
Yandex,https://upload.wikimedia.org/wikipedia/commons/8/85/Yandex_Browser_logo.png,,,,,,,,,,,,,,,,,,1064400000.0,1401600000.0,1623200000.0,1774300000.0,1916400000.0,2090300000.0,2317800000.0,2601600000.0,2874700000.0,3032500000.0,2761000000.0,2561000000.0,2561000000.0
Baidu,"https://res-1.cloudinary.com/crunchbase-production/image/upload/c_lpad,h_256,w_256,f_auto,q_auto:eco/v1475510524/fuz7l26kxyyq2pr5zbpx.png",,,,,,,,,,,,,,,,,,,,1106593606.0,1347200000.0,1604600000.0,2004600000.0,2504600000.0,3077600000.0,4726600000.0,5871800000.0,6618000000.0,7618000000.0,7618000000.0
Live.com,https://dl1.cbsistatic.com/i/2016/09/16/e3e072c4-f670-4444-a0ea-9aed0269aa22/a6b828e257eb048fca64f48c95fa4928/imgingest-3206097294170090646.png,,,,,,,,,,,,,,,,,,,,,1452059418.0,1652059418.0,1874300000.0,2299600000.0,2564800000.0,2660800000.0,2060800000.0,0.0,,
Twitter,https://aer.eu/wp-content/uploads/2017/06/twitter-logo-4.png,,,,,,,,,,,,,,,,,,,,,,1728563501.0,2272800000.0,2811100000.0,3381900000.0,3793300000.0,4005100000.0,4198000000.0,4398000000.0,4398000000.0
Instagram,https://image.flaticon.com/icons/png/128/1409/1409946.png,,,,,,,,,,,,,,,,,,,,,,,1939696370.0,2324200000.0,2659300000.0,2992100000.0,3164900000.0,4045000000.0,4545000000.0,4545000000.0
Pornhub,"https://res-4.cloudinary.com/crunchbase-production/image/upload/c_lpad,h_256,w_256,f_auto,q_auto:eco/v1458758320/ajcppvmug2jcsljnzbmi.jpg",,,,,,,,,,,,,,,,,,,,,,,,,,,2639848081.0,2039848081.0,0.0,
Xvideos,https://logospng.org/download/xvideos/logo-xvideos-256.png,,,,,,,,,,,,,,,,,,,,,,,,,,,,3052000000.0,3252000000.0,3252000000.0
Webcrawler,https://image.flaticon.com/icons/png/128/531/531270.png,,,2086000.0,9900000.0,1169800.0,3263000.0,0.0,,,,,,,,,,,,,,,,,,,,,,,
Primenet,https://is4-ssl.mzstatic.com/image/thumb/Purple117/v4/a0/fd/e1/a0fde1e7-5760-7056-480d-a923718419bc/source/256x256bb.jpg,,,,,4022000.0,0.0,,,,,,,,,,,,,,,,,,,,,,,,
Compuserve,https://media.licdn.com/dms/image/C560BAQEIe8XBfnotLg/company-logo_200_200/0?e=2159024400&v=beta&t=64qBTH1isr0D5j6IGQWOyYCVgyEH8gJVij9WfpzjWlc,2100000.0,2100000.0,2350000.0,3032000.0,3601000.0,2469000.0,0.0,,,,,,,,,,,,,,,,,,,,,,,
