variable_name,variable_type
fips,id
state,id
county,id
num_deaths,absolute
years_of_potential_life_lost_rate,relative
percent_fair_or_poor_health,relative
average_number_of_physically_unhealthy_days,relative
average_number_of_mentally_unhealthy_days,relative
percent_low_birthweight,relative
percent_smokers,relative
percent_adults_with_obesity,relative
food_environment_index,relative
percent_physically_inactive,relative
percent_with_access_to_exercise_opportunities,relative
percent_excessive_drinking,relative
num_alcohol_impaired_driving_deaths,absolute
num_driving_deaths,absolute
percent_driving_deaths_with_alcohol_involvement,relative
num_chlamydia_cases,absolute
chlamydia_rate,relative
teen_birth_rate,relative
num_uninsured,absolute
percent_uninsured,relative
num_primary_care_physicians,absolute
primary_care_physicians_rate,relative
num_dentists,absolute
dentist_rate,relative
num_mental_health_providers,absolute
mental_health_provider_rate,relative
preventable_hospitalization_rate,relative
percent_with_annual_mammogram,relative
percent_vaccinated,relative
high_school_graduation_rate,relative
num_some_college,absolute
population,absolute
percent_some_college,relative
num_unemployed,absolute
labor_force,absolute
percent_unemployed,relative
percent_children_in_poverty,relative
80th_percentile_income,relative
20th_percentile_income,relative
income_ratio,relative
num_single_parent_households,absolute
num_households,absolute
percent_single_parent_households,relative
num_associations,absolute
social_association_rate,relative
annual_average_violent_crimes,absolute
violent_crime_rate,relative
num_injury_deaths,absolute
injury_death_rate,relative
average_daily_pm2_5,relative
presence_of_water_violation,relative
percent_severe_housing_problems,relative
severe_housing_cost_burden,relative
overcrowding,relative
inadequate_facilities,relative
percent_drive_alone_to_work,relative
num_workers_who_drive_alone,absolute
percent_long_commute_drives_alone,relative
life_expectancy,relative
num_deaths_2,absolute
age_adjusted_death_rate,relative
num_deaths_3,absolute
child_mortality_rate,relative
num_deaths_4,absolute
infant_mortality_rate,relative
percent_frequent_physical_distress,relative
percent_frequent_mental_distress,relative
percent_adults_with_diabetes,relative
num_hiv_cases,absolute
hiv_prevalence_rate,relative
num_food_insecure,absolute
percent_food_insecure,relative
num_limited_access,absolute
percent_limited_access_to_healthy_foods,relative
num_drug_overdose_deaths,absolute
drug_overdose_mortality_rate,relative
num_motor_vehicle_deaths,absolute
motor_vehicle_mortality_rate,relative
percent_insufficient_sleep,relative
num_uninsured_2,absolute
percent_uninsured_2,relative
num_uninsured_3,absolute
percent_uninsured_3,relative
other_primary_care_provider_rate,relative
percent_disconnected_youth,relative
average_grade_performance,relative
average_grade_performance_2,relative
median_household_income,relative
percent_enrolled_in_free_or_reduced_lunch,relative
segregation_index,relative
segregation_index_2,relative
homicide_rate,relative
num_deaths_5,absolute
suicide_rate_age_adjusted,relative
num_firearm_fatalities,absolute
firearm_fatalities_rate,relative
juvenile_arrest_rate,relative
average_traffic_volume_per_meter_of_major_roadways,relative
num_homeowners,absolute
percent_homeowners,relative
num_households_with_severe_cost_burden,absolute
percent_severe_housing_cost_burden,relative
population_2,absolute
percent_less_than_18_years_of_age,relative
percent_65_and_over,relative
num_black,absolute
percent_black,relative
num_american_indian_alaska_native,absolute
percent_american_indian_alaska_native,relative
num_asian,absolute
percent_asian,relative
num_native_hawaiian_other_pacific_islander,absolute
percent_native_hawaiian_other_pacific_islander,relative
num_hispanic,absolute
percent_hispanic,relative
num_non_hispanic_white,absolute
percent_non_hispanic_white,relative
num_not_proficient_in_english,absolute
percent_not_proficient_in_english,relative
percent_female,relative
num_rural,absolute
percent_rural,relative
