Id,Start,Name,Impact,Currency
f284f2ea-a35d-4546-ace2-69e17b3bcffd,03/17/2021 14:30:00,EIA Crude Oil Stocks Change,LOW,USD
00947380-eec7-4757-a9a6-fff5b466e750,03/17/2021 18:00:00,FOMC Economic Projections,HIGH,USD
42085bb4-6501-424d-b9d7-2210ef491d78,03/17/2021 18:00:00,Fed Interest Rate Decision,HIGH,USD
6b4b4a3e-4fc9-4de2-b550-f7ed79f201ea,03/17/2021 18:00:00,Fed's Monetary Policy Statement,HIGH,USD
b9dcaba6-2cbd-423d-92c2-6fdfeade82b1,03/17/2021 18:30:00,FOMC Press Conference,HIGH,USD
bfbf8f4e-21ab-4246-b40c-987e1f151b77,03/17/2021 21:45:00,Gross Domestic Product (YoY),HIGH,NZD
6f67437e-821b-4b37-82cd-23ecc3adf653,03/17/2021 21:45:00,Gross Domestic Product (QoQ),HIGH,NZD
54eb18fd-f0b9-4c32-8bc0-a3d7ff2c992e,03/17/2021 23:50:00,Foreign Investment in Japan Stocks,LOW,JPY
aa77695c-fca8-4fb8-9ed9-1b07cde8f98a,03/17/2021 23:50:00,Foreign Bond Investment,LOW,JPY
fa77e255-7ce1-4237-a063-84627fa671fc,03/18/2021 00:30:00,Part-Time Employment,LOW,AUD
77607df7-84dc-49b3-850d-cb470a89ef9a,03/18/2021 00:30:00,Fulltime Employment,MEDIUM,AUD
8f10c2e9-0e05-4ca1-9d17-5d4d3a96e9f4,03/18/2021 00:30:00,Employment Change s.a.,HIGH,AUD
68a4c795-0f22-4c1d-a313-98320a127f71,03/18/2021 00:30:00,Participation Rate,LOW,AUD
f4a3c7b6-de98-45e7-aeea-b9658ada010e,03/18/2021 00:30:00,Unemployment Rate s.a.,HIGH,AUD
af77df24-4200-4378-af84-dbf1defa7ff0,03/18/2021 00:30:00,RBA Bulletin,LOW,AUD
4bc2ba24-b41a-4f23-856b-7992f80340f0,03/18/2021 01:05:00,RBA's Kent speech,MEDIUM,AUD
2e7e211c-21ca-4391-9b8d-e406ab46ee1e,03/18/2021 07:00:00,Trade Balance,LOW,CHF
36badfdb-dc50-4d57-9c60-85897f7a04dc,03/18/2021 07:00:00,Exports (MoM),LOW,CHF
68e392e3-7d3d-4660-9b97-0dafa1603e93,03/18/2021 07:00:00,Imports (MoM),LOW,CHF
18b260ef-0756-43e7-8846-75b70e1a3140,03/18/2021 07:30:00,Producer and Import Prices (MoM),LOW,CHF
d483e611-356f-4277-a57b-345b6d732bea,03/18/2021 07:30:00,Producer and Import Prices (YoY),LOW,CHF
78759f2b-62b6-4a4a-a515-8c5f07d3a9dd,03/18/2021 08:00:00,ECB's President Lagarde speech,HIGH,EUR
432382ee-d290-4ed1-b688-adc03c997068,03/18/2021 09:00:00,Global Trade Balance,LOW,EUR
752d9ab1-4f57-4b8f-9e36-f30ad769a151,03/18/2021 09:00:00,Trade Balance EU,LOW,EUR
e44f6e7b-3922-44a9-a842-0ea20cfbd4cf,03/18/2021 09:40:00,10-y Obligaciones Auction,LOW,EUR
8a1924b0-b5e4-468b-91ef-c9dbba806d60,03/18/2021 09:40:00,3-y Bond Auction,LOW,EUR
45865b90-f6f2-46ff-9cf6-2150b80b8b19,03/18/2021 09:40:00,30-y Bond Auction,MEDIUM,EUR
d672d708-5670-45d6-ae78-37070f34cf17,03/18/2021 09:40:00,5-y Bond Auction,LOW,EUR
3c29c6d6-de92-4aa1-9bc5-7a669dd64bc6,03/18/2021 10:00:00,Trade Balance n.s.a.,LOW,EUR
83c9f6cf-b2df-4b24-b952-b0112d2150fe,03/18/2021 10:00:00,Labor Cost,MEDIUM,EUR
0e444fb0-3d02-4d84-b01f-fbec732f7a85,03/18/2021 10:00:00,Trade Balance s.a.,LOW,EUR
242591be-261a-4832-a3e2-88d3285df82a,03/18/2021 11:00:00,BoE's Cunliffe speech,MEDIUM,GBP
8ff9f161-4aa2-4626-8c34-c03c0a43e319,03/18/2021 11:00:00,ECB's President Lagarde speech,HIGH,EUR
5369a6a4-9603-4d76-9d32-cfb786560def,03/18/2021 12:00:00,BoE MPC Vote Unchanged,HIGH,GBP
8bf3f14f-f2fd-4716-9b35-f670a15e5453,03/18/2021 12:00:00,BoE Asset Purchase Facility,HIGH,GBP
e72b346f-bd30-426b-b8df-074f314494c3,03/18/2021 12:00:00,Monetary Policy Summary,HIGH,GBP
6d2fb904-b85b-4af3-a285-3f872eda4a5a,03/18/2021 12:00:00,BoE MPC Vote Cut,HIGH,GBP
8e87a00f-8a1b-4a5e-9943-175d87ab1533,03/18/2021 12:00:00,Bank of England Minutes,HIGH,GBP
8de26c2d-e568-40b7-bd90-25e88724926b,03/18/2021 12:00:00,BoE MPC Vote Hike,HIGH,GBP
d6e2e1d9-e45e-4771-b4a1-ff78ffb4ea5d,03/18/2021 12:00:00,BoE Interest Rate Decision,HIGH,GBP
94fb5717-1cd9-4ec0-9c61-17a55f5fe67e,03/18/2021 12:30:00,Continuing Jobless Claims,MEDIUM,USD
d2ebc764-aba5-4020-87b4-6f113ddb5b44,03/18/2021 12:30:00,Philadelphia Fed Manufacturing Survey,MEDIUM,USD
9e3c966a-a527-4372-b983-c55a7924a862,03/18/2021 12:30:00,Initial Jobless Claims,MEDIUM,USD
547693b9-4f77-4faf-919a-8816d21c4b36,03/18/2021 12:30:00,Initial Jobless Claims 4-week average,MEDIUM,USD
83279492-3594-4236-9ff7-5d0da219c962,03/18/2021 12:30:00,BoE's Haldane speech,MEDIUM,GBP
d8060119-b059-43c5-b6e1-4b1ddf91fa19,03/18/2021 12:30:00,ADP Employment Change,LOW,CAD
8f5930b4-e777-4c52-88f1-b29791f3b344,03/18/2021 12:30:00,New Housing Price Index (YoY),MEDIUM,CAD
76e65b25-b0fd-4fd1-8561-ba8b00c9b694,03/18/2021 12:30:00,New Housing Price Index (MoM),MEDIUM,CAD
bc77a191-fe24-4218-bf5c-53ac08d27aa8,03/18/2021 13:10:00,ECB's De Guindos speech,MEDIUM,EUR
300d2931-84ae-4533-9df7-bd0d67d8d522,03/18/2021 14:30:00,EIA Natural Gas Storage Change,LOW,USD
319e9134-346c-4de9-a214-bfc628412e34,03/18/2021 15:30:00,4-Week Bill Auction,LOW,USD
d5b5a595-da9b-4b22-87ad-948753f44f5e,03/18/2021 18:00:00,ECB's Schnabel speech,MEDIUM,EUR
bc4406d8-c566-42d4-bc2e-742f50578d9b,03/18/2021 23:30:00,"National CPI ex Food, Energy (YoY)",MEDIUM,JPY
4a06c45d-10b7-4297-92cd-66151a2db1fc,03/18/2021 23:30:00,National CPI ex-Fresh Food (YoY),MEDIUM,JPY
e4bce05f-390e-4235-a658-343aea6eb674,03/18/2021 23:30:00,National Consumer Price Index (YoY),MEDIUM,JPY
f3c8b588-75ac-4fca-8019-a63d0ae9051c,03/19/2021 00:01:00,GfK Consumer Confidence,MEDIUM,GBP
0cd58960-b285-4b1f-8df0-6d96b03c631d,03/19/2021 00:30:00,Retail Sales s.a. (MoM),HIGH,AUD
20a3850a-45c8-44b7-bfe6-c963d0a50244,03/19/2021 03:00:00,"BoJ Monetary Policy Statement ",HIGH,JPY
6cfe7d48-28d4-4fe4-a5f5-5aad54cacab7,03/19/2021 03:00:00,BoJ Interest Rate Decision,HIGH,JPY
59a500bc-ee59-45e7-be48-48a235314c8f,03/19/2021 06:00:00,BoJ Press Conference,HIGH,JPY
3b5827a1-41f0-42f6-82fe-4ee0e4f5dbf4,03/19/2021 07:00:00,Producer Price Index (MoM),MEDIUM,EUR
7744fc4a-e3fe-4abc-ae90-7c7662d78a97,03/19/2021 07:00:00,Producer Price Index (YoY),LOW,EUR
87bc94d3-5761-4f2a-9bc3-6876d96634df,03/19/2021 09:30:00,Public Sector Net Borrowing,LOW,GBP
c6ef235a-d76e-46ba-a51e-b040466dd96f,03/19/2021 12:30:00,Retail Sales ex Autos (MoM),MEDIUM,CAD
3acfb716-c9e7-4225-b36a-9563e54d8a57,03/19/2021 12:30:00,Retail Sales (MoM),HIGH,CAD
9370c404-3292-4d3c-ac0d-27ab2e50502e,03/19/2021 15:00:00,Vernal Equinox Day,NONE,JPY
