Rank,Country/Region,Total population,Smartphone penetration,Smartphone users
1,United Kingdom,67.0m,82.9%,55.5m
2,Germany,82.4m,79.9%,65.9m
3,United States,329.1m,79.1%,260.2m
4,France,65.5m,77.5%,50.7m
5,Spain,46.4m,74.3%,34.5m
6,South Korea,51.3m,70.4%,36.1m
7,Russia,143.9m,66.3%,95.4m
8,Italy,59.2m,60.8%,36.0m
9,China,"1,420.1m",59.9%,851.2m
10,Japan,126.9m,57.2%,72.6m
11,Iran,82.8m,54.8%,45.4m
12,Turkey,83.0m,54.0%,44.8m
13,Mexico,132.3m,49.5%,65.6m
14,Brazil,212.4m,45.6%,96.9m
15,Vietnam,97.4m,44.9%,43.7m
16,Philippines,108.1m,33.6%,36.3m
17,Indonesia,269.5m,31.1%,83.9m
18,India,"1,368.7m",36.69%,502.2m
19,Bangladesh,168.1m,18.5%,31.0m
20,Pakistan,204.6m,15.9%,32.5m
