Region;Country;GDP per Capita (current USD);Inflation Rate, GDP deflator (annual %);Ease of Doing Business index (1=most business friendly regulations);Human Development Index (higher better);Corruption Perception Index (Higher Cleaner);Country Risk (Low=1, Medium=2, Sensitive=3, High=4);Population Growth (annual %);Population, total;Class
South East Asia;Singapore;USD 52.960.714;-1,44%;2;0,925;84;2;1,30%;5.607.283;
Middle East Asia;Israel;USD 37.292.612;1,10%;52;0,899;64;1;1,97%;8.547.100;
Middle East Asia;Lebanon;USD 7.914.005;-0,79%;126;0,763;28;4;2,62%;6.006.668;
Middle East Asia;Iraq;USD 6.484.529;-23,50%;165;0,649;17;4;3,21%;36.423.395;
Middle East Asia;Jordan;USD 4.087.938;1,01%;118;0,741;48;2;3,19%;9.455.802;
Middle East Asia;Syria;USD 2.058.035;11,97%;173;0,536;13;4;-1,64%;18.430.453;
Middle East Asia;Saudi;USD 20.482;-17,19%;94;0,847;46;1;2,10%;31.540.372;
South America;Uruguay;USD 15.574;8,70%;90;0,795;71;2;0,35%;3.431.555;
South America;Argentina;USD 13.467;24,55%;116;0,827;36;3;1,01%;43.416.755;
South America;Chile;USD 13.416;4,33%;57;0,847;66;2;1,04%;17.948.141;
Central Asia;Kazakhstan;USD 10.510;1,82%;35;0,794;29;4;1,46%;17.544.126;
South East Asia;Malaysia;USD 9.768;-0,37%;23;0,789;49;2;1,43%;30.331.007;
Middle East Asia;Turki;USD 9.126;7,43%;69;0,767;41;3;1,46%;78.665.830;
South America;Brazil;USD 8.678;7,90%;123;0,754;40;3;0,86%;207.847.528;
Africa;Gabon;USD 8.266;-9,77%;164;0,697;35;3;2,21%;1.725.292;
Central Asia;Turkmenistan;USD 6.672;-4,99%;;0,691;22;4;1,24%;5.373.502;
Middle East Asia;Iran;USD 6.631;12,24%;120;0,774;29;4;1,23%;79.109.272;
South America;Peru;USD 6.027;2,24%;54;0,74;35;1;1,29%;31.376.670;
South America;Ecuador;USD 5.969;-0,92%;114;0,739;31;4;1,48%;16.385.068;
South East Asia;Thailand;USD 5.815;0,22%;46;0,74;35;2;0,34%;67.959.359;
Africa;South Africa;USD 5.718;3,96%;74;0,666;45;2;1,59%;55.011.977;
Africa;Namibia;USD 4.674;-0,18%;108;0,64;52;1;2,30%;2.458.830;
Africa;Algeria;USD 4.154;-7,26%;156;0,745;34;2;1,86%;39.666.519;
South America;Paraguay;USD 4.080;5,27%;106;0,693;30;3;1,29%;6.725.308;
South Asia;Sri Lanka;USD 3.926;2,14%;110;0,766;36;3;0,93%;20.966.000;
Africa;Tunisia;USD 3.822;3,38%;77;0,725;41;3;1,10%;11.253.554;
Africa;Egypt;USD 3.615;10,94%;122;0,691;34;3;2,13%;91.508.084;
South East Asia;Indonesia;USD 3.346;4,23%;91;0,689;37;2;1,21%;257.563.815;
Africa;Angola;USD 3.111;27,22%;182;0,533;18;3;3,37%;28.813.463;
South America;Bolivia;USD 3.077;2,05%;149;0,674;33;4;1,53%;10.724.705;
Africa;Morocco;USD 2.878;1,75%;68;0,647;37;1;1,34%;34.377.511;
Africa;Nigeria;USD 2.672;2,86%;169;0,527;28;3;2,63%;182.201.962;
South East Asia;Philippines;USD 2.591;1,659;99;0,682;35;2;1,56%;103.320.222;
Africa;Sudan;USD 2.415;17,90%;168;0,49;14;4;2,22%;40.234.882;
South East Asia;Laos;USD 2.353;3,02%;139;0,586;30;4;1,41%;6.758.353;
Central Asia;Uzbekistan;USD 2.132;9,53%;87;0,701;21;4;1,74%;31.298.900;
South East Asia;Vietnam;USD 2.111;3,66%;82;0,683;33;3;1,08%;91.713.300;
Africa;Djibouti;USD 1.862;2,12%;171;0,473;30;4;1,60%;942.333;
Africa;Congo Republic;USD 1.851;-29,69%;177;0,592;20;3;2,53%;4.620.330;
South Asia;India;USD 1.593;1,90%;130;0,624;40;1;1,21%;1.311.000.000;
Africa;Cote dlovoire;USD 1.526;1,57%;142;0,474;;3;2,51%;23.695.919;
Africa;Ghana;USD 1.513;17,43%;108;0,579;43;2;2,37%;28.206.728;
South Asia;Pakistan;USD 1.435;4,32%;144;0,55;32;4;2,08%;188.924.874;
Africa;Kenya;USD 1.377;9,14%;92;0,555;26;2;2,61%;46.050.302;
Africa;Mauritania;USD 1.371;-7,09%;160;0,513;27;4;2,44%;4.067.564;
Africa;Zambia;USD 1.305;6,66%;98;0,579;38;3;3,07%;16.211.767;
South East Asia;Cambodia;USD 1.270;3,52%;131;0,563;21;3;1,57%;15.762.370;
Africa;Cameroon;USD 1.217;0,27%;166;0,518;26;3;2,48%;23.344.179;
South Asia;Bangladesh;USD 1.212;5,87%;176;0,579;26;3;1,20%;160.995.642;
South East Asia;Myanmar;USD 1.161;3,94%;170;0,556;28;4;0,86%;53.897.154;
Central Asia;Kyrgistan;USD 1.103;2,18%;75;0,664;28;4;2,06%;5.956.900;
Africa;Senegal;USD 958;1,99%;147;0,494;45;3;2,86%;15.411.614;
Central Asia;Tajikistan;USD 926;0,12%;128;0,627;25;4;2,22%;8.481.855;
Africa;Zimbabwe;USD 924;1,09%;161;0,516;22;4;2,31%;15.602.751;
Africa;Tanzania;USD 879;6,57%;132;0,531;32;3;3,13%;53.470.420;
Africa;Benin;USD 789;-0,18%;155;0,487;36;3;2,76%;10.872.298;
Africa;Mali;USD 781;4,87%;141;0,442;32;4;2,97%;17.994.837;
South Asia;Nepal;USD 730;5,46%;107;0,558;29;4;1,13%;28.982.771;
Africa;Ethiopia;USD 707;9,45%;159;0,448;34;3;2,50%;102.403.196;
Africa;Eritrea;USD 583;13,34%;189;0,42;18;4;1,89%;4.474.690;
Africa;Mozambique;USD 529;4,43%;137;0,418;27;4;2,76%;27.977.863;
Africa;Guinea;USD 508;10,58%;163;0,414;27;4;2,49%;12.395.924;
Africa;Congo Democratic;USD 456;0,64%;184;0,435;21;4;3,14%;77.266.814;
Africa;Liberia;USD 455;4,97%;174;0,427;37;4;2,51%;4.613.823;
Africa;Madagascar;USD 401;6,61%;167;0,512;26;4;2,69%;24.894.551;
Africa;Malawi;USD 301;19,03%;133;0,476;31;3;2,91%;18.091.575;
