names,kfold
gs://kds-29ec4266ac46fb91a5723ea1ca77e0d0d63f165a185b9dd649495ce2/train00-9334.tfrec,0
gs://kds-29ec4266ac46fb91a5723ea1ca77e0d0d63f165a185b9dd649495ce2/train01-9334.tfrec,1
gs://kds-29ec4266ac46fb91a5723ea1ca77e0d0d63f165a185b9dd649495ce2/train02-9334.tfrec,1
gs://kds-29ec4266ac46fb91a5723ea1ca77e0d0d63f165a185b9dd649495ce2/train03-9334.tfrec,2
gs://kds-29ec4266ac46fb91a5723ea1ca77e0d0d63f165a185b9dd649495ce2/train04-9334.tfrec,0
gs://kds-29ec4266ac46fb91a5723ea1ca77e0d0d63f165a185b9dd649495ce2/train05-9334.tfrec,4
gs://kds-29ec4266ac46fb91a5723ea1ca77e0d0d63f165a185b9dd649495ce2/train06-9334.tfrec,3
gs://kds-29ec4266ac46fb91a5723ea1ca77e0d0d63f165a185b9dd649495ce2/train07-9334.tfrec,2
gs://kds-29ec4266ac46fb91a5723ea1ca77e0d0d63f165a185b9dd649495ce2/train08-9334.tfrec,1
gs://kds-29ec4266ac46fb91a5723ea1ca77e0d0d63f165a185b9dd649495ce2/train09-9334.tfrec,4
gs://kds-29ec4266ac46fb91a5723ea1ca77e0d0d63f165a185b9dd649495ce2/train10-9334.tfrec,3
gs://kds-29ec4266ac46fb91a5723ea1ca77e0d0d63f165a185b9dd649495ce2/train11-9334.tfrec,2
gs://kds-29ec4266ac46fb91a5723ea1ca77e0d0d63f165a185b9dd649495ce2/train12-9334.tfrec,0
gs://kds-29ec4266ac46fb91a5723ea1ca77e0d0d63f165a185b9dd649495ce2/train13-9334.tfrec,2
gs://kds-29ec4266ac46fb91a5723ea1ca77e0d0d63f165a185b9dd649495ce2/train14-9334.tfrec,0
gs://kds-29ec4266ac46fb91a5723ea1ca77e0d0d63f165a185b9dd649495ce2/train15-9334.tfrec,1
gs://kds-29ec4266ac46fb91a5723ea1ca77e0d0d63f165a185b9dd649495ce2/train16-9334.tfrec,4
gs://kds-29ec4266ac46fb91a5723ea1ca77e0d0d63f165a185b9dd649495ce2/train17-9334.tfrec,1
gs://kds-29ec4266ac46fb91a5723ea1ca77e0d0d63f165a185b9dd649495ce2/train18-9334.tfrec,2
gs://kds-29ec4266ac46fb91a5723ea1ca77e0d0d63f165a185b9dd649495ce2/train19-9334.tfrec,1
gs://kds-b1c35a4cca3b546642b7067bb3d280149c9905ef461785f17066fb11/train20-9333.tfrec,3
gs://kds-b1c35a4cca3b546642b7067bb3d280149c9905ef461785f17066fb11/train21-9333.tfrec,4
gs://kds-b1c35a4cca3b546642b7067bb3d280149c9905ef461785f17066fb11/train22-9333.tfrec,0
gs://kds-b1c35a4cca3b546642b7067bb3d280149c9905ef461785f17066fb11/train23-9333.tfrec,2
gs://kds-b1c35a4cca3b546642b7067bb3d280149c9905ef461785f17066fb11/train24-9333.tfrec,2
gs://kds-b1c35a4cca3b546642b7067bb3d280149c9905ef461785f17066fb11/train25-9333.tfrec,3
gs://kds-b1c35a4cca3b546642b7067bb3d280149c9905ef461785f17066fb11/train26-9333.tfrec,0
gs://kds-b1c35a4cca3b546642b7067bb3d280149c9905ef461785f17066fb11/train27-9333.tfrec,3
gs://kds-b1c35a4cca3b546642b7067bb3d280149c9905ef461785f17066fb11/train28-9333.tfrec,3
gs://kds-b1c35a4cca3b546642b7067bb3d280149c9905ef461785f17066fb11/train29-9333.tfrec,0
gs://kds-b1c35a4cca3b546642b7067bb3d280149c9905ef461785f17066fb11/train30-9333.tfrec,4
gs://kds-b1c35a4cca3b546642b7067bb3d280149c9905ef461785f17066fb11/train31-9333.tfrec,1
gs://kds-b1c35a4cca3b546642b7067bb3d280149c9905ef461785f17066fb11/train32-9333.tfrec,4
gs://kds-b1c35a4cca3b546642b7067bb3d280149c9905ef461785f17066fb11/train33-9333.tfrec,3
gs://kds-b1c35a4cca3b546642b7067bb3d280149c9905ef461785f17066fb11/train34-9333.tfrec,1
gs://kds-b1c35a4cca3b546642b7067bb3d280149c9905ef461785f17066fb11/train35-9333.tfrec,3
gs://kds-b1c35a4cca3b546642b7067bb3d280149c9905ef461785f17066fb11/train36-9333.tfrec,3
gs://kds-b1c35a4cca3b546642b7067bb3d280149c9905ef461785f17066fb11/train37-9333.tfrec,4
gs://kds-b1c35a4cca3b546642b7067bb3d280149c9905ef461785f17066fb11/train38-9333.tfrec,3
gs://kds-b1c35a4cca3b546642b7067bb3d280149c9905ef461785f17066fb11/train39-9333.tfrec,0
gs://kds-b1c35a4cca3b546642b7067bb3d280149c9905ef461785f17066fb11/train40-9333.tfrec,2
gs://kds-9b3302813383c2d93db259a480c4bd0a43f5c76046b96197ab0084f5/train41-9333.tfrec,4
gs://kds-9b3302813383c2d93db259a480c4bd0a43f5c76046b96197ab0084f5/train42-9333.tfrec,2
gs://kds-9b3302813383c2d93db259a480c4bd0a43f5c76046b96197ab0084f5/train43-9333.tfrec,2
gs://kds-9b3302813383c2d93db259a480c4bd0a43f5c76046b96197ab0084f5/train44-9333.tfrec,1
gs://kds-9b3302813383c2d93db259a480c4bd0a43f5c76046b96197ab0084f5/train45-9333.tfrec,0
gs://kds-9b3302813383c2d93db259a480c4bd0a43f5c76046b96197ab0084f5/train46-9333.tfrec,4
gs://kds-9b3302813383c2d93db259a480c4bd0a43f5c76046b96197ab0084f5/train47-9333.tfrec,1
gs://kds-9b3302813383c2d93db259a480c4bd0a43f5c76046b96197ab0084f5/train48-9333.tfrec,2
gs://kds-9b3302813383c2d93db259a480c4bd0a43f5c76046b96197ab0084f5/train49-9333.tfrec,3
gs://kds-9b3302813383c2d93db259a480c4bd0a43f5c76046b96197ab0084f5/train50-9333.tfrec,4
gs://kds-9b3302813383c2d93db259a480c4bd0a43f5c76046b96197ab0084f5/train51-9333.tfrec,1
gs://kds-9b3302813383c2d93db259a480c4bd0a43f5c76046b96197ab0084f5/train52-9333.tfrec,3
gs://kds-9b3302813383c2d93db259a480c4bd0a43f5c76046b96197ab0084f5/train53-9333.tfrec,1
gs://kds-9b3302813383c2d93db259a480c4bd0a43f5c76046b96197ab0084f5/train54-9333.tfrec,0
gs://kds-9b3302813383c2d93db259a480c4bd0a43f5c76046b96197ab0084f5/train55-9333.tfrec,2
gs://kds-9b3302813383c2d93db259a480c4bd0a43f5c76046b96197ab0084f5/train56-9333.tfrec,0
gs://kds-9b3302813383c2d93db259a480c4bd0a43f5c76046b96197ab0084f5/train57-9333.tfrec,4
gs://kds-9b3302813383c2d93db259a480c4bd0a43f5c76046b96197ab0084f5/train58-9333.tfrec,4
gs://kds-9b3302813383c2d93db259a480c4bd0a43f5c76046b96197ab0084f5/train59-9333.tfrec,0
