Rank,Country,Stock of FDI abroad,Date of  information
—,World,34730000000000,2017 est.
—,European Union,16666000000000,2017 est.
1,Netherlands,5809000000000,2017 est.
2,United States,5644000000000,2017 est.
3,Germany,2074000000000,2017 est.
4,Hong Kong,1806000000000,2017 est.
5,United Kingdom,1634000000000,2017 est.
6,Switzerland,1556000000000,2017 est.
7,Japan,1548000000000,2017 est.
8,Ireland,1490000000000,2017 est.
9,France,1452000000000,2017 est.
10,Canada,1366000000000,2017 est.
11,China,1342000000000,2017 est.
12,Belgium,1035000000000,2017 est.
13,Spain,752400000000,2017 est.
14,Singapore,725900000000,2017 est.
15,Italy,607800000000,2017 est.
16,Sweden,495700000000,2017 est.
17,Australia,443400000000,2017 est.
18,Russia,443000000000,2017 est.
19,Taiwan,367200000000,2017 est.
20,South Korea,342400000000,2017 est.
21,Brazil,327300000000,2017 est.
22,Austria,309800000000,2017 est.
23,Denmark,248000000000,2017 est.
24,Hungary,225300000000,2017 est.
25,Norway,205900000000,2017 est.
26,Cyprus,179800000000,2017 est.
27,South Africa,176300000000,2017 est.
28,Finland,169100000000,2017 est.
29,Mexico,160100000000,2017 est.
30,India,156100000000,2017 est.
31,Malaysia,137900000000,2017 est.
32,United Arab Emirates,124900000000,2017 est.
33,Thailand,112300000000,2017 est.
34,Israel,106900000000,2017 est.
35,Chile,97590000000,2017 est.
36,Portugal,89060000000,2017 est.
37,Kuwait,79620000000,2017 est.
38,Poland,68220000000,2017 est.
39,Qatar,59270000000,2017 est.
40,New Zealand,59080000000,2009 est.
41,Saudi Arabia,56090000000,2017 est.
42,Colombia,55320000000,2017 est.
43,Philippines,47580000000,2017 est.
44,Czech Republic,45790000000,2017 est.
45,Turkey,41810000000,2017 est.
46,Argentina,40940000000,2017 est.
47,Kazakhstan,34740000000,2017 est.
48,Greece,33790000000,2017 est.
49,Venezuela,32470000000,2017 est.
50,Angola,23660000000,2017 est.
51,Libya,22770000000,2017 est.
52,Indonesia,19960000000,2017 est.
53,Azerbaijan,19050000000,2017 est.
54,Nigeria,17040000000,2017 est.
55,Ghana,16620000000,2013 est.
56,Tajikistan,16300000000,2010 est.
57,Slovakia,16260000000,2017 est.
58,Iceland,15540000000,2017 est.
59,Panama,11590000000,2017 est.
60,Bahrain,10660000000,2017 est.
61,Estonia,9771000000,2017 est.
62,Ukraine,8983000000,2017 est.
63,Croatia,8204000000,2017 est.
64,Slovenia,8137000000,2017 est.
65,Vietnam,7700000000,2009 est.
66,Egypt,7547000000,2017 est.
67,Ecuador,6330000000,2017 est.
68,Romania,6263000000,2017 est.
69,Bulgaria,5338000000,2017 est.
70,Iran,5226000000,2017 est.
71,Lithuania,4820000000,2017 est.
72,Morocco,4492000000,2017 est.
73,Peru,4362000000,2017 est.
74,Costa Rica,4327000000,2017 est.
75,Cuba,4138000000,2006 est.
76,Belarus,3547000000,2017 est.
77,Latvia,2755000000,2017 est.
78,Georgia,2505000000,2017 est.
79,Pakistan,2175000000,2017 est.
80,Algeria,2123000000,2017 est.
81,Iraq,2109000000,2015 est.
82,Trinidad and Tobago,1266000000,2014 est.
83,Malta,1213000000,2010 est.
84,Macau,1166000000,2012 est.
85,El Salvador,961400000,2017 est.
86,North Macedonia,899100000,2017 est.
87,Bermuda,889000000,2014 est.
88,Kyrgyzstan,675500000,2017 est.
89,New Caledonia,658200000,2015 est.
90,Jordan,646500000,2017 est.
91,Paraguay,641300000,2017 est.
92,Dominican Republic,487800000,2017 est.
93,Mongolia,475200000,2017 est.
94,Maldives,448000000,2017 est.
95,Kenya,393400000,2017 est.
96,Bangladesh,389500000,2017 est.
97,Zimbabwe,294800000,2017 est.
98,Tunisia,285000000,2017 est.
99,Uruguay,228900000,2017 est.
100,Armenia,228000000,2015 est.
101,Moldova,206100000,2016 est.
102,Liberia,201000000,2017 est.
103,Montenegro,133000000,2017 est.
104,Fiji,117100000,2017 est.
105,Mali,72200000,2017 est.
106,Guinea,69910000,2017 est.
107,Solomon Islands,50100000,2017 est.
108,Vanuatu,26800000,2017 est.
109,Rwanda,22300000,2017 est.
110,Sierra Leone,9700000,2017 est.
111,Bolivia,8000000,2011 est.
