"hotel.raw: Descending",Count
"hotel-silken-sant-gervasi-in-barcelona",44191
"steigenberger-golf-spa-resort-inkl-mietwagen-in-camp-de-mar",30737
"blau-colonia-sant-jordi-inkl-mietwagen-in-colonia-sant-jordi",23090
"la-pergola-inkl-mietwagen-in-puerto-de-andraitx",18236
"porto-sani-in-kassandria",15837
"szentrador-playa-inkl-mietwagen-in-cala-ratjada",15421
"dimitra-beach-in-psalidi",15377
"yotel-new-york-at-times-square-in-new-york-city",14572
"melia-barcelona-sky-inkl-tapastour-in-barcelona",12669
"atlantis-fuerteventura-resort-in-corralejo",12412
