state,webpage,pr,pr_date,pr_doclink,pr_grant,pr_loan,pr_total,ap_date,ap_link,ap_factsheet,ap_staffwp,ap_proposal,ap_proposalannex,ap_grant,ap_loan,ap_total,ap_prefinance,ap_prefinancepcnt,ap_climatepcnt,ap_digitalisationpcnt
Austria,https://www.oesterreich.gv.at/nachrichten/allgemein/EU-Aufbauplan.html,https://ec.europa.eu/commission/presscorner/detail/en/ip_21_2101,2021-05-01,N/A,,,4.5,2021-06-21,https://ec.europa.eu/commission/presscorner/detail/en/ip_21_3052,https://ec.europa.eu/info/system/files/austria-recovery-resilience-factsheet_en.pdf,https://ec.europa.eu/info/sites/default/files/com-2021-338_swd_en.pdf,https://ec.europa.eu/info/system/files/com-2021-338_en.pdf,https://ec.europa.eu/info/system/files/com-2021-338_annexe_en.pdf,3.5,,,0.45,13,59,53
Belgium,https://dermine.belgium.be/sites/default/files/articles/FR%20-%20Plan%20national%20pour%20la%20reprise%20et%20la%20re%CC%81silience.pdf,https://ec.europa.eu/commission/presscorner/detail/en/ip_21_2101,2021-05-01,https://dermine.belgium.be/sites/default/files/articles/FR%20-%20Plan%20national%20pour%20la%20reprise%20et%20la%20re%25CC%2581silience.pdf,5.9,,,2021-06-23,https://ec.europa.eu/commission/presscorner/detail/en/ip_21_3147,https://ec.europa.eu/info/sites/default/files/belgium-recovery-resilience-factsheet_en.pdf,https://ec.europa.eu/info/system/files/com-2021-349_swd_en.pdf,https://ec.europa.eu/info/system/files/com-2021-349_en.pdf,https://ec.europa.eu/info/system/files/com-2021-349_annexe_en.pdf,5.9,,,0.77,13,50,27
Bulgaria,https://nextgeneration.bg/14,,,,,,,,,,,,,,,,,,,
Croatia,https://planoporavka.gov.hr/,https://ec.europa.eu/commission/presscorner/detail/en/ip_21_2501,2021-05-15,N/A,6.4,,,2021-07-08,https://ec.europa.eu/commission/presscorner/detail/en/ip_21_3487,https://ec.europa.eu/info/sites/default/files/com-2021-401-croatia_factsheet_en.pdf,https://ec.europa.eu/info/sites/default/files/com-2021-401_swd_en.pdf,https://ec.europa.eu/info/sites/default/files/com-2021-401_en.pdf,https://ec.europa.eu/info/sites/default/files/com-2021-401_annexe_en.pdf,6.3,,,0.818,13,40,20
Cyprus,http://www.dgepcd.gov.cy/dgepcd/dgepcd.nsf/All/ACCC6F07CA46FD2EC22586DC00233297/$file/Cyprus%20Recovery%20and%20Resilience%20Plan%202021-2026.pdf,https://ec.europa.eu/commission/presscorner/detail/en/ip_21_2527,2021-05-17,N/A,1,0.227,,2021-07-08,https://ec.europa.eu/commission/presscorner/detail/en/ip_21_3485,https://ec.europa.eu/info/sites/default/files/com-2021-398-cyprus_factsheet_en.pdf,https://ec.europa.eu/info/sites/default/files/com-2021-398_swd_en.pdf,https://ec.europa.eu/info/sites/default/files/com-2021-398_en.pdf,https://ec.europa.eu/info/sites/default/files/com-2021-398_annexe_en.pdf,,,1.2,0.157,13,41,23
Czechia,https://www.planobnovycr.cz/,https://ec.europa.eu/commission/presscorner/detail/en/ip_21_2811,2021-06-02,N/A,7.1,,,2021-07-19,https://ec.europa.eu/commission/presscorner/detail/en/ip_21_3745,https://ec.europa.eu/info/sites/default/files/com-2021-419-czechia_factsheet_en.pdf,https://ec.europa.eu/info/sites/default/files/com-2021-431_swd_en.pdf,https://ec.europa.eu/info/sites/default/files/com-2021-431_en_0.pdf,https://ec.europa.eu/info/sites/default/files/com-2021-431_annexe_en.pdf,7,,,0.91,13,42,22
Denmark,https://urldefense.com/v3/__https:/fm.dk/nyheder/nyhedsarkiv/2021/april/dansk-genopretningsplan-skal-understoette-den-groenne-omstilling/__;!!DOxrgLBm!Ti2I4e0hVE3lCMlmyXphOEjFdF9ut79hOMh0OWMTbMKZ3X-qh_Ic-Lt8PYhsvhkrXbcB6QRP$,https://ec.europa.eu/commission/presscorner/detail/en/ip_21_2097,2021-04-30,https://fm.dk/nyheder/nyhedsarkiv/2021/april/dansk-genopretningsplan-skal-understoette-den-groenne-omstilling/%20,1.6,,,2021-06-17,https://ec.europa.eu/commission/presscorner/detail/en/ip_21_3024,https://ec.europa.eu/info/system/files/denmark-recovery-resilience-factsheet_en.pdf,https://ec.europa.eu/info/sites/default/files/com-2021-326_swd_en.pdf,https://ec.europa.eu/info/system/files/com-2021-326_en.pdf,https://ec.europa.eu/info/system/files/com-2021-326_annexe_en.pdf,1.5,,,0.2,13,59,25
Estonia,,https://ec.europa.eu/commission/presscorner/detail/en/ip_21_3042,2021-06-18,https://rrf.ee/wp-content/uploads/2021/06/RRP-Taastekava-170621-VIISi.pdf,0.9825,,,,,,,,,,,,,,,
Finland,http://urn.fi/URN:ISBN:978-952-383-840-6,https://ec.europa.eu/commission/presscorner/detail/en/ip_21_2702,2021-05-27,http://urn.fi/URN:ISBN:978-952-383-840-6,2.1,,,,,,,,,,,,,,,
France,https://www.economie.gouv.fr/files/files/directions_services/plan-de-relance/PNRR%20Francais.pdf,https://ec.europa.eu/commission/presscorner/detail/en/ip_21_2021,2021-04-29,N/A,40.9,,,2021-06-23,https://ec.europa.eu/commission/presscorner/detail/en/ip_21_3153,https://ec.europa.eu/info/sites/default/files/france-recovery-resilience-factsheet_en.pdf,https://ec.europa.eu/info/system/files/com_351_swd_en.pdf,https://ec.europa.eu/info/system/files/com-2021-351_en.pdf,https://ec.europa.eu/info/system/files/com-2021-351_annexe_en.pdf,39.4,,39.4,5.1,13,46,21
Germany,https://www.bundesfinanzministerium.de/Content/DE/Standardartikel/Themen/Europa/DARP/deutscher-aufbau-und-resilienzplan.html,N/A,N/A,,,,,2021-06-22,https://ec.europa.eu/commission/presscorner/detail/en/ip_21_3133,https://ec.europa.eu/info/system/files/germany-recovery-resilience-factsheet_en.pdf,https://ec.europa.eu/info/system/files/com-2021-341_swd_en.pdf,https://ec.europa.eu/info/system/files/com-2021-341_en.pdf,https://ec.europa.eu/info/system/files/com-2021-341_annexe_en.pdf,25.6,,,2.3,8.7,42,52
Greece,https://www.minfin.gr/web/guest/tameio-anakampses,N/A,N/A,,,,,2021-06-17,https://ec.europa.eu/commission/presscorner/detail/en/ip_21_3022,https://ec.europa.eu/info/system/files/greece-recovery-resilience-factsheet_en.pdf,https://ec.europa.eu/info/system/files/com_328_6_swd_en.pdf,https://ec.europa.eu/info/system/files/com_328_1_en.pdf,https://ec.europa.eu/info/system/files/com_328_1_annexe_en.pdf,17.8,12.7,30.5,4,13,38,23
Hungary,https://www.palyazat.gov.hu/helyreallitasi-es-ellenallokepessegi-eszkoz-rrf,https://ec.europa.eu/commission/presscorner/detail/en/ip_21_2442,2021-05-12,N/A,7.2,,,,,,,,,,,,,,,
Ireland,https://www.gov.ie/en/consultation/6760e-public-consultation-on-irelands-national-recovery-and-resilience-plan/,https://ec.europa.eu/commission/presscorner/detail/en/ip_21_2748,2021-05-28,N/A,1,,,2021-07-16,https://ec.europa.eu/commission/presscorner/detail/en/ip_21_3727,https://ec.europa.eu/info/sites/default/files/com-2021-419-ireland_factsheet_en.pdf,https://ec.europa.eu/info/sites/default/files/com-2021-419_swd_en.pdf,https://ec.europa.eu/info/sites/default/files/com-2021-419_en.pdf,https://ec.europa.eu/info/sites/default/files/com-2021-419_annexe_en.pdf,0.989,,,,,42,32
Italy,https://urldefense.com/v3/__https:/www.governo.it/sites/governo.it/files/PNRR.pdf__;!!DOxrgLBm!Xa6RhgAGC-B3bUtBBC_1ht3p9X03Yuj-4NMc6rCo-2E_TeyjkSiuJPTyuThwQVMYC_wlevCc$,https://ec.europa.eu/commission/presscorner/detail/en/ip_21_2101,2021-05-01,N/A,68.9,122.6,191.5,2021-06-22,https://ec.europa.eu/commission/presscorner/detail/en/ip_21_3126,https://ec.europa.eu/info/system/files/italy-recovery-resilience-factsheet_en.pdf,https://ec.europa.eu/info/system/files/com-2021-344_swd_en.pdf,https://ec.europa.eu/info/system/files/com-2021-344_en.pdf,https://ec.europa.eu/info/system/files/com-2021-344_annexe_en.pdf,68.9,122.6,191.5,24.9,13,37,25
Latvia,,https://ec.europa.eu/commission/presscorner/detail/en/ip_21_2097,2021-04-30,https://www.esfondi.lv/normativie-akti-1,1.8,,,2021-06-22,https://ec.europa.eu/commission/presscorner/detail/en/ip_21_3134,https://ec.europa.eu/info/sites/default/files/latvia-recovery-resilience-factsheet_en.pdf,https://ec.europa.eu/info/sites/default/files/com-2021-340_swd_en.pdf,https://ec.europa.eu/info/system/files/com-2021-340_en.pdf,https://ec.europa.eu/info/system/files/com-2021-340_annex_en.pdf,1.8,,,0.236,13,38,21
Lithuania,https://finmin.lrv.lt/uploads/finmin/documents/files/Naujos%20kartos%20Lietuva_2021_05_14.pdf,https://ec.europa.eu/commission/presscorner/detail/en/ip_21_2501,2021-05-15,https://finmin.lrv.lt/uploads/finmin/documents/files/Naujos%20kartos%20Lietuva_2021_05_14.pdf,2.2,,,2021-07-02,https://ec.europa.eu/commission/presscorner/detail/en/ip_21_3368,https://ec.europa.eu/info/sites/default/files/com-2021-386-lithuania_factsheet_en.pdf,https://ec.europa.eu/info/sites/default/files/com-2021-386_swd_en.pdf,https://ec.europa.eu/info/sites/default/files/com-2021-386_en.pdf,https://ec.europa.eu/info/sites/default/files/com-2021-386_annexe_en.pdf,2.2,,2.2,0.289,13,38,32
Luxemboug,https://urldefense.com/v3/__https:/mfin.gouvernement.lu/fr/dossiers/2021/planderelance.html__;!!DOxrgLBm!W7vK_hKpRtIwRwYkQ5F4Q596ZtXUvoc0ZnHT5jKQHomF_PN9IU20eQvkeC0ptbyX1B_MXsPQHw$,https://ec.europa.eu/commission/presscorner/detail/en/ip_21_2097,2021-04-30,N/A,0.093,,,2021-06-18,https://ec.europa.eu/commission/presscorner/detail/en/ip_21_3047,https://ec.europa.eu/info/system/files/luxembourg-recovery-resilience-factsheet_en.pdf,https://ec.europa.eu/info/system/files/com-2021-332_swd_en.pdf,https://ec.europa.eu/info/system/files/com-2021-332_en.pdf,https://ec.europa.eu/info/system/files/com-2021-332_annexe_en.pdf,0.093,,,0.012,13,61,32
Malta,https://eufunds.gov.mt/en/Operational%20Programmes/Pages/Recovery-and-Resilience-Facility.aspx,https://ec.europa.eu/commission/presscorner/detail/en/ip_21_3407,2021-07-13,https://eufunds.gov.mt/en/Operational%20Programmes/Documents/Malta%27s%20Recovery%20%20Resiliance%20Plan%20-%20July%202021.pdf,0.3164,,,,,,,,,,,,,,,
Netherlands,,,,,,,,,,,,,,,,,,,,
Poland,https://www.gov.pl/web/planodbudowy/kpo-wyslany-do-komisji-europejskiej,N/A,N/A,,,,,,,,,,,,,,,,,
Portugal,https://www.portugal.gov.pt/pt/gc22/comunicacao/documento?i=recuperar-portugal-construindo-o-futuro-plano-de-recuperacao-e-resiliencia,https://ec.europa.eu/commission/presscorner/detail/en/ip_21_1869,2021-04-22,https://www.portugal.gov.pt/pt/gc22/comunicacao/documento?i=recuperar-portugal-construindo-o-futuro-plano-de-recuperacao-e-resiliencia,13.9,2.7,,2021-06-16,https://ec.europa.eu/commission/presscorner/detail/en/ip_21_2985,https://ec.europa.eu/info/system/files/portugal-recovery-resilience-factsheet_en.pdf,https://ec.europa.eu/info/system/files/com_321_7_swd_en.pdf,https://ec.europa.eu/info/system/files/com_321_1_en.pdf,https://ec.europa.eu/info/system/files/com_321_1_annexe_en.pdf,13.9,2.7,16.6,2.2,13,38,22
Romania,https://mfe.gov.ro/pnrr/,https://ec.europa.eu/commission/presscorner/detail/en/ip_21_2792,2021-05-31,N/A,14.3,15,,,,,,,,,,,,,,
Slovakia,http://www.planobnovy.sk/,https://ec.europa.eu/commission/presscorner/detail/en/ip_21_2046,2021-04-29,N/A,6.6,,,2021-06-21,https://ec.europa.eu/commission/presscorner/detail/en/ip_21_3054,https://ec.europa.eu/info/system/files/slovakia-recovery-resilience-factsheet_en.pdf,https://ec.europa.eu/info/system/files/com-2021-339_swd_en_0.pdf,https://ec.europa.eu/info/system/files/com-2021-339_en.pdf,https://ec.europa.eu/info/system/files/com-2021-339_annexe_en.pdf,6.3,,,0.823,13,43,21
Slovenia,https://www.eu-skladi.si/sl/po-2020/nacrt-za-okrevanje-in-krepitev-odpornosti,https://ec.europa.eu/commission/presscorner/detail/en/ip_21_2101,2021-05-01,https://www.eu-skladi.si/sl/po-2020/nacrt-za-okrevanje-in-krepitev-odpornosti,1.8,0.7,2.5,2021-07-01,https://ec.europa.eu/commission/presscorner/detail/en/ip_21_3330,https://ec.europa.eu/info/sites/default/files/com-2021-384-slovenia_factsheet_en_0.pdf,https://ec.europa.eu/info/sites/default/files/com-2021-384_swd_en.pdf,https://ec.europa.eu/info/sites/default/files/com-2021-384_en.pdf,https://ec.europa.eu/info/sites/default/files/com-2021-384_annexe_en.pdf,1.8,0.705,2.505,0.231,13,42,21
Spain,https://www.lamoncloa.gob.es/presidente/actividades/Paginas/2020/espana-puede.aspx,https://ec.europa.eu/commission/presscorner/detail/en/ip_21_2097,2021-04-30,https://www.lamoncloa.gob.es/presidente/actividades/Paginas/2020/espana-puede.aspx,69.5,,,2021-06-16,https://ec.europa.eu/commission/presscorner/detail/en/ip_21_2987,https://ec.europa.eu/info/system/files/spain-recovery-resilience-factsheet_en.pdf,https://ec.europa.eu/info/system/files/com_322_4_swd_en.pdf,https://ec.europa.eu/info/system/files/com_322_1_en.pdf,https://ec.europa.eu/info/system/files/com_322_1_annex_en.pdf,69.5,,,9,13,40,28
Sweden,https://urldefense.com/v3/__https:/www.regeringen.se/rapporter/2021/05/sveriges-aterhamtningsplan/__;!!DOxrgLBm!UtE-4OncTXY-z06N_2HKOPreo-AduPwUIc9bruYVii-0eY7mydh_JaYMrUKFgFN6ihw-7wsT$,https://ec.europa.eu/commission/presscorner/detail/en/ip_21_2748,2021-05-28,N/A,3.2,,,,,,,,,,,,,,,
