state,webpage,pr,pr_date,pr_doclink,pr_grant,pr_loan,pr_total
Austria,https://www.oesterreich.gv.at/nachrichten/allgemein/EU-Aufbauplan.html,https://ec.europa.eu/commission/presscorner/detail/en/ip_21_2101,2021-05-01,N/A,,,4.5
Belgium,https://dermine.belgium.be/sites/default/files/articles/FR%20-%20Plan%20national%20pour%20la%20reprise%20et%20la%20re%CC%81silience.pdf,https://ec.europa.eu/commission/presscorner/detail/en/ip_21_2101,2021-05-01,https://dermine.belgium.be/sites/default/files/articles/FR%20-%20Plan%20national%20pour%20la%20reprise%20et%20la%20re%25CC%2581silience.pdf,5.9,,
Bulgaria,https://nextgeneration.bg/14,,,,,,
Croatia,https://planoporavka.gov.hr/,https://ec.europa.eu/commission/presscorner/detail/en/ip_21_2501,2021-05-15,N/A,6.4,,
Cyprus,http://www.dgepcd.gov.cy/dgepcd/dgepcd.nsf/All/ACCC6F07CA46FD2EC22586DC00233297/$file/Cyprus%20Recovery%20and%20Resilience%20Plan%202021-2026.pdf,https://ec.europa.eu/commission/presscorner/detail/en/ip_21_2527,2021-05-17,N/A,1,0.227,
Czechia,https://www.planobnovycr.cz/,https://ec.europa.eu/commission/presscorner/detail/en/ip_21_2811,2021-06-02,N/A,7.1,,
Denmark,https://urldefense.com/v3/__https:/fm.dk/nyheder/nyhedsarkiv/2021/april/dansk-genopretningsplan-skal-understoette-den-groenne-omstilling/__;!!DOxrgLBm!Ti2I4e0hVE3lCMlmyXphOEjFdF9ut79hOMh0OWMTbMKZ3X-qh_Ic-Lt8PYhsvhkrXbcB6QRP$,https://ec.europa.eu/commission/presscorner/detail/en/ip_21_2097,2021-04-30,https://fm.dk/nyheder/nyhedsarkiv/2021/april/dansk-genopretningsplan-skal-understoette-den-groenne-omstilling/%20,1.6,,
Estonia,,,,,,,
Finland,http://urn.fi/URN:ISBN:978-952-383-840-6,https://ec.europa.eu/commission/presscorner/detail/en/ip_21_2702,2021-05-27,http://urn.fi/URN:ISBN:978-952-383-840-6,2.1,,
France,https://www.economie.gouv.fr/files/files/directions_services/plan-de-relance/PNRR%20Francais.pdf,https://ec.europa.eu/commission/presscorner/detail/en/ip_21_2021,2021-04-29,N/A,40.9,,
Germany,https://www.bundesfinanzministerium.de/Content/DE/Standardartikel/Themen/Europa/DARP/deutscher-aufbau-und-resilienzplan.html,N/A,N/A,,,,
Greece,https://www.minfin.gr/web/guest/tameio-anakampses,N/A,N/A,,,,
Hungary,https://www.palyazat.gov.hu/helyreallitasi-es-ellenallokepessegi-eszkoz-rrf,https://ec.europa.eu/commission/presscorner/detail/en/ip_21_2442,2021-05-12,N/A,7.2,,
Ireland,https://www.gov.ie/en/consultation/6760e-public-consultation-on-irelands-national-recovery-and-resilience-plan/,https://ec.europa.eu/commission/presscorner/detail/en/ip_21_2748,2021-05-28,N/A,1,,
Italy,https://urldefense.com/v3/__https:/www.governo.it/sites/governo.it/files/PNRR.pdf__;!!DOxrgLBm!Xa6RhgAGC-B3bUtBBC_1ht3p9X03Yuj-4NMc6rCo-2E_TeyjkSiuJPTyuThwQVMYC_wlevCc$,https://ec.europa.eu/commission/presscorner/detail/en/ip_21_2101,2021-05-01,N/A,68.9,122.6,191.5
Latvia,,https://ec.europa.eu/commission/presscorner/detail/en/ip_21_2097,2021-04-30,https://www.esfondi.lv/normativie-akti-1,1.8,,
Lithuania,https://finmin.lrv.lt/uploads/finmin/documents/files/Naujos%20kartos%20Lietuva_2021_05_14.pdf,https://ec.europa.eu/commission/presscorner/detail/en/ip_21_2501,2021-05-15,https://finmin.lrv.lt/uploads/finmin/documents/files/Naujos%20kartos%20Lietuva_2021_05_14.pdf,2.2,,
Luxemboug,https://urldefense.com/v3/__https:/mfin.gouvernement.lu/fr/dossiers/2021/planderelance.html__;!!DOxrgLBm!W7vK_hKpRtIwRwYkQ5F4Q596ZtXUvoc0ZnHT5jKQHomF_PN9IU20eQvkeC0ptbyX1B_MXsPQHw$,https://ec.europa.eu/commission/presscorner/detail/en/ip_21_2097,2021-04-30,N/A,0.093,,
Malta,,,,,,,
Netherlands,,,,,,,
Poland,https://www.gov.pl/web/planodbudowy/kpo-wyslany-do-komisji-europejskiej,N/A,N/A,,,,
Portugal,https://www.portugal.gov.pt/pt/gc22/comunicacao/documento?i=recuperar-portugal-construindo-o-futuro-plano-de-recuperacao-e-resiliencia,https://ec.europa.eu/commission/presscorner/detail/en/ip_21_1869,2021-04-22,https://www.portugal.gov.pt/pt/gc22/comunicacao/documento?i=recuperar-portugal-construindo-o-futuro-plano-de-recuperacao-e-resiliencia,13.9,2.7,
Romania,https://mfe.gov.ro/pnrr/,https://ec.europa.eu/commission/presscorner/detail/en/ip_21_2792,2021-05-31,N/A,14.3,15,
Slovakia,http://www.planobnovy.sk/,https://ec.europa.eu/commission/presscorner/detail/en/ip_21_2046,2021-04-29,N/A,6.6,,
Slovenia,https://www.eu-skladi.si/sl/po-2020/nacrt-za-okrevanje-in-krepitev-odpornosti,https://ec.europa.eu/commission/presscorner/detail/en/ip_21_2101,2021-05-01,https://www.eu-skladi.si/sl/po-2020/nacrt-za-okrevanje-in-krepitev-odpornosti,1.8,0.7,2.5
Spain,https://www.lamoncloa.gob.es/presidente/actividades/Paginas/2020/espana-puede.aspx,https://ec.europa.eu/commission/presscorner/detail/en/ip_21_2097,2021-04-30,https://www.lamoncloa.gob.es/presidente/actividades/Paginas/2020/espana-puede.aspx,69.5,,
Sweden,https://urldefense.com/v3/__https:/www.regeringen.se/rapporter/2021/05/sveriges-aterhamtningsplan/__;!!DOxrgLBm!UtE-4OncTXY-z06N_2HKOPreo-AduPwUIc9bruYVii-0eY7mydh_JaYMrUKFgFN6ihw-7wsT$,https://ec.europa.eu/commission/presscorner/detail/en/ip_21_2748,2021-05-28,N/A,3.2,,
