﻿Driver Name,Phone Number,Email,Date/Time,Trip ID,Type,Fare Base,Fare Distance,Fare Dropoff Fee,Fare Pickup Fee,Service Fee,Promotion Boost,Tip,Payouts Cash Collected,Total
"Denis Kalyango","","denismutesasira085@gmail.com","Wednesday, October 28, 2020 7:11 PM","056dd020-8d7e-4eda-a21e-8712158d4f70","Delivery","","ZAR 13.42","ZAR 22.50","ZAR 4.24","-ZAR 4.02","ZAR 4.02","ZAR 107.30","","ZAR 147.46"
"Denis Kalyango","","denismutesasira085@gmail.com","Tuesday, October 27, 2020 12:55 PM","4f585bfe-5074-4bdd-9ebb-dc310c557c6a","Delivery","","ZAR 10.31","ZAR 22.50","ZAR 4.24","-ZAR 3.71","ZAR 3.71","","","ZAR 37.05"
"Denis Kalyango","","denismutesasira085@gmail.com","Monday, October 26, 2020 4:30 PM","a49badd4-e62b-48fb-add6-2d8df04755c3","Delivery","","ZAR 10.31","ZAR 22.50","ZAR 4.24","-ZAR 3.70","","","","ZAR 33.35"
"Denis Kalyango","","denismutesasira085@gmail.com","Saturday, October 31, 2020 1:20 PM","1609f625-7f95-4bc4-846e-5e20ec037c6e","Delivery","","ZAR 7.66","ZAR 11.25","ZAR 4.25","-ZAR 2.32","","","","ZAR 20.84"
"Denis Kalyango","","denismutesasira085@gmail.com","Tuesday, October 27, 2020 6:05 PM","0d502014-fbf0-4536-9353-8e62ec7b3b7a","Delivery","","ZAR 5.41","ZAR 11.25","ZAR 4.25","-ZAR 2.09","ZAR 2.09","ZAR 32.20","","ZAR 53.11"
"Denis Kalyango","","denismutesasira085@gmail.com","Sunday, November 1, 2020 3:39 PM","27fa4fbf-5536-440c-8478-0a371d09f639","Delivery","","ZAR 13.25","ZAR 22.50","ZAR 4.24","-ZAR 4.00","","ZAR 9.75","","ZAR 45.74"
"Denis Kalyango","","denismutesasira085@gmail.com","Thursday, October 29, 2020 6:08 PM","3a45e81b-c50a-4b8c-ae66-1344aabac51d","Delivery","","ZAR 7.95","ZAR 11.25","ZAR 4.25","-ZAR 2.35","ZAR 4.69","","","ZAR 25.79"
"Denis Kalyango","","denismutesasira085@gmail.com","Tuesday, October 27, 2020 7:57 PM","92663889-7499-411b-9d63-667a9ca4a856","Delivery","","ZAR 10.31","ZAR 22.50","ZAR 4.24","-ZAR 3.71","ZAR 3.71","","","ZAR 37.05"
"Denis Kalyango","","denismutesasira085@gmail.com","Sunday, November 1, 2020 4:59 PM","4a26c23a-e45b-482c-be9d-28c439771f39","Delivery","","ZAR 6.57","ZAR 11.25","ZAR 4.25","-ZAR 2.21","","","","ZAR 19.86"
"Denis Kalyango","","denismutesasira085@gmail.com","Friday, October 30, 2020 5:41 PM","56b8da32-c1e9-431d-80fb-0edceeafa968","Delivery","","ZAR 5.41","ZAR 11.25","ZAR 4.25","-ZAR 2.09","ZAR 6.27","ZAR 9.85","","ZAR 34.94"
"Denis Kalyango","","denismutesasira085@gmail.com","Sunday, November 1, 2020 12:49 PM","abf683af-f47b-4a9a-beed-9becf5fa03ad","Delivery","","ZAR 14.98","ZAR 11.25","ZAR 4.25","-ZAR 3.05","ZAR 3.05","","","ZAR 30.48"
"Denis Kalyango","","denismutesasira085@gmail.com","Thursday, October 29, 2020 12:29 PM","f402fb6a-2466-41a8-9ab8-9504e9e6b870","Delivery","","ZAR 17.28","ZAR 11.25","ZAR 4.25","-ZAR 3.28","ZAR 6.56","ZAR 9.60","","ZAR 45.66"
"Denis Kalyango","","denismutesasira085@gmail.com","Saturday, October 31, 2020 4:06 PM","356f0ded-2208-4f1d-bc4f-e167c2517098","Delivery","","ZAR 11.69","ZAR 11.25","ZAR 4.25","-ZAR 2.72","","ZAR 20.00","","ZAR 44.47"
"Denis Kalyango","","denismutesasira085@gmail.com","Sunday, November 1, 2020 12:35 PM","ae0a8d4a-a263-416e-8176-60e9251bf93c","Delivery","","ZAR 6.16","ZAR 11.25","ZAR 4.25","-ZAR 2.17","ZAR 2.17","","","ZAR 21.66"
"Denis Kalyango","","denismutesasira085@gmail.com","Wednesday, October 28, 2020 12:40 PM","0a45ea82-9b06-4e74-88b2-ed595366e105","Delivery","","ZAR 8.58","ZAR 22.50","ZAR 4.24","-ZAR 3.54","ZAR 3.54","","","ZAR 35.32"
"Denis Kalyango","","denismutesasira085@gmail.com","Wednesday, October 28, 2020 1:15 PM","2f27fb1f-bd80-40a4-9f94-350951e6541d","Delivery","","ZAR 33.40","ZAR 22.50","ZAR 4.24","-ZAR 6.01","","ZAR 13.00","","ZAR 67.13"
"Denis Kalyango","","denismutesasira085@gmail.com","Saturday, October 31, 2020 6:23 PM","7121006b-29cf-4ab4-aeb3-88a6831f8141","Delivery","","ZAR 7.95","ZAR 11.25","ZAR 4.25","-ZAR 2.35","ZAR 4.69","ZAR 41.98","","ZAR 67.77"
"Denis Kalyango","","denismutesasira085@gmail.com","Friday, October 30, 2020 12:40 PM","dcfea477-775a-4933-90c5-6fdec63830a9","Delivery","","ZAR 14.81","ZAR 22.50","ZAR 4.24","-ZAR 4.16","ZAR 4.16","ZAR 20.00","","ZAR 61.55"
"Denis Kalyango","","denismutesasira085@gmail.com","Thursday, October 29, 2020 7:27 PM","4d3f954f-d265-4b4d-9112-988e697a194a","Delivery","","ZAR 10.83","ZAR 11.25","ZAR 4.25","-ZAR 2.63","ZAR 5.27","","","ZAR 28.97"
"Denis Kalyango","","denismutesasira085@gmail.com","Friday, October 23, 2020 5:36 PM","cd3b6f18-7721-4191-93f3-f5e0f3b45e2b","Delivery","","","","","","","ZAR 24.75","","ZAR 24.75"
"Denis Kalyango","","denismutesasira085@gmail.com","Saturday, October 31, 2020 3:25 PM","7e9de21c-0b34-405b-a8bc-4bc958f8bf17","Delivery","","ZAR 27.13","ZAR 11.25","ZAR 4.25","-ZAR 4.26","","ZAR 10.70","","ZAR 49.07"
"Denis Kalyango","","denismutesasira085@gmail.com","Friday, October 30, 2020 12:53 PM","117f8eb5-1c9a-4476-ac42-84a56c4a8e83","Delivery","","ZAR 16.76","ZAR 22.50","ZAR 4.24","-ZAR 4.35","ZAR 4.35","","","ZAR 43.50"
"Denis Kalyango","","denismutesasira085@gmail.com","Wednesday, October 28, 2020 3:00 PM","68d79841-49f0-466a-9375-656859286a9e","Delivery","","ZAR 9.56","ZAR 11.25","ZAR 4.25","-ZAR 2.51","","ZAR 36.54","","ZAR 59.09"
"Denis Kalyango","","denismutesasira085@gmail.com","Thursday, October 29, 2020 4:32 PM","e031dbd6-876b-441a-8edc-9fc12913aa35","Delivery","","ZAR 5.76","ZAR 11.25","ZAR 4.25","-ZAR 2.13","","ZAR 22.20","","ZAR 41.33"
"Denis Kalyango","","denismutesasira085@gmail.com","Saturday, October 31, 2020 7:00 PM","3564572a-82c7-468a-9992-2c1aea53582b","Delivery","","ZAR 5.70","ZAR 11.25","ZAR 4.25","-ZAR 2.12","ZAR 4.24","ZAR 50.10","","ZAR 73.42"
"Denis Kalyango","","denismutesasira085@gmail.com","Friday, October 30, 2020 4:31 PM","6e97caa2-46ac-466e-8938-4bb59f462a0c","Delivery","","ZAR 41.07","ZAR 22.50","ZAR 4.24","-ZAR 6.78","ZAR 6.78","","","ZAR 67.81"
"Denis Kalyango","","denismutesasira085@gmail.com","Tuesday, October 27, 2020 3:08 PM","06787b81-f459-441b-a23e-919553e4b1dd","Delivery","","ZAR 14.80","ZAR 11.25","ZAR 4.25","-ZAR 3.03","","ZAR 12.00","","ZAR 39.27"
"Denis Kalyango","","denismutesasira085@gmail.com","Thursday, October 29, 2020 1:18 PM","66a2c918-47b7-46ad-8154-c1ad06badcf3","Delivery","","ZAR 17.45","ZAR 22.50","ZAR 4.24","-ZAR 4.42","","","","ZAR 39.77"
"Denis Kalyango","","denismutesasira085@gmail.com","Tuesday, October 27, 2020 2:10 PM","89736506-5355-4f12-ae9d-ce14dca32ff1","Delivery","","ZAR 25.06","ZAR 11.25","ZAR 4.25","-ZAR 4.06","","","","ZAR 36.50"
"Denis Kalyango","","denismutesasira085@gmail.com","Sunday, November 1, 2020 12:10 PM","245d7011-35dc-412b-ac84-1e19fac94a1f","Delivery","","ZAR 17.51","ZAR 11.25","ZAR 4.25","-ZAR 3.30","ZAR 3.30","ZAR 20.00","","ZAR 53.01"
"Denis Kalyango","","denismutesasira085@gmail.com","Thursday, October 29, 2020 12:03 PM","b8864d84-c317-4da0-bdec-489cd20c2f5c","Delivery","","ZAR 15.15","ZAR 11.25","ZAR 4.25","-ZAR 3.07","ZAR 6.13","ZAR 32.85","","ZAR 66.56"
"Denis Kalyango","","denismutesasira085@gmail.com","Thursday, October 29, 2020 7:07 PM","42317ae8-493a-4827-a1c5-11ab2bb200c5","Delivery","","ZAR 15.32","ZAR 22.50","ZAR 4.24","-ZAR 4.21","ZAR 8.41","","","ZAR 46.26"
"Denis Kalyango","","denismutesasira085@gmail.com","Thursday, October 29, 2020 6:50 PM","bd130c0e-4410-44f7-b4bf-573a14ad53d8","Delivery","","ZAR 4.72","ZAR 11.25","ZAR 4.25","-ZAR 2.02","ZAR 4.04","","","ZAR 22.24"
"Denis Kalyango","","denismutesasira085@gmail.com","Tuesday, October 27, 2020 3:43 PM","868b0b1c-1762-479c-99c8-1611b43a64d5","Delivery","","ZAR 12.79","ZAR 11.25","ZAR 4.25","-ZAR 2.83","","ZAR 14.50","","ZAR 39.96"
"Denis Kalyango","","denismutesasira085@gmail.com","Wednesday, October 28, 2020 7:48 PM","bc3f1e17-da78-4277-8359-c48de34f1f38","Delivery","","ZAR 11.23","ZAR 11.25","ZAR 4.25","-ZAR 2.67","ZAR 2.67","","","ZAR 26.73"
"Denis Kalyango","","denismutesasira085@gmail.com","Saturday, October 31, 2020 7:32 PM","b9cfa2cc-6729-49a7-9a99-e26c2fab5f57","Delivery","","ZAR 55.70","ZAR 22.50","ZAR 4.24","-ZAR 8.25","ZAR 16.49","ZAR 20.00","","ZAR 110.68"
"Denis Kalyango","","denismutesasira085@gmail.com","Monday, October 26, 2020 12:15 PM","473ba52b-6f07-44f0-b6da-96fb779e4a0e","Delivery","","ZAR 11.24","ZAR 22.50","ZAR 4.24","-ZAR 3.80","ZAR 3.80","ZAR 15.40","","ZAR 53.38"
"Denis Kalyango","","denismutesasira085@gmail.com","Saturday, October 31, 2020 11:53 AM","07c3f2a0-8694-44e4-b17b-529e855f4fc3","Delivery","","ZAR 8.06","ZAR 11.25","ZAR 4.25","-ZAR 2.36","ZAR 2.36","ZAR 37.26","","ZAR 60.82"
"Denis Kalyango","","denismutesasira085@gmail.com","Saturday, October 31, 2020 5:29 PM","48e20e10-83d6-468d-be64-7e6266d2370d","Delivery","","ZAR 5.93","ZAR 11.25","ZAR 4.25","-ZAR 2.14","ZAR 4.29","","","ZAR 23.58"
"Denis Kalyango","","denismutesasira085@gmail.com","Friday, October 30, 2020 12:09 PM","4cd528f8-dc73-4d16-ba14-92fac1363353","Delivery","","ZAR 17.68","ZAR 11.25","ZAR 4.25","-ZAR 3.32","ZAR 3.32","","","ZAR 33.18"
"Denis Kalyango","","denismutesasira085@gmail.com","Saturday, October 31, 2020 1:30 PM","a2aa1b6a-c8bc-4569-b1ef-a5bc86bff35d","Delivery","","ZAR 23.04","ZAR 22.50","ZAR 4.24","-ZAR 4.98","","ZAR 11.22","","ZAR 56.02"
"Denis Kalyango","","denismutesasira085@gmail.com","Friday, October 30, 2020 8:34 PM","b8af1c32-70c5-4deb-8078-7c5ccdd67e4a","Delivery","","ZAR 2.59","ZAR 11.25","ZAR 4.25","-ZAR 1.81","ZAR 5.43","","","ZAR 21.71"
"Denis Kalyango","","denismutesasira085@gmail.com","Tuesday, October 27, 2020 7:12 PM","1cf9c58e-ea8a-48ec-9db8-565f6d2c5842","Delivery","","ZAR 20.45","ZAR 11.25","ZAR 4.25","-ZAR 3.60","ZAR 3.60","ZAR 24.75","","ZAR 60.70"
"Denis Kalyango","","denismutesasira085@gmail.com","Sunday, November 1, 2020 2:38 PM","9f899a49-8ea4-480e-b9a0-16eee1d3b4fa","Delivery","","ZAR 1.27","ZAR 11.25","ZAR 4.25","-ZAR 1.68","","","","ZAR 15.09"
"Denis Kalyango","","denismutesasira085@gmail.com","Monday, October 26, 2020 12:54 PM","3d21a313-4884-4b00-bb99-748f7b1316d1","Delivery","","ZAR 10.43","ZAR 11.25","ZAR 4.25","-ZAR 2.59","ZAR 2.59","ZAR 12.60","","ZAR 38.53"
"Denis Kalyango","","denismutesasira085@gmail.com","Friday, October 30, 2020 7:35 PM","c095b808-ff33-42e8-ba09-f0e90f056590","Delivery","","ZAR 28.34","ZAR 22.50","ZAR 4.24","-ZAR 5.50","ZAR 16.52","ZAR 68.95","","ZAR 135.05"
"Denis Kalyango","","denismutesasira085@gmail.com","Thursday, October 29, 2020 3:24 PM","b789ddfb-e1e6-45aa-a270-c9789f06a02f","Delivery","","ZAR 5.53","ZAR 11.25","ZAR 4.25","-ZAR 2.10","","","","ZAR 18.93"
"Denis Kalyango","","denismutesasira085@gmail.com","Saturday, October 31, 2020 7:23 PM","c981895c-87f9-4d43-bc00-978aeb7b6e17","Delivery","","ZAR 7.08","ZAR 11.25","ZAR 4.25","-ZAR 2.26","ZAR 4.52","ZAR 8.00","","ZAR 32.84"
"Denis Kalyango","","denismutesasira085@gmail.com","Sunday, November 1, 2020 1:19 PM","9615d3e3-c176-46c6-aba9-ef082a966c9a","Delivery","","ZAR 16.24","ZAR 11.25","ZAR 4.25","-ZAR 3.17","","ZAR 10.00","","ZAR 38.57"
"Denis Kalyango","","denismutesasira085@gmail.com","Tuesday, October 27, 2020 6:40 PM","aa61fe85-1543-4402-8adb-d6561d9f6a67","Delivery","","ZAR 13.54","ZAR 11.25","ZAR 4.25","-ZAR 2.90","ZAR 2.90","","","ZAR 29.04"
"Denis Kalyango","","denismutesasira085@gmail.com","Friday, October 30, 2020 2:30 PM","472250f9-49af-4213-9fe0-15746abedd08","Delivery","","ZAR 25.98","ZAR 22.50","ZAR 4.24","-ZAR 5.28","","","","ZAR 47.44"
"Denis Kalyango","","denismutesasira085@gmail.com","Tuesday, October 27, 2020 11:38 AM","5408a13e-7096-4b50-913c-13f76daf2609","Delivery","","ZAR 7.14","ZAR 11.25","ZAR 4.25","-ZAR 2.26","ZAR 2.26","","","ZAR 22.64"
"Denis Kalyango","","denismutesasira085@gmail.com","Thursday, October 29, 2020 8:16 PM","766f6f94-44cd-47fc-8d24-494e7e419ff0","Delivery","","ZAR 25.80","ZAR 11.25","ZAR 4.25","-ZAR 4.13","ZAR 8.26","ZAR 16.74","","ZAR 62.17"
"Denis Kalyango","","denismutesasira085@gmail.com","Sunday, November 1, 2020 1:53 PM","e945cc2e-177d-453f-9ddc-8664b256a997","Delivery","","ZAR 10.08","ZAR 11.25","ZAR 4.25","-ZAR 2.56","","","","ZAR 23.02"
"Denis Kalyango","","denismutesasira085@gmail.com","Wednesday, October 28, 2020 12:00 PM","a915ba72-a21c-4bd9-ad5e-b6a49cbe6b5d","Delivery","","ZAR 3.11","ZAR 11.25","ZAR 4.25","-ZAR 1.86","ZAR 1.86","ZAR 36.10","","ZAR 54.71"
"Denis Kalyango","","denismutesasira085@gmail.com","Saturday, October 31, 2020 6:43 PM","ec18e587-0115-4aa9-98cb-303f75f78090","Delivery","","ZAR 3.46","ZAR 11.25","ZAR 4.25","-ZAR 1.90","ZAR 3.79","","","ZAR 20.85"
"Denis Kalyango","","denismutesasira085@gmail.com","Sunday, November 1, 2020 5:41 PM","ad96f51f-0aa6-4c80-9110-ced930e89012","Delivery","","ZAR 2.82","ZAR 11.25","ZAR 4.25","-ZAR 1.83","ZAR 1.83","","","ZAR 18.32"
"Denis Kalyango","","denismutesasira085@gmail.com","Monday, October 26, 2020 1:23 PM","d8f54871-2866-49a2-b060-b2eb10c0fedc","Delivery","","ZAR 10.71","ZAR 11.25","ZAR 4.25","-ZAR 2.62","","","","ZAR 23.59"
"Denis Kalyango","","denismutesasira085@gmail.com","Tuesday, October 27, 2020 4:45 PM","3a020934-be01-43a8-812c-7bfe31e4566a","Delivery","","ZAR 26.56","ZAR 22.50","ZAR 4.24","-ZAR 5.33","","","-ZAR 211.00","ZAR 47.97"
"Denis Kalyango","","denismutesasira085@gmail.com","Sunday, November 1, 2020 4:38 PM","547d7db2-a91d-4457-bead-eba2e83eab9f","Delivery","","ZAR 4.09","ZAR 11.25","ZAR 4.25","-ZAR 1.96","","ZAR 69.46","","ZAR 87.09"
"Denis Kalyango","","denismutesasira085@gmail.com","Monday, October 26, 2020 2:12 PM","9958b020-9c52-42aa-84ac-f3c943543ff8","Delivery","","ZAR 9.50","ZAR 11.25","ZAR 4.25","-ZAR 2.50","","ZAR 11.10","","ZAR 33.60"
"Denis Kalyango","","denismutesasira085@gmail.com","Friday, October 30, 2020 7:00 PM","298e1a3c-8d5d-4aee-ab35-a9aa7e668707","Delivery","","ZAR 17.69","ZAR 22.50","ZAR 4.24","-ZAR 4.44","ZAR 13.33","ZAR 39.66","","ZAR 92.98"
"Denis Kalyango","","denismutesasira085@gmail.com","Thursday, October 29, 2020 6:20 PM","1d237288-aa88-4285-bfc2-515cc70fe182","Delivery","","ZAR 19.35","ZAR 11.25","ZAR 4.25","-ZAR 3.49","ZAR 6.97","","","ZAR 38.33"
"Denis Kalyango","","denismutesasira085@gmail.com","Friday, October 30, 2020 6:41 PM","c71af5a3-352f-40ab-9c38-257295185d34","Delivery","","ZAR 15.84","ZAR 11.25","ZAR 4.25","-ZAR 3.13","ZAR 9.40","ZAR 37.75","","ZAR 75.36"
"Denis Kalyango","","denismutesasira085@gmail.com","Friday, October 30, 2020 9:02 PM","a0060eb4-9c15-4023-85df-8e2a5e33c8bf","Delivery","","ZAR 4.67","ZAR 11.25","ZAR 4.25","-ZAR 2.02","ZAR 6.05","","","ZAR 24.20"
"Denis Kalyango","","denismutesasira085@gmail.com","Saturday, October 31, 2020 2:30 PM","b70894ed-d11c-49b0-a4af-93b3da4ddde1","Delivery","","ZAR 7.25","ZAR 22.50","ZAR 4.24","-ZAR 3.40","","","","ZAR 30.59"
"Denis Kalyango","","denismutesasira085@gmail.com","Tuesday, October 27, 2020 12:15 PM","2a45083b-a52f-4969-bd53-f83b1fb94254","Delivery","","ZAR 26.20","ZAR 22.50","ZAR 4.24","-ZAR 5.29","ZAR 5.29","ZAR 73.00","","ZAR 125.94"
"Denis Kalyango","","denismutesasira085@gmail.com","Monday, October 26, 2020 3:24 PM","9ba65eab-35fa-4a9c-aaed-27d6a7fa5d9a","Connect","","","","","-ZAR 13.50","","","","ZAR 40.50"
"Denis Kalyango","","denismutesasira085@gmail.com","Friday, October 30, 2020 6:22 PM","17515e0c-59d5-42b1-81fa-42ee7f7d41e9","Delivery","","ZAR 21.72","ZAR 11.25","ZAR 4.25","-ZAR 3.72","ZAR 11.17","","","ZAR 44.67"
"Denis Kalyango","","denismutesasira085@gmail.com","Monday, October 26, 2020 1:53 PM","38deada2-ecd9-4082-afe3-30b141dc0d46","Delivery","","ZAR 3.17","ZAR 11.25","ZAR 4.25","-ZAR 1.87","","","","ZAR 16.80"
"Denis Kalyango","","denismutesasira085@gmail.com","Thursday, October 29, 2020 5:19 PM","c7bf167c-e472-4a55-976b-0fcf6cb49006","Delivery","","ZAR 13.77","ZAR 22.50","ZAR 4.24","-ZAR 4.05","","ZAR 41.70","","ZAR 78.16"
"Denis Kalyango","","denismutesasira085@gmail.com","Friday, October 30, 2020 8:15 PM","3fef91a0-4a3f-4926-9a52-16b61c009dbd","Delivery","","ZAR 13.13","ZAR 11.25","ZAR 4.25","-ZAR 2.86","ZAR 8.59","ZAR 63.04","","ZAR 97.40"
"Denis Kalyango","","denismutesasira085@gmail.com","Friday, October 30, 2020 3:26 PM","ed735f6f-c518-4b30-8d56-1b38045891c0","Delivery","","ZAR 4.44","ZAR 11.25","ZAR 4.25","-ZAR 1.99","","ZAR 54.54","","ZAR 72.49"
"Denis Kalyango","","denismutesasira085@gmail.com","Friday, October 30, 2020 11:46 AM","4e4adc72-4d1f-4670-ad1c-4ea3a06138f9","Delivery","","ZAR 5.99","ZAR 11.25","ZAR 4.25","-ZAR 2.15","ZAR 2.15","","","ZAR 21.49"
"Denis Kalyango","","denismutesasira085@gmail.com","Sunday, November 1, 2020 2:05 PM","42af21ee-8612-4f5c-86cb-675d4b491213","Delivery","","ZAR 9.16","ZAR 11.25","ZAR 4.25","-ZAR 2.47","","","","ZAR 22.19"
