state,"Population
covered","Agencies
submitting
incident
reports","Total
number of
incidents
reported"
Total,"305,284,239","2,172","7,314"
Alabama,"85,670",0,0
Alaska,"727,792",5,11
Arizona,"6,395,924",17,209
Arkansas,"2,813,597",6,9
California,"39,502,561",195,"1,015"
Colorado,"5,705,335",50,210
Connecticut,"3,373,874",40,76
Delaware,"973,764",10,22
District of Columbia,"705,749",2,222
Florida,"20,901,840",51,111
Georgia,"9,290,789",50,102
Hawaii,"974,902",1,41
Idaho,"1,782,402",9,24
Illinois,"12,125,954",23,65
Indiana,"3,643,904",23,75
Iowa,"3,135,918",8,10
Kansas,"2,610,898",53,78
Kentucky,"4,460,061",67,146
Louisiana,"3,536,544",11,26
Maine,"1,344,212",10,19
Maryland,"6,045,680",9,18
Massachusetts,"6,772,985",83,388
Michigan,"9,969,410",188,434
Minnesota,"5,533,121",35,104
Mississippi,"882,028",5,14
Missouri,"6,077,911",28,83
Montana,"1,055,460",16,32
Nebraska,"1,813,150",23,46
Nevada,"3,070,743",5,44
New Hampshire,"1,313,554",14,16
New Jersey,"8,638,072",208,472
New Mexico,"819,112",6,50
New York,"18,949,575",65,611
North Carolina,"8,740,258",80,210
North Dakota,"762,062",12,18
Ohio,"9,730,885",134,391
Oklahoma,"3,946,211",22,28
Oregon,"4,056,079",46,175
Pennsylvania,"12,585,495",15,41
Rhode Island,"1,058,329",10,17
South Carolina,"5,081,688",36,68
South Dakota,"848,738",13,20
Tennessee,"6,830,634",42,117
Texas,"28,885,669",167,456
Utah,"3,077,345",14,18
Vermont,"628,664",17,33
Virginia,"8,533,624",57,163
Washington,"7,587,677",77,542
West Virginia,"1,574,978",18,31
Wisconsin,"5,810,699",43,74
Wyoming,"512,713",5,5
