Bias motivation totals,Incidents,Offenses,Victims,"Known
offenders"
Total hate crimes,"7,314","8,559","8,812","6,406"
Race/Ethnicity/Ancestry:,"3,963","4,784","4,930","3,550"
Anti-White,666,755,775,645
Anti-Black or African American,"1,930","2,314","2,391","1,682"
Anti-American Indian or Alaska Native,119,126,135,101
Anti-Asian,158,205,215,153
Anti-Native Hawaiian or Other Pacific Islander,21,25,26,26
"Anti-Multiple Races, Group",134,171,173,82
Anti-Arab,95,122,126,86
Anti-Hispanic or Latino,527,676,693,547
Anti-Other Race/Ethnicity/Ancestry,313,390,396,228
,,,,
,,,,
,,,,
,,,,
,,,,
,,,,
,,,,
,,,,
,,,,
,,,,
,,,,
,,,,
,,,,
,,,,
,,,,
,,,,
,,,,
,,,,
,,,,
,,,,
,,,,
,,,,
,,,,
,,,,
,,,,
,,,,
,,,,
,,,,
,,,,
,,,,
,,,,
