Full.Name,Country
Institut de droit international (Institute of International Law),Belgium
Bureau international permanent de la Paix (Permanent International Peace Bureau),Germany
Comite international de la Croix Rouge (International Committee of the Red Cross),Switzerland
Office international Nansen pour les Refugies (Nansen International Office for Refugees),Switzerland (LN)
Friends Service Council (The Quakers),United Kingdom
American Friends Service Committee (The Quakers),United States of America
Office of the United Nations High Commissioner for Refugees (UNHCR),United Nations
Ligue des Societes de la Croix-Rouge (League of Red Cross Societies),Switzerland
United Nations Children's Fund (UNICEF),United Nations
International Labour Organization (I.L.O.),United Nations
Amnesty International,United Kingdom
International Physicians for the Prevention of Nuclear War,United States of America
United Nations Peacekeeping Forces,United Nations
Pugwash Conferences on Science and World Affairs,Canada
International Campaign to Ban Landmines (ICBL),United States of America
Medecins Sans Frontieres,Switzerland
United Nations (U.N.),United Nations
International Atomic Energy Agency (IAEA),Austria
Grameen Bank,Bangladesh
Intergovernmental Panel on Climate Change (IPCC),Switzerland
European Union (EU),European Union
Organisation for the Prohibition of Chemical Weapons (OPCW),Netherlands
National Dialogue Quartet,Tunisia
