Kecamatan;Kota / Kabupaten;latitude ;longtitude;total yang sudah vaksin ke dua;;
Cengkareng;Jakarta Barat;-6,168329;106,758849;49339,759;;
Kali Deres;Jakarta Barat;-6,168329;106,758849;24120,576;;
Kebon Jeruk;Jakarta Barat;-6,168329;106,758849;39370,564;;
Kembangan;Jakarta Barat;-6,168329;106,758849;34844,866;;
Tambora;Jakarta Barat;-6,168329;106,758849;18015,819;;
Grogol Petamburan;Jakarta Barat;-6,168329;106,758849;40038,254;;
Palmerah;Jakarta Barat;-6,168329;106,758849;160904,039;;
Taman Sari;Jakarta Barat;-6,168329;106,758849;17629,937;;
Kemayoran;Jakarta Pusat;-6,186486;106,834091;56142,782;;
Tanah Abang;Jakarta Pusat;-6,186486;107,834091;139995,676;;
Sawah Besar;Jakarta Pusat;-6,186486;108,834091;24039,416;;
Johar Baru;Jakarta Pusat;-6,186486;109,834091;16645,649;;
Senen;Jakarta Pusat;-6,186486;110,834091;65826,434;;
Cempaka Putih;Jakarta Pusat;-6,186486;111,834091;19640,452;;
Gambir;Jakarta Pusat;-6,186486;112,834091;116410,949;;
Menteng;Jakarta Pusat;-6,186486;113,834091;35422,242;;
Jagakarsa;Jakarta Selatan;-6,261493;106,8106;22584,601;;
Kebayoran Lama;Jakarta Selatan;-6,261493;106,8106;42942,107;;
Pasar Minggu;Jakarta Selatan;-6,261493;106,8106;30237,341;;
Pesanggrahan;Jakarta Selatan;-6,261493;106,8106;21794,657;;
Tebet;Jakarta Selatan;-6,261493;106,8106;29707,52;;
Cilandak;Jakarta Selatan;-6,261493;106,8106;40327,008;;
Pancoran;Jakarta Selatan;-6,261493;106,8106;18483,96;;
Mampang Prapatan;Jakarta Selatan;-6,261493;106,8106;17690,971;;
Kebayoran Baru;Jakarta Selatan;-6,261493;106,8106;242059,952;;
Setia Budi;Jakarta Selatan;-6,261493;106,8106;73970,465;;
Cakung;Jakarta Timur;-6,225014;106,900447;38932,124;;
Duren Sawit;Jakarta Timur;-6,225014;106,900447;31929,739;;
Jatinegara;Jakarta Timur;-6,225014;106,900447;39506,808;;
Kramat Jati;Jakarta Timur;-6,225014;106,900447;44403,074;;
Ciracas;Jakarta Timur;-6,225014;106,900447;22908,232;;
Pulo Gadung;Jakarta Timur;-6,225014;106,900447;35167,616;;
Cipayung;Jakarta Timur;-6,225014;106,900447;64006,123;;
Pasar Rebo;Jakarta Timur;-6,225014;106,900447;26195,642;;
Makasar;Jakarta Timur;-6,225014;106,900447;52221,016;;
Matraman;Jakarta Timur;-6,225014;106,900447;21187,183;;
Cilincing;Jakarta Utara;-6,138414;106,863956;23453,56;;
Tanjung Priok;Jakarta Utara;-6,138414;106,863956;58374,912;;
Koja;Jakarta Utara;-6,138414;106,863956;24960,6;;
Penjaringan;Jakarta Utara;-6,138414;106,863956;48233,004;;
Pademangan;Jakarta Utara;-6,138414;106,863956;51991,76;;
Kelapa Gading;Jakarta Utara;-6,138414;106,863956;43641,612;;
Kep. Seribu Utara;Kepulauan Seribu;-5,798526;106,507198;3206,037;;
Kep. Seribu Selatan;Kepulauan Seribu;-5,798526;106,507198;3061,985;;
