{"realtime_start": "2019-12-06", "seriess": [{"observation_end": "2012-01-01", "last_updated": "2014-05-22 18:16:06-05", "observation_start": "2006-01-01", "frequency": "Annual", "seasonal_adjustment_short": "NSA", "id": "GCT1502US", "realtime_start": "2019-12-06", "units": "Percent", "units_short": "%", "seasonal_adjustment": "Not Seasonally Adjusted", "title": "People 25 Years and Over Who Have Completed a Bachelor's Degree for the United States (DISCONTINUED)", "realtime_end": "2019-12-06", "frequency_short": "A", "popularity": 33}], "realtime_end": "2019-12-06"}