Mass (t),Road conditions,Brake assistance,Stopping time (seconds)
5,Good,ABS,6.1
3,Wet,ABS,4.9
3,Good,Nil,3.7
4,Dry,ABS,4.9
4,Dry,ABS,5.2
4,Wet,Anti-lock braking,7.8
3,Slippery,None,4.9
3,Wet,Anti-lock braking,5
7,Dry,ABS,9.4
7,Slippery,Anti-lock braking,11.3
3,Dry,Nothing,4.7
6,Slippery,Nil,10.7
6,Slippery,ABS,9.5
3,Slippery,ABS,4.9
4,Wet,Anti-lock braking,7.6
4,Wet,Nothing,8.2
6,Dry,ABS,7.8
3,Wet,ABS,4.9
5,Good,ABS,6.1
5,Slippery,ABS,8.1
7,Good,Nil,12.6
4,Slippery,ABS,6.8
6,Good,ABS,7.9
4,Dry,Nil,7.3
3,Slippery,Nil,5.1
3,Wet,None,5.7
6,Slippery,ABS,10.3
5,Wet,ABS,10
4,Good,ABS,5.6
5,Good,ABS,6.6
5,Good,ABS,6.9
3,Good,ABS,4.3
6,Dry,ABS,8.1
7,Good,ABS,9.3
3,Good,None,3.8
5,Wet,Anti-lock braking,10
5,Slippery,ABS,8.5
6,Slippery,Nothing,10.4
5,Wet,ABS,9.4
4,Slippery,Anti-lock braking,6.6
7,Good,ABS,9.1
3,Good,Anti-lock braking,3.7
6,Good,ABS,7.5
6,Wet,ABS,9.8
7,Dry,Anti-lock braking,10.3
4,Wet,ABS,8.1
7,Dry,ABS,9.5
7,Wet,Nothing,13.7
3,Dry,Nil,5.1
3,Good,ABS,4.5
3,Slippery,ABS,4.8
5,Good,None,6.8
3,Wet,Anti-lock braking,4.8
6,Slippery,ABS,10.1
6,Slippery,ABS,9.6
4,Wet,ABS,7.1
4,Slippery,ABS,6.8
7,Wet,ABS,11
3,Good,Anti-lock braking,3.9
7,Wet,Anti-lock braking,14.8
5,Good,Anti-lock braking,7.1
3,Wet,Anti-lock braking,5.2
5,Good,ABS,6.7
7,Wet,ABS,12
4,Good,Nil,6.7
6,Slippery,ABS,10.2
7,Wet,Anti-lock braking,13.8
3,Good,ABS,4.1
4,Wet,Nothing,7.5
7,Good,Anti-lock braking,9.1
4,Wet,Nothing,7.3
7,Good,Anti-lock braking,9.3
4,Good,ABS,5.3
7,Good,ABS,9.3
5,Wet,Nothing,10.5
7,Dry,Anti-lock braking,9.8
4,Slippery,ABS,6.7
6,Good,Nothing,9.9
3,Slippery,ABS,5
7,Dry,ABS,9.3
5,Wet,Nil,10.2
6,Slippery,ABS,10.5
7,Dry,ABS,9.7
3,Good,ABS,4.1
5,Good,None,6.9
3,Good,Nil,4
3,Good,ABS,4
6,Wet,ABS,10.4
7,Wet,None,14.1
6,Slippery,ABS,9.5
7,Wet,None,14.4
6,Dry,Nothing,10.2
7,Dry,None,9.6
6,Good,ABS,8.2
3,Wet,ABS,4.3
6,Dry,ABS,8
3,Wet,ABS,4.8
5,Wet,None,10.6
6,Slippery,ABS,10.2
5,Good,Nothing,7.9
6,Good,ABS,8.5
5,Dry,None,6.4
3,Good,None,3.9
7,Wet,Nil,13.8
4,Good,ABS,5.5
4,Slippery,ABS,6.6
7,Dry,None,9
5,Good,Nil,8.3
4,Good,None,6.5
7,Good,ABS,9.1
5,Good,Nothing,8.1
7,Slippery,ABS,11.3
4,Dry,ABS,5.4
5,Good,ABS,6.6
5,Dry,ABS,6.3
6,Dry,None,9.9
7,Dry,None,8.5
4,Good,Nil,7.2
6,Good,Nothing,9.5
7,Dry,None,9.8
4,Wet,None,8.7
7,Slippery,ABS,10.9
6,Wet,Anti-lock braking,9.9
7,Slippery,None,11.4
6,Wet,None,9.2
3,Good,ABS,3.9
5,Dry,ABS,7
4,Slippery,None,7.9
6,Wet,Nil,11.1
5,Good,Nothing,8.7
7,Slippery,ABS,12.2
5,Wet,Anti-lock braking,10.5
6,Good,Nothing,9.7
7,Good,ABS,9.2
6,Slippery,Nothing,10.2
3,Wet,Anti-lock braking,4.9
7,Good,ABS,9.4
3,Wet,Anti-lock braking,4.5
7,Dry,None,8.7
3,Good,Nil,4
5,Good,ABS,7
7,Wet,Nothing,13.4
5,Slippery,ABS,8.8
7,Slippery,Nothing,11.7
6,Wet,Nothing,12.7
5,Good,Anti-lock braking,7.4
6,Wet,None,9.5
3,Good,ABS,4.3
6,Good,ABS,7.4
5,Wet,ABS,9.6
5,Wet,ABS,9.9
4,Good,Anti-lock braking,5.6
3,Dry,ABS,4
7,Slippery,None,12.2
5,Wet,None,9.9
3,Good,Nil,3.9
5,Slippery,ABS,7.9
4,Good,Anti-lock braking,5.2
6,Wet,Anti-lock braking,10.4
3,Dry,None,4.8
7,Slippery,None,12.1
7,Wet,ABS,11.6
5,Dry,ABS,6.4
7,Dry,ABS,9.1
6,Slippery,ABS,10.2
6,Good,Nil,8.1
6,Slippery,ABS,10.3
3,Dry,Nothing,5.4
7,Dry,None,9.2
6,Slippery,ABS,10
6,Wet,ABS,10.5
4,Wet,ABS,8.4
3,Slippery,ABS,4.9
4,Dry,None,5.7
4,Good,ABS,5.4
3,Wet,ABS,4.7
6,Wet,Nothing,12
3,Wet,ABS,4.8
3,Wet,ABS,5
3,Good,Anti-lock braking,3.9
6,Dry,ABS,8.6
3,Good,Nil,4.2
3,Wet,None,6
5,Slippery,ABS,8.1
7,Wet,None,14.4
3,Good,Nothing,4.8
5,Good,Anti-lock braking,6.4
4,Dry,ABS,5.2
3,Slippery,ABS,4.8
7,Slippery,None,12.2
7,Wet,ABS,11.3
7,Wet,ABS,11.7
5,Wet,Anti-lock braking,9.9
5,Wet,Anti-lock braking,9.9
5,Dry,ABS,6.4
4,Slippery,Nothing,8.2
4,Wet,Anti-lock braking,8.2
6,Slippery,ABS,9.9
4,Wet,ABS,7.5
5,Slippery,Nil,8.2
7,Good,Nil,11.3
6,Good,Nil,8.2
7,Slippery,ABS,11.7
7,Wet,ABS,11.3
7,Dry,ABS,9.9
5,Dry,ABS,6.5
6,Dry,ABS,8.5
5,Good,Anti-lock braking,6.8
7,Slippery,Nil,12.3
6,Slippery,None,10.8
7,Slippery,None,11.7
5,Good,Nil,7.9
4,Slippery,ABS,6.6
7,Slippery,Nothing,12
3,Slippery,Nothing,5.1
5,Dry,Anti-lock braking,6.8
7,Wet,ABS,11.3
5,Good,Anti-lock braking,6.7
6,Slippery,ABS,10.1
5,Dry,Nil,6.7
7,Good,ABS,9.6
5,Slippery,None,8.3
6,Wet,Anti-lock braking,9.7
7,Dry,Nothing,11.8
7,Wet,Anti-lock braking,13.8
4,Good,ABS,5.7
3,Wet,ABS,5.3
6,Wet,Anti-lock braking,10.1
6,Good,ABS,7.2
3,Dry,ABS,4.2
6,Slippery,None,10.2
5,Good,ABS,6.5
4,Dry,None,5.5
4,Slippery,ABS,6.8
4,Wet,Anti-lock braking,8.4
5,Wet,ABS,10
7,Good,ABS,9.3
7,Good,ABS,9.9
7,Wet,Nothing,13.5
4,Wet,None,7.9
4,Good,Anti-lock braking,5
6,Dry,None,9.7
3,Good,ABS,4.1
3,Good,ABS,4
3,Wet,Nil,6.1
7,Slippery,ABS,11.2
3,Slippery,Anti-lock braking,4.9
4,Wet,ABS,8.2
4,Good,None,6.5
5,Dry,ABS,6.8
4,Good,Nothing,6.9
3,Good,ABS,3.8
5,Wet,ABS,10.1
3,Good,ABS,3.9
6,Wet,Anti-lock braking,9.7
5,Good,ABS,7
5,Dry,ABS,6.9
7,Dry,Nil,9.1
3,Wet,None,5.9
7,Wet,ABS,11.4
4,Good,Nothing,6.6
4,Slippery,Nothing,8.1
4,Good,Nothing,6.1
3,Wet,ABS,5.4
4,Dry,Anti-lock braking,5.3
6,Good,None,8.1
7,Good,None,12.3
6,Dry,ABS,8.8
7,Good,ABS,8.7
6,Dry,None,10.4
5,Wet,Anti-lock braking,9.6
4,Good,None,6.9
4,Slippery,ABS,7.1
3,Good,ABS,4
6,Dry,ABS,8.7
7,Slippery,None,11.3
5,Good,ABS,7.3
5,Dry,ABS,6.4
3,Dry,ABS,4
3,Wet,ABS,4.7
5,Wet,ABS,9.6
4,Dry,Nothing,6.4
5,Wet,None,9.5
7,Dry,ABS,9.4
6,Slippery,Nil,10
5,Good,Anti-lock braking,7.1
7,Good,Nothing,12.1
4,Dry,None,5.2
5,Wet,ABS,10.7
3,Wet,ABS,5
6,Wet,Nothing,11.5
7,Dry,ABS,9.2
3,Dry,None,5.1
7,Slippery,Nothing,10.9
4,Slippery,None,8.2
4,Good,ABS,5.3
3,Dry,ABS,4.3
5,Slippery,Nil,8.3
6,Good,None,7.7
3,Good,ABS,4.2
5,Dry,ABS,6.4
3,Good,ABS,3.9
7,Good,ABS,9.4
5,Wet,ABS,10.5
5,Slippery,ABS,8
7,Good,Nothing,12.1
3,Good,ABS,4.3
7,Wet,Nothing,14.7
4,Wet,None,8.1
3,Wet,Anti-lock braking,5.6
7,Good,ABS,9.5
6,Wet,ABS,9.8
7,Good,Nothing,11.2
4,Good,Nil,6.4
7,Good,Anti-lock braking,9
6,Slippery,Nil,9.8
6,Good,Nil,7.5
5,Slippery,Nil,7.7
4,Wet,ABS,7.9
4,Dry,Nothing,6.6
7,Dry,Anti-lock braking,8.5
6,Dry,ABS,8.6
5,Good,None,6.8
4,Good,ABS,5.3
7,Dry,ABS,10
5,Dry,ABS,6.8
7,Good,None,11.5
7,Wet,None,14.3
7,Slippery,ABS,11.8
6,Dry,ABS,8.5
6,Wet,None,9.1
5,Good,ABS,6.6
5,Wet,ABS,10
7,Slippery,Anti-lock braking,12
7,Good,ABS,10
5,Slippery,Nothing,10.4
7,Good,ABS,9.6
5,Good,ABS,6.5
4,Slippery,None,7.9
6,Dry,ABS,8.3
3,Good,None,4.2
5,Good,ABS,6.9
6,Good,Nothing,10.1
7,Wet,ABS,11.1
3,Wet,ABS,4.9
5,Good,Anti-lock braking,6.6
7,Wet,None,14
3,Dry,Nothing,5.2
7,Slippery,Nil,11.5
3,Good,Nil,3.6
7,Good,Nil,11.3
4,Dry,ABS,5.2
4,Slippery,ABS,6.8
6,Good,None,7.7
5,Good,None,6.5
6,Dry,ABS,8.1
5,Slippery,ABS,8.5
6,Good,ABS,8.3
5,Slippery,ABS,8.6
6,Dry,ABS,7.8
5,Dry,Nil,7.2
3,Good,Nil,4.2
6,Good,Anti-lock braking,7.6
5,Good,ABS,6.1
6,Dry,None,10.6
7,Good,Nothing,11.4
5,Dry,ABS,6.9
7,Good,None,11.6
5,Dry,ABS,6.5
3,Wet,ABS,4.9
6,Dry,ABS,8.3
5,Dry,ABS,7
3,Slippery,Anti-lock braking,4.8
7,Good,ABS,9.8
7,Dry,None,9.5
6,Wet,ABS,9.5
4,Good,None,7.1
5,Wet,ABS,10.3
3,Wet,ABS,4.8
5,Slippery,ABS,7.7
3,Slippery,None,4.9
3,Slippery,ABS,4.8
5,Dry,ABS,6.8
7,Wet,ABS,11
4,Wet,ABS,8.1
7,Dry,ABS,8.5
4,Dry,None,5.7
6,Dry,ABS,8.1
4,Good,ABS,5.2
7,Wet,ABS,11.5
5,Good,None,6.9
4,Wet,Nil,7.8
5,Wet,ABS,10.7
4,Dry,ABS,4.8
6,Wet,Anti-lock braking,9.7
5,Wet,ABS,9.9
3,Good,ABS,4
4,Good,Nil,6.5
3,Good,ABS,3.8
6,Good,ABS,7.9
7,Good,Nil,12.2
7,Dry,ABS,8.3
7,Good,ABS,9.1
5,Wet,ABS,9.8
7,Wet,ABS,12.5
4,Good,Nil,6.1
6,Slippery,ABS,10.3
5,Dry,ABS,6.3
4,Wet,Nil,7.9
7,Slippery,None,12.2
4,Good,ABS,5.4
6,Dry,ABS,8.2
6,Dry,ABS,8.5
7,Slippery,ABS,11.5
4,Slippery,ABS,6.7
5,Wet,ABS,10
6,Dry,ABS,8.7
7,Good,ABS,9.8
3,Good,Nil,3.7
4,Good,ABS,5.4
5,Wet,ABS,10.2
5,Wet,ABS,10.1
6,Slippery,ABS,10
3,Wet,Anti-lock braking,4.5
6,Good,Anti-lock braking,7.8
4,Wet,None,8.7
7,Slippery,None,11.8
4,Good,ABS,5.5
6,Good,ABS,7.8
4,Good,None,6.7
5,Good,ABS,6.6
6,Dry,Anti-lock braking,7.4
3,Slippery,Anti-lock braking,5.2
7,Good,None,11.4
7,Wet,ABS,11.7
6,Slippery,None,9.9
4,Dry,ABS,5.7
6,Good,Nil,8
4,Wet,Anti-lock braking,8.2
5,Good,None,6.8
3,Dry,ABS,4
3,Slippery,Nothing,4.9
6,Dry,Nothing,10.1
3,Dry,None,5.1
5,Wet,ABS,9.7
5,Slippery,ABS,9.2
5,Slippery,None,8.3
6,Wet,ABS,9.2
5,Wet,ABS,9.5
7,Slippery,Nothing,11.7
5,Slippery,ABS,7.7
4,Dry,Anti-lock braking,5.3
6,Slippery,Nothing,10.3
5,Dry,ABS,6.5
6,Good,ABS,8.4
5,Wet,Nothing,10.4
4,Wet,None,7.6
6,Good,ABS,8.4
3,Wet,None,5.9
5,Good,Nothing,8.4
6,Slippery,Nil,9.7
3,Slippery,ABS,5.1
3,Slippery,ABS,4.8
7,Slippery,Anti-lock braking,11.7
5,Wet,None,10
4,Wet,None,8
5,Good,None,6.6
4,Slippery,None,7.5
7,Wet,ABS,11.3
3,Wet,ABS,5
5,Slippery,ABS,7.9
6,Good,ABS,7.8
7,Dry,ABS,8.9
4,Dry,ABS,5.7
3,Wet,None,6
7,Wet,None,12.9
6,Dry,Anti-lock braking,8.6
3,Slippery,None,5
3,Wet,None,6.4
3,Wet,None,6
5,Wet,ABS,10.1
6,Dry,Anti-lock braking,7.5
6,Dry,ABS,8.5
5,Wet,None,9.5
5,Slippery,None,8.4
6,Dry,ABS,8.4
3,Good,Nothing,5.4
3,Slippery,ABS,5.2
3,Dry,ABS,3.8
7,Slippery,ABS,10.9
6,Wet,ABS,10.2
3,Dry,Anti-lock braking,4.1
6,Slippery,ABS,9.6
7,Slippery,ABS,11.4
6,Good,None,8.4
4,Wet,None,8.1
5,Slippery,ABS,8.1
3,Dry,ABS,4.1
7,Slippery,ABS,11
3,Good,ABS,4.1
4,Slippery,Nothing,7.7
6,Good,ABS,7
7,Good,None,11.5
6,Good,ABS,8.7
4,Dry,ABS,5.2
4,Slippery,ABS,6.6
7,Slippery,ABS,11.9
7,Good,Anti-lock braking,9.2
5,Dry,None,6.4
4,Wet,ABS,7.7
4,Slippery,Nil,6.9
5,Good,Nothing,8.2
5,Good,ABS,6.1
7,Good,Nil,11.7
3,Dry,ABS,3.7
3,Wet,None,6.3
3,Dry,ABS,4.2
7,Good,None,11.5
3,Good,Nil,3.8
7,Wet,Nil,13.4
7,Wet,ABS,11.6
4,Wet,None,8
4,Good,ABS,5.2
3,Wet,Nothing,6.2
3,Slippery,ABS,5.6
3,Good,None,3.9
5,Slippery,ABS,8.6
3,Wet,Nil,6.3
4,Dry,ABS,5.1
4,Slippery,Nothing,8.4
4,Good,ABS,5.4
5,Dry,ABS,6.9
5,Dry,ABS,6.9
3,Dry,ABS,4
5,Dry,ABS,7.1
3,Good,None,4.2
7,Slippery,None,12.1
4,Good,None,6.8
4,Wet,ABS,8.2
5,Slippery,None,8.5
6,Wet,None,9.8
6,Wet,Anti-lock braking,10.3
7,Wet,None,13.7
3,Dry,ABS,4
6,Good,Nil,7.9
6,Wet,ABS,10.5
6,Slippery,ABS,10.2
3,Good,Nil,3.9
4,Good,Nil,6.4
5,Dry,None,6.8
7,Good,Anti-lock braking,9.7
6,Dry,ABS,7.4
7,Wet,ABS,10.9
4,Slippery,ABS,6.8
4,Good,None,6.5
3,Slippery,ABS,5.1
3,Slippery,Anti-lock braking,5.2
7,Slippery,ABS,12.2
4,Wet,Nil,7.9
7,Good,None,11.3
3,Good,Anti-lock braking,4.4
4,Wet,None,7.7
5,Dry,None,6.7
6,Good,None,7.8
3,Wet,Nothing,6.6
5,Wet,None,9.7
6,Dry,None,10.4
6,Wet,Anti-lock braking,9.8
3,Good,ABS,4.1
5,Good,Anti-lock braking,7.2
7,Dry,ABS,9.3
3,Wet,Nil,5.8
6,Good,None,7.9
7,Good,ABS,9.2
7,Good,Nil,12
3,Slippery,ABS,5
4,Good,None,6.7
4,Dry,None,4.9
5,Good,ABS,7.1
5,Wet,ABS,10
7,Good,None,11.6
4,Wet,ABS,8.6
3,Good,ABS,3.5
3,Slippery,ABS,5.1
6,Good,None,8.4
3,Good,Nil,4.2
5,Wet,Nil,9.4
3,Good,ABS,3.5
3,Dry,Nothing,4.6
7,Slippery,Anti-lock braking,12.1
6,Slippery,ABS,9.9
5,Slippery,ABS,8.5
4,Good,ABS,4.9
7,Good,None,11.8
5,Good,None,6.5
6,Wet,Anti-lock braking,9.9
6,Good,None,8.2
7,Good,ABS,9.1
3,Wet,ABS,4.8
7,Dry,ABS,8.6
6,Slippery,None,9.7
6,Wet,Nothing,12.3
7,Dry,ABS,9.3
7,Good,None,12.1
7,Wet,ABS,11.1
4,Good,None,6.4
5,Wet,ABS,9.8
4,Good,Nothing,6.4
7,Wet,ABS,11.7
6,Good,ABS,7.8
4,Wet,ABS,7.9
6,Good,Nothing,10.7
3,Good,ABS,4.2
6,Wet,ABS,9.8
4,Good,ABS,5.1
6,Wet,Anti-lock braking,9.5
5,Wet,ABS,9.7
7,Wet,ABS,12.4
6,Dry,ABS,7.6
5,Good,ABS,6.6
7,Wet,ABS,12.5
6,Wet,Nil,11.5
3,Wet,None,6.2
4,Wet,Anti-lock braking,7.8
7,Wet,Nothing,13.4
3,Slippery,Nil,5.3
6,Dry,Nil,10.3
7,Good,ABS,9.3
4,Wet,None,7.1
3,Wet,Nothing,6
7,Good,ABS,9.7
7,Good,None,12.7
7,Good,Nothing,11.6
4,Wet,ABS,8.4
7,Wet,ABS,11
7,Good,ABS,9.7
3,Wet,ABS,5.2
4,Slippery,ABS,7.1
4,Dry,ABS,5.2
3,Wet,None,6.1
5,Slippery,Anti-lock braking,8
7,Slippery,Nothing,11.9
5,Dry,Nothing,8.6
7,Slippery,ABS,11.5
6,Wet,None,10
6,Dry,ABS,8.3
5,Slippery,ABS,8.9
7,Good,None,11
7,Good,ABS,9
7,Slippery,ABS,11.4
3,Dry,ABS,4.2
6,Good,Anti-lock braking,7.9
3,Wet,ABS,4.2
4,Wet,Nothing,7.9
6,Wet,None,9.6
3,Wet,None,5.9
4,Wet,ABS,7.4
3,Wet,ABS,5.1
5,Good,ABS,6.7
6,Slippery,None,9.8
5,Wet,Anti-lock braking,9.6
6,Wet,ABS,9.9
5,Wet,Anti-lock braking,9.8
3,Wet,Nil,5.6
4,Dry,Nothing,6.4
4,Dry,ABS,5.5
3,Good,None,4.4
5,Good,Anti-lock braking,6.3
5,Wet,Nothing,10.9
3,Good,None,4
7,Slippery,ABS,12
3,Wet,ABS,4.9
4,Wet,None,8.2
3,Slippery,Anti-lock braking,4.8
5,Good,Nothing,8
6,Slippery,ABS,9.8
3,Wet,None,6
3,Good,ABS,3.8
6,Good,ABS,8.6
7,Good,ABS,9.5
5,Good,None,6.2
3,Slippery,Nothing,5
6,Wet,Nothing,11.5
7,Wet,Anti-lock braking,14
7,Good,ABS,9.5
5,Slippery,Nothing,10.9
3,Good,ABS,4.2
4,Wet,ABS,7.6
4,Dry,None,5.4
4,Good,ABS,5
4,Good,None,6.6
6,Slippery,None,10
4,Wet,Anti-lock braking,7.8
4,Wet,ABS,8.4
4,Slippery,Nil,6.7
7,Good,None,12.3
4,Dry,None,5.2
3,Good,ABS,3.6
3,Wet,ABS,5
7,Good,ABS,8.9
3,Wet,Nil,5.5
4,Good,Nothing,6.3
6,Good,ABS,7.6
7,Wet,ABS,11.8
6,Wet,ABS,9.5
3,Dry,ABS,4.1
6,Good,Nil,8.3
3,Slippery,None,4.7
5,Wet,None,10.5
6,Good,Nothing,9.8
6,Wet,Nothing,13
4,Dry,ABS,5.3
4,Good,Nil,6.5
4,Dry,Nil,6.5
6,Dry,ABS,7.8
3,Wet,None,5.8
7,Good,ABS,9.2
5,Good,None,6
7,Dry,Nothing,11.6
4,Good,ABS,5.3
7,Dry,ABS,9.2
4,Wet,Nothing,8
7,Dry,None,9.7
4,Wet,Nothing,8.1
6,Wet,Nil,12.4
4,Good,Anti-lock braking,5.3
6,Good,ABS,8.2
5,Wet,ABS,10.1
4,Wet,Nil,7.9
3,Dry,ABS,3.8
3,Dry,None,5.1
7,Wet,None,14.3
6,Wet,Anti-lock braking,10
4,Dry,ABS,5.6
5,Dry,ABS,6.3
7,Wet,ABS,12.5
6,Good,ABS,7.7
6,Slippery,Nil,9.8
4,Wet,ABS,8.3
5,Dry,Nil,6.6
3,Wet,ABS,4.7
3,Dry,ABS,4
6,Good,ABS,7.5
3,Good,Nothing,4.5
6,Dry,None,10.1
3,Wet,ABS,4.8
3,Dry,ABS,4.1
3,Good,ABS,4
7,Dry,None,10
3,Dry,Anti-lock braking,3.9
3,Slippery,Anti-lock braking,5.3
4,Good,ABS,5.6
5,Wet,None,10.3
4,Dry,Nil,6.5
7,Wet,Anti-lock braking,13.5
4,Wet,ABS,8.5
5,Good,None,6.8
5,Slippery,Nothing,9.7
4,Good,ABS,4.9
3,Dry,ABS,4.2
6,Wet,Anti-lock braking,9.4
6,Good,None,7.8
7,Good,ABS,10
6,Wet,Nothing,11.7
4,Slippery,ABS,6.6
4,Wet,ABS,7.8
4,Good,Nil,6.5
5,Dry,None,6.4
5,Slippery,ABS,7.7
5,Good,ABS,6.6
4,Wet,Anti-lock braking,7.7
5,Good,ABS,6.9
4,Wet,ABS,7.8
7,Good,Nothing,11.5
6,Slippery,ABS,11.2
5,Wet,ABS,10.8
3,Wet,ABS,4.8
4,Wet,None,8
3,Good,ABS,3.3
5,Dry,ABS,6.5
4,Dry,ABS,5.4
5,Good,None,6.4
4,Dry,ABS,5.6
6,Good,Nothing,10
3,Wet,None,5.9
3,Dry,None,4.8
4,Slippery,None,8.1
6,Slippery,ABS,9.9
4,Dry,ABS,5.3
3,Dry,Nothing,4.9
3,Wet,ABS,4.9
7,Wet,Nothing,14.2
4,Wet,ABS,7.7
5,Good,ABS,6.6
6,Wet,Anti-lock braking,10.3
3,Good,None,4.4
6,Good,None,8.8
6,Wet,ABS,10.7
4,Slippery,ABS,6.6
4,Dry,Nil,7.1
6,Dry,None,10.2
6,Slippery,ABS,10.1
7,Wet,ABS,12.1
6,Wet,ABS,10.6
6,Good,ABS,7.5
5,Slippery,None,8.5
5,Dry,Nil,6.5
5,Slippery,None,8.5
3,Dry,None,5
7,Wet,ABS,11.2
5,Good,Anti-lock braking,7
7,Wet,ABS,10.7
4,Slippery,Anti-lock braking,7.1
7,Wet,Anti-lock braking,14.5
7,Good,Anti-lock braking,10.1
3,Dry,ABS,4.2
6,Dry,ABS,7.5
6,Wet,None,9.4
4,Dry,ABS,5.2
5,Wet,None,9.8
6,Good,ABS,7.8
6,Dry,ABS,8.2
4,Wet,ABS,8.8
6,Dry,None,9.8
6,Dry,ABS,7.6
6,Dry,None,10.2
5,Slippery,ABS,8.6
3,Slippery,None,4.9
3,Wet,ABS,4.7
5,Wet,Nil,10
6,Dry,ABS,8.4
7,Wet,ABS,11.3
5,Wet,Anti-lock braking,9.9
4,Slippery,None,7.7
5,Slippery,Anti-lock braking,8.3
3,Good,ABS,4.1
3,Slippery,Nil,5.2
3,Good,None,3.8
5,Good,Nil,8
6,Slippery,None,10.6
5,Dry,ABS,6.7
5,Wet,ABS,9.9
3,Good,ABS,4.3
4,Dry,ABS,5.2
4,Slippery,None,8
4,Slippery,ABS,7.2
6,Dry,None,10.5
4,Dry,Anti-lock braking,5.3
4,Dry,ABS,5.4
7,Wet,ABS,12.6
6,Slippery,Anti-lock braking,9.5
5,Good,Anti-lock braking,6.9
4,Dry,ABS,5.7
5,Dry,ABS,6.5
3,Wet,Anti-lock braking,5.2
5,Good,Anti-lock braking,6.8
7,Good,Nothing,11.8
6,Good,ABS,7.9
3,Good,Nil,4.2
7,Slippery,Anti-lock braking,12.1
7,Wet,ABS,11.9
3,Good,ABS,4.2
7,Good,ABS,9.7
5,Slippery,Nil,8.5
4,Wet,Nil,7.8
3,Dry,ABS,3.9
3,Dry,ABS,4.1
7,Slippery,None,11.5
6,Wet,ABS,10
3,Wet,ABS,5.4
4,Slippery,ABS,6.5
4,Slippery,None,8.1
7,Wet,Nothing,14.3
4,Dry,None,5.5
7,Good,Nothing,11.7
5,Dry,ABS,6.6
7,Wet,ABS,11.8
4,Wet,ABS,8.2
5,Wet,ABS,10
3,Slippery,Nil,5
5,Wet,Nothing,10.5
7,Wet,Anti-lock braking,13.5
3,Wet,Nothing,6.2
3,Slippery,Nil,5
3,Good,Nothing,5.3
4,Wet,ABS,7.7
5,Good,ABS,6.7
5,Good,ABS,6.9
6,Dry,ABS,7.9
5,Good,ABS,7.1
4,Good,Anti-lock braking,5.2
6,Slippery,ABS,10
3,Wet,ABS,5.3
4,Good,ABS,5.9
4,Dry,ABS,5.8
4,Good,ABS,5.2
5,Good,Anti-lock braking,6.5
3,Good,ABS,4
7,Dry,ABS,9.5
4,Wet,Nil,7.3
4,Good,Nothing,6.5
4,Good,ABS,5.4
4,Good,Nil,7.1
6,Dry,Anti-lock braking,8
4,Wet,Nil,8.8
6,Good,Nothing,9.9
4,Wet,ABS,7.8
6,Slippery,Nothing,10.2
5,Good,ABS,6.9
7,Wet,ABS,11.5
7,Dry,ABS,8.9
4,Good,ABS,5.2
6,Wet,None,10
3,Slippery,Nothing,4.8
4,Dry,ABS,5
4,Good,ABS,5.7
7,Wet,None,14.3
5,Wet,None,9.9
3,Wet,ABS,5.6
6,Wet,ABS,9.8
5,Good,None,7
6,Wet,Nil,12.1
5,Wet,Anti-lock braking,10.1
4,Good,ABS,5.4
5,Dry,ABS,6.5
3,Good,ABS,3.9
5,Wet,Nothing,10.2
5,Wet,ABS,9.8
3,Wet,ABS,4.7
3,Good,ABS,4.1
5,Slippery,ABS,8.7
6,Wet,None,9.7
5,Wet,None,10.2
3,Wet,Nil,6.5
6,Good,ABS,8.2
5,Good,ABS,7.1
3,Slippery,ABS,5
7,Good,ABS,9.3
3,Dry,ABS,3.9
5,Slippery,Nil,7.9
7,Slippery,Anti-lock braking,11.6
3,Dry,ABS,4
6,Slippery,Nothing,9.8
6,Wet,ABS,9.6
4,Slippery,None,7.8
5,Wet,ABS,10.5
4,Dry,ABS,5.9
5,Slippery,Nil,8.1
6,Good,Nothing,9.9
4,Wet,None,8
4,Slippery,None,8.1
4,Dry,ABS,5
6,Dry,None,10.1
4,Dry,Nil,6.1
6,Good,Nothing,10.2
3,Good,None,4.2
7,Dry,Anti-lock braking,9.2
6,Good,Nothing,10.1
4,Good,None,6.7
6,Wet,ABS,9.6
4,Wet,ABS,7.7
3,Dry,Nothing,5.3
6,Slippery,Nil,10.5
4,Good,ABS,5
5,Good,ABS,6.5
7,Slippery,ABS,11.5
7,Slippery,None,11.6
3,Good,ABS,4.1
5,Dry,ABS,6.8
3,Good,None,4.2
6,Dry,ABS,8
4,Dry,None,5.2
7,Wet,ABS,11.2
5,Wet,Nil,10.3
6,Wet,Nothing,12.7
6,Good,ABS,8.4
6,Good,Nothing,10.5
5,Good,ABS,6.6
5,Wet,None,10.2
5,Slippery,ABS,8.7
4,Wet,ABS,8.1
6,Wet,Anti-lock braking,9.6
3,Slippery,None,5
7,Slippery,Nothing,11.6
7,Good,ABS,8.7
7,Good,ABS,9.6
7,Dry,ABS,9.1
4,Slippery,Anti-lock braking,6.7
6,Dry,None,9.6
5,Good,Anti-lock braking,6.6
7,Good,ABS,10.2
4,Slippery,Anti-lock braking,6.8
6,Good,ABS,8
6,Good,None,8.1
5,Good,Nil,8.5
5,Slippery,Anti-lock braking,8.3
3,Wet,Anti-lock braking,4.8
4,Dry,ABS,4.8
4,Dry,ABS,5.1
7,Good,None,11.9
