target,best_iter,score
5-alpha_reductase_inhibitor,436,0.0053409834071593415
11-beta-hsd1_inhibitor,31,0.006273256937262233
acat_inhibitor,0,0.008117431070352366
acetylcholine_receptor_agonist,114,0.04525756038615437
acetylcholine_receptor_antagonist,113,0.0652547866263269
acetylcholinesterase_inhibitor,34,0.020739623621081716
adenosine_receptor_agonist,140,0.015821488020247004
adenosine_receptor_antagonist,51,0.02600772060031084
adenylyl_cyclase_activator,498,0.0037272656308387528
adrenergic_receptor_agonist,696,0.05622394032500932
adrenergic_receptor_antagonist,164,0.07561799036318327
akt_inhibitor,458,0.015102757192795978
aldehyde_dehydrogenase_inhibitor,62,0.0030399463134681247
alk_inhibitor,32,0.012757178415735232
ampk_activator,18,0.004576117063854817
analgesic,71,0.004532383874003105
androgen_receptor_agonist,28,0.014388649848107608
androgen_receptor_antagonist,35,0.024478223820825717
anesthetic_-_local,51,0.02218324673951311
angiogenesis_inhibitor,13,0.011412692659555329
angiotensin_receptor_antagonist,25,0.01154484857869907
anti-inflammatory,130,0.02001779199781892
antiarrhythmic,50,0.0027181100237730848
antibiotic,6,0.013456310753075884
anticonvulsant,10,0.0046227444628408445
antifungal,35,0.004791118959437019
antihistamine,14,0.004596012484411663
antimalarial,10,0.006362358534911543
antioxidant,86,0.020528959264522792
antiprotozoal,29,0.01133837268842502
antiviral,38,0.007743050076431371
apoptosis_stimulant,28,0.014842433067430029
aromatase_inhibitor,99,0.014017929203142336
atm_kinase_inhibitor,56,0.0027168702024186597
atp-sensitive_potassium_channel_antagonist,0,0.001074296563869799
atp_synthase_inhibitor,310,0.0030082535085408603
atpase_inhibitor,201,0.022621295711998033
atr_kinase_inhibitor,110,0.005742460153496736
aurora_kinase_inhibitor,695,0.01384637792774799
autotaxin_inhibitor,56,0.00271854665833539
bacterial_30s_ribosomal_subunit_inhibitor,48,0.017455056444524466
bacterial_50s_ribosomal_subunit_inhibitor,322,0.021405862701244928
bacterial_antifolate,162,0.010723200990230674
bacterial_cell_wall_synthesis_inhibitor,63,0.04612297301528496
bacterial_dna_gyrase_inhibitor,142,0.02360141916793788
bacterial_dna_inhibitor,130,0.029862895156923263
bacterial_membrane_integrity_inhibitor,249,0.002953652559371836
bcl_inhibitor,424,0.009357365402642726
bcr-abl_inhibitor,97,0.011450683927942702
benzodiazepine_receptor_agonist,111,0.01900185445856243
beta_amyloid_inhibitor,0,0.008090573917556312
bromodomain_inhibitor,212,0.014338161426213913
btk_inhibitor,322,0.008864123609127987
calcineurin_inhibitor,56,0.002717357220436204
calcium_channel_blocker,305,0.0619815141872748
cannabinoid_receptor_agonist,42,0.012943716829172471
cannabinoid_receptor_antagonist,13,0.016396996181939898
carbonic_anhydrase_inhibitor,18,0.011466452962260336
casein_kinase_inhibitor,23,0.011421244650617038
caspase_activator,60,0.006364123700695009
catechol_o_methyltransferase_inhibitor,22,0.004612168997127766
cc_chemokine_receptor_antagonist,70,0.027211990815602192
cck_receptor_antagonist,44,0.006328101341926958
cdk_inhibitor,899,0.022264920584675635
chelating_agent,30,0.01607718827804523
chk_inhibitor,685,0.004983237788108137
chloride_channel_blocker,36,0.012915044151785019
cholesterol_inhibitor,78,0.014326953355198985
cholinergic_receptor_antagonist,14,0.016041187260448946
coagulation_factor_inhibitor,47,0.002717530873487931
corticosteroid_agonist,167,0.009026545363850228
cyclooxygenase_inhibitor,303,0.08641384230447555
cytochrome_p450_inhibitor,28,0.02803763432038398
dihydrofolate_reductase_inhibitor,622,0.008722065025850234
dipeptidyl_peptidase_inhibitor,14,0.008265296495976958
diuretic,56,0.0027169181095523525
dna_alkylating_agent,112,0.01412318874235185
dna_inhibitor,289,0.07980751184590278
dopamine_receptor_agonist,55,0.03155960550664379
dopamine_receptor_antagonist,350,0.08407345007122548
egfr_inhibitor,972,0.02163755182440674
elastase_inhibitor,47,0.002716821286581951
erbb2_inhibitor,0,0.0010742431533878796
estrogen_receptor_agonist,109,0.03862985414876738
estrogen_receptor_antagonist,295,0.014014459943822569
faah_inhibitor,66,0.010509026088873427
farnesyltransferase_inhibitor,717,0.00383676617836072
fatty_acid_receptor_agonist,25,0.008206699628581888
fgfr_inhibitor,127,0.011720545134419095
flt3_inhibitor,849,0.027786032362023757
focal_adhesion_kinase_inhibitor,549,0.0038071772898846086
free_radical_scavenger,8,0.006325708302503202
fungal_squalene_epoxidase_inhibitor,59,0.007587140132467233
gaba_receptor_agonist,22,0.0287243577274456
gaba_receptor_antagonist,85,0.04051307354776844
gamma_secretase_inhibitor,613,0.01060899274992304
glucocorticoid_receptor_agonist,287,0.015203687373838327
glutamate_inhibitor,5,0.0049698864241119346
glutamate_receptor_agonist,37,0.02095614834533911
glutamate_receptor_antagonist,159,0.07695748026933477
gonadotropin_receptor_agonist,22,0.006305936856651291
gsk_inhibitor,568,0.011703657786014624
hcv_inhibitor,19,0.020616264717443607
hdac_inhibitor,814,0.010871983552590647
histamine_receptor_agonist,141,0.016997456484045877
histamine_receptor_antagonist,130,0.054689151741120205
histone_lysine_demethylase_inhibitor,741,0.0052423934731119295
histone_lysine_methyltransferase_inhibitor,271,0.009435553988511557
hiv_inhibitor,27,0.020329579319277404
hmgcr_inhibitor,994,0.011637386680735488
hsp_inhibitor,702,0.00771023626413174
igf-1_inhibitor,540,0.009229523066658687
ikk_inhibitor,333,0.00765266372864119
imidazoline_receptor_agonist,12,0.010052393139950629
immunosuppressant,130,0.01891352182844597
insulin_secretagogue,51,0.009584653027532353
insulin_sensitizer,147,0.012962468696914932
integrin_inhibitor,22,0.013012178620913395
jak_inhibitor,648,0.015251490489348823
kit_inhibitor,576,0.02099883853472317
laxative,47,0.0027191760764878285
leukotriene_inhibitor,47,0.002718236374503894
leukotriene_receptor_antagonist,29,0.018046684097090326
lipase_inhibitor,17,0.004600878696655167
lipoxygenase_inhibitor,23,0.017912471653540273
lxr_agonist,47,0.0027166828174181837
mdm_inhibitor,567,0.006544450907211175
mek_inhibitor,561,0.010345765062919302
membrane_integrity_inhibitor,68,0.020292075524157998
mineralocorticoid_receptor_antagonist,21,0.008353997426640206
monoacylglycerol_lipase_inhibitor,29,0.004604633176602388
monoamine_oxidase_inhibitor,89,0.0231367417418257
monopolar_spindle_1_kinase_inhibitor,379,0.0057668256425721575
mtor_inhibitor,736,0.01665505676157343
mucolytic_agent,93,0.013824039285150412
neuropeptide_receptor_antagonist,28,0.011661505302281883
nfkb_inhibitor,650,0.03252833766881941
nicotinic_receptor_agonist,56,0.0027181553965722007
nitric_oxide_donor,31,0.008518075162141916
nitric_oxide_production_inhibitor,20,0.004601828134481276
nitric_oxide_synthase_inhibitor,29,0.008584564607017356
norepinephrine_reuptake_inhibitor,29,0.0030376952652762467
nrf2_activator,101,0.006181107413237266
opioid_receptor_agonist,34,0.017871683288458128
opioid_receptor_antagonist,32,0.02619047187912152
orexin_receptor_antagonist,12,0.011703389116597965
p38_mapk_inhibitor,426,0.011274937827319876
p-glycoprotein_inhibitor,1,0.00806056051386189
parp_inhibitor,105,0.01723952894960857
pdgfr_inhibitor,726,0.0219052280756184
pdk_inhibitor,2,0.006397369150173656
phosphodiesterase_inhibitor,176,0.058538990635347427
phospholipase_inhibitor,26,0.00814788157882795
pi3k_inhibitor,572,0.028347425581794407
pkc_inhibitor,13,0.01009610696204849
potassium_channel_activator,78,0.015865670374925468
potassium_channel_antagonist,143,0.026363293244606473
ppar_receptor_agonist,291,0.024932548184534616
ppar_receptor_antagonist,33,0.009624424791582889
progesterone_receptor_agonist,281,0.02876499324437426
progesterone_receptor_antagonist,84,0.006209579029017937
prostaglandin_inhibitor,27,0.011228453881035013
prostanoid_receptor_antagonist,23,0.023406176674556415
proteasome_inhibitor,995,0.0024938359745736932
protein_kinase_inhibitor,14,0.014570763016398348
protein_phosphatase_inhibitor,56,0.002717143965469367
protein_synthesis_inhibitor,85,0.02633391689054381
protein_tyrosine_kinase_inhibitor,3,0.006661041980709787
radiopaque_medium,58,0.01625246914353951
raf_inhibitor,934,0.007761363996250133
ras_gtpase_inhibitor,11,0.0046112955222634925
retinoid_receptor_agonist,607,0.011363231844325365
retinoid_receptor_antagonist,50,0.002716599190104738
rho_associated_kinase_inhibitor,619,0.008295293025270664
ribonucleoside_reductase_inhibitor,393,0.009195991262903717
rna_polymerase_inhibitor,11,0.00856717482140993
serotonin_receptor_agonist,76,0.05435127435663853
serotonin_receptor_antagonist,357,0.08162803303825943
serotonin_reuptake_inhibitor,28,0.013531609953745928
sigma_receptor_agonist,19,0.011429683621178702
sigma_receptor_antagonist,85,0.011252034364623697
smoothened_receptor_antagonist,15,0.008336979487962935
sodium_channel_inhibitor,81,0.06028826610835364
sphingosine_receptor_agonist,23,0.008200900246612672
src_inhibitor,448,0.01702558014145641
steroid,56,0.0027173704904466076
syk_inhibitor,36,0.006476276727259894
tachykinin_antagonist,43,0.01737723380247509
tgf-beta_receptor_inhibitor,421,0.0036745642554653537
thrombin_inhibitor,51,0.0064772042934792
thymidylate_synthase_inhibitor,18,0.011671285111364869
tlr_agonist,17,0.009741827959311266
tlr_antagonist,31,0.0030311615491199527
tnf_inhibitor,39,0.011098519341479228
topoisomerase_inhibitor,693,0.01667375794337462
transient_receptor_potential_channel_antagonist,8,0.006376121989885408
tropomyosin_receptor_kinase_inhibitor,56,0.0027180547525773435
trpv_agonist,76,0.00798388321646459
trpv_antagonist,26,0.014451392498472111
tubulin_inhibitor,929,0.0229472112783697
tyrosine_kinase_inhibitor,31,0.020838097006840257
ubiquitin_specific_protease_inhibitor,56,0.0027194282074817708
vegfr_inhibitor,353,0.02942849234756666
vitamin_b,22,0.008582917361118695
vitamin_d_receptor_agonist,941,0.00567844760016137
wnt_inhibitor,23,0.009710119887278363
