{"id": "p65j-3upu", "name": "Commercial Credit Exposure by Counterparty Rating", "assetType": "dataset", "attribution": "World Bank Group", "averageRating": 0, "category": "Other", "createdAt": 1305826803, "description": "Provides data on investment commercial credit exposure for IBRD and IDA. The values are shown net of collateral held. For IBRD, the decrease in credit exposure in FY2010 reflects a decrease in the size of the IBRD investment program due to decrease in liquidity held and a relatively smaller decrease in IBRD's net swap exposure.", "displayType": "table", "downloadCount": 1395, "hideFromCatalog": false, "hideFromDataJson": false, "indexUpdatedAt": 1472843615, "licenseId": "CC_30_BY_IGO", "newBackend": true, "numberOfComments": 0, "oid": 22108206, "provenance": "official", "publicationAppendEnabled": false, "publicationDate": 1467478568, "publicationGroup": 236232, "publicationStage": "published", "rowClass": "", "rowsUpdatedAt": 1467478551, "rowsUpdatedBy": "6amf-nhwg", "tableId": 11680491, "totalTimesRated": 0, "viewCount": 4898, "viewLastModified": 1493218513, "viewType": "tabular", "approvals": [{"reviewedAt": 1467478568, "reviewedAutomatically": true, "state": "approved", "submissionId": 302371, "submissionObject": "public_audience_request", "submissionOutcome": "change_audience", "submittedAt": 1467478568, "workflowId": 569, "submissionDetails": {"permissionType": "READ"}, "submissionOutcomeApplication": {"failureCount": 0, "status": "success"}, "submitter": {"id": "6amf-nhwg", "displayName": "Maxim Rusaev"}}], "columns": [{"id": 261521457, "name": "Organization", "dataTypeName": "text", "description": "World Bank Organization", "fieldName": "organization", "position": 1, "renderTypeName": "text", "tableColumnId": 1471068, "width": 152, "cachedContents": {"largest": "IDA", "non_null": 110, "null": 0, "top": [{"item": "IBRD", "count": 20}, {"item": "IDA", "count": 19}], "smallest": "IBRD"}, "format": {"align": "left"}}, {"id": 261521458, "name": "Period End Date", "dataTypeName": "calendar_date", "description": "Indicates the As of Date", "fieldName": "period_end_date", "position": 2, "renderTypeName": "calendar_date", "tableColumnId": 1471069, "width": 172, "cachedContents": {"largest": "2015-06-30T00:00:00", "non_null": 110, "null": 0, "top": [{"item": "2010-06-30T00:00:00", "count": 20}, {"item": "2011-06-30T00:00:00", "count": 19}, {"item": "2012-06-30T00:00:00", "count": 18}, {"item": "2013-06-30T00:00:00", "count": 17}, {"item": "2014-06-30T00:00:00", "count": 16}, {"item": "2015-06-30T00:00:00", "count": 15}], "smallest": "2010-06-30T00:00:00"}, "format": {"view": "date", "align": "left"}}, {"id": 261521459, "name": "Category", "dataTypeName": "text", "description": "Category of instrument securities", "fieldName": "category", "position": 3, "renderTypeName": "text", "tableColumnId": 1471070, "width": 196, "cachedContents": {"largest": "Sovereigns", "non_null": 110, "null": 0, "top": [{"item": "Agencies, ABS, Corporates and Time Deposites", "count": 20}, {"item": "Net Swap Exposure", "count": 19}, {"item": "Sovereigns", "count": 18}, {"item": "Agencies, Commercial Paper, ABS, Corporates and Time Deposites", "count": 17}, {"item": "Agencies, ABS, Swaps, Corporates and Time Deposites", "count": 16}], "smallest": "Agencies, ABS, Corporates and Time Deposites"}, "format": {"align": "left"}}, {"id": 261521460, "name": "Counterparty Rating", "dataTypeName": "text", "description": "Shows counterparty rating ", "fieldName": "counterparty_rating", "position": 4, "renderTypeName": "text", "tableColumnId": 1471071, "width": 162, "cachedContents": {"largest": "CCC", "non_null": 110, "null": 0, "top": [{"item": "AAA", "count": 20}, {"item": "AA", "count": 19}, {"item": "A", "count": 18}, {"item": "BBB", "count": 17}, {"item": "BB", "count": 16}, {"item": "BB or lower", "count": 15}, {"item": "B", "count": 14}, {"item": "CCC", "count": 13}, {"item": "BB or below", "count": 12}, {"item": "BBB or below", "count": 11}], "smallest": "A"}, "format": {"align": "left"}}, {"id": 261521461, "name": "Amount (US$, millions)", "dataTypeName": "number", "description": "Amount in millions of US Dollars.", "fieldName": "amount_us_millions", "position": 5, "renderTypeName": "number", "tableColumnId": 1472715, "width": 172, "cachedContents": {"largest": "18223", "non_null": 110, "average": "3774.254545454545", "null": 0, "top": [{"item": "4", "count": 20}, {"item": "2", "count": 19}, {"item": "5", "count": 18}, {"item": "3507", "count": 17}, {"item": "3969", "count": 16}, {"item": "2732", "count": 15}, {"item": "2313", "count": 14}, {"item": "8", "count": 13}, {"item": "12802", "count": 12}, {"item": "8456", "count": 11}, {"item": "170", "count": 10}, {"item": "102", "count": 9}, {"item": "4175", "count": 8}, {"item": "4152", "count": 7}, {"item": "1192", "count": 6}, {"item": "9", "count": 5}, {"item": "12246", "count": 4}, {"item": "9762", "count": 3}, {"item": "507", "count": 2}, {"item": "218", "count": 1}], "smallest": "1", "sum": "415168"}, "format": {"precisionStyle": "standard", "noCommas": "false", "precision": "0", "align": "left"}}], "grants": [{"inherited": false, "type": "viewer", "flags": ["public"]}], "license": {"name": "Creative Commons Attribution 3.0 IGO", "logoUrl": "images/licenses/cc30by.png", "termsLink": "https://creativecommons.org/licenses/by/3.0/igo/legalcode"}, "metadata": {"rdfSubject": "0", "rdfClass": "", "custom_fields": {"Additional Information": {"Type": "Time Series", "Language": "English", "Update Schedule": "September", "Periodicity": "Annual", "Update Frequency": "Annually", "Economy Coverage": "World", "Granularity": "Other", "General Access Options": "Query tool; API; Bulk download", "Source": "World Bank Group", "Range Column": "period_end_date"}, "Data As Of": {"Data As Of": "06/30/2015"}}, "rowIdentifier": "0", "availableDisplayTypes": ["table", "fatrow", "page"], "rowLabel": "Row", "renderTypeConfig": {"visible": {"table": true}}}, "owner": {"id": "tap8-m577", "displayName": "World Bank Group Finances", "profileImageUrlLarge": "/api/users/tap8-m577/profile_images/LARGE", "profileImageUrlMedium": "/api/users/tap8-m577/profile_images/THUMB", "profileImageUrlSmall": "/api/users/tap8-m577/profile_images/TINY", "screenName": "World Bank Group Finances", "type": "interactive", "flags": ["acceptedEula", "mayBeStoriesCoOwner"]}, "query": {"orderBys": [{"ascending": true, "expression": {"columnId": 261521457, "type": "column"}}, {"ascending": true, "expression": {"columnId": 261521458, "type": "column"}}, {"ascending": true, "expression": {"columnId": 261521459, "type": "column"}}]}, "rights": ["read"], "tableAuthor": {"id": "tap8-m577", "displayName": "World Bank Group Finances", "profileImageUrlLarge": "/api/users/tap8-m577/profile_images/LARGE", "profileImageUrlMedium": "/api/users/tap8-m577/profile_images/THUMB", "profileImageUrlSmall": "/api/users/tap8-m577/profile_images/TINY", "screenName": "World Bank Group Finances", "type": "interactive", "flags": ["acceptedEula", "mayBeStoriesCoOwner"]}, "tags": ["ibrd", "ida"], "flags": ["default", "ownerMayBeContacted", "restorable", "restorePossibleForType"]}