Carimbo de data/hora,4 últimos números do seu telefone,"Escolha até 3 dos produtos abaixo, respeitando o seu perfil de consumidor",Selecione a sua forma de pagamento.
16/10/2021 12:21:14,4592,Tênis M - R$ 349.99,Pix
16/10/2021 12:22:25,4592,"Sapatênis M - R$ 289.99, Sandália M - R$ 139.99, Sapato M Social Couro - R$ 189.99",Pix
16/10/2021 12:26:57,7002,"Promoção Tênis M Corrida - de R$ 329.99 por R$ 249.99, Sapato M Social Amarrar - R$  69.99, Sapato M Social Liso - R$  71.99",Crédito à vista
16/10/2021 12:27:12,4996,Sapato M Social Liso - R$  71.99,Pix
16/10/2021 12:27:42,0173,Sandália F - R$  59.90,Pix
16/10/2021 12:29:44,6017,Promoção Tênis M Corrida - de R$ 329.99 por R$ 249.99,Crédito à vista
16/10/2021 12:33:28,8856,"Promoção Bota F Cano Longo - De R$ 499.90 por R$ 349.90, Sandália F - R$  59.90, Tênis F - R$ 169.90",Crédito 2x sem juros
16/10/2021 13:27:59,6705,"Promoção Tênis M Corrida - de R$ 329.99 por R$ 249.99, Bota M - R$ 229.99",Crédito à vista
16/10/2021 13:39:06,9202,"Promoção Tênis M Corrida - de R$ 329.99 por R$ 249.99, Sapatênis M - R$ 289.99, Tênis M - R$ 349.99",Pix
16/10/2021 16:27:05,4592,Promoção Bota M - de R$ 399.99 por R$ 299.99,Crédito 2x sem juros
16/10/2021 16:59:32,8884,"Promoção Tênis M Corrida - de R$ 329.99 por R$ 249.99, Tênis M - R$ 349.99, Tênis M - R$ 189.99",Crédito 2x sem juros
16/10/2021 17:21:41,9928,"Promoção Tênis M Corrida - de R$ 329.99 por R$ 249.99, Bota M - R$ 229.99, Tênis M - R$ 349.99",Crédito 3 ou mais vezes com juros
16/10/2021 19:25:15,9043,Promoção Tênis M Corrida - de R$ 329.99 por R$ 249.99,Crédito 2x sem juros
16/10/2021 22:15:18,8856,Bota F - R$ 490.00,Crédito 2x sem juros
17/10/2021 20:18:57,8443,Promoção Bota M - de R$ 399.99 por R$ 299.99,Crédito 2x sem juros
17/10/2021 20:19:50,4612,Promoção Tênis M Corrida - de R$ 329.99 por R$ 249.99,Pix
17/10/2021 21:32:38,0173,Sandália F - R$  59.90,Pix
18/10/2021 15:24:02,7373,"Sandália F Salto - R$ 420.00, Sandália F - R$ 1390.00, Scarpin F - R$ 390.00",Crédito 3 ou mais vezes com juros
18/10/2021 20:43:26,7002,"Promoção Bota M - de R$ 399.99 por R$ 299.99, Sapatênis M - R$ 289.99",Crédito à vista
18/10/2021 20:46:05,5891,"Bota M - R$ 229.99, Sapatênis M - R$ 119.99, Tênis M - R$ 189.99",Boleto
19/10/2021 21:02:11,2472,Sapato M Social Couro - R$ 189.99,Crédito à vista
23/10/2021 19:50:27,1234,"Bota F Montaria - R$ 950.00, Bota F - R$ 490.00",Crédito 3 ou mais vezes com juros
23/10/2021 19:50:49,5473,"Sandália F Salto - R$ 420.00, Scarpin F - R$ 390.00",Crédito 3 ou mais vezes com juros
23/10/2021 19:51:05,9874,Tênis F Corrida - R$ 249.90,Pix
23/10/2021 19:51:17,1478,Tênis M - R$ 349.99,Crédito à vista
23/10/2021 19:51:30,1478,Bota M - R$ 229.99,Crédito 2x sem juros
23/10/2021 19:51:38,1478,Promoção Bota M - de R$ 399.99 por R$ 299.99,Crédito à vista
23/10/2021 19:51:47,3698,Mocassim F - R$ 209.90,Crédito 3 ou mais vezes com juros
23/10/2021 19:51:58,4567,Tênis M - R$ 189.99,Crédito à vista
23/10/2021 19:52:07,4567,Sapato M Social Liso - R$  71.99,Pix
23/10/2021 19:52:17,8520,"Promoção Mocassim F - De R$ 259.90 por R$ 179.90, Mocassim F - R$ 209.90",Crédito 3 ou mais vezes com juros
23/10/2021 19:52:29,6540,Sandália F Salto - R$ 420.00,Crédito 2x sem juros
23/10/2021 19:52:38,7530,Promoção Tênis M Corrida - de R$ 329.99 por R$ 249.99,Crédito à vista
23/10/2021 19:57:20,8526,"Bota F Montaria - R$ 950.00, Bota F - R$ 490.00, Bota F - R$ 279.90",Crédito 3 ou mais vezes com juros
23/10/2021 19:57:29,9854,"Promoção Bota F Cano Longo - De R$ 499.90 por R$ 349.90, Bota F Montaria - R$ 950.00",Crédito 3 ou mais vezes com juros
23/10/2021 19:57:44,4568,"Promoção Tênis M Corrida - de R$ 329.99 por R$ 249.99, Tênis F Corrida - R$ 249.90",Crédito à vista
23/10/2021 19:57:54,1234,Sandália F Salto - R$ 420.00,Pix
23/10/2021 19:58:03,9874,Bota F - R$ 490.00,Crédito 3 ou mais vezes com juros
23/10/2021 19:58:14,5821,Bota F Montaria - R$ 950.00,Pix
23/10/2021 19:58:23,7168,Mocassim F - R$ 209.90,Crédito 2x sem juros
23/10/2021 19:58:36,4892,Scarpin F - R$ 259.90,Pix
28/10/2021 17:44:32,1775,"Promoção Tênis M Corrida - de R$ 329.99 por R$ 249.99, Sandália F - R$  59.90, Tênis F - R$ 179.90",Crédito 3 ou mais vezes com juros
29/10/2021 20:22:47,3190,"Promoção Tênis M Corrida - de R$ 329.99 por R$ 249.99, Sapatênis M - R$ 289.99, Sapato M Social Couro - R$ 189.99",Boleto
29/10/2021 20:22:53,3008,"Promoção Mocassim F - De R$ 259.90 por R$ 179.90, Promoção Bota M - de R$ 399.99 por R$ 299.99",Pix
29/10/2021 20:23:13,0607,"Promoção Tênis M Corrida - de R$ 329.99 por R$ 249.99, Promoção Bota M - de R$ 399.99 por R$ 299.99, Tênis M - R$ 189.99",Pix
29/10/2021 20:23:15,3531,"Promoção Bota M - de R$ 399.99 por R$ 299.99, Bota M - R$ 229.99, Tênis M - R$ 189.99",Crédito 2x sem juros
29/10/2021 20:23:23,6379,"Promoção Bota M - de R$ 399.99 por R$ 299.99, Bota M - R$ 229.99, Sapato M Social Couro - R$ 189.99",Pix
29/10/2021 20:23:31,3008,Bota F Montaria - R$ 950.00,Boleto
29/10/2021 20:23:34,7421,"Sapatênis M - R$ 119.99, Tênis M - R$ 349.99, Tênis M - R$ 189.99",Crédito à vista
29/10/2021 20:23:38,8552,"Promoção Tênis M Corrida - de R$ 329.99 por R$ 249.99, Promoção Bota M - de R$ 399.99 por R$ 299.99, Tênis M - R$ 189.99",Pix
29/10/2021 20:23:43,3488,"Promoção Tênis M Corrida - de R$ 329.99 por R$ 249.99, Bota M - R$ 229.99, Sapato M Social Couro - R$ 189.99",Crédito à vista
29/10/2021 20:23:56,3135,"Promoção Tênis M Corrida - de R$ 329.99 por R$ 249.99, Tênis F Corrida - R$ 1499.90, Sapatênis M - R$ 119.99",Crédito 2x sem juros
29/10/2021 20:24:00,3008,Bota M - R$ 229.99,Pix
29/10/2021 20:24:17,3877,"Promoção Bota M - de R$ 399.99 por R$ 299.99, Bota M - R$ 229.99",Crédito 2x sem juros
29/10/2021 20:24:19,9246,"Promoção Bota M - de R$ 399.99 por R$ 299.99, Sapato M Social Amarrar - R$  69.99, Tênis M - R$ 189.99",Crédito 2x sem juros
29/10/2021 20:24:22,8471,"Promoção Tênis M Corrida - de R$ 329.99 por R$ 249.99, Promoção Bota M - de R$ 399.99 por R$ 299.99, Bota M - R$ 229.99",Pix
29/10/2021 20:24:38,3488,"Sapatênis M - R$ 119.99, Tênis M - R$ 349.99, Tênis M - R$ 189.99",Crédito 2x sem juros
29/10/2021 20:24:41,6598,"Promoção Tênis M Corrida - de R$ 329.99 por R$ 249.99, Promoção Bota M - de R$ 399.99 por R$ 299.99, Tênis F Corrida - R$ 1499.90",Pix
29/10/2021 20:25:02,8729,"Promoção Tênis M Corrida - de R$ 329.99 por R$ 249.99, Promoção Bota M - de R$ 399.99 por R$ 299.99, Sapatênis M - R$ 289.99",Crédito 2x sem juros
29/10/2021 20:25:55,5908,"Promoção Tênis M Corrida - de R$ 329.99 por R$ 249.99, Bota M - R$ 229.99, Sapatênis M - R$ 119.99",Crédito 2x sem juros
29/10/2021 20:25:57,1216,"Promoção Bota M - de R$ 399.99 por R$ 299.99, Tênis F Corrida - R$ 1499.90, Bota M - R$ 229.99",Crédito à vista
29/10/2021 20:26:24,3234,"Promoção Tênis M Corrida - de R$ 329.99 por R$ 249.99, Promoção Bota M - de R$ 399.99 por R$ 299.99, Tênis F - R$ 169.90",Crédito 2x sem juros
29/10/2021 20:35:09,7612,"Scarpin F - R$ 390.00, Tênis F Corrida - R$ 1499.90, Sapato M Social Liso - R$  71.99",Pix
29/10/2021 20:36:33,7612,"Promoção Bota M - de R$ 399.99 por R$ 299.99, Bota F - R$ 490.00, Bota M - R$ 229.99",Crédito 2x sem juros
29/10/2021 20:39:36,7612,"Promoção Bota F Cano Longo - De R$ 499.90 por R$ 349.90, Bota F Montaria - R$ 950.00, Bota F - R$ 279.90",Boleto
29/10/2021 20:44:02,7191,"Promoção Tênis M Corrida - de R$ 329.99 por R$ 249.99, Promoção Bota M - de R$ 399.99 por R$ 299.99, Bota M - R$ 229.99",Pix
29/10/2021 20:49:14,7191,"Sapato M Social Couro - R$ 189.99, Tênis M - R$ 349.99, Tênis M Corrida - R$ 1599.99",Pix