S_No,Condition,Condition_Desc, Price ,Location,Model_Year,Mileage,Exterior_Color,Make,Warranty,Model
0,Used,mint!!! very low miles,"11,412.00","McHenry, Illinois, United States",2013,"16,000",Black,1,Unspecified,Touring
1,Used,Perfect condition,"17,200.00","Fort Recovery, Ohio, United States",2016,60,Black,2,Vehicle has an existing warranty,Touring
2,Used,,"3,872.00","Chicago, Illinois, United States",1970,"25,763",Silver/Blue,3,Vehicle does NOT have an existing warranty,R-Series
3,Used,CLEAN TITLE   READY TO RIDE HOME,"6,575.00","Green Bay, Wisconsin, United States",2009,"33,142",Red,1,Touring,
4,Used,,"10,000.00","West Bend, Wisconsin, United States",2012,"17,800",Blue,3,NO WARRANTY,Touring
5,Used,It&#039;s a &#039;72 in good shape,"1,500.00","Watervliet, Michigan, United States",1972,0,Red,2,Vehicle does NOT have an existing warranty,Sportster
6,Used,,"24,900.00","Sterling, Illinois, United States",2010,"5,548",Grey / Red / Silver Metallic,1,Touring,
7,Used,,"1,400.00","Williamston, Michigan, United States",1975,"17,868",Black,2,Vehicle does NOT have an existing warranty,Sportster
8,Used,,"5,100.00","Palatine, Illinois, United States",2014,"2,800",Cherry Red,3,Vehicle does NOT have an existing warranty,Touring
9,Used,,"8,000.00","Chicago, Illinois, United States",2015,"3,000",Black,2,Vehicle has an existing warranty,Sportster
10,Used,,"2,125.00","Williamston, Michigan, United States",1978,30,Burgundy,2,Vehicle does NOT have an existing warranty,Touring
11,Used,,"11,100.00","Oak Park, Illinois, United States",2011,"5,800",Black,3,Vehicle does NOT have an existing warranty,Touring
12,Used,,"1,125.00","Pewaukee, Wisconsin, United States",2002,"55,000",RICH RED W/STRIPES,2,Vehicle does NOT have an existing warranty,Other
13,Used,"Overall, this bike is in good condition for it&#039;s aged. It&#039;s clearly been properly stored and ","3,550.00","Madison, Wisconsin, United States",2000,"57,898",Luxury Rich Red,2,Vehicle does NOT have an existing warranty. AS IS.,Touring
14,Used,,"5,500.00","Davenport, Iowa, United States",2008,"22,102",,3,Vehicle does NOT have an existing warranty,Touring
15,Used,,"9,000.00","Plymouth, Indiana, United States",2010,"7,792",Red,3,Vehicle does NOT have an existing warranty,Touring
16,Used,,"8,100.00","Goshen, Indiana, United States",1973,"9,305",White,2,Vehicle does NOT have an existing warranty,Other
17,Used,Absolutely perfect condition,"14,000.00","Plainfield, Indiana, United States",2016,"1,125",Blue,4,Vehicle has an existing warranty,Softail
18,Used,,"20,000.00","Bellevue, Iowa, United States",2015,"5,500",Red,1,Vehicle has an existing warranty,Touring
19,New,,"13,000.00","Des Plaines, Illinois, United States",2016,250,Black,2,Unspecified,Softail
20,New,,"10,900.00","Ottawa, Illinois, United States",2017,140,Black,2,Vehicle has an existing warranty,Touring
21,Used,IN AWESOME CONDITION. SUPER RARE.  JUST SERVICED.  NEW REAR TIRE.  SPRINGERS ARE IN HIGH DEMAND GET ,"9,999.00","Orland Park, Illinois, United States",2005,"25,405",Black,4,Softail,
22,Used,,"5,700.00","Cross Plains, Wisconsin, United States",1982,"28,888",Black &amp; Blue,2,Other,
23,Used,,"7,400.00","Watervliet, Michigan, United States",2001,"23,658",Purple,2,Vehicle does NOT have an existing warranty,Touring
24,Used,,"26,500.00","Kewanee, Illinois, United States",2016,"13,089",Black,3,Vehicle does NOT have an existing warranty,Touring
25,Used,,"9,850.00","Chicago, Illinois, United States",2003,"23,546",Blue,2,Touring,
26,Used,,"45,900.00","South Haven, Michigan, United States",2009,"40,000",Red,2,Vehicle does NOT have an existing warranty,Touring
27,Used,Almost new 2009 Harley-Davidson FLHR  Road  King     Only 3769 miles,"10,600.00","Wheeling, Illinois, United States",2009,"3,769",Red Hot Sun Glo,4,Touring,
28,Used,*2008 Harley Davidson Rocker C *Chrome Chrome and more Chrome*Alligator Bob Custom Saddle w/custom ,"12,000.00","Chicago, Illinois, United States",2008,"8,700",Burgundy,4,Vehicle does NOT have an existing warranty,Softail
