Source: World Bank (2014),Source: Bain & Company (2012)
"In the table below, usage is defined as the percentage of percentage of financial account holders who made a transaction using a mobile phone in the previous twelve months. Data is sourced from the World Bank's Global Financial Inclusion database.","In the table below, usage is defined as the percentage of people who had non-SMS mobile banking transactions in the previous three months. Data is sourced from Bain and Research Now, along with GMI NPS surveys in 2012."
Rank Country/Territory Usage in 2014 1 Botswana 44.5% 2 Kenya 39.7% 3 Uganda 38.5% 4 Tanzania 37.7% 5 Ivory Coast 36.7% 6 Zimbabwe 35.6% 7 South Korea 35.5% 8 United States 34.3% 9 Sweden 34.1% 10 Australia 33.8%,Rank
Rank,Country/Territory
1,Botswana
2,Kenya
3,Uganda
4,Tanzania
5,Ivory Coast
6,Zimbabwe
7,South Korea
8,United States
9,Sweden
10,Australia
Rank,Country/Territory
1,South Korea
2,China
3,Hong Kong
4,Singapore
5,India
6,Spain
7,United States
8,Mexico
9,Australia
10,France
11,United Kingdom
12,Thailand
13,Canada
14,Germany
