SLOT_ORDER,SLOT_CODE,ENVELOPE_CODE,ENVELOPE,ENVELOPE_RIGHT_1,ENVELOPE_RIGHT_2,ENVELOPE_RIGHT_3
1,A_1_L,A_1,A,M,E,R
2,A_1_R,A_1,A,M,E,R
3,M_1_L,M_1,M,E,R,I
4,M_1_R,M_1,M,E,R,I
5,E_1_L,E_1,E,R,I,C
6,E_1_R,E_1,E,R,I,C
7,R_L,R,R,I,C,A
8,R_R,R,R,I,C,A
9,I_1_L,I_1,I,C,A,'
10,I_1_R,I_1,I,C,A,'
11,C_L,C,C,A,',S
12,C_R,C,C,A,',S
13,A_2_L,A_2,A,',S,*
14,A_2_R,A_2,A,',S,*
15,'_L,',',S,*,G
16,'_R,',',S,*,G
17,S_1_L,S_1,S,*,G,A
18,S_1_R,S_1,S,*,G,A
19,*_L,*,*,G,A,M
20,*_R,*,*,G,A,M
21,G_L,G,G,A,M,E
22,G_R,G,G,A,M,E
23,A_3_L,A_3,A,M,E,**
24,A_3_R,A_3,A,M,E,**
25,M_2_L,M_2,M,E,**,S
26,M_2_R,M_2,M,E,**,S
27,E_2_L,E_2,E,**,S,P
28,E_2_R,E_2,E,**,S,P
29,**_L,**,**,S,P,I
30,**_R,**,**,S,P,I
31,S_2_L,S_2,S,P,I,N
32,S_2_R,S_2,S,P,I,N
33,P_L,P,P,I,N,&
34,P_R,P,P,I,N,&
35,I_2_L,I_2,I,N,&,W
36,I_2_R,I_2,I,N,&,W
37,N_1_L,N_1,N,&,W,I
38,N_1_R,N_1,N,&,W,I
39,&_L,&,&,W,I,N
40,&_R,&,&,W,I,N
41,W_L,W,W,I,N,***
42,W_R,W,W,I,N,***
43,I_3_L,I_3,I,N,***,A
44,I_3_R,I_3,I,N,***,A
45,N_2_L,N_2,N,***,A,M
46,N_2_R,N_2,N,***,A,M
47,***_L,***,***,A,M,E
48,***_R,***,***,A,M,E