PRODUCTION_CODE_NUMBER,SEASON,EPISODE,AIRDATE,CONTESTANT,GENDER,SLOT_CODE,ENVELOPE_CODE,ENVELOPE,AVAILABLE_CATEGORIES,CHOSEN_CATEGORY,GIVEN_LETTERS,CHOSEN_LETTERS,ANSWER,WON?,PRIZE,PRIZE_WORTH,MILLION_ENVELOPE_CODE,MILLION_ENVELOPE,COMMENT
,39,14,"September 30, 2021",CHRIS,M,*_R,*,*,"THING, PHRASE, WHAT ARE YOU WEARING?",WHAT ARE YOU WEARING?,RSTLNE,CDPO,DARK GRAY BLAZER,NO,"$39,000","$39,000",C,C,
,39,13,"September 29, 2021",DANIEL,M,E_1_R,E_1,E,"THINGS, PHRASE, LIVING THING",PHRASE,RSTLNE,DWMA,GIVE HIM SOME ADVICE,NO,MINI COOPER,,N/A,N/A,
,39,12,"September 28, 2021",MELISSA,F,&_R,&,&,"PLACE, THING, WHAT ARE YOU DOING?",WHAT ARE YOU DOING?,RSTLNE,FDHO,LOOKING FOR A QUICK FIX,NO,MINI COOPER,,N/A,N/A,
,39,11,"September 27, 2021",PETER,M,M_2_R,M_2,M,"PHRASE, THING, WHAT ARE YOU DOING?",THING,RSTLNE,HCPO,YOUR BACK POCKET,NO,MINI COOPER,,N/A,N/A,
,39,10,"September 24, 2021",RENEE,F,N_2_R,N_2,N,"THINGS, PHRASE, LIVING THINGS",PHRASE,RSTLNE,FBHO,FACE THE FACT,NO,"$39,000","$39,000",N/A,N/A,
,39,9,"September 23, 2021",GIOVANNI,M,&_R,&,&,"PHRASE, THING, WHAT ARE YOU WEARING?",THING,RSTLNE,FCDU,A USEFUL DEVICE,YES,"$39,000","$39,000",N/A,N/A,
,38,125,"March 5, 2021",KATIE,F,*_L,*,*,,WHAT ARE YOU DOING?,RSTLNE,WDCOB,TAKING BOLD ACTION,YES,"$100,000","$100,000",N/A,N/A,
,38,124,"March 4, 2021",MELANIE,F,A_3_R,A_3,A,,PHRASE,RSTLNE,WPMA,A HAVE A VAGUE IDEA,NO,MERCEDES SUV,"$43,905",N_2,N,
,38,123,"March 3, 2021",JENNIFER,F,M_1_L,M_1,M,,PHRASE,RSTLNE,GFHO,OUT OF FASHION,YES,MERCEDES SUV,"$43,905",N/A,N/A,
,38,122,"March 2, 2021",TARA,F,W_R,W,W,,FOOD & DRINK,RSTLNE,MBDO,MANGO AND KIWI,NO,"$38,000","$38,000",N/A,N/A,
,38,121,"March 1, 2021",CYNDI,F,G_L,G,G,,WHAT ARE YOU WEARING?,RSTLNE,JDCO,WARM JACKET,NO,"$38,000","$38,000",N/A,N/A,
,38,119,"February 25, 2021",KYLE,M,N_2_R,N_2,N,,FOOD & DRINK,RSTLNE,BDCAM,BARBECUE SAUCE,YES,MUSTANG CONVERTIBLE,"$44,570",N/A,N/A,
,38,118,"February 24, 2021",DIANE,F,E_2_R,E_2,E,,EVENT,RSTLNE,JPGO,AMAZING JOURNEY,YES,"$38,000","$38,000",N/A,N/A,
,38,117,"February 23, 2021",MIRIAM,F,A_2_L,A_2,A,,PHRASE,RSTLNE,DMHA,DON'T MOVE A MUSCLE,YES,MUSTANG CONVERTIBLE,"$44,570",N/A,N/A,
,38,116,"February 22, 2021",BRYNN,F,**_R,**,**,,EVENT,RSTLNE,DMBO,MORNING BRIEFING,NO,"$38,000","$38,000",N/A,N/A,
,38,115,"February 19, 2021",ERICA,F,E_2_R,E_2,E,,WHAT ARE YOU DOING?,RSTLNE,BDCI,WEIGHING THE OPTIONS,NO,BRONCO,,N/A,N/A,
,38,114,"February 18, 2021",MILISSA,F,A_1_L,A_1,A,,LIVING THINGS,RSTLNE,DCPA,PIGEONS AND DOVES,YES,"$38,000","$38,000",N/A,N/A,
,38,113,"February 17, 2021",KEVIN,M,G_R,G,G,,PERSON,RSTLNE,DGPI,POTENTIAL HOMEBUYER,NO,"$100,000","$100,000",N/A,N/A,
,38,112,"February 16, 2021",ERIC,M,P_L,P,P,,AROUND THE HOUSE,RSTLNE,DBMA,OLD FAMILY PHOTOS,NO,"$38,000","$38,000",N/A,N/A,
,38,111,"February 15, 2021",ANNIE,F,M_1_R,M_1,M,,PERSON,RSTLNE,GBMA,MY WACKY NEIGHBOR,NO,BRONCO,,N/A,N/A,
,38,110,"February 12, 2021",DANA,F,I_3_R,I_3,I,,FOOD & DRINK,RSTLNE,BHMO,CUP OF WARM BROTH,YES,"$50,000","$50,000",N/A,N/A,
,38,109,"February 11, 2021",TAMMY,F,N_2_L,N_2,N,,EVENT,RSTLNE,MDBA,GROUNDBREAKING DISCOVERY,NO,TERRAIN,,N/A,N/A,
,38,108,"February 10, 2021",GERREN,M,I_2_R,I_2,I,,IN THE KITCHEN,RSTLNE,CMDA,FOIL AND PLASTIC WRAP,NO,TERRAIN,,N/A,N/A,
,38,107,"February 9, 2021",TONI,F,N_2_R,N_2,N,,IN THE KITCHEN,RSTLNE,PCMI,PORCELAIN BAKEWARE,NO,"$45,000","$45,000",N/A,N/A,
,38,106,"February 8, 2021",NATALIE,F,*_L,*,*,,THING,RSTLNE,PHGO,FABULOUS BARGAIN,YES,"$38,000","$38,000",N/A,N/A,
,38,105,"February 5, 2021",DELVON,M,A_3_L,A_3,A,,WHAT ARE YOU DOING?,RSTLNE,WCGA,VOICING AN OPINION,NO,"$38,000","$38,000",N/A,N/A,
,38,104,"February 4, 2021",KIARIIE,F,C_L,C,C,,PHRASE,RSTLNE,BCDA,BASED ON AVAILABILITY,YES,EQUINOX,"$36,385",N/A,N/A,
,38,103,"February 3, 2021",TORAB,M,I_2_L,I_2,I,,EVENT,RSTLNE,HPBO,HUGE BASH,NO,EQUINOX,"$36,385",N/A,N/A,
,38,102,"February 2, 2021",TY,M,A_2_L,A_2,A,,AROUND THE HOUSE,RSTLNE,DPMO,WORKBENCH IN THE GARAGE,NO,"$38,000","$38,000",N/A,N/A,
,38,101,"February 1, 2021",SHELDON,M,**_L,**,**,,SHOW BIZ,RSTLNE,CHPA,MOVIE MAGIC,NO,"$38,000","$38,000",N/A,N/A,
,38,99,"January 28, 2021",JESSE,M,N_2_L,N_2,N,,LIVING THINGS,RSTLNE,BCGA,CUDDLY DOGS,NO,"$38,000","$38,000",N/A,N/A,
,38,98,"January 27, 2021",ANJALI,F,I_2_L,I_2,I,,WHAT ARE YOU WEARING?,RSTLNE,HGCI,BEIGE SLACKS,YES,WRANGLER,"$43,555",N/A,N/A,
,38,97,"January 26, 2021",APRIL,F,A_1_R,A_1,A,,WHAT ARE YOU DOING?,RSTLNE,PGDA,SHOPPING FOR FOOD,YES,"$38,000","$38,000",N/A,N/A,
,38,96,"January 25, 2021",SARAH,F,E_1_L,E_1,E,,LIVING THING,RSTLNE,PHMO,A BLOOMING ORCHID,YES,"$38,000","$38,000",N/A,N/A,
,38,95,"January 22, 2021",CHARLES,M,G_R,G,G,,WHAT ARE YOU DOING?,RSTLNE,GMHA,JOINING A BAND,YES,"$38,000","$38,000",N/A,N/A,
,38,94,"January 21, 2021",CURTIS,M,C_L,C,C,,PLACE,RSTLNE,CHMO,MY HUMBLE ABODE,NO,X1,,N/A,N/A,
,38,93,"January 20, 2021",JEFF,M,&_R,&,&,,PHRASE,RSTLNE,CMPAD,I AM OVERJOYED,NO,"$100,000","$100,000",N/A,N/A,
,38,91,"January 18, 2021",CALEB,M,I_1_L,I_1,I,,PHRASE,RSTLNE,DPGI,FOCUS YOUR MIND,NO,X1,,N/A,N/A,
,38,90,"January 15, 2021",ANGELINA,F,I_3_R,I_3,I,,IN THE KITCHEN,RSTLNE,GDCO,PAIR OF CHOPSTICKS,YES,OUTBACK,"$37,157",N/A,N/A,
,38,89,"January 14, 2021",ANDREW,M,E_1_R,E_1,E,,PEOPLE,RSTLNE,HCDA,GOOD BUDDIES,NO,"$45,000","$45,000",N/A,N/A,
,38,88,"January 13, 2021",REBECCA,F,P_L,P,P,,PLACE,RSTLNE,CDBA,LOCAL HOBBY SHOP,YES,"$45,000","$45,000",N/A,N/A,
,38,87,"January 12, 2021",YONIT,F,W_L,W,W,,WHAT ARE YOU DOING?,RSTLNE,GHPI,MAKING IT HAPPEN,YES,"$38,000","$38,000",N/A,N/A,
,38,86,"January 11, 2021",GRACE,F,***_R,***,***,,LIVING THING,RSTLNE,MCHO,A WILD BUFFALO,NO,"$38,000","$38,000",N/A,N/A,
,38,85,"January 8, 2021",MATT,M,P_L,P,P,,FUN & GAMES,RSTLNE,MCWA,A WORD PUZZLE,NO,HIGHLANDER,,N/A,N/A,
,38,83,"January 6, 2021",DANA,F,***_L,***,***,,FOOD & DRINK,RSTLNE,MCPI,FUDGE POPSICLE,NO,"$38,000","$38,000",N/A,N/A,
,38,81,"January 4, 2021",CALAIS,F,I_2_R,I_2,I,,FOOD & DRINK,RSTLNE,CGPAH,BOWL OF APPLES,YES,"$100,000","$100,000",N/A,N/A,
,36,89,"January 10, 2019",JUSTIN,M,**_R,**,**,,FUN & GAMES,RSTLNE,MHPOD,BOBBING FOR APPLES,YES,"$36,000","$36,000",N/A,N/A,
,38,126,"March 8, 2021",JAMES,M,N_1_L,N_1,N,,OCCUPATION,RSTLNE,CPHID,GEOLOGIST,NO,"$45,000","$45,000",N/A,N/A,
,38,31,"October 26, 2020",CRAIG,M,*_R,*,*,,PHRASE,RSTLNE,PGHO,JOT DOWN YOUR GOALS,NO,"$50,000","$50,000",N/A,N/A,
,38,46,"November 16, 2020",ALEX,M,M_1_L,M_1,M,,PLACE,RSTLNE,GPHO,POPULAR BAKERY,NO,COMPASS,,N/A,N/A,
,38,23,"October 14, 2020",DENISE,F,'_R,',',,PHRASE,RSTLNE,DCHO,YOUNG AND BRASH,NO,"$38,000","$38,000",N/A,N/A,
,38,11,"September 28, 2020",SARAH,F,W_L,W,W,,PHRASE,RSTLNE,PCHA,BEYOND ALL DOUBT,NO,"$38,000","$38,000",N/A,N/A,
,39,15,"October 1, 2021",MICHAEL,M,'_R,',',"PHRASE, THING, AROUND THE HOUSE",AROUND THE HOUSE,RSTLNE,PHGOD,FRAGILE VASE,NO,"$50,000","$50,000",N/A,N/A,