Grade,BraTS_2020_subject_ID,,,Age
HGG,BraTS20_Training_001,,,60.463
HGG,BraTS20_Training_002,,,52.263
HGG,BraTS20_Training_003,,,54.301
HGG,BraTS20_Training_004,,,39.068
HGG,BraTS20_Training_005,,,68.493
HGG,BraTS20_Training_006,,,67.126
HGG,BraTS20_Training_007,,,69.912
HGG,BraTS20_Training_008,,,68.285
HGG,BraTS20_Training_009,,,56.419
HGG,BraTS20_Training_010,,,48.367
HGG,BraTS20_Training_011,,,60.942
HGG,BraTS20_Training_012,,,65.899
HGG,BraTS20_Training_013,,,59.693
HGG,BraTS20_Training_014,,,51.734
HGG,BraTS20_Training_015,,,62.614
HGG,BraTS20_Training_016,,,55.759
HGG,BraTS20_Training_017,,,58.258
HGG,BraTS20_Training_018,,,61.605
HGG,BraTS20_Training_019,,,68.049
HGG,BraTS20_Training_020,,,60.581
HGG,BraTS20_Training_021,,,56.921
HGG,BraTS20_Training_022,,,44.162
HGG,BraTS20_Training_023,,,67.833
HGG,BraTS20_Training_024,,,46.666
HGG,BraTS20_Training_025,,,62.704
HGG,BraTS20_Training_026,,,45.548
HGG,BraTS20_Training_027,,,60.063
HGG,BraTS20_Training_028,,,76.367
HGG,BraTS20_Training_029,,,73.036
HGG,BraTS20_Training_030,,,53.605
HGG,BraTS20_Training_031,,,66.074
HGG,BraTS20_Training_032,,,63.192
HGG,BraTS20_Training_033,,,67.86
HGG,BraTS20_Training_034,,,46.452
HGG,BraTS20_Training_035,,,69.992
HGG,BraTS20_Training_036,,,71.37
HGG,BraTS20_Training_037,,,75.978
HGG,BraTS20_Training_038,,,72.879
HGG,BraTS20_Training_039,,,53.362
HGG,BraTS20_Training_040,,,57.718
HGG,BraTS20_Training_041,,,63.345
HGG,BraTS20_Training_042,,,75.312
HGG,BraTS20_Training_043,,,44.416
HGG,BraTS20_Training_044,,,54.825
HGG,BraTS20_Training_045,,,63.764
HGG,BraTS20_Training_046,,,46.814
HGG,BraTS20_Training_047,,,57.71
HGG,BraTS20_Training_048,,,46.57
HGG,BraTS20_Training_049,,,77.337
HGG,BraTS20_Training_050,,,39.488
HGG,BraTS20_Training_051,,,52.348
HGG,BraTS20_Training_052,,,81.285
HGG,BraTS20_Training_053,,,54.751
HGG,BraTS20_Training_054,,,68.359
HGG,BraTS20_Training_055,,,66.51
HGG,BraTS20_Training_056,,,71.126
HGG,BraTS20_Training_057,,,69.178
HGG,BraTS20_Training_058,,,68.726
HGG,BraTS20_Training_059,,,51.589
HGG,BraTS20_Training_060,,,62.159
HGG,BraTS20_Training_061,,,36.784
HGG,BraTS20_Training_062,,,68.504
HGG,BraTS20_Training_063,,,60.816
HGG,BraTS20_Training_064,,,70.252
HGG,BraTS20_Training_065,,,63.359
HGG,BraTS20_Training_066,,,45.244
HGG,BraTS20_Training_067,,,72.293
HGG,BraTS20_Training_068,,,55.532
HGG,BraTS20_Training_069,,,52.764
HGG,BraTS20_Training_070,,,46.551
HGG,BraTS20_Training_071,,,27.811
HGG,BraTS20_Training_072,,,74.63
HGG,BraTS20_Training_073,,,66.934
HGG,BraTS20_Training_074,,,85.762
HGG,BraTS20_Training_075,,,56.301
HGG,BraTS20_Training_076,,,66.282
HGG,BraTS20_Training_077,,,79.211
HGG,BraTS20_Training_078,,,74.836
HGG,BraTS20_Training_079,,,65.921
HGG,BraTS20_Training_080,,,63.781
HGG,BraTS20_Training_081,,,49.874
HGG,BraTS20_Training_082,,,46.258
HGG,BraTS20_Training_083,,,54.915
HGG,BraTS20_Training_084,,,61.622
HGG,BraTS20_Training_085,,,70.652
HGG,BraTS20_Training_086,,,55.595
HGG,BraTS20_Training_087,,,73.827
HGG,BraTS20_Training_088,,,62.03
HGG,BraTS20_Training_089,,,50.808
HGG,BraTS20_Training_090,,,54.14
HGG,BraTS20_Training_091,,,70.86
HGG,BraTS20_Training_092,,,70.592
HGG,BraTS20_Training_093,,,60.699
HGG,BraTS20_Training_094,,,48.773
HGG,BraTS20_Training_095,,,67.17
HGG,BraTS20_Training_096,,,80.51
HGG,BraTS20_Training_097,,,86.274
HGG,BraTS20_Training_098,,,50.063
HGG,BraTS20_Training_099,,,52.879
HGG,BraTS20_Training_100,,,83.649
HGG,BraTS20_Training_101,,,65.115
HGG,BraTS20_Training_102,,,65.937
HGG,BraTS20_Training_103,,,85.942
HGG,BraTS20_Training_104,,,70.803
HGG,BraTS20_Training_105,,,61.858
HGG,BraTS20_Training_106,,,82.932
HGG,BraTS20_Training_107,,,60.019
HGG,BraTS20_Training_108,,,82.419
HGG,BraTS20_Training_109,,,60.414
HGG,BraTS20_Training_110,,,57.068
HGG,BraTS20_Training_111,,,58.03
HGG,BraTS20_Training_112,,,86.652
HGG,BraTS20_Training_113,,,70.622
HGG,BraTS20_Training_114,,,57.233
HGG,BraTS20_Training_115,,,78.14
HGG,BraTS20_Training_116,,,50.899
HGG,BraTS20_Training_117,,,65.381
HGG,BraTS20_Training_118,,,73.674
HGG,BraTS20_Training_119,,,45.575
HGG,BraTS20_Training_120,,,54.477
HGG,BraTS20_Training_121,,,63.638
HGG,BraTS20_Training_122,,,69.003
HGG,BraTS20_Training_123,,,69.403
HGG,BraTS20_Training_124,,,64.203
HGG,BraTS20_Training_125,,,66.403
HGG,BraTS20_Training_126,,,49.641
HGG,BraTS20_Training_127,,,64.808
HGG,BraTS20_Training_128,,,81.825
HGG,BraTS20_Training_129,,,67.677
HGG,BraTS20_Training_130,,,0
HGG,BraTS20_Training_131,,,0
HGG,BraTS20_Training_132,,,0
HGG,BraTS20_Training_133,,,0
HGG,BraTS20_Training_134,,,0
HGG,BraTS20_Training_135,,,0
HGG,BraTS20_Training_136,,,0
HGG,BraTS20_Training_137,,,0
HGG,BraTS20_Training_138,,,0
HGG,BraTS20_Training_139,,,0
HGG,BraTS20_Training_140,,,0
HGG,BraTS20_Training_141,,,0
HGG,BraTS20_Training_142,,,0
HGG,BraTS20_Training_143,,,0
HGG,BraTS20_Training_144,,,0
HGG,BraTS20_Training_145,,,69.02
HGG,BraTS20_Training_146,,,0
HGG,BraTS20_Training_147,,,29.12
HGG,BraTS20_Training_148,,,0
HGG,BraTS20_Training_149,,,0
HGG,BraTS20_Training_150,,,0
HGG,BraTS20_Training_151,,,56
HGG,BraTS20_Training_152,,,31
HGG,BraTS20_Training_153,,,67
HGG,BraTS20_Training_154,,,51
HGG,BraTS20_Training_155,,,0
HGG,BraTS20_Training_156,,,0
HGG,BraTS20_Training_157,,,60
HGG,BraTS20_Training_158,,,56.208
HGG,BraTS20_Training_159,,,61.526
HGG,BraTS20_Training_160,,,54.986
HGG,BraTS20_Training_161,,,33.888
HGG,BraTS20_Training_162,,,60.729
HGG,BraTS20_Training_163,,,74.145
HGG,BraTS20_Training_164,,,74.145
HGG,BraTS20_Training_165,,,61.416
HGG,BraTS20_Training_166,,,78.792
HGG,BraTS20_Training_167,,,44.449
HGG,BraTS20_Training_168,,,68.759
HGG,BraTS20_Training_169,,,50.082
HGG,BraTS20_Training_170,,,57.973
HGG,BraTS20_Training_171,,,0
HGG,BraTS20_Training_172,,,0
HGG,BraTS20_Training_173,,,63.575
HGG,BraTS20_Training_174,,,63.805
HGG,BraTS20_Training_175,,,45.926
HGG,BraTS20_Training_176,,,0
HGG,BraTS20_Training_177,,,42.904
HGG,BraTS20_Training_178,,,54.474
HGG,BraTS20_Training_179,,,51.115
HGG,BraTS20_Training_180,,,81.112
HGG,BraTS20_Training_181,,,84.844
HGG,BraTS20_Training_182,,,54.279
HGG,BraTS20_Training_183,,,63.762
HGG,BraTS20_Training_184,,,43.112
HGG,BraTS20_Training_185,,,40.353
HGG,BraTS20_Training_186,,,81.211
HGG,BraTS20_Training_187,,,53.866
HGG,BraTS20_Training_188,,,74.836
HGG,BraTS20_Training_189,,,54.844
HGG,BraTS20_Training_190,,,73.578
HGG,BraTS20_Training_191,,,47.321
HGG,BraTS20_Training_192,,,47.973
HGG,BraTS20_Training_193,,,0
HGG,BraTS20_Training_194,,,64.378
HGG,BraTS20_Training_195,,,64.247
HGG,BraTS20_Training_196,,,76.614
HGG,BraTS20_Training_197,,,0
HGG,BraTS20_Training_198,,,0
HGG,BraTS20_Training_199,,,69.364
HGG,BraTS20_Training_200,,,0
HGG,BraTS20_Training_201,,,62.562
HGG,BraTS20_Training_202,,,0
HGG,BraTS20_Training_203,,,46.677
HGG,BraTS20_Training_204,,,57.362
HGG,BraTS20_Training_205,,,0
HGG,BraTS20_Training_206,,,61.022
HGG,BraTS20_Training_207,,,0
HGG,BraTS20_Training_208,,,0
HGG,BraTS20_Training_209,,,0
HGG,BraTS20_Training_210,,,54.967
HGG,BraTS20_Training_211,,,0
HGG,BraTS20_Training_212,,,0
HGG,BraTS20_Training_213,,,0
HGG,BraTS20_Training_214,,,30.408
HGG,BraTS20_Training_215,,,60
HGG,BraTS20_Training_216,,,59.584
HGG,BraTS20_Training_217,,,76.425
HGG,BraTS20_Training_218,,,71.874
HGG,BraTS20_Training_219,,,59.282
HGG,BraTS20_Training_220,,,69.326
HGG,BraTS20_Training_221,,,60.427
HGG,BraTS20_Training_222,,,63.762
HGG,BraTS20_Training_223,,,48.825
HGG,BraTS20_Training_224,,,70.592
HGG,BraTS20_Training_225,,,61.408
HGG,BraTS20_Training_226,,,36.852
HGG,BraTS20_Training_227,,,52.679
HGG,BraTS20_Training_228,,,75.263
HGG,BraTS20_Training_229,,,56.4
HGG,BraTS20_Training_230,,,75.962
HGG,BraTS20_Training_231,,,75.973
HGG,BraTS20_Training_232,,,0
HGG,BraTS20_Training_233,,,46.953
HGG,BraTS20_Training_234,,,0
HGG,BraTS20_Training_235,,,59.255
HGG,BraTS20_Training_236,,,70.367
HGG,BraTS20_Training_237,,,0
HGG,BraTS20_Training_238,,,61.167
HGG,BraTS20_Training_239,,,69.266
HGG,BraTS20_Training_240,,,51.756
HGG,BraTS20_Training_241,,,74.521
HGG,BraTS20_Training_242,,,76.699
HGG,BraTS20_Training_243,,,0
HGG,BraTS20_Training_244,,,0
HGG,BraTS20_Training_245,,,0
HGG,BraTS20_Training_246,,,50.501
HGG,BraTS20_Training_247,,,66.627
HGG,BraTS20_Training_248,,,0
HGG,BraTS20_Training_249,,,57.362
HGG,BraTS20_Training_250,,,78.745
HGG,BraTS20_Training_251,,,57.345
HGG,BraTS20_Training_252,,,63.899
HGG,BraTS20_Training_253,,,64.86
HGG,BraTS20_Training_254,,,66.479
HGG,BraTS20_Training_255,,,74.907
HGG,BraTS20_Training_256,,,0
HGG,BraTS20_Training_257,,,0
HGG,BraTS20_Training_258,,,0
HGG,BraTS20_Training_259,,,0
LGG,BraTS20_Training_260,,,0
LGG,BraTS20_Training_261,,,0
LGG,BraTS20_Training_262,,,0
LGG,BraTS20_Training_263,,,0
LGG,BraTS20_Training_264,,,0
LGG,BraTS20_Training_265,,,0
LGG,BraTS20_Training_266,,,0
LGG,BraTS20_Training_267,,,0
LGG,BraTS20_Training_268,,,0
LGG,BraTS20_Training_269,,,0
LGG,BraTS20_Training_270,,,0
LGG,BraTS20_Training_271,,,0
LGG,BraTS20_Training_272,,,0
LGG,BraTS20_Training_273,,,0
LGG,BraTS20_Training_274,,,0
LGG,BraTS20_Training_275,,,0
LGG,BraTS20_Training_276,,,0
LGG,BraTS20_Training_277,,,0
LGG,BraTS20_Training_278,,,0
LGG,BraTS20_Training_279,,,0
LGG,BraTS20_Training_280,,,0
LGG,BraTS20_Training_281,,,0
LGG,BraTS20_Training_282,,,0
LGG,BraTS20_Training_283,,,0
LGG,BraTS20_Training_284,,,0
LGG,BraTS20_Training_285,,,0
LGG,BraTS20_Training_286,,,0
LGG,BraTS20_Training_287,,,0
LGG,BraTS20_Training_288,,,0
LGG,BraTS20_Training_289,,,0
LGG,BraTS20_Training_290,,,0
LGG,BraTS20_Training_291,,,0
LGG,BraTS20_Training_292,,,0
LGG,BraTS20_Training_293,,,0
LGG,BraTS20_Training_294,,,0
LGG,BraTS20_Training_295,,,0
LGG,BraTS20_Training_296,,,0
LGG,BraTS20_Training_297,,,0
LGG,BraTS20_Training_298,,,0
LGG,BraTS20_Training_299,,,0
LGG,BraTS20_Training_300,,,0
LGG,BraTS20_Training_301,,,0
LGG,BraTS20_Training_302,,,0
LGG,BraTS20_Training_303,,,0
LGG,BraTS20_Training_304,,,0
LGG,BraTS20_Training_305,,,0
LGG,BraTS20_Training_306,,,0
LGG,BraTS20_Training_307,,,0
LGG,BraTS20_Training_308,,,0
LGG,BraTS20_Training_309,,,0
LGG,BraTS20_Training_310,,,0
LGG,BraTS20_Training_311,,,0
LGG,BraTS20_Training_312,,,0
LGG,BraTS20_Training_313,,,0
LGG,BraTS20_Training_314,,,0
LGG,BraTS20_Training_315,,,0
LGG,BraTS20_Training_316,,,0
LGG,BraTS20_Training_317,,,0
LGG,BraTS20_Training_318,,,0
LGG,BraTS20_Training_319,,,0
LGG,BraTS20_Training_320,,,0
LGG,BraTS20_Training_321,,,0
LGG,BraTS20_Training_322,,,0
LGG,BraTS20_Training_323,,,0
LGG,BraTS20_Training_324,,,0
LGG,BraTS20_Training_325,,,0
LGG,BraTS20_Training_326,,,0
LGG,BraTS20_Training_327,,,0
LGG,BraTS20_Training_328,,,0
LGG,BraTS20_Training_329,,,0
LGG,BraTS20_Training_330,,,0
LGG,BraTS20_Training_331,,,0
LGG,BraTS20_Training_332,,,0
LGG,BraTS20_Training_333,,,0
LGG,BraTS20_Training_334,,,0
LGG,BraTS20_Training_335,,,0
HGG,BraTS20_Training_336,,,0
HGG,BraTS20_Training_337,,,57
HGG,BraTS20_Training_338,,,61
HGG,BraTS20_Training_339,,,59
HGG,BraTS20_Training_340,,,36
HGG,BraTS20_Training_341,,,67
HGG,BraTS20_Training_342,,,66
HGG,BraTS20_Training_343,,,0
HGG,BraTS20_Training_344,,,0
HGG,BraTS20_Training_345,,,57
HGG,BraTS20_Training_346,,,73
HGG,BraTS20_Training_347,,,64
HGG,BraTS20_Training_348,,,59
HGG,BraTS20_Training_349,,,0
HGG,BraTS20_Training_350,,,0
HGG,BraTS20_Training_351,,,73
HGG,BraTS20_Training_352,,,0
HGG,BraTS20_Training_353,,,61
HGG,BraTS20_Training_354,,,64
HGG,BraTS20_Training_355,,,67
HGG,BraTS20_Training_356,,,64
HGG,BraTS20_Training_357,,,59
HGG,BraTS20_Training_358,,,61
HGG,BraTS20_Training_359,,,51
HGG,BraTS20_Training_360,,,50
HGG,BraTS20_Training_361,,,0
HGG,BraTS20_Training_362,,,0
HGG,BraTS20_Training_363,,,57
HGG,BraTS20_Training_364,,,0
HGG,BraTS20_Training_365,,,0
HGG,BraTS20_Training_366,,,72
HGG,BraTS20_Training_367,,,60
HGG,BraTS20_Training_368,,,49
HGG,BraTS20_Training_369,,,50
,BraTS20_Validation_001,,,
,BraTS20_Validation_002,,,
,BraTS20_Validation_003,,,
,BraTS20_Validation_004,,,
,BraTS20_Validation_005,,,
,BraTS20_Validation_006,,,
,BraTS20_Validation_007,,,
,BraTS20_Validation_008,,,
,BraTS20_Validation_009,,,
,BraTS20_Validation_010,,,
,BraTS20_Validation_011,,,
,BraTS20_Validation_012,,,
,BraTS20_Validation_013,,,
,BraTS20_Validation_014,,,
,BraTS20_Validation_015,,,
,BraTS20_Validation_016,,,
,BraTS20_Validation_017,,,
,BraTS20_Validation_018,,,
,BraTS20_Validation_019,,,
,BraTS20_Validation_020,,,
,BraTS20_Validation_021,,,
,BraTS20_Validation_022,,,
,BraTS20_Validation_023,,,
,BraTS20_Validation_024,,,
,BraTS20_Validation_025,,,
,BraTS20_Validation_026,,,
,BraTS20_Validation_027,,,
,BraTS20_Validation_028,,,
,BraTS20_Validation_029,,,
,BraTS20_Validation_030,,,
,BraTS20_Validation_031,,,
,BraTS20_Validation_032,,,
,BraTS20_Validation_033,,,
,BraTS20_Validation_034,,,
,BraTS20_Validation_035,,,
,BraTS20_Validation_036,,,
,BraTS20_Validation_037,,,
,BraTS20_Validation_038,,,
,BraTS20_Validation_039,,,
,BraTS20_Validation_040,,,
,BraTS20_Validation_041,,,
,BraTS20_Validation_042,,,
,BraTS20_Validation_043,,,
,BraTS20_Validation_044,,,
,BraTS20_Validation_045,,,
,BraTS20_Validation_046,,,
,BraTS20_Validation_047,,,
,BraTS20_Validation_048,,,
,BraTS20_Validation_049,,,
,BraTS20_Validation_050,,,
,BraTS20_Validation_051,,,
,BraTS20_Validation_052,,,
,BraTS20_Validation_053,,,
,BraTS20_Validation_054,,,
,BraTS20_Validation_055,,,
,BraTS20_Validation_056,,,
,BraTS20_Validation_057,,,
,BraTS20_Validation_058,,,
,BraTS20_Validation_059,,,
,BraTS20_Validation_060,,,
,BraTS20_Validation_061,,,
,BraTS20_Validation_062,,,
,BraTS20_Validation_063,,,
,BraTS20_Validation_064,,,
,BraTS20_Validation_065,,,
,BraTS20_Validation_066,,,
,BraTS20_Validation_067,,,
,BraTS20_Validation_068,,,
,BraTS20_Validation_069,,,
,BraTS20_Validation_070,,,
,BraTS20_Validation_071,,,
,BraTS20_Validation_072,,,
,BraTS20_Validation_073,,,
,BraTS20_Validation_074,,,
,BraTS20_Validation_075,,,
,BraTS20_Validation_076,,,
,BraTS20_Validation_077,,,
,BraTS20_Validation_078,,,
,BraTS20_Validation_079,,,
,BraTS20_Validation_080,,,
,BraTS20_Validation_081,,,
,BraTS20_Validation_082,,,
,BraTS20_Validation_083,,,
,BraTS20_Validation_084,,,
,BraTS20_Validation_085,,,
,BraTS20_Validation_086,,,
,BraTS20_Validation_087,,,
,BraTS20_Validation_088,,,
,BraTS20_Validation_089,,,
,BraTS20_Validation_090,,,
,BraTS20_Validation_091,,,
,BraTS20_Validation_092,,,
,BraTS20_Validation_093,,,
,BraTS20_Validation_094,,,
,BraTS20_Validation_095,,,
,BraTS20_Validation_096,,,
,BraTS20_Validation_097,,,
,BraTS20_Validation_098,,,
,BraTS20_Validation_099,,,
,BraTS20_Validation_100,,,
,BraTS20_Validation_101,,,
,BraTS20_Validation_102,,,
,BraTS20_Validation_103,,,
,BraTS20_Validation_104,,,
,BraTS20_Validation_105,,,
,BraTS20_Validation_106,,,
,BraTS20_Validation_107,,,
,BraTS20_Validation_108,,,
,BraTS20_Validation_109,,,
,BraTS20_Validation_110,,,
,BraTS20_Validation_111,,,
,BraTS20_Validation_112,,,
,BraTS20_Validation_113,,,
,BraTS20_Validation_114,,,
,BraTS20_Validation_115,,,
,BraTS20_Validation_116,,,
,BraTS20_Validation_117,,,
,BraTS20_Validation_118,,,
,BraTS20_Validation_119,,,
,BraTS20_Validation_120,,,
,BraTS20_Validation_121,,,
,BraTS20_Validation_122,,,
,BraTS20_Validation_123,,,
,BraTS20_Validation_124,,,
,BraTS20_Validation_125,,,
