State_Name,Start Date,End Date,Trend in New Cases,State_Code,Face mask requirement,Trend in New death Cases
Alaska,2020-11-03,2020-04-21,New cases steady,AK,Regional,New death cases steady
Alabama,2020-04-04,2020-04-30,New cases increasing,AL,Regional,New death cases shrinking
Arkansas,,,New cases increasing,AR,Not Required,New death cases shrinking
Arizona,2020-03-30,2020-05-15,New cases increasing,AZ,Not Required,New death cases increasing
California,2020-03-19,,New cases increasing,CA,Required,New death cases increasing
Colorado,2020-03-26,2020-05-08,New cases shrinking,CO,Regional,New death cases shrinking
Connecticut,2020-03-23,2020-05-20,New cases shrinking,CT,Required,New death cases shrinking
District of Columbia,2020-04-01,2020-05-29,New cases shrinking,DC,Required,New death cases shrinking
Delaware,2020-03-24,2020-05-15,New cases shrinking,DE,Required,New death cases shrinking
Florida,2020-03-20,2020-04-30,New cases increasing,FL,Regional,New death cases steady
Georgia,2020-04-03,2020-04-30,New cases increasing,GA,Not Required,New death cases shrinking
Hawaii,2020-03-25,2020-05-31,New cases steady,HI,Required,New death cases steady
Iowa,,,New cases increasing,IA,Not Required,New death cases shrinking
Idaho,2020-03-25,2020-04-30,New cases increasing,ID,Not Required,New death cases shrinking
Illinois,2020-03-21,2020-05-30,New cases shrinking,IL,Required,New death cases shrinking
Indiana,2020-03-25,2020-05-01,New cases shrinking,IN,Not Required,New death cases shrinking
Kansas,2020-03-30,2020-05-03,New cases increasing,KS,Not Required,New death cases shrinking
Kentucky,2020-03-26,,New cases steady,KY,Required,New death cases shrinking
Louisiana,2020-03-23,2020-05-14,New cases steady,LA,Regional,New death cases shrinking
Massachusetts,2020-04-24,2020-05-18,New cases shrinking,MA,Required,New death cases shrinking
Maryland,2020-03-30,2020-05-15,New cases shrinking,MD,Required,New death cases shrinking
Maine,2020-04-02,2020-05-21,New cases steady,ME,Required,New death cases shrinking
Michigan,2020-03-24,2020-06-05,New cases shrinking,MI,Required,New death cases shrinking
Minnesota,2020-03-27,2020-05-04,New cases shrinking,MN,Not Required,New death cases shrinking
Missouri,2020-04-06,2020-05-03,New cases increasing,MO,Not Required,New death cases steady
Mississippi,2020-04-03,2020-05-11,New cases increasing,MS,Not Required,New death cases shrinking
Montana,2020-03-26,2020-04-24,New cases steady,MT,Not Required,New death cases steady
North Carolina,2020-03-30,2020-05-08,New cases increasing,NC,Regional,New death cases shrinking
North Dakota,,,New cases shrinking,ND,Not Required,New death cases shrinking
Nebraska,,,New cases shrinking,NE,Not Required,New death cases shrinking
New Hampshire,2020-03-27,2020-06-15,New cases shrinking,NH,Not Required,New death cases shrinking
New Jersey,2020-03-21,2020-06-09,New cases shrinking,NJ,Required,New death cases shrinking
New Mexico,2020-03-24,2020-05-15,New cases steady,NM,Required,New death cases shrinking
Nevada,2020-03-31,2020-05-15,New cases increasing,NV,Required,New death cases shrinking
New York,2020-03-22,2020-05-15,New cases shrinking,NY,Required,New death cases shrinking
Ohio,2020-03-23,2020-05-30,New cases increasing,OH,Not Required,New death cases shrinking
Oklahoma,,,New cases increasing,OK,Not Required,New death cases shrinking
Oregon,2020-03-23,,New cases increasing,OR,Not Required,New death cases steady
Pennsylvania,2020-04-21,2020-05-08,New cases shrinking,PA,Required,New death cases shrinking
Puerto Rico,2020-03-15,2020-05-03,New cases increasing,PR,Not Required,New death cases shrinking
Rhode Island,2020-03-28,2020-05-08,New cases shrinking,RI,Required,New death cases shrinking
South Carolina,2020-04-07,2020-05-12,New cases increasing,SC,Not Required,New death cases shrinking
South Dakota,,,New cases shrinking,SD,Not Required,New death cases shrinking
Tennessee,2020-04-02,2020-04-30,New cases increasing,TN,Not Required,New death cases steady
Texas,2020-04-02,2020-04-30,New cases increasing,TX,Not Required,New death cases steady
Utah,,,New cases increasing,UT,Not Required,New death cases shrinking
Virginia,2020-03-30,2020-06-10,New cases shrinking,VA,Not Required,New death cases shrinking
Vermont,2020-03-24,2020-05-15,New cases steady,VT,Not Required,New death cases steady
Washington,2020-03-23,2020-05-04,New cases increasing,WA,Not Required,New death cases shrinking
Wisconsin,2020-03-25,2020-05-26,New cases shrinking,WI,Not Required,New death cases shrinking
West Virginia,2020-03-24,2020-05-04,New cases steady,WV,Not Required,New death cases shrinking
Wyoming,,,New cases increasing,WY,Not Required,New death cases shrinking
