state,area
Alaska,663267
Texas,268581
California,163696
Montana,147042
New Mexico,121589
Arizona,113998
Nevada,110561
Colorado,104094
Oregon,98381
Wyoming,97818
Michigan,96714
Minnesota,86936
Utah,84897
Idaho,83569
Kansas,82278
Nebraska,77354
South Dakota,77116
Washington,71300
North Dakota,70700
Florida,69898
Oklahoma,69704
Missouri,65755
Georgia,65498
Wisconsin,59425
Illinois,57914
Iowa,56272
New York,54556
North Carolina,53819
Virginia,53179
Arkansas,52419
Alabama,51840
Louisiana,48430
Mississippi,46055
Pennsylvania,44825
Ohio,42774
Tennessee,42143
Kentucky,40409
Maine,36418
Indiana,35385
South Carolina,32020
West Virginia,24230
Maryland,12407
Hawaii,10931
Massachusetts,10555
Vermont,9614
New Hampshire,9350
New Jersey,8721
Connecticut,5543
Delaware,2489
Rhode Island,1545
District of Columbia,176.75
