word,weight
health,0.22
food,0.21
agriculture,0.20
clothing,0.19
construction,0.18
housing,0.17
education,0.16
general financial inclusion,0.15
sme financial inclusion,0.14
personal use,0.13
manufacturing,0.12
artisan,0.11
retail,0.10 								
wholesale,0.09
clean energy,0.08
dse direct,0.07
transportation,0.06
mobile money and ict,0.05
water and sanitation,0.23
services,0.04
arts,0.03
entertainment,0.02
conflict,0.20
displaced,0.20
extreme poverty,0.60
mothers,0.30
vulnerable,0.40
home,0.20
food, 0.20
pharmacy, 0.15
