year,city,country,average_fahrenheit
1849,San Jose,United States,57.42
1850,San Jose,United States,56.84
1851,San Jose,United States,57.90
1852,San Jose,United States,56.86
1853,San Jose,United States,57.92
1854,San Jose,United States,57.16
1855,San Jose,United States,57.56
1856,San Jose,United States,57.38
1857,San Jose,United States,58.60
1858,San Jose,United States,57.54
1859,San Jose,United States,56.68
1860,San Jose,United States,56.86
1861,San Jose,United States,58.78
1862,San Jose,United States,57.97
1863,San Jose,United States,57.97
1864,San Jose,United States,59.32
1865,San Jose,United States,57.78
1866,San Jose,United States,58.41
1867,San Jose,United States,58.03
1868,San Jose,United States,57.65
1869,San Jose,United States,58.23
1870,San Jose,United States,57.54
1871,San Jose,United States,57.81
1872,San Jose,United States,58.33
1873,San Jose,United States,58.03
1874,San Jose,United States,57.36
1875,San Jose,United States,58.57
1876,San Jose,United States,57.99
1877,San Jose,United States,59.05
1878,San Jose,United States,57.87
1879,San Jose,United States,57.56
1880,San Jose,United States,55.80
1881,San Jose,United States,57.90
1882,San Jose,United States,56.44
1883,San Jose,United States,57.07
1884,San Jose,United States,57.29
1885,San Jose,United States,59.09
1886,San Jose,United States,58.24
1887,San Jose,United States,57.88
1888,San Jose,United States,58.46
1889,San Jose,United States,58.66
1890,San Jose,United States,57.29
1891,San Jose,United States,58.03
1892,San Jose,United States,57.29
1893,San Jose,United States,56.12
1894,San Jose,United States,56.84
1895,San Jose,United States,57.11
1896,San Jose,United States,57.60
1897,San Jose,United States,56.86
1898,San Jose,United States,56.79
1899,San Jose,United States,57.27
1900,San Jose,United States,58.35
1901,San Jose,United States,57.81
1902,San Jose,United States,57.33
1903,San Jose,United States,57.42
1904,San Jose,United States,58.10
1905,San Jose,United States,57.90
1906,San Jose,United States,58.66
1907,San Jose,United States,57.81
1908,San Jose,United States,57.22
1909,San Jose,United States,57.29
1910,San Jose,United States,57.51
1911,San Jose,United States,56.23
1912,San Jose,United States,57.11
1913,San Jose,United States,57.88
1914,San Jose,United States,57.79
1915,San Jose,United States,57.74
1916,San Jose,United States,56.50
1917,San Jose,United States,57.31
1918,San Jose,United States,57.45
1919,San Jose,United States,56.48
1920,San Jose,United States,56.70
1921,San Jose,United States,57.63
1922,San Jose,United States,56.50
1923,San Jose,United States,57.43
1924,San Jose,United States,57.38
1925,San Jose,United States,57.81
1926,San Jose,United States,59.25
1927,San Jose,United States,57.63
1928,San Jose,United States,57.78
1929,San Jose,United States,57.65
1930,San Jose,United States,57.65
1931,San Jose,United States,58.87
1932,San Jose,United States,57.63
1933,San Jose,United States,57.07
1934,San Jose,United States,59.56
1935,San Jose,United States,57.42
1936,San Jose,United States,59.23
1937,San Jose,United States,57.85
1938,San Jose,United States,57.83
1939,San Jose,United States,58.66
1940,San Jose,United States,59.22
1941,San Jose,United States,58.96
1942,San Jose,United States,57.56
1943,San Jose,United States,58.50
1944,San Jose,United States,57.51
1945,San Jose,United States,57.94
1946,San Jose,United States,56.89
1947,San Jose,United States,58.12
1948,San Jose,United States,56.57
1949,San Jose,United States,57.02
1950,San Jose,United States,58.39
1951,San Jose,United States,57.31
1952,San Jose,United States,57.40
1953,San Jose,United States,57.96
1954,San Jose,United States,57.52
1955,San Jose,United States,56.73
1956,San Jose,United States,57.34
1957,San Jose,United States,58.26
1958,San Jose,United States,59.74
1959,San Jose,United States,59.70
1960,San Jose,United States,58.26
1961,San Jose,United States,58.37
1962,San Jose,United States,57.60
1963,San Jose,United States,57.54
1964,San Jose,United States,57.63
1965,San Jose,United States,57.45
1966,San Jose,United States,58.53
1967,San Jose,United States,58.10
1968,San Jose,United States,58.39
1969,San Jose,United States,58.12
1970,San Jose,United States,58.57
1971,San Jose,United States,57.00
1972,San Jose,United States,57.65
1973,San Jose,United States,58.24
1974,San Jose,United States,57.94
1975,San Jose,United States,56.88
1976,San Jose,United States,58.50
1977,San Jose,United States,58.33
1978,San Jose,United States,58.93
1979,San Jose,United States,58.98
1980,San Jose,United States,58.53
1981,San Jose,United States,59.40
1982,San Jose,United States,57.20
1983,San Jose,United States,59.13
1984,San Jose,United States,58.95
1985,San Jose,United States,57.61
1986,San Jose,United States,59.00
1987,San Jose,United States,58.91
1988,San Jose,United States,59.14
1989,San Jose,United States,58.01
1990,San Jose,United States,58.51
1991,San Jose,United States,58.10
1992,San Jose,United States,59.95
1993,San Jose,United States,58.95
1994,San Jose,United States,57.58
1995,San Jose,United States,59.56
1996,San Jose,United States,60.01
1997,San Jose,United States,60.35
1998,San Jose,United States,57.88
1999,San Jose,United States,57.94
2000,San Jose,United States,59.04
2001,San Jose,United States,59.45
2002,San Jose,United States,59.00
2003,San Jose,United States,59.77
2004,San Jose,United States,59.67
2005,San Jose,United States,59.31
2006,San Jose,United States,59.04
2007,San Jose,United States,58.89
2008,San Jose,United States,59.09
2009,San Jose,United States,59.04
2010,San Jose,United States,58.41
2011,San Jose,United States,58.10
2012,San Jose,United States,59.09
2013,San Jose,United States,61.21
