LGA;adult;child
Break O'Day (M);558;626
Brighton (M);1083;1487
Burnie (C);1122;2326
Central Coast (M);964;1948
Central Highlands (M);151;247
Circular Head (M);309;934
Clarence (C);2113;2735
Derwent Valley (M);491;879
Devonport (C);1772;2415
Dorset (M);379;600
Flinders (M);.;.
George Town (M);483;584
Glamorgan/Spring Bay (M);235;254
Glenorchy (C);2679;2850
Hobart (C);1149;1280
Huon Valley (M);783;1368
Kentish (M);351;600
King Island (M);.;.
Kingborough (M);792;1263
Latrobe (M);562;1031
Launceston (C);3524;4631
Meander Valley (M);671;1321
Northern Midlands (M);568;917
Sorell (M);636;953
Southern Midlands (M);281;425
Tasman (M);132;161
Waratah/Wynyard (M);692;1166
West Coast (M);270;448
West Tamar (M);1000;1327
