Conference,Country,Venue,Scheduled date of physical event,Status
Mobile World Conference,Spain,Barcelona,February 24-27,Cancelled
IBM Think 2020,US,San Francisco,May 5-7,Online
Cisco Live Melbourne,Australia,Melbourne,March 3-6 ,Cancelled
Salesloft’s Rev2020,US,San Francisco, March 9-11,Cancelled
SaaStr,US,San Jose,March 10-12,Cancelled
Microsoft WSLConf,US,Redmond,March 10-11 ,Online
Facebook Global Marketing Summit,US,San Francisco,March 9-12,Cancelled
Concur Fusion,US,Orlando,March 9-12,Cancelled
Qualtrics X4,US,Salt Lake City,March 10-12,Postponed
Intel Labs Day,US,San Francisco,Mar-12,Cancelled
SXSW,US,Austin,March 12-22,Cancelled
Microsoft MVP Global Summit,US,Bellevue, March 15-20,Online
F5 Agility 2020,US,Orlando,March 16-19,Online
SAP Ariba Live,US,Las Vegas,March 16-18,Cancelled
Game Developers Conference,US,San Francisco,March 16-20,Postponed
Domopalooza,US,Salt Lake City,March 12-20 ,Online
Nvidia’s GTC,US,San Jose,March 22-26,Cancelled
EmTech Asia,Singapore,Singapore ,March 24-26,Postponed
Oracle Modern Business Experience 2020,US,Chicago,March 23-26 ,Postponed
Adobe Summit,US,Las Vegas,Mar-29,Online
Okta’s Oktane 2020,US,San Francisco,March 30-April 2,Online
Atlassian Summit 2020,US,Las Vegas,March 31-April 2,Cancelled
Google Cloud Next ‘20,US,San Francisco,April 6-8 ,Online
Outreach Unleash,US,San Diego,April 7-9,Cancelled
Facebook F8 Conference,US,San Jose,May 5-6,Cancelled
Shopify Unite,Canada,Toronto,May 6-8 ,Cancelled
Google I/O,US,Mountain View,May 12-14,Cancelled
TNW 2020,Netherlands,Amsterdam,June 18-19,Postponed
CERAWeek 2020,US,Houston,March 9-13,Cancelled
ICLR 2020, Ethiopia.,Addis Ababa,April 26-30,Online
Collision,Canada,Toronto,June 22-25,Cancelled