Panjang;Lebar;Tinggi;JK
98;81;38;Betina
103;84;38;Betina
103;86;42;Betina
105;86;42;Betina
109;88;44;Betina
123;92;50;Betina
123;95;46;Betina
133;99;51;Betina
133;102;51;Betina
133;102;51;Betina
134;100;48;Betina
136;102;49;Betina
138;98;51;Betina
138;99;51;Betina
141;105;53;Betina
147;108;57;Betina
149;107;55;Betina
153;107;56;Betina
155;115;63;Betina
155;117;60;Betina
158;115;62;Betina
159;118;63;Betina
162;124;61;Betina
177;132;67;Betina
93;74;37;Jantan
94;78;35;Jantan
96;80;35;Jantan
101;84;39;Jantan
102;85;38;Jantan
103;81;37;Jantan
104;83;39;Jantan
106;83;39;Jantan
107;82;38;Jantan
112;89;40;Jantan
113;88;40;Jantan
114;86;40;Jantan
116;90;43;Jantan
117;90;41;Jantan
117;91;41;Jantan
119;93;41;Jantan
120;89;40;Jantan
120;93;44;Jantan
121;95;42;Jantan
125;93;45;Jantan
127;96;45;Jantan
128;95;45;Jantan
131;95;46;Jantan
135;106;47;Jantan
