Year,Most Valuable player,MVP Country,Top Goalscorer (Finals only),Top Goalscorer Goals,Best goalkeeper,Fair play award
1989,Steve Mark,Grenada,"Dwight Yorke,  Philbert Jones ",2,,Grenada
1991,Paul Davis,Jamaica,Paul Davis ,5,,
1992,,,Leonson Lewis ,7,,
1993,Walter Boyd,Jamaica,Jean-Michel Modestin ,5,,Saint Kitts and Nevis
1994,David Nakhid,Trinidad and Tobago,,,,
1995,David Nakhid,Trinidad and Tobago,,,,
1996,,,Russell Latapy ,6,,
1997,Jerren Nixon,Trinidad and Tobago,,,Clayton Ince,
1998,Stern John,Trinidad and Tobago,Stern John ,10,Clayton Ince,
1999,Raciel Martinez,Cuba,Ariel Alvarez ,5,Clayton Ince,
2001,Dennis Lawrence,Trinidad and Tobago,Golman Pierre,5,Clayton Ince,
2005,Andy Williams,Jamaica,Luton Shelton ,9,,
2007,Pierre Richard Bruny,Haiti,Gary Glasgow,6,,
2008,Eric Vernan,Jamaica,"Kithson Bain,  Luton Shelton ",5,,
2010,Rodolph Austin,Jamaica,"Dane Richards,  Kithson Bain ",3,,
2012,,,Eight players ,2,,
2014,Rodolph Austin,Jamaica,"Kervens Belfort,  Darren Mattocks and  Kevin Molino ",3,Andre Blake,Haiti
2017,Gino van Kessel,Curacao,Elson Hooi ,2,,