Year,Host,Co Host,Winner,Runner-up,3rd Place,Co 3rd Place,4th place
1989,Barbados,,Trinidad and Tobago,Grenada,Guadeloupe,,Netherlands Antilles
1990,Trinidad and Tobago,,Not Completed,Not Completed,Not Completed,Not Completed,Not Completed
1991,Jamaica,,Jamaica,Trinidad and Tobago,Saint Lucia,,Guyana
1992,Trinidad and Tobago,,Trinidad and Tobago,Jamaica,Martinique,,Cuba
1993,Jamaica,,Martinique,Jamaica,Trinidad and Tobago,,Saint Kitts and Nevis
1994,Trinidad and Tobago,,Trinidad and Tobago,Martinique,Guadeloupe,,Suriname
1995,Cayman Islands,Jamaica,Trinidad and Tobago,Saint Vincent and the Grenadines,Cuba,,Cayman Islands
1996,Trinidad and Tobago,,Trinidad and Tobago,Cuba,Martinique,,Suriname
1997,"Antigua and Barbuda
",Saint Kitts and Nevis,Trinidad and Tobago,Saint Kitts and Nevis,Jamaica,,Grenada
1998,"Jamaica
 ",Trinidad and Tobago,Jamaica,Trinidad and Tobago,Haiti,,Antigua and Barbuda
1999,Trinidad and Tobago,,Trinidad and Tobago,Cuba,Haiti,Jamaica,
2001,Trinidad and Tobago,,Trinidad and Tobago,Haiti,Martinique,,Cuba
2005,Barbados,,Jamaica,Cuba,Trinidad and Tobago,,Barbados
2007,Trinidad and Tobago,,Haiti,Trinidad and Tobago,Cuba,,Guadeloupe
2008,Jamaica,,Jamaica,Grenada,Guadeloupe,,Cuba
2010,Martinique,,Jamaica,Guadeloupe,Cuba,,Grenada
2012,Antigua and Barbuda,,Cuba,Trinidad and Tobago,Haiti,,Martinique
2014,Jamaica,,Jamaica,Trinidad and Tobago,Haiti,,Cuba
2017,Martinique,,Curacao,Jamaica,French Guiana,,Martinique