﻿Brand,Usage (in hrs)
OnePlus,62
Panasonic,164
LG,94
Samsung,116
Samsung,46
Nokia,137
Realme,98
Huawei,22
HTC,174
Micromax,70
OnePlus,146
Xiaomi,170
Realme,200
Samsung,57
Micromax,69
Vivo,19
Google,31
Realme,103
Samsung,25
Apple,102
Lenovo,111
Nokia,53
Micromax,159
HTC,17
Micromax,61
Micromax,179
LG,167
Sony,57
Realme,165
Oppo,101
Jio,93
Blackberry,170
Nokia,159
Huawei,73
Apple,79
Google,1
HTC,70
Panasonic,5
Nokia,121
Jio,174
OnePlus,23
Micromax,180
LG,123
Micromax,104
Panasonic,199
Nokia,6
Realme,142
Vivo,101
HTC,99
Google,31
Blackberry,80
Realme,73
Vivo,83
Google,64
Oppo,36
OnePlus,147
Blackberry,103
Motorola,171
Samsung,182
Sony,146
Blackberry,142
Huawei,192
Jio,63
Google,36
Panasonic,156
Lenovo,153
Huawei,5
Blackberry,114
Huawei,182
Motorola,164
Lenovo,43
LG,27
Oppo,187
Jio,120
Blackberry,114
OnePlus,4
Nokia,187
Google,153
LG,105
Micromax,177
Apple,174
Huawei,111
Jio,20
Realme,139
Micromax,28
Oppo,176
Jio,139
Samsung,176
Motorola,159
Xiaomi,181
Google,146
HTC,12
Samsung,122
Google,103
Apple,54
Sony,46
LG,127
Realme,162
HTC,93
Nokia,49
Micromax,133
Samsung,78
Panasonic,168
Lenovo,164
HTC,99
Realme,45
OnePlus,193
Lenovo,145
Nokia,116
Motorola,125
Realme,28
Micromax,153
Jio,29
Jio,145
Samsung,70
Huawei,65
Samsung,138
Nokia,151
Oppo,190
Huawei,22
Huawei,96
Apple,97
Apple,19
Micromax,63
Apple,1
Huawei,161
Vivo,0
Panasonic,84
Realme,173
Oppo,142
Nokia,176
Huawei,34
Jio,171
Oppo,22
Huawei,112
Asus,173
Blackberry,157
Sony,194
Vivo,5
Vivo,35
Jio,87
Nokia,178
Panasonic,157
Nokia,146
Nokia,48
Samsung,62
HTC,154
Motorola,138
Nokia,54
LG,38
Huawei,11
Samsung,49
OnePlus,71
OnePlus,74
Blackberry,153
Lenovo,27
Apple,49
Motorola,88
Asus,126
Apple,90
Motorola,94
Motorola,36
Vivo,52
Panasonic,122
Blackberry,142
Motorola,163
Vivo,122
Sony,22
Xiaomi,181
Micromax,100
Lenovo,200
HTC,59
Google,83
Xiaomi,10
Huawei,89
Motorola,155
LG,131
Panasonic,167
Lenovo,165
Samsung,81
LG,93
Motorola,184
Apple,155
Blackberry,185
OnePlus,191
Micromax,175
Blackberry,166
Nokia,169
HTC,18
Asus,76
Lenovo,37
Jio,0
Vivo,162
Huawei,178
Google,3
Apple,142
Oppo,8
Micromax,47
Motorola,108
Motorola,88
