2018Rank,Country,Gold production(tonnes),Reserves(tonnes)
1,China China,404,2000
2,Australia Australia,319,9800
3,Russia Russia,297,5300
4,United States United States,222,3000
5,Canada Canada,189,2200
6,Peru Peru,158,2600
7,Indonesia Indonesia,137,2500
8,Ghana Ghana,130,1000
9,South Africa South Africa,130,6000
10,Mexico Mexico,115,1400
11,Brazil Brazil,97,2400
12,Uzbekistan Uzbekistan,92,1800
13,Sudan,77,1550
14,Papua New Guinea Papua New Guinea,69,1300
15,Kazakhstan,68,1000
,Rest of the world,1001,12000
,World,3503,54000
