AppName
"Whatsapp,Youtube,Meet,Amazon,Instagram"
"Discord,Netflix,Instagram,Spotify"
"Whatsapp,Youtube,Zoom,Netflix,Facebook,SnapChat,Amazon,Amazon Prime,Instagram,Spotify"
"Whatsapp,Youtube,Meet"
"Whatsapp,Youtube,Meet,Netflix,Instagram"
"Youtube,Meet,SnapChat,Instagram,Spotify"
"Whatsapp,Youtube,Meet,SnapChat,Instagram"
"Whatsapp,Youtube,Zoom,Netflix,SnapChat,Instagram"
"Whatsapp,Youtube,Meet,Netflix,Facebook,Amazon Prime"
"Whatsapp,Youtube,Meet,Netflix,Instagram"
"Whatsapp,Youtube,SnapChat,Instagram,Spotify"
"Whatsapp,Youtube,Twitter,Pinterest,Spotify"
"Whatsapp,Youtube,Twitter,Meet,Instagram"
"Whatsapp,Youtube,Meet,Netflix,Instagram"
"Whatsapp,Youtube,Facebook,Amazon,Instagram"
"Whatsapp,Youtube,Twitter,Meet,Spotify"
"Whatsapp,Youtube,Netflix,SnapChat,Instagram"
"Whatsapp,Youtube,Meet,Facebook,Wynk"
"Whatsapp,Youtube,Discord,Meet"
"Whatsapp,Youtube,Twitter"
"Whatsapp,Youtube,Zoom,Hotstar,Amazon"
"Whatsapp,Youtube,Meet,Spotify"
"Whatsapp,Youtube,Meet,Amazon Prime,Instagram"
"Whatsapp,Youtube,Facebook,Instagram"
"Youtube,Meet,SnapChat,Amazon,Instagram"
"Whatsapp,Youtube,Pinterest,Amazon,Instagram"
"Whatsapp,Youtube,Twitter,Meet,Zoom,Facebook"
"Whatsapp,Youtube,Meet,Amazon Prime,Instagram"
"Whatsapp,Youtube,Meet,SnapChat,Amazon,Amazon Prime,Instagram"
"Whatsapp,Youtube,Meet,Amazon,Instagram"
"Meet,SnapChat,Instagram,Spotify"
