﻿start_station_name,Weekday,Weekend
Temporary Transbay Terminal (Howard at Beale),25600,1005
San Jose Government Center,23,1
Stanford in Redwood City,430,20
Redwood City Medical Center,304,17
San Francisco Caltrain (Townsend at 4th),47781,2858
San Francisco Caltrain 2 (330 Townsend),32835,2036
San Jose Diridon Caltrain Station,9281,629
Santa Clara County Civic Center,801,66
San Jose City Hall,2289,190
Broadway St at Battery St,9933,826
2nd at Folsom,15352,1278
Beale at Market,15148,1285
2nd at South Park,17766,1530
San Antonio Shopping Center,1727,151
Commercial at Montgomery,11424,1027
Townsend at 7th,22805,2069
Mechanics Plaza (Market at Battery),11749,1068
Howard at 2nd,12622,1181
Steuart at Market,23829,2244
Adobe on Almaden,1208,115
Market at Sansome,23187,2240
Mountain View City Hall,2825,273
Mountain View Caltrain Station,6199,628
San Antonio Caltrain Station,1902,199
San Mateo County Center,277,29
Embarcadero at Folsom,13341,1429
Redwood City Caltrain Station,1474,175
Market at 10th,19249,2304
Clay at Battery,9477,1139
Evelyn Park and Ride,1567,190
Post at Kearny,6584,825
2nd at Townsend,24386,3114
Castro Street and El Camino Real,1893,244
Spear at Folsom,11227,1564
5th at Howard,12725,1774
South Van Ness at Market,12051,1722
Golden Gate at Polk,6891,998
Davis at Jackson,9285,1393
Santa Clara at Almaden,3598,551
Yerba Buena Center of the Arts (3rd @ Howard),10468,1673
Civic Center BART (7th at Market),13078,2110
Post at Kearney,2313,381
MLK Library,1873,316
Mezes Park,316,54
Powell Street BART,16990,2990
Palo Alto Caltrain Station,1931,359
Market at 4th,18603,3486
Grant Avenue at Columbus Avenue,15070,2864
Ryland Park,1600,308
Embarcadero at Vallejo,9723,1920
San Francisco City Hall,4125,839
St James Park,1515,312
Powell at Post (Union Square),11408,2357
San Salvador at 1st,1523,319
Cowper at University,1246,262
Harry Bridges Plaza (Ferry Building),30203,6414
San Pedro Square,2648,591
Embarcadero at Bryant,13302,3227
Washington at Kearny,3820,966
SJSU 4th at San Carlos,1047,269
Broadway at Main,58,15
Park at Olive,662,176
Paseo de San Antonio,1996,533
Rengstorff Avenue / California Street,987,264
Embarcadero at Sansome,24687,6619
SJSU - San Salvador at 9th,1303,350
Washington at Kearney,1295,360
Japantown,1661,481
Redwood City Public Library,188,56
Arena Green / SAP Center,1330,416
San Jose Civic Center,1362,452
California Ave Caltrain Station,850,325
Franklin at Maple,190,76
University and Emerson,1152,649
