Year,Host(final location),,Gold medal game,Bronze medal game
Gold,Score,Score,Bronze,Fourth place
1992,ESP ( Madrid ),Spain,3–0,
1994,ARG ( Mendoza ),Spain,3–0,
1996,ESP ( Madrid ),Spain,3–0,Brazil
1998,ARG ( Mar del Plata ),Argentina,3–0,Brazil
2000,FRA ( Toulouse ),Spain,3–0,Brazil
2002,MEX ( Mexico City ),Spain,3–0,Brazil
2004,ARG ( Buenos Aires ),Spain,3–0,Brazil
2006,ESP ( Murcia ),Brazil,3–0,Spain
2008,CAN ( Calgary ),Argentina,3–0,Brazil
2010,MEX ( Riviera Maya ),Argentina,2–1,Brazil
2012,MEX ( Riviera Maya ),Spain,,PRY 1990
2014,ESP ( Palma de Majorca ),Spain,,
2016,POR ( Cascais ),,,Spain
2018,PAR ( Asunción ),Did not held,Did not held,
