Author_and_year;LVH_GG;LVH_GA;LVH_AA;LVH_N;LVH_N;LVH_A;LVH_n;Control_GG;Control_GA;Control_AA;Control_N;Control_G;Control_A;Control_n;Country;Genotyping;End_point;Selection;Comparability;Outcomer
;GG;GA;AA;N;G;A;n;GG;GA;AA;N;G;A;n;;;;Selection;Comparability;Outcome
Jang & Kim 2012;4;12;7;23;20;26;46;9;29;22;60;47;73;120;Korea;PCR;LVH in athletes;****;**;***
Pan et al 2007;10;37;21;68;57;79;136;40;47;23;110;127;93;220;China;PCR-RFLP;LVH with EHT;***;**;***
Ruan et al 2016;93;208;104;405;394;416;810;133;52;53;238;318;158;476;China;PCR;LVH with EHT;**;**;***
Saeed et al 2005;13;25;12;50;51;49;100;59;43;28;130;161;99;260;Pakistan;PCR-RFLP;LVH with EHT;**;**;***
