state,k-12 close date
Alabama,2020-03-20
Alaska,2020-03-16
Arizona,2020-03-16
Arkansas,2020-03-17
California,2020-03-23
Colorado,2020-03-23
Connecticut,2020-03-17
Delaware,2020-03-16
District of Columbia,2020-03-16
Florida,2020-03-17
Georgia,2020-03-18
Hawaii,2020-03-16
Idaho,2020-03-24
Illinois,2020-03-17
Indiana,2020-03-20
Iowa,2020-04-02
Kansas,2020-03-18
Kentucky,2020-03-17
Louisiana,2020-03-16
Maine,2020-04-02
Maryland,2020-03-16
Massachusetts,2020-03-17
Michigan,2020-03-16
Minnesota,2020-03-18
Mississippi,2020-03-20
Missouri,2020-03-23
Montana,2020-03-16
Nebraska,2020-04-03
Nevada,2020-03-16
New Hampshire,2020-03-16
New Jersey,2020-03-18
New Mexico,2020-03-16
New York,2020-03-18
North Carolina,2020-03-16
North Dakota,2020-03-16
Ohio,2020-03-17
Oklahoma,2020-03-17
Oregon,2020-03-16
Pennsylvania,2020-03-16
Rhode Island,0
South Carolina,2020-03-16
South Dakota,2020-03-16
Tennessee,2020-03-20
Texas,2020-03-21
Utah,2020-03-16
Vermont,2020-03-18
Virginia,2020-03-16
Washington,2020-03-17
West Virginia,2020-03-16
Wisconsin,2020-03-18
Wyoming,2020-03-19
