rank,state
1,New Jersey
2,Massachusetts
3,Connecticut
4,Vermont
5,New Hampshire
6,Virginia
7,Pennsylvania
8,Minnesota
9,Wisconsin
10,Utah
11,Nebraska
12,Illinois
13,Iowa
14,Washington
15,Indiana
16,Florida
17,Colorado
18,New York
19,Maryland
20,Wyoming
21,Maine
22,Montana
23,North Carolina
24,Missouri
25,Kansas
26,South Dakota
27,Kentucky
28,Ohio
29,Tennessee
30,Delaware
31,Arkansas
32,North Dakota
33,Rhode Island
34,Texas
35,Hawaii
36,Idaho
37,Georgia
38,California
39,Mississippi
40,Michigan
41,Oregon
42,South Carolina
43,Alabama
44,West Virginia
45,Nevada
46,Arizona
47,ouisiana
48,Oklahoma
49,Alaska
50,New Mexico