Team,Played,Won,Drawn,Lost,For,Against,Goal_Difference,Points,Form_Last_5_Games
Liverpool,7,4,3,0,17,6,11,15,DDrew 1 - 1 against Chelsea on August 28th 2021.WWon 3 - 0 against Leeds United on September 12th 2021.WWon 3 - 0 against Crystal Palace on September 18th 2021.DDrew 3 - 3 against Brentford on September 25th 2021.DDrew 2 - 2 against Manchester City on October 3rd 2021.
Southampton,7,0,4,3,5,10,-5,4,DDrew 2 - 2 against Newcastle United on August 28th 2021.DDrew 0 - 0 against West Ham United on September 11th 2021.DDrew 0 - 0 against Manchester City on September 18th 2021.LLost 0 - 1 against Wolverhampton Wanderers on September 26th 2021.LLost 1 - 3 against Chelsea on October 2nd 2021.
Leeds,7,1,3,3,7,14,-7,6,DDrew 1 - 1 against Burnley on August 29th 2021.LLost 0 - 3 against Liverpool on September 12th 2021.DDrew 1 - 1 against Newcastle United on September 17th 2021.LLost 1 - 2 against West Ham United on September 25th 2021.WWon 1 - 0 against Watford on October 2nd 2021.
Newcastle,7,0,3,4,8,16,-8,3,DDrew 2 - 2 against Southampton on August 28th 2021.LLost 1 - 4 against Manchester United on September 11th 2021.DDrew 1 - 1 against Leeds United on September 17th 2021.DDrew 1 - 1 against Watford on September 25th 2021.LLost 1 - 2 against Wolverhampton Wanderers on October 2nd 2021.
Man Utd,7,4,2,1,14,6,8,14,WWon 1 - 0 against Wolverhampton Wanderers on August 29th 2021.WWon 4 - 1 against Newcastle United on September 11th 2021.WWon 2 - 1 against West Ham United on September 19th 2021.LLost 0 - 1 against Aston Villa on September 25th 2021.DDrew 1 - 1 against Everton on October 2nd 2021.
Chelsea,7,5,1,1,15,3,12,16,DDrew 1 - 1 against Liverpool on August 28th 2021.WWon 3 - 0 against Aston Villa on September 11th 2021.WWon 3 - 0 against Tottenham Hotspur on September 19th 2021.LLost 0 - 1 against Manchester City on September 25th 2021.WWon 3 - 1 against Southampton on October 2nd 2021.
Brentford,7,3,3,1,10,6,4,12,DDrew 1 - 1 against Aston Villa on August 28th 2021.LLost 0 - 1 against Brighton & Hove Albion on September 11th 2021.WWon 2 - 0 against Wolverhampton Wanderers on September 18th 2021.DDrew 3 - 3 against Liverpool on September 25th 2021.WWon 2 - 1 against West Ham United on October 3rd 2021.
Norwich,7,0,1,6,2,16,-14,1,LLost 1 - 2 against Leicester City on August 28th 2021.LLost 0 - 1 against Arsenal on September 11th 2021.LLost 1 - 3 against Watford on September 18th 2021.LLost 0 - 2 against Everton on September 25th 2021.DDrew 0 - 0 against Burnley on October 2nd 2021.
Tottenham,7,4,0,3,6,10,-4,12,WWon 1 - 0 against Watford on August 29th 2021.LLost 0 - 3 against Crystal Palace on September 11th 2021.LLost 0 - 3 against Chelsea on September 19th 2021.LLost 1 - 3 against Arsenal on September 26th 2021.WWon 2 - 1 against Aston Villa on October 3rd 2021.
Everton,7,4,2,1,13,8,5,14,WWon 2 - 0 against Brighton & Hove Albion on August 28th 2021.WWon 3 - 1 against Burnley on September 13th 2021.LLost 0 - 3 against Aston Villa on September 18th 2021.WWon 2 - 0 against Norwich City on September 25th 2021.DDrew 1 - 1 against Manchester United on October 2nd 2021.
Arsenal,7,3,1,3,5,10,-5,10,LLost 0 - 5 against Manchester City on August 28th 2021.WWon 1 - 0 against Norwich City on September 11th 2021.WWon 1 - 0 against Burnley on September 18th 2021.WWon 3 - 1 against Tottenham Hotspur on September 26th 2021.DDrew 0 - 0 against Brighton & Hove Albion on October 2nd 2021.
Aston Villa,7,3,1,3,10,9,1,10,DDrew 1 - 1 against Brentford on August 28th 2021.LLost 0 - 3 against Chelsea on September 11th 2021.WWon 3 - 0 against Everton on September 18th 2021.WWon 1 - 0 against Manchester United on September 25th 2021.LLost 1 - 2 against Tottenham Hotspur on October 3rd 2021.
Leicester,7,2,2,3,9,12,-3,8,WWon 2 - 1 against Norwich City on August 28th 2021.LLost 0 - 1 against Manchester City on September 11th 2021.LLost 1 - 2 against Brighton & Hove Albion on September 19th 2021.DDrew 2 - 2 against Burnley on September 25th 2021.DDrew 2 - 2 against Crystal Palace on October 3rd 2021.
West Ham,7,3,2,2,14,10,4,11,DDrew 2 - 2 against Crystal Palace on August 28th 2021.DDrew 0 - 0 against Southampton on September 11th 2021.LLost 1 - 2 against Manchester United on September 19th 2021.WWon 2 - 1 against Leeds United on September 25th 2021.LLost 1 - 2 against Brentford on October 3rd 2021.
Brighton,7,4,2,1,8,5,3,14,LLost 0 - 2 against Everton on August 28th 2021.WWon 1 - 0 against Brentford on September 11th 2021.WWon 2 - 1 against Leicester City on September 19th 2021.DDrew 1 - 1 against Crystal Palace on September 27th 2021.DDrew 0 - 0 against Arsenal on October 2nd 2021.
Crystal Palace,7,1,4,2,8,11,-3,7,DDrew 2 - 2 against West Ham United on August 28th 2021.WWon 3 - 0 against Tottenham Hotspur on September 11th 2021.LLost 0 - 3 against Liverpool on September 18th 2021.DDrew 1 - 1 against Brighton & Hove Albion on September 27th 2021.DDrew 2 - 2 against Leicester City on October 3rd 2021.
Man City,7,4,2,1,14,3,11,14,WWon 5 - 0 against Arsenal on August 28th 2021.WWon 1 - 0 against Leicester City on September 11th 2021.DDrew 0 - 0 against Southampton on September 18th 2021.WWon 1 - 0 against Chelsea on September 25th 2021.DDrew 2 - 2 against Liverpool on October 3rd 2021.
Wolves,7,3,0,4,5,6,-1,9,LLost 0 - 1 against Manchester United on August 29th 2021.WWon 2 - 0 against Watford on September 11th 2021.LLost 0 - 2 against Brentford on September 18th 2021.WWon 1 - 0 against Southampton on September 26th 2021.WWon 2 - 1 against Newcastle United on October 2nd 2021.
Burnley,7,0,3,4,5,11,-6,3,DDrew 1 - 1 against Leeds United on August 29th 2021.LLost 1 - 3 against Everton on September 13th 2021.LLost 0 - 1 against Arsenal on September 18th 2021.DDrew 2 - 2 against Leicester City on September 25th 2021.DDrew 0 - 0 against Norwich City on October 2nd 2021.
Watford,7,2,1,4,7,10,-3,7,LLost 0 - 1 against Tottenham Hotspur on August 29th 2021.LLost 0 - 2 against Wolverhampton Wanderers on September 11th 2021.WWon 3 - 1 against Norwich City on September 18th 2021.DDrew 1 - 1 against Newcastle United on September 25th 2021.LLost 0 - 1 against Leeds United on October 2nd 2021.
