Q1,Q2,Q3,Q4,Q5,Q6,Q7,Q8,Q9,Q10,Type
No,No,No,No,Yes,No,No,No,No,No,adh
No,No,No,No,No,No,Yes,Yes,No,No,nun
No,No,No,No,Yes,No,No,Yes,Yes,No,nun
Yes,Yes,Yes,No,Yes,No,No,Yes,No,No,nin
No,Yes,Yes,Yes,Yes,No,No,No,No,No,nin
Yes,No,No,No,Yes,Yes,Yes,Yes,No,No,nun
Yes,No,No,No,Yes,Yes,No,No,No,No,nun
No,No,No,No,No,No,No,No,No,No,adh
Yes,No,No,No,Yes,Yes,No,No,Yes,No,nun
No,No,Yes,No,Yes,No,Yes,No,Yes,No,nun
No,No,No,No,Yes,No,No,No,Yes,No,nun
Yes,Yes,No,Yes,Yes,Yes,No,No,No,Yes,nin
No,No,No,No,No,Yes,No,No,No,No,adh
Yes,No,No,No,Yes,Yes,No,No,No,No,nun
Yes,Yes,Yes,Yes,Yes,No,No,No,No,Yes,nin
Yes,No,Yes,Yes,No,Yes,Yes,Yes,No,No,nun
Yes,No,No,Yes,Yes,Yes,Yes,Yes,Yes,Yes,nun
No,No,Yes,No,Yes,Yes,Yes,No,No,Yes,nin
No,No,No,No,Yes,No,No,No,No,No,adh
