Athlete,Nation,Years active,Class(es),Gold,Silver,Bronze,Total
Trischa Zorn,USA,1980 - 2004,"B1, B2, B3",41,9,4,54
Daniel Dias,BRA,2008 - 2016,S5,14,7,3,24
Jacqueline Freney,AUS,2008 - 2012,"SM7, S7, S8, 34pts",8,0,3,11
Mayumi Narita,JPN,1996 - 2004,"SM4, S4, SB3, 20pts",15,3,2,20
Michael Edgson,CAN,1984 - 1992,B3,18,0,0,18
Elizabeth Scott Elizabeth Scott (swimmer),USA,1992 - 2000,B3?,10,2,5,17
Béatrice Hess,FRA,1984 - 2004,S5,20,5,0,25
Erin Popovich,USA,2000 - 2008,"S6, S7",14,5,0,19
Uri Bergman,ISR,1976 - 1988,?,11,0,1,12
Claudia Hengst,FRG,1988 - 2004,"L6, SM10",13,4,8,25
Siobhan Paton,AUS,2000,S14,6,0,0,6
Mike Kenny Mike Kenny (swimmer),GBR,1976 - 1988,"1A, 1C",16,2,0,18
Matthew Cowdrey,AUS,2004 - 2012,S9,13,7,3,23
Stephanie Dixon,CAN,2000 - 2008,S9,7,8,2,17
Priya Cooper,AUS,1992 - 2000,S8,9,3,4,16
Natalie du Toit,RSA,2004 - 2012,S9,13,2,0,15
Erling Trondsen,NOR,1976 - 1992,?,13,?,?,20
David Roberts David Roberts (swimmer),GBR,2000 - 2008,S7,11,4,1,16
Christopher Holmes Chris Holmes (swimmer),GBR,1988 - 2000,S12?,9,5,1,15
