"","x"
"1",TRUE
"2",FALSE
"3",TRUE
"4",FALSE
"5",FALSE
"6",TRUE
"7",TRUE
"8",FALSE
"9",TRUE
"10",TRUE
"11",FALSE
"12",TRUE
"13",TRUE
"14",TRUE
"15",TRUE
"16",FALSE
"17",TRUE
"18",TRUE
"19",TRUE
"20",FALSE
"21",FALSE
"22",TRUE
"23",TRUE
"24",FALSE
"25",TRUE
"26",TRUE
"27",TRUE
"28",TRUE
"29",TRUE
"30",TRUE
"31",FALSE
"32",FALSE
"33",TRUE
"34",FALSE
"35",TRUE
"36",TRUE
"37",FALSE
"38",TRUE
"39",TRUE
"40",TRUE
"41",TRUE
"42",TRUE
"43",TRUE
"44",TRUE
"45",TRUE
"46",TRUE
"47",TRUE
"48",TRUE
"49",TRUE
"50",FALSE
"51",TRUE
"52",TRUE
"53",FALSE
"54",TRUE
"55",TRUE
"56",TRUE
"57",TRUE
"58",FALSE
"59",FALSE
"60",TRUE
"61",TRUE
"62",TRUE
"63",TRUE
"64",TRUE
"65",FALSE
"66",TRUE
"67",FALSE
"68",FALSE
"69",FALSE
"70",TRUE
"71",FALSE
"72",TRUE
"73",TRUE
"74",TRUE
"75",TRUE
"76",TRUE
"77",TRUE
"78",TRUE
"79",TRUE
"80",TRUE
"81",TRUE
"82",TRUE
"83",TRUE
"84",FALSE
"85",TRUE
"86",TRUE
"87",FALSE
"88",FALSE
"89",FALSE
"90",TRUE
"91",TRUE
"92",TRUE
"93",TRUE
"94",TRUE
"95",TRUE
"96",TRUE
"97",FALSE
"98",TRUE
"99",TRUE
"100",TRUE
"101",TRUE
"102",TRUE
"103",TRUE
"104",FALSE
"105",TRUE
"106",FALSE
"107",FALSE
"108",TRUE
"109",TRUE
"110",TRUE
"111",FALSE
"112",TRUE
"113",TRUE
"114",FALSE
"115",TRUE
"116",TRUE
"117",TRUE
"118",FALSE
"119",TRUE
"120",TRUE
"121",TRUE
"122",TRUE
"123",TRUE
"124",TRUE
"125",TRUE
"126",FALSE
"127",TRUE
"128",TRUE
"129",TRUE
"130",TRUE
"131",TRUE
"132",FALSE
"133",TRUE
"134",TRUE
"135",TRUE
"136",TRUE
"137",FALSE
"138",FALSE
"139",FALSE
"140",TRUE
"141",TRUE
"142",TRUE
"143",TRUE
"144",TRUE
"145",FALSE
