﻿Pergunta;Resposta1;Resposta2;Resposta3;Resposta4;Resposta_Correta;Nivel;Peso
Sobre o distanciamento social, assinale a respostas correta:;Evite ficar em ambientes fechados, sem ventilação, além de tentar manter o contato com as mesmas pessoas. Isso porque, ao manter o mesmo ciclo de amigos, se algum deles contrair o vírus, não será necessário isolar a escola inteira. ;Ficar em ambientes fechados com muitas pessoas, sem ventilação, mantendo contato com as pessoas. ;Fazer amizades novas e se reunir com essas amizades.;Manter contato sempre que possível com pessoas diferentes ;Resposta1;1;1
Quais são as pessoas consideradas como grupo de risco para Covid-19?;Jovens e adolescente de 14 a 20 anos;Crianças de até 9 anos;Bebês recém nascidos;Pessoas com anemia falciforme, problemas respiratórios, fumantes de longa data, hipertensos, diabéticos, pessoas com doenças crônicas e idosos devem ter um cuidado ainda maior. ;Resposta4;1;1
Animais domésticos podem contrair ou transmitir o novo coronavírus?;Animais domésticos podem contrair e transmitir;Animais domésticos não podem nem contrair e nem transmitir;Animais domésticos podem somente contrair pois não há evidências de transmissão;Animais domésticos podem somente transmitir;Resposta3;1;1
"Você pode compartilhar materiais com os seus colegas?
";Sim, os estudantes devem compartilhar materiais, ajudar ao próximo é uma bela atitude de companheirismo e trabalho em grupo.;Não,  os estudantes não devem compartilhar materiais, cada estudante deverá ter sua própria garrafa e, caso não os possua, deverá utilizar copos descartáveis.;Sim, os estudantes devem compartilhar materiais, é importante dividir sempre.;Não, os estudantes não devem compartilhar materiais, mas podem compartilhar a sua garrafa de água.;Resposta2;1;1
Sobre o uso da máscara, assine a resposta correta.;Você deve usá-la somente dentro da sala de aula;Você pode tirar a máscara em ambientes como: banheiro, pátios, etc;Você não deve tirar a máscara nos ambientes compartilhados da escola,  sala de aula, etc. Além disso, deve-se utilizar a máscara no caminho de ida e retorno para a escola.;Não é necessário o uso de máscara no período de ida e vinda no percurso da escola.;Resposta3;1;1
"O que você deve fazer se tiver contato com uma pessoa que teve COVID-19 nos últimos dias?
";Caso você tenha tido contato nos últimos 30 dias com alguém que testou positivo para COVID-19 ou ficou a menos de 1 metro de distância por ao menos 15 minutos, vá para a escola e não procure um médico.;Caso você tenha tido contato nos últimos 20 dias com alguém que testou positivo para COVID-19 ou ficou a menos de 1 metro de distância por ao menos 15 minutos vá para a escola e não procure um médico.;Caso você tenha tido contato nos últimos 14 dias com alguém que testou positivo para COVID-19 ou ficou a menos de 1 metro de distância por ao menos 15 minutos vá para a escola e procure um médico.;Caso você tenha tido contato nos últimos 14 dias com alguém que testou positivo para COVID-19 ou ficou a menos de 1 metro de distância por ao menos 15 minutos não vá para a escola e procure um médico.;Resposta4;1;1
Você sabe quem precisa tomar a dose de reforço? ;Idosos com mais de 60 anos, pessoas com o sistema imunológico enfraquecido e profissionais de saúde, no entanto a recomendação pode variar de estado para estado de acordo com a situação epidemiológica e de vacinas;Todos os públicos ;Não é necessário tomar a dose de reforço ;Mulheres grávidas e pessosas com anemia ;Resposta1;2;2
Pode transmitir o coronavírus mesmo sem apresentar sintoma?;Não. A transmissão não pode acontecer sem o aparecimento de sinais e sintomas. Pelos dados até o momento, apenas quando fizer o teste e o resultado for positivo que é possivel ocorrer a transmissão.;Sim. A transmissão pode acontecer mesmo sem o aparecimento de sinais e sintomas. Pelos dados apresentados até momento, o período de incubação do vírus pode variar de dois a 14 dias. Durante esse tempo, o vírus tem capacidade de transmissão. Por isso é importante adotar medidas como o distanciamento social, o uso de máscaras e a limpeza frequente e correta das mãos.;Sim. A transmissão pode acontecer sem o aparecimento de sinais e sintomas. Pelos dados apresentados até momento, o período de incubação do vírus pode variar de dois a 40 dias. Por isso, devemos ficar em quarentena durante esse todo esse periodo, sem contato algum com outras pessoas.;Não. Não pode acontecer a transmissão sem apresentar sintomas da COVID-19.;Resposta2;2;2
Quando ocorreu o primeiro caso de coronavirus no Brasil?;O primeiro caso oficial de covid-19 surgiu em dezembro de 2019;O Brasil identificou a primeira contaminação pelo novo coronavírus no inicio de janeiro de 2020.;O Brasil identificou a primeira contaminação pelo novo coronavírus no final de fevereiro de 2020;O primeiro caso oficial de covid-19 surgiu em dezembro de 2020;Resposta3;2;2
Quando estiver com sintomas de covid,o mais adequado a se fazer :;Tomar medicamentos sem prescrição ;Ir ao posto de saúde realizar o teste ;Ficar em casa em isolamento até que saia o resultado do teste rapido ;Sair com os amigos e familia de maneira normal ;Resposta3;2;2
"Você sabe qual o tempo ideal para fazer a troca da sua máscara? 
";Sim, uma média de 3 horas;Sim, uma média de 5 horas;Não sei;Não precisa trocar de máscara;Resposta1;2;2
Qual  é a medida mais importante para evitar o contágio com o vírus?;Limpar tudo com álcool gel;"Manter locais fechados ventilados e usar máscara
";Medir temperatura;Tomar remédios sem prescrição médica;Resposta2;2;2
Qual é a melhor opção de máscara para evitar o contágio pelo coronavírus? ;PFF2;Máscara de pano;Máscara cirúrgica;Máscara de algodão;Resposta1;2;2
Você tem monitorado se a sua escola tem implementado as medidas preventivas para o retorno às aulas?;Sim, acompanho frequentemente;Não acompanho ;Só acompanho as vezes;Não acompanho de nenhuma maneira;Resposta1;3;3
De acordo com o site coronacidades.org, quais são as melhores medidas atuais para se prevenir do coronavírus?;Se isolando em casa, sem contato com outras pessoas.;Ficando de marcará APENAS dentro da sala de aula;Mantendo o chamado Triângulo da prevenção, que consiste em: ventilação, máscara e distanciamento;Não indo para escola;Resposta3;3;3
Você sabe o porque a vacinação é tão importante? ;Com grande número de pessoas vacinadas, diminuímos muito o número de pessoas suscetíveis a transmitir o vírus, a circulação do vírus cai e evitamos mortes pela doença;Não é importante fazer com que as pessoas se vacinem ;A vacinação é necessária para o âmbito individual ;A vacina não é comprovada ;Resposta1;3;3
Quais são as melhores fontes de informações sobre a COVID-19? ;Correntes do WhatsApp;Compartilhamentos do Facebook ;Sites oficiais do governo e de organizações da saúde ;Não acessar informações sobre a COVID-19;Resposta3;3;3
Sobre o nivel de eficacia das vacinas:;Todas possuem eficacia acima de 80%;A vacina da coronavac não possui eficacia ;É importante se vacinar não levando em consideração o nivel de eficacia ;Nenhuma vacina possui eficacia comprovada ;Resposta3;3;3
Se as reações adversas à vacina estiverem muito intensas ou incomuns, o que as pessoas devem fazer?;Em estudos clínicos com a vacina, a maioria dos efeitos colaterais foi de natureza leve a moderada e resolvida dentro de poucos dias. Foram identificados também menos efeitos colaterais após a segunda dose;Tomar medicações sem ir ao médico ;As vacinas não tem reação;Tomar dipirona ;Resposta1;3;3
A infecção pelo coronavírus pode provocar sintomas graves?;Sim. A maioria das pessoas infectadas apresenta sintomas leves ou moderados, mas a Covid-19 pode evoluir de forma grave mas não causa mortes;Sim. A maioria das pessoas infectadas apresenta sintomas leves ou moderados, mas a Covid-19 pode evoluir de forma grave e, inclusive, causar a morte do paciente. ;Não, só causa uma gripe leve;Não, só causa sintomas moderados;Resposta2;3;3
Quais as orientações para higienização de alimentos para prevenir a Covid-19?;Não existem orientações;Assim que os alimentos chegam em casa, é importante fazer a higienização de cada item. Se o alimento for embalado, a lavagem com água e sabão ou desifecção com álcool a 70% é suficiente. Em relação a verduras, legumes e frutas, o uso de água sanitária é recomendado, na proporção de uma colher de sopa para cada litro de água.;Os alimentos não precisam ser higienizados;Os alimentos são higienizados no próprio merado, não havendo a necessidade de higienizar em casa;Resposta2;3;3
