s_id,amount,bank
1,fourlack,sbi/ubi
2,twolack,sbi/ubi
3,twolack,hdfc
4,twolack,hdfc
5,fourlack,hdfc
6,threelack,pnb
7,threelack,idbi
8,threelack,idbi
9,threelack,sbi/idbi
10,threelack,sbi/hdfc
11,fourlack,sbi/hdfc
12,fivelack,kanara
13,fivelack,ubi/pnb
14,threelack,ubi/pnb
15,threelack,ubi/pnb/sbi
16,twolack,ubi/pnb
17,twolack,sbi/uco
18,sevenlack,sbi/idbi
19,sevenlack,idbi
20,fourlack,idbi
21,fourlack,idbi
22,twolack,idbi
23,twolack,idbi
24,threelack,pnb
25,threelack,pnb/ubi
26,threelack,sbi/pnb
27,fourlack,sbi/pnb
28,fourlack,sbi/ubi
29,twolack,hdfc
30,twolack,hdfc
31,twolack,hdfc
32,onelack,hdfc
33,threelack,hdfc
34,fivelack,hdfc
35,fivelack,hdfc
36,sixlack,sbi
37,tenlack,hdfc/idbi
38,tenlack,hdfc/uco
39,twolack,ubi
40,twolack,ubi
41,twolack,ubi
42,twolack,ubi
43,threelack,ubi
44,onelack,ubi
45,fourlack,ubi
46,threelack,ubi
47,ninelack,ubi
48,ninelack,ubi
49,tenlack,ubi
50,onelack,sbi/ubi
51,onelack,sbi/ubi
