s_id,s_name,age,sc_%,hsc_%,ent_%,category,course
1,s_kumar,19,73,64,32,gc,btech
2,p_das,21,61,61,55,gc,btech
3,c_kumar,21,61,73,71,sc,btech
4,s_bose,18,84,84,89,st,bca
5,p_das,23,92,67,53,gc,bca
6,c_singh,22,43,43,56,gc,bca
7,v_das,18,71,71,55,st,bca
8,b_kumar,18,44,44,55,obc_a,bca
9,s_dey,18,45,55,55,obc_a,bca
10,s_bose,19,67,67,55,sc,bca
11,t_halder,24,96,96,55,sc,bca
12,p_halder,23,43,67,55,sc,bba
13,s_khatun,21,55,81,67,gc,bba
14,s_ansari,21,62,62,78,obc_b,bba
15,d_das,21,68,68,42,obc_b,bba
16,k_chatter,21,87,77,78,obc_b,bba
17,a_das,21,79,79,33,obc_a,bba
18,a_ganguly,21,59,60,43,gc,bba
19,p_sharma,21,81,69,70,gc,bba
20,r_sharma,21,81,81,80,st,bhm
21,a_gupta,21,77,77,71,st,bhm
22,g_gupta,21,96,92,90,st,bca
23,s_roy,21,95,87,63,obc_b,barch
24,a_sharma,23,65,65,67,gc,barch
25,r_roy,24,66,61,49,gc,btech
26,d_kumar,22,76,81,53,sc,bhm
27,h_sharma,22,83,80,41,sc,bhm
28,r_sharma,22,58,86,41,st,bhm
29,a_roy,22,88,45,41,st,bhm
30,r_khatun,21,87,56,41,st,bba
31,p_bose,18,87,87,89,gc,bba
32,s_sharma,19,87,87,94,obc_a,bba
33,d_ansari,18,91,91,92,gc,btech
34,l_roy,18,90,78,91,gc,barch
35,a_bose,24,76,61,77,gc,bca
36,d_sanyal,23,60,60,23,obc_a,bca
37,p_khatun,23,50,50,34,sc,bca
38,c_sanyal,22,82,85,89,st,btech
39,a_p,22,77,72,79,st,barch
40,s_k,22,67,67,76,gc,bhm
41,p_das,22,89,89,69,st,bhm
42,b_dash,21,54,55,38,sc,bba
43,g_gupta,24,64,64,65,gc,mba
44,g_sharma,19,71,60,77,gc,mba
45,k_das,19,70,70,70,gc,mba
46,k_bose,17,83,83,83,obc_b,mba
47,j_ansari,17,93,88,89,obc_a,bba
48,f_mitra,15,67,67,61,sc,mba
49,s_g,21,44,49,50,gc,mba
50,a_mitra,17,78,71,66,sc,mcom
51,c_sharma,16,59,65,56,gc,mcom
