Rank,Country,CrimeIndex,SafetyIndex
1,Venezuela,84.25,15.75
2,Papua New Guinea,80.24,19.76
3,South Africa,77.07,22.93
4,Afghanistan,76.37,23.63
5,Honduras,74.78,25.22
6,Trinidad And Tobago,70.95,29.05
7,El Salvador,68.82,31.18
8,Guyana,68.74,31.26
9,Syria,68.09,31.91
10,Brazil,67.85,32.15
11,Jamaica,67.53,32.47
12,Angola,66.63,33.37
13,Peru,66.61,33.39
14,Namibia,65.89,34.11
15,Bangladesh,64.22,35.78
16,Nigeria,63.86,36.14
17,Puerto Rico,63.35,36.65
18,Argentina,63.31,36.69
19,Bahamas,62.25,37.75
20,Libya,62.00,38.00
21,Kenya,61.40,38.60
22,Belarus,60.27,39.73
23,Dominican Republic,60.14,39.86
24,Zimbabwe,58.88,41.12
25,Guatemala,58.15,41.85
26,Fiji,57.94,42.06
27,Malaysia,57.89,42.11
28,Tanzania,56.64,43.36
29,Uganda,56.07,43.93
30,Somalia,56.04,43.96
31,Maldives,55.99,44.01
32,Colombia,55.77,44.23
33,Mongolia,55.64,44.36
34,Kyrgyzstan,55.39,44.61
35,Bolivia,55.39,44.61
36,Costa Rica,55.34,44.66
37,Mexico,55.00,45.00
38,Ecuador,54.41,45.59
39,Kazakhstan,54.02,45.98
40,Botswana,52.84,47.16
41,Chile,52.08,47.92
42,Algeria,51.88,48.12
43,Belize,51.31,48.69
44,Uruguay,51.22,48.78
45,Cambodia,51.22,48.78
46,Ethiopia,50.03,49.97
47,France,49.20,50.80
48,Iran,49.19,50.81
49,Morocco,49.10,50.90
50,Paraguay,48.97,51.03
51,Iraq,48.77,51.23
52,Ghana,48.52,51.48
53,Nicaragua,48.37,51.63
54,Ukraine,48.28,51.72
55,Mauritius,47.89,52.11
56,United States,47.74,52.26
57,Sweden,47.20,52.80
58,Myanmar,47.17,52.83
59,Lebanon,46.96,53.04
60,Egypt,46.79,53.21
61,Moldova,46.56,53.44
62,Indonesia,46.23,53.77
63,Vietnam,46.09,53.91
64,Panama,45.85,54.15
65,United Kingdom,45.26,54.74
66,Ireland,45.02,54.98
67,India,44.72,55.28
68,Italy,44.37,55.63
69,Belgium,44.17,55.83
70,Greece,44.14,55.86
71,Palestine,43.96,56.04
72,Pakistan,43.86,56.14
73,Tunisia,43.40,56.60
74,Zambia,43.22,56.78
75,Bosnia And Herzegovina,43.01,56.99
76,Australia,42.44,57.56
77,New Zealand,42.26,57.74
78,Philippines,42.16,57.84
79,Albania,41.64,58.36
80,Montenegro,41.61,58.39
81,Sri Lanka,41.19,58.81
82,Canada,41.19,58.81
83,Jordan,40.73,59.27
84,Russia,40.13,59.87
85,Turkey,39.53,60.47
86,Thailand,39.38,60.62
87,Malta,38.93,61.07
88,North Macedonia,38.59,61.41
89,Serbia,38.26,61.74
90,Bulgaria,38.12,61.88
91,Latvia,37.21,62.79
92,Kosovo (Disputed Territory),36.12,63.88
93,Nepal,35.72,64.28
94,Germany,35.42,64.58
95,Hungary,34.81,65.19
96,Uzbekistan,34.70,65.30
97,Kuwait,34.04,65.96
98,Lithuania,33.84,66.16
99,Norway,33.35,66.65
100,Spain,33.13,66.87
101,Singapore,32.98,67.02
102,Luxembourg,32.15,67.85
103,Cyprus,31.97,68.03
104,Azerbaijan,31.66,68.34
105,Israel,31.21,68.79
106,China,30.17,69.83
107,Portugal,29.89,70.11
108,Slovakia,29.74,70.26
109,Poland,29.32,70.68
110,Cuba,29.09,70.91
111,Romania,28.35,71.65
112,Brunei,28.03,71.97
113,Netherlands,27.22,72.78
114,Finland,27.01,72.99
115,South Korea,26.86,73.14
116,Denmark,26.72,73.28
117,Bahrain,26.15,73.85
118,Saudi Arabia,25.93,74.07
119,Czech Republic,25.31,74.69
120,Rwanda,25.28,74.72
121,Austria,25.23,74.77
122,Croatia,24.91,75.09
123,Iceland,24.13,75.87
124,Estonia,23.38,76.62
125,Armenia,23.35,76.65
126,Georgia,22.62,77.38
127,Japan,21.95,78.05
128,Slovenia,21.79,78.21
129,Hong Kong,21.73,78.27
130,Switzerland,21.35,78.65
131,Isle Of Man,20.79,79.21
132,Oman,20.26,79.74
133,United Arab Emirates,15.35,84.65
134,Taiwan,15.24,84.76
135,Qatar,12.29,87.71
