﻿keyword;topic
hi;welcome
hey;welcome
afternoon;welcome
evening ;welcome
morning;welcome
hello;welcome
old;age
age;age
cool;confirmation
amazing;confirmation
unbelievable;confirmation
how be -pron-;state
what be up;state
new;state
feel;state
describe;description
something;introduction
name;introduction
introduce;introduction
who be -pron-;introduction
from;introduction
fuck;insult
screw;insult
shit;insult
chat;ability
do;ability
stuck;ability
purpose;ability
question;ability
help;ability
anything;fun fact
interesting;fun fact
fun;fun fact
thank;gratitude
joke;joke
boss;developers
make;developers
sorry;apology
