member/casual,month,total number of rides,average duration
casual,Jan,7785,161.6494862
casual,Feb,12314,133.2860768
casual,Mar,24615,70.83705058
casual,Apr,47744,50.94245245
casual,May,81624,51.23836208
casual,Jun,130218,45.92003986
casual,Jul,175632,59.78382499
casual,Aug,186889,67.00752238
casual,Sep,129173,51.66670305
casual,Oct,71035,58.99215035
casual,Nov,18723,67.03276362
casual,Dec,16430,63.33265673
member,Jan,136099,11.14903759
member,Feb,126714,12.80661937
member,Mar,115593,14.33440592
member,Apr,217566,13.51279213
member,May,285834,13.84989708
member,Jun,345177,14.54744131
member,Jul,381683,16.43333303
member,Aug,403295,16.18554049
member,Sep,364046,14.1306486
member,Oct,300751,13.03088751
member,Nov,158440,12.43207092
member,Dec,138662,11.41516397
