Rank,Country or region,Foreign exchangereserves(Millions of US$),Figures as of,Change from previous data(millions of US$) weekly/monthly
1,China Excluding figures for Hong Kong and Macau.,3101692,May 2020,10241
2,Japan,1378239,May 2020,9672
3,Switzerland,"848,398 Amount calculated on 6 June 2020 at 02:45 UTC when 1CHF : 1.03923USD.",May 2020 [https://data.snb.ch/en/topics/snb#!/cube/snbimfra Swiss National Bank],15911
4,Russia,574200,10 July 2020,5700
5,India,516362,10 July 2020 Indian reports are released on a weekly basis with the figures being of the previous week.,3108
6,Taiwan Formally known as the [[Republic of China]],488690,June 2020,4170
7,Saudi Arabia,"445,000 Amount calculated on 1 June 2020 at 11:04 UTC when 1sar : 0.26638usd.",May 2020,800
8,Hong Kong,442300,May  2020,1100
9,South Korea,410800,June 2020,3500
10,Brazil,348781,June 2020,3075
11,Singapore,312497,June 2020,11506
12,Germany,245055,April 2020,10628
13,France,237831,April 2020,40565
14,Thailand,241000,July 2020,1537
15,Mexico,196146,April 2020,6366
16,Italy,190217,April 2020,8823
17,,179225,May 2020,849
18,Czech Republic,146804,March 2020,183
19,Israel,142510,May 2020,8971
20,Indonesia,130544,May 2020,3336
21,United States US reports are released on a weekly basis with the figures being of two weeks back.,129264,March 2020,1739
22,Poland,112943,March 2020,458
23,United Arab Emirates,106463,March 2020,3092
24,Malaysia,102484,April 2020,781
25,Philippines,88996,March 2020,809
26,Canada,87322,May  2020,1222
27,Turkey,86343,April 2020,5802
28,"Iran The Iranian government does not report the foreign exchange reserves as a matter of policy and all figures are estimates calculated by international or foreign institutes, which are occasionally endorsed by Iranian officials without disclosing the exact numbers.",86000,February 2020,N/A
29,Vietnam,81145,January 2020,3191
-,Europe ( ECB ) Not to be confused over 'Eurozone' ECB is the common bank of European countries that have opted for euro as their common currency but eurozone includes the total amount of foreign reserves held by the different European countries centeral bank & gives you collective data of all European members.,79240,April 2020,3900
30,Spain,74037,March  2020,420
31,Libya Libya doesn't give it's forex reserves holding these are only estimates available from international organisations like world bank last recorded data is of 2017,71629,September 2017,N/A
32 +2,Norway,69139,March 2020,4931
33,Peru,68150,March 2020,1933
34 -3,,62000,February 2020,10600
35 +2,Australia,55922,March 2020,1383
36 +4,Colombia,55000,May 2020,2430
37,Sweden,54648,March 2020,1455
38 -3,Denmark,54251,March 2020,8313
39,Lebanon,53100,31 December 2017,
40,South Africa,53003,April 2020,576
41,Azerbaijan,47500,April 2019,
42,Iraq,47020,31 December 2017,
43,Netherlands,44859,March 2020,80
44,Romania,42654,March 2020,1910
45,,40600,February 2020,203
46,Argentina,39189,February 2020,317
47,Qatar,37729,February 2020,430
48,Bulgaria,36991,March 2020,300
49,Chile,36777,March 2020,1879
50,Nigeria,36563,June 2020 Nigeria's number is of 30-day moving average.,2673
51,Egypt,36254,April 2020,3039
52,Bangladesh,35090,24 June 2020,760
53,Kazakhstan,29967,March 2020,76
54,Belgium,29676,March 2020,46
55 +3,Ukraine,28500,July 2020,3100
56,Hungary,28209,March 2020,988
57,Portugal,27053,March 2020,1671
58,Austria,26443,March 2020,557
59,Morocco,24644,February 2020,326
60 +3,New Zealand,23897,March 2020,4959
61,"Macau, China",22430,April 2020,391
62,Croatia,21304,February 2020,430
63,Turkmenistan,20600,December 2017,N/A
64,Jordan,17267,March 2020,129
65,,17012,"June 2019 Figure in June 2019 is a derivation of the original figure in the June 2019 report, KZ 5761114 million, and the average reference rate of KZ338.65/USD (also in the June report).",
66,Uzbekistan,16000,31 December 2017,N/A
67,,15867,February 2020,469
68 +3,Uruguay,15340,April 2020,1100
69,Guatemala,14511,September 2019,
70,Serbia,14515,September 2019 September 2019 number is based on EUR reported and EUR/USD average rate of 1.0917 as reported [https://www.poundsterlinglive.com/best-exchange-rates/euro-to-us-dollar-exchange-rate-on-2019-09-30 here].,
71,Cambodia,13886,2018,
72,Cuba,12800,31 December 2017,
73,Kenya,12766,January 2020,
74,Pakistan,12054,03 July 2020 http://www.sbp.org.pk/ecodata/forex.pdf,13
75,Finland,11463,May 2020,394
76,Greece,9798,April 2020,670
77 +4,Paraguay,8541,April 2020,800
78 -1,Nepal,8180,April 2020,490
79,North Korea,8000,November 2013,
80,Belarus,7883,April 2020,1311
81,Afghanistan,7800,30 March 2019,
82,Dominican Republic,7591,September 2019,
83,Ghana,7555,31 December 2017,
84,Sri Lanka,7525,24 April 2020,
85,Slovakia,7524,April 2020,
86,Costa Rica,7482,September 2019,
87,,7476,31 December 2017,
88,Mauritius,7217,September 2019,
89,Trinidad and Tobago,7103,October 2019,
90,Iceland,6776,October 2019,
91 -12,Bolivia,6467,January 2020,2000
92 -14,Venezuela,6330,May 2020,2200
93,Ireland,5644,October 2019,
94,Tunisia,5540,October 2019,
95 +5,Ecuador,5377,April 2020,431
96,Bosnia and Herzegovina,5370,31 December 2017,
97,Myanmar,5032,31 December 2017 Indicated as Burma in CIA report.,
98,Honduras,5005,July 2019,
99,El Salvador,4735,September 2019,
100,Ivory Coast,4688,31 December 2017,
101,Latvia,4498,September 2019,
102,Lithuania,4481,October 2019,
103,,4174,31 December 2017,
104,Mongolia,3986,September 2019,
105,Panama,3888,31 December 2017,
106,Albania,3724,October 2019,
107,Jamaica,3605,March 2019,
108,North Macedonia,3420,September 2019,
109,Bahrain,3415,"29 February 2020 <!-- <ref name=""www.cbb.gov.bh"" /> -->",
110,Brunei,3407,2018,
111,Georgia,3387,October 2019,
112,Ethiopia,3147,31 December 2017,
113,Uganda,3045,31 December 2017,
114,Moldova,2942,September 2019,
115,Armenia,2840,December 2019,
116,,2426,31 December 2017,
117,Cameroon,2357,31 December 2017,
118,Kyrgyzstan,2203,September 2019,
119,Nicaragua,2201,August 2019,
120,Mozambique,2193,31 December 2017,
121,,2044,31 December 2017,
122,Namibia,1949,31 December 2017,
123,Papua New Guinea,1800,31 December 2017,
124,,1740,2018,
125,,1414,2017,
126,Estonia,1352,October 2019,
127,Tajikistan,1284,2018,
128,Montenegro,1261,2018,
129,,1225,2018,
130,Luxembourg,1070,October 2019,
131,Curaçao,1055,31 October 2019,
132,Niger,1039,2015,
133,Cyprus,1034,October 2019,
134,Rwanda,1026,31 December 2017,
135,Slovenia,1022,October 2019,
136,Laos,990,31 December 2017,
137,Aruba,980,2018,
138,Bhutan,987,2018,
139,,983,31 December 2017,
140,,967,31 December 2017,
141,Mauritania,934,2018,
142,Malta,890,October 2019,
143,Kosovo,881,2018,
144,Gabon,835,31 December 2017,
145,Republic of the Congo,813,31 December 2017,
146,Malawi,760,2018,
147,Maldives,722,2018,
148,Timor-Leste,674,2018,
149,Palestine,632,"August 2019 Name in IMF data is ""West Bank and Gaza"".",
150,Mali,624,2015,
151,Solomon Islands,617,2018,
152,Cape Verde,606,2018,
153,Seychelles,535,September 2019,
154,Guyana,518,2018,
155,Sierra Leone,503,2018,
156,Suriname,581,2018,
157,Liberia,475,2017,
158,Djibouti,454,2018,
159,Democratic Republic of the Congo,445,31 December 2017,
160,Swaziland,441,2018,
161,,421,2018,
162,Equatorial Guinea,416,31 December 2017,
163,Syria,407,31 December 2017,
164,Antigua and Barbuda,389,2018,
165,Saint Kitts and Nevis,363,2018,
166,Central African Republic,362,2018,
167,San Marino,339,2018,
168,Guinea-Bissau,332,2015,
169,Belize,294,2018,
170,Saint Lucia,286,2018,
171,Tonga,277,2018,
172,Eritrea,237,31 December 2017,
173,,234,2018,
174,,215,31 December 2017,
175,,205,31 December 2017,
176,Yemen,245,31 December 2017,
177,Sudan,178,2017,
178,Federated States of Micronesia,204,2017,
179,Comoros,199,2018,
180,Gambia,192,2018,
181,Dominica,191,2018,
182,,169.94 170,2018,
183,,169.57 170,2018,
184,Senegal,152,31 December 2017,
185,,148,2018,
186,,87,2018,
187,South Sudan,68.16 68,2016,
188,Burundi,68.13 68,2018,
189,Benin,60,31 December 2017,
190,Montserrat,49,31 December 2017,
191,,45,31 December 2017,
192,São Tomé and Príncipe,47,2018,
193,Somalia,32,30 December 2017,
194,Kiribati,7,31 December 2017,
