id,EnableSensor,username,sensortype,sensorname,description,manufacturer,datecreated,HomeId
1,1,sambara,18,Front Door,Front Door Sensor,Aoetec,01/02/2020 19:55,24
2,1,johnclarks,18,Entry Door,Front door,Kaipule Technology Co. Ltd,04/02/2020 21:43,25
3,1,johnclarks,17,House Temperature,Temperature Sensor,AEON Labs ZW100 MultiSensor 6,01/03/2020 18:09,25
4,1,johnclarks,26,Fridge Living Room,Living Room Fridge,Kaipule Technology Co. Ltd,06/05/2020 10:40,25
5,1,johnclarks,27,Front Door Bell Camera,Door Bell Camera,Byron Doorbell,18/08/2020 15:13,25
6,1,buxtonspa,18,Front Door Sensor,Front Door Sensor,Z-Wave compatible,06/09/2020 20:02,75
7,1,buxtonspa,17,House Temperature,Temperature Sensor,AEON Labs ZW100 MultiSensor 6,06/09/2020 20:56,75
8,1,buxtonspa,30,Motion,Motion Sensor,AEON Labs ZW100 MultiSensor 6,07/09/2020 15:23,75
9,1,buxtonspa,27,Front Door Bell Camera,Door Bell Camera,Byron Doorbell,08/09/2020 12:30,75
10,1,buxtonspa,29,Humidity,Humidity Sensor,AEON Labs ZW100 MultiSensor 6,09/09/2020 18:01,75
11,1,buxtonspa,28,Luminance,Luminance Sensor,AEON Labs ZW100 MultiSensor 6,09/09/2020 18:02,75
12,1,buxtonspa,31,Ultraviolet,Ultraviolet Sensor,AEON Labs ZW100 MultiSensor 6,09/09/2020 18:03,75
13,1,johnclarks,28,House_Luminance,House Luminance,AEON Labs ZW100 MultiSensor 6,12/09/2020 19:45,25
14,1,johnclarks,29,House_Humidity,Humidity of the house,AEON Labs ZW100 MultiSensor 6,12/09/2020 20:24,25
15,1,johnclarks,31,House_Ultraviolet,House UV,AEON Labs ZW100 MultiSensor 6,13/09/2020 18:46,25
