Rank,Country/Region,Crude Oil - Imports(bbl/day - est.),Year ofInformation
-,European Union,14060000,2017
1,China,8400000,2018
2,United States,7900000,2018
3,India,5123000,2018
4,Japan,3147000,2016
5,South Korea,2949000,2014
6,Germany,1830000,2013
7,Philippines,1503000,2014
8,Italy,1346000,2013
9,Spain,1224000,2013
10,United Kingdom,1221000,2013
11,Netherlands,1204000,2013
12,France,1129000,2013
13,Singapore,976100,2012
14,Thailand,898000,2012
15,Taiwan,841300,2015
16,Canada,700000,2014
17,Belgium,618400,2013
18,Greece,468000,2013
19,Poland,467400,2013
20,Australia,461900,2013
21,Belarus,433400,2012
22,South Africa,414000,2013
23,Indonesia,391800,2012
24,Turkey,379600,2013
25,Pakistan,372800,2013
26,Sweden,352300,2013
27,Brazil,344900,2012
28,Portugal,282400,2013
29,Israel,275600,2013
30,Bahrain,243300,2012
31,Finland,236000,2013
32,Aruba,229000,2012
33,Malaysia,200200,2012
34,Chile,186900,2013
35,Lithuania,181900,2012
36,Austria,173900,2014
37,Cuba,160000,2013
38,Morocco,148500,2012
39,Czech Republic,131300,2013
40,Bulgaria,128100,2012
41,Kazakhstan,118400,2012
42,Slovakia,117600,2013
43,Hungary,115300,2013
44,Peru,110600,2012
45,Romania,104900,2012
46,Switzerland,101400,2013
47,New Zealand,101200,2013
48,Denmark,99690,2013
49,Egypt,80000,2013
50,Côte d'Ivoire,72860,2012
51,North Korea,70000,2013
52,Ireland,66490,2013
53,Jordan,59440,2013
54,Trinidad and Tobago,59180,2012
55,Uruguay,40880,2012
56,Croatia,37300,2014
57,Norway,37080,2013
58,Ukraine,33020,2012
59,Sri Lanka,32520,2012
60,Cameroon,31960,2012
61,Serbia,31730,2014
62,Russia,29650,2014
63,Iran,28140,2012
64,Dominican Republic,26500,2012
65,Bangladesh,25320,2012
66,Ghana,24200,2012
67,Jamaica,24160,2012
68,Tunisia,22120,2012
69,Bosnia and Herzegovina,20040,2012
70,Kenya,19830,2012
71,Senegal,15560,2012
72,Papua New Guinea,14880,2012
73,Zambia,14340,2012
74,Nicaragua,13580,2014
75,El Salvador,9940,2012
76,Mexico,9884,2013
77,Algeria,5900,2012
78,U.S. Virgin Islands,4493,2012
79,Albania,3440,2012
80,Uzbekistan,340,2012
81,Macedonia,146,2014
82,Latvia,140,2012
83,Argentina,100,2012
84,Myanmar,40,2012
