﻿location;indicator;year;value
BEL;INTERNET;2019;897.301
BEL;INTERNET;2020;90.861
DNK;INTERNET;2019;954.343
DNK;INTERNET;2020;952.724
DEU;INTERNET;2019;948.293
DEU;INTERNET;2020;957.951
ISL;INTERNET;2019;977.012
ISL;INTERNET;2020;984.845
AUT;INTERNET;2019;899.074
AUT;INTERNET;2020;902.415
CZE;INTERNET;2019;869.996
CZE;INTERNET;2020;880.204
FRA;INTERNET;2019;901.727
NLD;INTERNET;2019;98.405
NLD;INTERNET;2020;969.534
POL;INTERNET;2019;86.75
POL;INTERNET;2020;903.839
ESP;INTERNET;2019;914.376
ESP;INTERNET;2020;953.775
TUR;INTERNET;2019;882.995
TUR;INTERNET;2020;907.316
FIN;INTERNET;2019;943.613
FIN;INTERNET;2020;959.986
GRC;INTERNET;2019;785.402
GRC;INTERNET;2020;803.816
IRL;INTERNET;2019;905.917
IRL;INTERNET;2020;918.229
KOR;INTERNET;2019;9.968.928.795
KOR;INTERNET;2020;9.974.851.416
CHE;INTERNET;2019;95.509.064
USA;INTERNET;2019;79.88
MEX;INTERNET;2019;5.635.686.892
NOR;INTERNET;2019;983.832
NOR;INTERNET;2020;961.982
SVK;INTERNET;2019;821.911
SVK;INTERNET;2020;857.787
BRA;INTERNET;2019;71.4
ISR;INTERNET;2019;75.9
HUN;INTERNET;2019;862.009
HUN;INTERNET;2020;876.308
ITA;INTERNET;2019;851.726
ITA;INTERNET;2020;881.032
LUX;INTERNET;2019;951.973
LUX;INTERNET;2020;935.729
SVN;INTERNET;2019;889.611
SVN;INTERNET;2020;899.748
PRT;INTERNET;2019;809.385
PRT;INTERNET;2020;844.926
SWE;INTERNET;2019;960.596
SWE;INTERNET;2020;93.941
GBR;INTERNET;2019;958.457
GBR;INTERNET;2020;973.038
EST;INTERNET;2019;904.259
EST;INTERNET;2020;899.774
LVA;INTERNET;2019;854.495
LVA;INTERNET;2020;897.275
LTU;INTERNET;2019;815.188
LTU;INTERNET;2020;821.307
COL;INTERNET;2019;5.215.725.365
CRI;INTERNET;2019;8.633.808.591
CRI;INTERNET;2020;8.469.301.365
