country,city,station,GPS,date,AQI
Australia,Canberra,Monash,"(-35.418302, 149.094018)",08/01/2020,347
Australia,Canberra,Monash,"(-35.418302, 149.094018)",07/01/2020,203
Australia,Canberra,Monash,"(-35.418302, 149.094018)",04/11/2019,71
Australia,Canberra,Monash,"(-35.418302, 149.094018)",11/11/2019,51
Australia,Canberra,Monash,"(-35.418302, 149.094018)",15/11/2019,46
Australia,Canberra,Monash,"(-35.418302, 149.094018)",30/11/2019,297
Australia,Canberra,Monash,"(-35.418302, 149.094018)",10/10/2019,43
Australia,Canberra,Monash,"(-35.418302, 149.094018)",14/10/2019,41
Australia,Canberra,Monash,"(-35.418302, 149.094018)",04/10/2019,54
Australia,Canberra,Monash,"(-35.418302, 149.094018)",23/10/2019,58
Australia,Canberra,Monash,"(-35.418302, 149.094018)",28/10/2019,48
Australia,Canberra,Monash,"(-35.418302, 149.094018)",08/10/2019,38
Australia,Canberra,Monash,"(-35.418302, 149.094018)",27/12/2019,262
Australia,Canberra,Monash,"(-35.418302, 149.094018)",09/10/2019,38
Australia,Canberra,Monash,"(-35.418302, 149.094018)",16/10/2019,54
Australia,Canberra,Monash,"(-35.418302, 149.094018)",17/11/2019,43
Australia,Canberra,Monash,"(-35.418302, 149.094018)",12/12/2019,116
Australia,Canberra,Monash,"(-35.418302, 149.094018)",05/01/2020,3305
Australia,Canberra,Monash,"(-35.418302, 149.094018)",04/12/2019,49
Australia,Canberra,Monash,"(-35.418302, 149.094018)",19/10/2019,41
Australia,Canberra,Monash,"(-35.418302, 149.094018)",02/01/2020,4586
Australia,Canberra,Monash,"(-35.418302, 149.094018)",02/11/2019,115
Australia,Canberra,Monash,"(-35.418302, 149.094018)",06/11/2019,46
Australia,Canberra,Monash,"(-35.418302, 149.094018)",26/12/2019,296
Australia,Canberra,Monash,"(-35.418302, 149.094018)",15/12/2019,159
Australia,Canberra,Monash,"(-35.418302, 149.094018)",01/12/2019,73
Australia,Canberra,Monash,"(-35.418302, 149.094018)",22/10/2019,53
Australia,Canberra,Monash,"(-35.418302, 149.094018)",26/10/2019,118
Australia,Canberra,Monash,"(-35.418302, 149.094018)",17/12/2019,327
Australia,Canberra,Monash,"(-35.418302, 149.094018)",01/10/2019,43
Australia,Canberra,Monash,"(-35.418302, 149.094018)",28/12/2019,731
Australia,Canberra,Monash,"(-35.418302, 149.094018)",10/12/2019,371
Australia,Canberra,Monash,"(-35.418302, 149.094018)",07/12/2019,115
Australia,Canberra,Monash,"(-35.418302, 149.094018)",29/10/2019,57
Australia,Canberra,Monash,"(-35.418302, 149.094018)",18/10/2019,47
Australia,Canberra,Monash,"(-35.418302, 149.094018)",13/10/2019,43
Australia,Canberra,Monash,"(-35.418302, 149.094018)",22/12/2019,886
Australia,Canberra,Monash,"(-35.418302, 149.094018)",31/10/2019,62
Australia,Canberra,Monash,"(-35.418302, 149.094018)",02/10/2019,53
Australia,Canberra,Monash,"(-35.418302, 149.094018)",07/11/2019,59
Australia,Canberra,Monash,"(-35.418302, 149.094018)",08/12/2019,600
Australia,Canberra,Monash,"(-35.418302, 149.094018)",20/10/2019,42
Australia,Canberra,Monash,"(-35.418302, 149.094018)",27/11/2019,111
Australia,Canberra,Monash,"(-35.418302, 149.094018)",06/12/2019,45
Australia,Canberra,Monash,"(-35.418302, 149.094018)",02/12/2019,39
Australia,Canberra,Monash,"(-35.418302, 149.094018)",23/11/2019,317
Australia,Canberra,Monash,"(-35.418302, 149.094018)",03/11/2019,140
Australia,Canberra,Monash,"(-35.418302, 149.094018)",30/12/2019,393
Australia,Canberra,Monash,"(-35.418302, 149.094018)",18/12/2019,682
Australia,Canberra,Monash,"(-35.418302, 149.094018)",06/10/2019,48
Australia,Canberra,Monash,"(-35.418302, 149.094018)",13/12/2019,168
Australia,Canberra,Monash,"(-35.418302, 149.094018)",01/11/2019,72
Australia,Canberra,Monash,"(-35.418302, 149.094018)",07/10/2019,54
Australia,Canberra,Monash,"(-35.418302, 149.094018)",23/12/2019,502
Australia,Canberra,Monash,"(-35.418302, 149.094018)",01/01/2020,5185
Australia,Canberra,Monash,"(-35.418302, 149.094018)",21/12/2019,1185
Australia,Canberra,Monash,"(-35.418302, 149.094018)",18/11/2019,45
Australia,Canberra,Monash,"(-35.418302, 149.094018)",06/01/2020,3134
Australia,Canberra,Monash,"(-35.418302, 149.094018)",21/10/2019,51
Australia,Canberra,Monash,"(-35.418302, 149.094018)",09/12/2019,512
Australia,Canberra,Monash,"(-35.418302, 149.094018)",05/10/2019,43
Australia,Canberra,Monash,"(-35.418302, 149.094018)",24/12/2019,431
Australia,Canberra,Monash,"(-35.418302, 149.094018)",17/10/2019,38
Australia,Canberra,Monash,"(-35.418302, 149.094018)",15/10/2019,61
Australia,Canberra,Monash,"(-35.418302, 149.094018)",14/11/2019,39
Australia,Canberra,Monash,"(-35.418302, 149.094018)",08/11/2019,55
Australia,Canberra,Monash,"(-35.418302, 149.094018)",19/12/2019,443
Australia,Canberra,Monash,"(-35.418302, 149.094018)",31/12/2019,927
Australia,Canberra,Monash,"(-35.418302, 149.094018)",29/12/2019,667
Australia,Canberra,Monash,"(-35.418302, 149.094018)",03/10/2019,52
Australia,Canberra,Monash,"(-35.418302, 149.094018)",30/10/2019,56
Australia,Canberra,Monash,"(-35.418302, 149.094018)",05/12/2019,48
Australia,Canberra,Monash,"(-35.418302, 149.094018)",13/11/2019,39
Australia,Canberra,Monash,"(-35.418302, 149.094018)",28/11/2019,284
Australia,Canberra,Monash,"(-35.418302, 149.094018)",19/11/2019,55
Australia,Canberra,Monash,"(-35.418302, 149.094018)",24/11/2019,88
Australia,Canberra,Monash,"(-35.418302, 149.094018)",10/11/2019,30
Australia,Canberra,Monash,"(-35.418302, 149.094018)",14/12/2019,115
Australia,Canberra,Monash,"(-35.418302, 149.094018)",03/01/2020,1979
Australia,Canberra,Monash,"(-35.418302, 149.094018)",11/10/2019,37
Australia,Canberra,Monash,"(-35.418302, 149.094018)",16/11/2019,44
Australia,Canberra,Monash,"(-35.418302, 149.094018)",09/11/2019,46
Australia,Canberra,Monash,"(-35.418302, 149.094018)",22/11/2019,310
Australia,Canberra,Monash,"(-35.418302, 149.094018)",05/11/2019,40
Australia,Canberra,Monash,"(-35.418302, 149.094018)",21/11/2019,73
Australia,Canberra,Monash,"(-35.418302, 149.094018)",20/12/2019,858
Australia,Canberra,Monash,"(-35.418302, 149.094018)",27/10/2019,56
Australia,Canberra,Monash,"(-35.418302, 149.094018)",25/11/2019,66
Australia,Canberra,Monash,"(-35.418302, 149.094018)",11/12/2019,170
Australia,Canberra,Monash,"(-35.418302, 149.094018)",16/12/2019,91
Australia,Canberra,Monash,"(-35.418302, 149.094018)",26/11/2019,125
Australia,Canberra,Monash,"(-35.418302, 149.094018)",25/10/2019,93
Australia,Canberra,Monash,"(-35.418302, 149.094018)",29/11/2019,471
Australia,Canberra,Monash,"(-35.418302, 149.094018)",03/12/2019,39
Australia,Canberra,Monash,"(-35.418302, 149.094018)",24/10/2019,58
Australia,Canberra,Monash,"(-35.418302, 149.094018)",25/12/2019,238
Australia,Canberra,Monash,"(-35.418302, 149.094018)",12/11/2019,43
Australia,Canberra,Monash,"(-35.418302, 149.094018)",12/10/2019,36
Australia,Canberra,Monash,"(-35.418302, 149.094018)",04/01/2020,752
Australia,Canberra,Monash,"(-35.418302, 149.094018)",20/11/2019,59
