﻿location;indicator;year;value
DNK;HOMECOMP;2017;931.369
DEU;HOMECOMP;2017;928.656
ISL;HOMECOMP;2017;972.972
JPN;HOMECOMP;2017;72.5
JPN;HOMECOMP;2018;74
JPN;HOMECOMP;2019;69.1
CZE;HOMECOMP;2017;821.815
FRA;HOMECOMP;2017;84.125
HUN;HOMECOMP;2017;796.748
SVN;HOMECOMP;2017;79.503
AUT;HOMECOMP;2017;853.733
POL;HOMECOMP;2017;817.769
ESP;HOMECOMP;2017;78.385
TUR;HOMECOMP;2017;499.999
CHL;HOMECOMP;2017;6.015.454.498
GRC;HOMECOMP;2017;705.005
IRL;HOMECOMP;2017;837.578
KOR;HOMECOMP;2017;7.470.783.801
KOR;HOMECOMP;2018;7.242.437.955
KOR;HOMECOMP;2019;7.174.420.913
KOR;HOMECOMP;2020;7.163.291.783
NLD;HOMECOMP;2017;976.108
FIN;HOMECOMP;2017;934.973
MEX;HOMECOMP;2017;4.541.874.514
MEX;HOMECOMP;2018;4.488.286.427
MEX;HOMECOMP;2019;4.434.457.378
NOR;HOMECOMP;2017;949.057
SVK;HOMECOMP;2017;817.991
BRA;HOMECOMP;2017;46.3
BRA;HOMECOMP;2018;4.175.858.235
BRA;HOMECOMP;2019;39.4
ISR;HOMECOMP;2017;78.02
ISR;HOMECOMP;2018;76.85
ISR;HOMECOMP;2019;79.5
ITA;HOMECOMP;2017;72.502
LUX;HOMECOMP;2017;954.483
PRT;HOMECOMP;2017;714.912
EST;HOMECOMP;2017;86.909
BEL;HOMECOMP;2017;851.191
SWE;HOMECOMP;2017;928.164
GBR;HOMECOMP;2017;916.684
LVA;HOMECOMP;2017;773.898
LTU;HOMECOMP;2017;730.092
COL;HOMECOMP;2018;4.160.826.519
COL;HOMECOMP;2019;371.666.571
CRI;HOMECOMP;2017;51
CRI;HOMECOMP;2018;5.042.008.949
CRI;HOMECOMP;2019;4.993.197.779
CRI;HOMECOMP;2020;5.051.957.372
