﻿tweets
"I will be leaving the great Walter Reed Medical Center today at 6:30 P.M. Feeling really good! Don’t be afraid of Covid. Don’t let it dominate your life. We have developed, under the Trump Administration, some really great drugs & knowledge. I feel better than I did 20 years ago!"
"Starting to get VERY high marks in our handling of the Coronavirus (China Virus), especially when compared to other countries and areas of the world. Now the Vaccines (Plus) are coming, and fast!"
"For the 1/100th time, the reason we show so many Cases, compared to other countries that haven’t done nearly as well as we have, is that our TESTING is much bigger and better. We have tested 40,000,000 people. If we did 20,000,000 instead, Cases would be half, etc. NOT REPORTED!"
"We are United in our effort to defeat the Invisible China Virus, and many people say that it is Patriotic to wear a face mask when you can’t socially distance. There is nobody more Patriotic than me, your favorite President!"
The concept of global warming was created by and for the Chinese in order to make U.S. manufacturing non-competitive.
"Obama's wind turbines kill “13-39 million birds and bats every year!” http://t.co/33vZUrkKu2 Save our bald eagles, symbol of our nation!"
"Crazy Joe Biden is trying to act like a tough guy. Actually, he is weak, both mentally and physically, and yet he threatens me, for the second time, with physical assault. He doesn’t know me, but he would go down fast and hard, crying all the way. Don’t threaten people Joe!"
"The same people who did the phony election polls, and were so wrong, are now doing approval rating polls. They are rigged just like before."
A total Witch Hunt! https://t.co/PEe35rewE9
"In addition to winning the Electoral College in a landslide, I won the popular vote if you deduct the millions of people who voted illegally"
"11,00 North Carolina residents get incorrect voter registration forms. 2000 LA County Voters received “faulty” Ballots, with NO WAY TO VOTE FOR PRESIDENT. Many others throughout USA. Here we go. This will be the most corrupt Election in American History!"
Of course we should have captured Osama Bin Laden long before we did. I pointed him out in my book just BEFORE the attack on the World Trade Center. President Clinton famously missed his shot. We paid Pakistan Billions of Dollars & they never told us he was living there. Fools!..
Mexico will pay for the wall!
"Terrible! Just found out that Obama had my ""wires tapped"" in Trump Tower just before the victory. Nothing found. This is McCarthyism!"
"How amazing, the State Health Director who verified copies of Obama’s “birth certificate” died in plane crash today. All others lived"
"If the morons who killed all of those people at Charlie Hebdo would have just waited, the magazine would have folded - no money, no success!"
"To Iranian President Rouhani: NEVER, EVER THREATEN THE UNITED STATES AGAIN OR YOU WILL SUFFER CONSEQUENCES THE LIKES OF WHICH FEW THROUGHOUT HISTORY HAVE EVER SUFFERED BEFORE. WE ARE NO LONGER A COUNTRY THAT WILL STAND FOR YOUR DEMENTED WORDS OF VIOLENCE & DEATH. BE CAUTIOUS!"
Another attack in London by a loser terrorist.These are sick and demented people who were in the sights of Scotland Yard. Must be proactive!
"Who can figure out the true meaning of ""covfefe"" ??? Enjoy!"
"Sorry losers and haters, but my I.Q. is one of the highest -and you all know it! Please don't feel so stupid or insecure,it's not your fault"
"....horrible BLM chant, “Pigs In A Blanket, Fry ‘Em Like Bacon”. Maybe our GREAT Police, who have been neutralized and scorned by a mayor who hates & disrespects them, won’t let this symbol of hate be affixed to New York’s greatest street. Spend this money fighting crime instead!"
"“Federal Judge throws out Stormy Danials lawsuit versus Trump. Trump is entitled to full legal fees.” @FoxNews Great, now I can go after Horseface and her 3rd rate lawyer in the Great State of Texas. She will confirm the letter she signed! She knows nothing about me, a total con!"
Happy #CincoDeMayo! The best taco bowls are made in Trump Tower Grill. I love Hispanics! https://t.co/ufoTeQd8yA pic.twitter.com/k01Mc6CuDI
"Everyone knows I am right that Robert Pattinson should dump Kristen Stewart. In a couple of years, he will thank me. Be smart, Robert."
"SEE YOU IN COURT, THE SECURITY OF OUR NATION IS AT STAKE!"
"We have declassified a picture of the wonderful dog (name not declassified) that did such a GREAT JOB in capturing and killing the Leader of ISIS, Abu Bakr al-Baghdadi! pic.twitter.com/PDMx9nZWvw"
"Meryl Streep, one of the most over-rated actresses in Hollywood, doesn't know me but attacked last night at the Golden Globes. She is a....."
"Lowest rated Oscars in HISTORY. Problem is, we don’t have Stars anymore - except your President (just kidding, of course)!"
"Time Magazine called to say that I was PROBABLY going to be named “Man (Person) of the Year,” like last year, but I would have to agree to an interview and a major photo shoot. I said probably is no good and took a pass. Thanks anyway!"
"26,000 unreported sexual assults in the military-only 238 convictions. What did these geniuses expect when they put men & women together?"
Who wouldn't take Kate's picture and make lots of money if she does the nude sunbathing thing. Come on Kate!
The U.S. cannot allow EBOLA infected people back. People that go to far away places to help out are great-but must suffer the consequences!
The global warming we should be worried about is the global warming caused by NUCLEAR WEAPONS in the hands of crazy or incompetent leaders!
"So interesting to see “Progressive” Democrat Congresswomen, who originally came from countries whose governments are a complete and total catastrophe, the worst, most corrupt and inept anywhere in the world (if they even have a functioning government at all), now loudly......"
I promise not to do this to Greenland! pic.twitter.com/03DdyVU6HA
"While @BetteMidler is an extremely unattractive woman, I refuse to say that because I always insist on being politically correct."
"I'm not against vaccinations for your children, I'm against them in 1 massive dose.Spread them out over a period of time & autism will drop!"
"Any negative polls are fake news, just like the CNN, ABC, NBC polls in the election. Sorry, people want border security and extreme vetting."
People are proud to be saying Merry Christmas again. I am proud to have led the charge against the assault of our cherished and beautiful phrase. MERRY CHRISTMAS!!!!!
It's freezing and snowing in New York--we need global warming!
"Somebody please explain to @MichelleObama that Donald J. Trump would not be here, in the beautiful White House, if it weren’t for the job done by your husband, Barack Obama. Biden was merely an afterthought, a good reason for that very late & unenthusiastic endorsement....."
"The Lamestream Media is doing everything within their power to foment hatred and anarchy. As long as everybody understands what they are doing, that they are FAKE NEWS and truly bad people with a sick agenda, we can easily work through them to GREATNESS!"
"I would like to extend my best wishes to all, even the haters and losers, on this special date, September 11th.”"
Thanks- many are saying I'm the best 140 character writer in the world. It's easy when it's fun.