Rank,Country,Stock of FDI at home  (millions of USD),Date of  information
—,European Union,6938000.0,31 December 2016 est.
1,Netherlands,4888000.0,31 December 2017 est.
2,United States,4084000.0,31 December 2017 est.
3,United Kingdom,2027000.0,31 December 2017 est.
—,Hong Kong,1901000.0,31 December 2017 est.
4,China,1514000.0,31 December 2017 est.
5,Ireland,1477000.0,31 December 2017 est.
6,Germany,1455000.0,31 December 2017 est.
7,Singapore,1285000.0,31 December 2017 est.
8,Switzerland,1230000.0,31 December 2017 est.
9,Belgium,1093000.0,31 December 2017 est.
10,Canada,1045000.0,31 December 2017 est.
11,France,842500.0,31 December 2017 est.
12,Brazil,778500.0,31 December 2017 est.
13,Spain,772100.0,31 December 2017 est.
14,Australia,647700.0,31 December 2017 est.
15,Mexico,499400.0,31 December 2017 est.
16,Italy,495200.0,31 December 2017 est.
17,Russia,479700.0,31 December 2017 est.
18,Sweden,405100.0,31 December 2017 est.
19,India,367500.0,31 December 2017 est.
20,Vietnam,318700.0,31 December 2017 est.
21,Hungary,302900.0,31 December 2017 est.
22,Japan,268400.0,31 December 2017 est.
23,Saudi Arabia,264600.0,31 December 2017 est.
24,Indonesia,247700.0,31 December 2017 est.
25,Poland,235700.0,31 December 2017 est.
26,Norway,217200.0,31 December 2017 est.
27,Chile,208800.0,31 December 2017 est.
28,Thailand,205500.0,31 December 2017 est.
29,South Korea,193000.0,31 December 2017 est.
30,Colombia,178400.0,31 December 2017 est.
31,Cyprus,178000.0,31 December 2017 est.
32,Austria,174200.0,31 December 2017 est.
33,Portugal,158900.0,31 December 2017 est.
34,Kazakhstan,156200.0,31 December 2017 est.
35,Czech Republic,146500.0,31 December 2017 est.
36,Denmark,145900.0,31 December 2017 est.
37,United Arab Emirates,144300.0,31 December 2017 est.
38,Turkey,143700.0,31 December 2017 est.
39,South Africa,139200.0,31 December 2017 est.
40,Malaysia,133200.0,31 December 2017 est.
41,Israel,119400.0,31 December 2017 est.
42,Nigeria,118000.0,31 December 2017 est.
43,Finland,110000.0,31 December 2017 est.
44,Egypt,103600.0,31 December 2017 est.
45,Peru,97290.0,31 December 2017 est.
46,Taiwan,85580.0,31 December 2017 est.
47,Argentina,84140.0,31 December 2017 est.
48,Romania,81530.0,31 December 2017 est.
49,Azerbaijan,80630.0,31 December 2017 est.
50,Philippines,78790.0,30 September 2017 est.
51,New Zealand,78250.0,31 December 2017 est.
52,Ukraine,71150.0,31 December 2017 est.
53,Lebanon,61020.0,2016 est.
54,Morocco,57810.0,31 December 2017 est.
55,Slovakia,57230.0,31 December 2017 est.
56,Panama,56020.0,31 December 2017 est.
57,Iran,50330.0,31 December 2017 est.
58,Bulgaria,47160.0,31 December 2017 est.
59,Pakistan,41560.0,31 December 2017 est.
60,Serbia,41520.0,31 December 2016 est.
61,Tunisia,37960.0,31 December 2017 est.
62,Croatia,36760.0,31 December 2017 est.
63,Venezuela,36360.0,31 December 2017 est.
64,Qatar,36040.0,31 December 2017 est.
65,Dominican Republic,35930.0,31 December 2017 est.
66,Costa Rica,35010.0,31 December 2017 est.
67,Greece,34180.0,31 December 2017 est.
68,Jordan,33960.0,31 December 2017 est.
69,Cambodia,29170.0,2014 est.
70,Iraq,26630.0,2015 est.
71,Algeria,26240.0,31 December 2017 est.
72,Sudan,25470.0,31 December 2016 est.
73,Uruguay,24350.0,31 December 2017 est.
74,Estonia,23840.0,31 December 2017 est.
75,Bahrain,22110.0,31 December 2017 est.
76,Ghana,19850.0,31 December 2013 est.
77,Libya,19070.0,31 December 2017 est.
—,Macau,18910.0,31 December 2011 est.
78,Ecuador,17330.0,31 December 2017 est.
79,Mongolia,17250.0,31 December 2017 est.
80,Liberia,17010.0,31 December 2015 est.
81,Lithuania,16570.0,31 December 2017 est.
—,New Caledonia,16430.0,2015 est.
82,Latvia,16220.0,31 December 2017 est.
83,Georgia,16200.0,31 December 2017 est.
84,Guatemala,16200.0,2017 est.
85,Slovenia,16000.0,31 December 2017 est.
86,Angola,15800.0,31 December 2017 est.
87,Laos,15140.0,31 December 2012 est.
88,Jamaica,15030.0,2016 est.
89,Bangladesh,14620.0,31 December 2017 est.
90,Kuwait,13070.0,31 December 2017 est.
91,Iceland,12890.0,31 December 2017 est.
92,Bolivia,12310.0,31 December 2017 est.
93,Luxembourg,11210.0,31 December 2008 est.
94,El Salvador,10780.0,31 December 2017 est.
95,Bosnia and Herzegovina,7332.0,31 December 2016 est.
96,Macedonia,7150.0,31 December 2017 est.
97,Belarus,6929.0,31 December 2016 est.
98,Madagascar,6461.0,2014 est.
99,Kenya,6196.0,31 December 2017 est.
100,Albania,6120.0,31 December 2016 est.
101,Kyrgyzstan,5860.0,31 December 2017 est.
102,Paraguay,5679.0,31 December 2017 est.
103,Chad,4500.0,2006 est.
104,Fiji,4342.0,31 December 2017 est.
105,Armenia,4169.0,2015 est.
106,Zimbabwe,3918.0,31 December 2017 est.
107,Moldova,3701.0,31 December 2017 est.
108,Kosovo,3590.0,31 December 2017 est.
109,Mali,3494.0,31 December 2017 est.
110,Turkmenistan,3061.0,2013 est.
—,Bermuda,2641.0,2014 est.
111,Rwanda,2473.0,31 December 2017 est.
112,Tajikistan,2272.0,31 December 2013 est.
113,Sierra Leone,2254.0,31 December 2017 est.
114,Djibouti,1784.0,31 December 2017 est.
115,Haiti,1460.0,31 December 2017 est.
—,French Polynesia,950.0,2015 est.
116,Montenegro,737.7,31 December 2017 est.
117,Solomon Islands,608.1,31 December 2017 est.
118,Vanuatu,590.9,31 December 2017 est.
119,Lesotho,532.5,31 December 2017 est.
120,São Tomé and Príncipe,453.3,31 December 2017 est.
121,Trinidad and Tobago,382.9,31 December 2014 est.
122,Maldives,324.0,31 December 2015 est.
123,Bhutan,185.5,31 December 2017 est.
124,Malta,166.1,1 June 2016 est.
125,Malawi,142.5,2015 est.
126,Tonga,127.2,31 December 2017 est.
127,Nepal,103.0,31 July 2013 est.
128,Micronesia,15.8,2013 est.
