IndicatorCode,Indicator,ValueType,ParentLocationCode,ParentLocation,Location type,SpatialDimValueCode,Location,Period type,Period,IsLatestYear,Dim1 type,Dim1,Dim1ValueCode,Dim2 type,Dim2,Dim2ValueCode,Dim3 type,Dim3,Dim3ValueCode,DataSourceDimValueCode,DataSource,FactValueNumericPrefix,FactValueNumeric,FactValueUoM,FactValueNumericLowPrefix,FactValueNumericLow,FactValueNumericHighPrefix,FactValueNumericHigh,Value,FactValueTranslationID,FactComments,Language,DateModified
DEVICES08,Total density per million population: Magnetic Resonance Imaging,text,EUR,Europe,Country,MKD,The former Yugoslav Republic of Macedonia,Year,2014,true,,,,,,,,,,,,,3.32,,,,,,3.32,,Only public sector data,EN,2016-01-28T08:00:00.000Z
DEVICES08,Total density per million population: Magnetic Resonance Imaging,text,AMR,Americas,Country,BRB,Barbados,Year,2013,true,,,,,,,,,,,,,0,,,,,,0,,Only public sector data,EN,2014-03-05T08:00:00.000Z
DEVICES08,Total density per million population: Magnetic Resonance Imaging,text,AFR,Africa,Country,BEN,Benin,Year,2013,true,,,,,,,,,,,,,0,,,,,,0,,,EN,2014-03-05T08:00:00.000Z
DEVICES08,Total density per million population: Magnetic Resonance Imaging,text,AFR,Africa,Country,BDI,Burundi,Year,2013,true,,,,,,,,,,,,,0,,,,,,0,,,EN,2014-03-05T08:00:00.000Z
DEVICES08,Total density per million population: Magnetic Resonance Imaging,text,AFR,Africa,Country,CAF,Central African Republic,Year,2013,true,,,,,,,,,,,,,0,,,,,,0,,,EN,2014-03-05T08:00:00.000Z
DEVICES08,Total density per million population: Magnetic Resonance Imaging,text,AFR,Africa,Country,COM,Comoros,Year,2013,true,,,,,,,,,,,,,0,,,,,,0,,,EN,2014-03-05T08:00:00.000Z
DEVICES08,Total density per million population: Magnetic Resonance Imaging,text,AFR,Africa,Country,COD,Democratic Republic of the Congo,Year,2013,true,,,,,,,,,,,,,0,,,,,,0,,,EN,2014-03-05T08:00:00.000Z
DEVICES08,Total density per million population: Magnetic Resonance Imaging,text,AMR,Americas,Country,DMA,Dominica,Year,2013,true,,,,,,,,,,,,,0,,,,,,0,,,EN,2014-03-05T08:00:00.000Z
DEVICES08,Total density per million population: Magnetic Resonance Imaging,text,AFR,Africa,Country,SWZ,Eswatini,Year,2013,true,,,,,,,,,,,,,0,,,,,,0,,,EN,2014-03-05T08:00:00.000Z
DEVICES08,Total density per million population: Magnetic Resonance Imaging,text,EUR,Europe,Country,GEO,Georgia,Year,2013,true,,,,,,,,,,,,,0,,,,,,0,,Only public sector data,EN,2014-03-05T08:00:00.000Z
DEVICES08,Total density per million population: Magnetic Resonance Imaging,text,AFR,Africa,Country,GIN,Guinea,Year,2013,true,,,,,,,,,,,,,0,,,,,,0,,Only public sector data,EN,2014-03-05T08:00:00.000Z
DEVICES08,Total density per million population: Magnetic Resonance Imaging,text,AFR,Africa,Country,GNB,Guinea-Bissau,Year,2013,true,,,,,,,,,,,,,0,,,,,,0,,,EN,2014-03-05T08:00:00.000Z
DEVICES08,Total density per million population: Magnetic Resonance Imaging,text,WPR,Western Pacific,Country,KIR,Kiribati,Year,2013,true,,,,,,,,,,,,,0,,,,,,0,,,EN,2014-03-05T08:00:00.000Z
DEVICES08,Total density per million population: Magnetic Resonance Imaging,text,WPR,Western Pacific,Country,LAO,Lao People's Democratic Republic,Year,2013,true,,,,,,,,,,,,,0,,,,,,0,,,EN,2014-03-05T08:00:00.000Z
DEVICES08,Total density per million population: Magnetic Resonance Imaging,text,AFR,Africa,Country,MDG,Madagascar,Year,2013,true,,,,,,,,,,,,,0,,,,,,0,,Only public sector data,EN,2014-03-05T08:00:00.000Z
DEVICES08,Total density per million population: Magnetic Resonance Imaging,text,AFR,Africa,Country,MLI,Mali,Year,2013,true,,,,,,,,,,,,,0,,,,,,0,,,EN,2014-03-05T08:00:00.000Z
DEVICES08,Total density per million population: Magnetic Resonance Imaging,text,WPR,Western Pacific,Country,MHL,Marshall Islands,Year,2013,true,,,,,,,,,,,,,0,,,,,,0,,,EN,2014-03-05T08:00:00.000Z
DEVICES08,Total density per million population: Magnetic Resonance Imaging,text,WPR,Western Pacific,Country,FSM,Micronesia (Federated States of),Year,2013,true,,,,,,,,,,,,,0,,,,,,0,,,EN,2014-03-05T08:00:00.000Z
DEVICES08,Total density per million population: Magnetic Resonance Imaging,text,AFR,Africa,Country,NER,Niger,Year,2013,true,,,,,,,,,,,,,0,,,,,,0,,,EN,2014-03-05T08:00:00.000Z
DEVICES08,Total density per million population: Magnetic Resonance Imaging,text,WPR,Western Pacific,Country,PNG,Papua New Guinea,Year,2013,true,,,,,,,,,,,,,0,,,,,,0,,,EN,2014-03-05T08:00:00.000Z
DEVICES08,Total density per million population: Magnetic Resonance Imaging,text,AMR,Americas,Country,KNA,Saint Kitts and Nevis,Year,2013,true,,,,,,,,,,,,,0,,,,,,0,,,EN,2014-03-05T08:00:00.000Z
DEVICES08,Total density per million population: Magnetic Resonance Imaging,text,AMR,Americas,Country,VCT,Saint Vincent and the Grenadines,Year,2013,true,,,,,,,,,,,,,0,,,,,,0,,,EN,2014-03-05T08:00:00.000Z
DEVICES08,Total density per million population: Magnetic Resonance Imaging,text,WPR,Western Pacific,Country,WSM,Samoa,Year,2013,true,,,,,,,,,,,,,0,,,,,,0,,,EN,2014-03-05T08:00:00.000Z
DEVICES08,Total density per million population: Magnetic Resonance Imaging,text,WPR,Western Pacific,Country,TON,Tonga,Year,2013,true,,,,,,,,,,,,,0,,,,,,0,,,EN,2014-03-05T08:00:00.000Z
DEVICES08,Total density per million population: Magnetic Resonance Imaging,text,WPR,Western Pacific,Country,VUT,Vanuatu,Year,2013,true,,,,,,,,,,,,,0,,,,,,0,,,EN,2014-03-05T08:00:00.000Z
DEVICES08,Total density per million population: Magnetic Resonance Imaging,text,AFR,Africa,Country,TZA,United Republic of Tanzania,Year,2013,true,,,,,,,,,,,,,0.041,,,,,,0.041,,,EN,2014-03-05T08:00:00.000Z
DEVICES08,Total density per million population: Magnetic Resonance Imaging,text,AFR,Africa,Country,CMR,Cameroon,Year,2013,true,,,,,,,,,,,,,0.045,,,,,,0.045,,,EN,2014-03-05T08:00:00.000Z
DEVICES08,Total density per million population: Magnetic Resonance Imaging,text,AFR,Africa,Country,AGO,Angola,Year,2013,true,,,,,,,,,,,,,0.047,,,,,,0.047,,Only public sector data,EN,2014-03-05T08:00:00.000Z
DEVICES08,Total density per million population: Magnetic Resonance Imaging,text,AFR,Africa,Country,BFA,Burkina Faso,Year,2013,true,,,,,,,,,,,,,0.059,,,,,,0.059,,,EN,2014-03-05T08:00:00.000Z
DEVICES08,Total density per million population: Magnetic Resonance Imaging,text,AFR,Africa,Country,MWI,Malawi,Year,2013,true,,,,,,,,,,,,,0.061,,,,,,0.061,,,EN,2014-03-05T08:00:00.000Z
DEVICES08,Total density per million population: Magnetic Resonance Imaging,text,WPR,Western Pacific,Country,KHM,Cambodia,Year,2013,true,,,,,,,,,,,,,0.066,,,,,,0.066,,,EN,2014-03-05T08:00:00.000Z
DEVICES08,Total density per million population: Magnetic Resonance Imaging,text,AFR,Africa,Country,ZMB,Zambia,Year,2013,true,,,,,,,,,,,,,0.069,,,,,,0.069,,,EN,2014-03-05T08:00:00.000Z
DEVICES08,Total density per million population: Magnetic Resonance Imaging,text,AFR,Africa,Country,ETH,Ethiopia,Year,2013,true,,,,,,,,,,,,,0.074,,,,,,0.074,,,EN,2014-03-05T08:00:00.000Z
DEVICES08,Total density per million population: Magnetic Resonance Imaging,text,SEAR,South-East Asia,Country,MMR,Myanmar,Year,2013,true,,,,,,,,,,,,,0.075,,,,,,0.075,,Only public sector data,EN,2014-03-05T08:00:00.000Z
DEVICES08,Total density per million population: Magnetic Resonance Imaging,text,AFR,Africa,Country,GHA,Ghana,Year,2013,true,,,,,,,,,,,,,0.077,,,,,,0.077,,Only public sector data,EN,2014-03-05T08:00:00.000Z
DEVICES08,Total density per million population: Magnetic Resonance Imaging,text,AFR,Africa,Country,UGA,Uganda,Year,2013,true,,,,,,,,,,,,,0.08,,,,,,0.08,,,EN,2014-03-05T08:00:00.000Z
DEVICES08,Total density per million population: Magnetic Resonance Imaging,text,EMR,Eastern Mediterranean,Country,AFG,Afghanistan,Year,2013,true,,,,,,,,,,,,,0.098,,,,,,0.098,,,EN,2014-03-05T08:00:00.000Z
DEVICES08,Total density per million population: Magnetic Resonance Imaging,text,AMR,Americas,Country,ECU,Ecuador,Year,2013,true,,,,,,,,,,,,,0.13,,,,,,0.13,,Only public sector data,EN,2014-03-05T08:00:00.000Z
DEVICES08,Total density per million population: Magnetic Resonance Imaging,text,AFR,Africa,Country,SEN,Senegal,Year,2013,true,,,,,,,,,,,,,0.14,,,,,,0.14,,Only public sector data,EN,2014-03-05T08:00:00.000Z
DEVICES08,Total density per million population: Magnetic Resonance Imaging,text,AFR,Africa,Country,CIV,Côte d’Ivoire,Year,2013,true,,,,,,,,,,,,,0.15,,,,,,0.15,,,EN,2014-03-05T08:00:00.000Z
DEVICES08,Total density per million population: Magnetic Resonance Imaging,text,AFR,Africa,Country,TGO,Togo,Year,2013,true,,,,,,,,,,,,,0.15,,,,,,0.15,,Only private sector data,EN,2014-03-05T08:00:00.000Z
DEVICES08,Total density per million population: Magnetic Resonance Imaging,text,AFR,Africa,Country,ERI,Eritrea,Year,2013,true,,,,,,,,,,,,,0.16,,,,,,0.16,,,EN,2014-03-05T08:00:00.000Z
DEVICES08,Total density per million population: Magnetic Resonance Imaging,text,AFR,Africa,Country,KEN,Kenya,Year,2013,true,,,,,,,,,,,,,0.16,,,,,,0.16,,,EN,2014-03-05T08:00:00.000Z
DEVICES08,Total density per million population: Magnetic Resonance Imaging,text,AMR,Americas,Country,NIC,Nicaragua,Year,2013,true,,,,,,,,,,,,,0.16,,,,,,0.16,,Only public sector data,EN,2014-03-05T08:00:00.000Z
DEVICES08,Total density per million population: Magnetic Resonance Imaging,text,EMR,Eastern Mediterranean,Country,PAK,Pakistan,Year,2013,true,,,,,,,,,,,,,0.22,,,,,,0.22,,,EN,2014-03-05T08:00:00.000Z
DEVICES08,Total density per million population: Magnetic Resonance Imaging,text,AFR,Africa,Country,ZAF,South Africa,Year,2013,true,,,,,,,,,,,,,0.23,,,,,,0.23,,Only public sector data,EN,2014-03-05T08:00:00.000Z
DEVICES08,Total density per million population: Magnetic Resonance Imaging,text,AFR,Africa,Country,ZWE,Zimbabwe,Year,2013,true,,,,,,,,,,,,,0.28,,,,,,0.28,,,EN,2014-03-05T08:00:00.000Z
DEVICES08,Total density per million population: Magnetic Resonance Imaging,text,AMR,Americas,Country,PRY,Paraguay,Year,2013,true,,,,,,,,,,,,,0.29,,,,,,0.29,,,EN,2014-03-05T08:00:00.000Z
DEVICES08,Total density per million population: Magnetic Resonance Imaging,text,WPR,Western Pacific,Country,PHL,Philippines,Year,2013,true,,,,,,,,,,,,,0.3,,,,,,0.3,,,EN,2014-03-05T08:00:00.000Z
DEVICES08,Total density per million population: Magnetic Resonance Imaging,text,EMR,Eastern Mediterranean,Country,SDN,Sudan,Year,2013,true,,,,,,,,,,,,,0.32,,,,,,0.32,,,EN,2014-03-05T08:00:00.000Z
DEVICES08,Total density per million population: Magnetic Resonance Imaging,text,EMR,Eastern Mediterranean,Country,MAR,Morocco,Year,2013,true,,,,,,,,,,,,,0.36,,,,,,0.36,,Only public sector data,EN,2014-03-05T08:00:00.000Z
DEVICES08,Total density per million population: Magnetic Resonance Imaging,text,EUR,Europe,Country,TJK,Tajikistan,Year,2013,true,,,,,,,,,,,,,0.37,,,,,,0.37,,Only public sector data,EN,2014-03-05T08:00:00.000Z
DEVICES08,Total density per million population: Magnetic Resonance Imaging,text,SEAR,South-East Asia,Country,LKA,Sri Lanka,Year,2013,true,,,,,,,,,,,,,0.42,,,,,,0.42,,,EN,2014-03-05T08:00:00.000Z
DEVICES08,Total density per million population: Magnetic Resonance Imaging,text,AFR,Africa,Country,BWA,Botswana,Year,2013,true,,,,,,,,,,,,,0.49,,,,,,0.49,,,EN,2014-03-05T08:00:00.000Z
DEVICES08,Total density per million population: Magnetic Resonance Imaging,text,EUR,Europe,Country,AZE,Azerbaijan,Year,2013,true,,,,,,,,,,,,,0.53,,,,,,0.53,,Only public sector data,EN,2014-03-05T08:00:00.000Z
DEVICES08,Total density per million population: Magnetic Resonance Imaging,text,AFR,Africa,Country,GMB,Gambia,Year,2013,true,,,,,,,,,,,,,0.54,,,,,,0.54,,,EN,2014-03-05T08:00:00.000Z
DEVICES08,Total density per million population: Magnetic Resonance Imaging,text,AFR,Africa,Country,MRT,Mauritania,Year,2013,true,,,,,,,,,,,,,0.77,,,,,,0.77,,,EN,2014-03-05T08:00:00.000Z
DEVICES08,Total density per million population: Magnetic Resonance Imaging,text,AMR,Americas,Country,CUB,Cuba,Year,2013,true,,,,,,,,,,,,,0.8,,,,,,0.8,,Only public sector data,EN,2014-03-05T08:00:00.000Z
DEVICES08,Total density per million population: Magnetic Resonance Imaging,text,AMR,Americas,Country,CRI,Costa Rica,Year,2013,true,,,,,,,,,,,,,0.82,,,,,,0.82,,,EN,2014-03-05T08:00:00.000Z
DEVICES08,Total density per million population: Magnetic Resonance Imaging,text,AFR,Africa,Country,NAM,Namibia,Year,2013,true,,,,,,,,,,,,,0.87,,,,,,0.87,,,EN,2014-03-05T08:00:00.000Z
DEVICES08,Total density per million population: Magnetic Resonance Imaging,text,EUR,Europe,Country,KGZ,Kyrgyzstan,Year,2013,true,,,,,,,,,,,,,0.9,,,,,,0.9,,,EN,2014-03-05T08:00:00.000Z
DEVICES08,Total density per million population: Magnetic Resonance Imaging,text,EMR,Eastern Mediterranean,Country,SAU,Saudi Arabia,Year,2013,true,,,,,,,,,,,,,0.97,,,,,,0.97,,Only public sector data,EN,2014-03-05T08:00:00.000Z
DEVICES08,Total density per million population: Magnetic Resonance Imaging,text,EUR,Europe,Country,KAZ,Kazakhstan,Year,2013,true,,,,,,,,,,,,,1.09,,,,,,1.09,,Only public sector data,EN,2014-03-05T08:00:00.000Z
DEVICES08,Total density per million population: Magnetic Resonance Imaging,text,AMR,Americas,Country,SLV,El Salvador,Year,2013,true,,,,,,,,,,,,,1.1,,,,,,1.1,,,EN,2014-03-05T08:00:00.000Z
DEVICES08,Total density per million population: Magnetic Resonance Imaging,text,AMR,Americas,Country,HND,Honduras,Year,2013,true,,,,,,,,,,,,,1.11,,,,,,1.11,,,EN,2014-03-05T08:00:00.000Z
DEVICES08,Total density per million population: Magnetic Resonance Imaging,text,WPR,Western Pacific,Country,FJI,Fiji,Year,2013,true,,,,,,,,,,,,,1.13,,,,,,1.13,,,EN,2014-03-05T08:00:00.000Z
DEVICES08,Total density per million population: Magnetic Resonance Imaging,text,EMR,Eastern Mediterranean,Country,YEM,Yemen,Year,2013,true,,,,,,,,,,,,,1.15,,,,,,1.15,,,EN,2014-03-05T08:00:00.000Z
DEVICES08,Total density per million population: Magnetic Resonance Imaging,text,AFR,Africa,Country,GAB,Gabon,Year,2013,true,,,,,,,,,,,,,1.2,,,,,,1.2,,,EN,2014-03-05T08:00:00.000Z
DEVICES08,Total density per million population: Magnetic Resonance Imaging,text,AMR,Americas,Country,GUY,Guyana,Year,2013,true,,,,,,,,,,,,,1.25,,,,,,1.25,,Only private sector data,EN,2014-03-05T08:00:00.000Z
DEVICES08,Total density per million population: Magnetic Resonance Imaging,text,EUR,Europe,Country,ISR,Israel,Year,2013,true,,,,,,,,,,,,,1.29,,,,,,1.29,,,EN,2014-03-05T08:00:00.000Z
DEVICES08,Total density per million population: Magnetic Resonance Imaging,text,SEAR,South-East Asia,Country,BTN,Bhutan,Year,2013,true,,,,,,,,,,,,,1.33,,,,,,1.33,,,EN,2014-03-05T08:00:00.000Z
DEVICES08,Total density per million population: Magnetic Resonance Imaging,text,EUR,Europe,Country,HUN,Hungary,Year,2013,true,,,,,,,,,,,,,1.41,,,,,,1.41,,,EN,2014-03-05T08:00:00.000Z
DEVICES08,Total density per million population: Magnetic Resonance Imaging,text,AMR,Americas,Country,MEX,Mexico,Year,2013,true,,,,,,,,,,,,,1.41,,,,,,1.41,,,EN,2014-03-05T08:00:00.000Z
DEVICES08,Total density per million population: Magnetic Resonance Imaging,text,WPR,Western Pacific,Country,MNG,Mongolia,Year,2013,true,,,,,,,,,,,,,1.41,,,,,,1.41,,,EN,2014-03-05T08:00:00.000Z
DEVICES08,Total density per million population: Magnetic Resonance Imaging,text,EUR,Europe,Country,MDA,Republic of Moldova,Year,2013,true,,,,,,,,,,,,,1.43,,,,,,1.43,,,EN,2014-03-05T08:00:00.000Z
DEVICES08,Total density per million population: Magnetic Resonance Imaging,text,AMR,Americas,Country,JAM,Jamaica,Year,2013,true,,,,,,,,,,,,,1.44,,,,,,1.44,,,EN,2014-03-05T08:00:00.000Z
DEVICES08,Total density per million population: Magnetic Resonance Imaging,text,EUR,Europe,Country,ALB,Albania,Year,2013,true,,,,,,,,,,,,,1.58,,,,,,1.58,,,EN,2014-03-05T08:00:00.000Z
DEVICES08,Total density per million population: Magnetic Resonance Imaging,text,EMR,Eastern Mediterranean,Country,IRQ,Iraq,Year,2013,true,,,,,,,,,,,,,1.63,,,,,,1.63,,Only public sector data,EN,2014-03-05T08:00:00.000Z
DEVICES08,Total density per million population: Magnetic Resonance Imaging,text,EUR,Europe,Country,IRL,Ireland,Year,2013,true,,,,,,,,,,,,,1.95,,,,,,1.95,,Only public sector data,EN,2014-03-05T08:00:00.000Z
DEVICES08,Total density per million population: Magnetic Resonance Imaging,text,EUR,Europe,Country,ROU,Romania,Year,2013,true,,,,,,,,,,,,,1.98,,,,,,1.98,,,EN,2014-03-05T08:00:00.000Z
DEVICES08,Total density per million population: Magnetic Resonance Imaging,text,EUR,Europe,Country,FRA,France,Year,2013,true,,,,,,,,,,,,,10.13,,,,,,10.13,,,EN,2014-03-05T08:00:00.000Z
DEVICES08,Total density per million population: Magnetic Resonance Imaging,text,AFR,Africa,Country,SYC,Seychelles,Year,2013,true,,,,,,,,,,,,,10.77,,,,,,10.77,,Only public sector data,EN,2014-03-05T08:00:00.000Z
DEVICES08,Total density per million population: Magnetic Resonance Imaging,text,AMR,Americas,Country,LCA,Saint Lucia,Year,2013,true,,,,,,,,,,,,,10.97,,,,,,10.97,,,EN,2014-03-05T08:00:00.000Z
DEVICES08,Total density per million population: Magnetic Resonance Imaging,text,AMR,Americas,Country,ATG,Antigua and Barbuda,Year,2013,true,,,,,,,,,,,,,11.11,,,,,,11.11,,Only private sector data,EN,2014-03-05T08:00:00.000Z
DEVICES08,Total density per million population: Magnetic Resonance Imaging,text,EUR,Europe,Country,NLD,Netherlands,Year,2013,true,,,,,,,,,,,,,12.11,,,,,,12.11,,,EN,2014-03-05T08:00:00.000Z
DEVICES08,Total density per million population: Magnetic Resonance Imaging,text,EUR,Europe,Country,LUX,Luxembourg,Year,2013,true,,,,,,,,,,,,,13.2,,,,,,13.2,,,EN,2014-03-05T08:00:00.000Z
DEVICES08,Total density per million population: Magnetic Resonance Imaging,text,EUR,Europe,Country,DNK,Denmark,Year,2013,true,,,,,,,,,,,,,13.7,,,,,,13.7,,,EN,2014-03-05T08:00:00.000Z
DEVICES08,Total density per million population: Magnetic Resonance Imaging,text,EUR,Europe,Country,MCO,Monaco,Year,2013,true,,,,,,,,,,,,,132.2,,,,,,132.2,,,EN,2014-03-05T08:00:00.000Z
DEVICES08,Total density per million population: Magnetic Resonance Imaging,text,EUR,Europe,Country,CYP,Cyprus,Year,2013,true,,,,,,,,,,,,,14.02,,,,,,14.02,,,EN,2014-03-05T08:00:00.000Z
DEVICES08,Total density per million population: Magnetic Resonance Imaging,text,EUR,Europe,Country,FIN,Finland,Year,2013,true,,,,,,,,,,,,,15.85,,,,,,15.85,,Only public sector data,EN,2014-03-05T08:00:00.000Z
DEVICES08,Total density per million population: Magnetic Resonance Imaging,text,EUR,Europe,Country,AUT,Austria,Year,2013,true,,,,,,,,,,,,,16.6,,,,,,16.6,,Only public sector data,EN,2014-03-05T08:00:00.000Z
DEVICES08,Total density per million population: Magnetic Resonance Imaging,text,WPR,Western Pacific,Country,KOR,Republic of Korea,Year,2013,true,,,,,,,,,,,,,19.99,,,,,,19.99,,Only private sector data,EN,2014-03-05T08:00:00.000Z
DEVICES08,Total density per million population: Magnetic Resonance Imaging,text,AFR,Africa,Country,CPV,Cabo Verde,Year,2013,true,,,,,,,,,,,,,2,,,,,,2,,,EN,2014-03-05T08:00:00.000Z
DEVICES08,Total density per million population: Magnetic Resonance Imaging,text,EMR,Eastern Mediterranean,Country,TUN,Tunisia,Year,2013,true,,,,,,,,,,,,,2,,,,,,2,,,EN,2014-03-05T08:00:00.000Z
DEVICES08,Total density per million population: Magnetic Resonance Imaging,text,EMR,Eastern Mediterranean,Country,JOR,Jordan,Year,2013,true,,,,,,,,,,,,,2.06,,,,,,2.06,,,EN,2014-03-05T08:00:00.000Z
DEVICES08,Total density per million population: Magnetic Resonance Imaging,text,EUR,Europe,Country,ARM,Armenia,Year,2013,true,,,,,,,,,,,,,2.35,,,,,,2.35,,,EN,2014-03-05T08:00:00.000Z
DEVICES08,Total density per million population: Magnetic Resonance Imaging,text,WPR,Western Pacific,Country,BRN,Brunei Darussalam,Year,2013,true,,,,,,,,,,,,,2.39,,,,,,2.39,,Only private sector data,EN,2014-03-05T08:00:00.000Z
DEVICES08,Total density per million population: Magnetic Resonance Imaging,text,EUR,Europe,Country,BLR,Belarus,Year,2013,true,,,,,,,,,,,,,2.57,,,,,,2.57,,Only public sector data,EN,2014-03-05T08:00:00.000Z
DEVICES08,Total density per million population: Magnetic Resonance Imaging,text,AMR,Americas,Country,BHS,Bahamas,Year,2013,true,,,,,,,,,,,,,2.65,,,,,,2.65,,,EN,2014-03-05T08:00:00.000Z
DEVICES08,Total density per million population: Magnetic Resonance Imaging,text,AMR,Americas,Country,PAN,Panama,Year,2013,true,,,,,,,,,,,,,2.85,,,,,,2.85,,,EN,2014-03-05T08:00:00.000Z
DEVICES08,Total density per million population: Magnetic Resonance Imaging,text,WPR,Western Pacific,Country,MYS,Malaysia,Year,2013,true,,,,,,,,,,,,,2.89,,,,,,2.89,,,EN,2014-03-05T08:00:00.000Z
DEVICES08,Total density per million population: Magnetic Resonance Imaging,text,SEAR,South-East Asia,Country,MDV,Maldives,Year,2013,true,,,,,,,,,,,,,2.9,,,,,,2.9,,,EN,2014-03-05T08:00:00.000Z
DEVICES08,Total density per million population: Magnetic Resonance Imaging,text,AMR,Americas,Country,URY,Uruguay,Year,2013,true,,,,,,,,,,,,,2.94,,,,,,2.94,,,EN,2014-03-05T08:00:00.000Z
DEVICES08,Total density per million population: Magnetic Resonance Imaging,text,AMR,Americas,Country,TTO,Trinidad and Tobago,Year,2013,true,,,,,,,,,,,,,2.98,,,,,,2.98,,Only public sector data,EN,2014-03-05T08:00:00.000Z
DEVICES08,Total density per million population: Magnetic Resonance Imaging,text,EUR,Europe,Country,ISL,Iceland,Year,2013,true,,,,,,,,,,,,,21.24,,,,,,21.24,,,EN,2014-03-05T08:00:00.000Z
DEVICES08,Total density per million population: Magnetic Resonance Imaging,text,EUR,Europe,Country,GRC,Greece,Year,2013,true,,,,,,,,,,,,,22.02,,,,,,22.02,,,EN,2014-03-05T08:00:00.000Z
DEVICES08,Total density per million population: Magnetic Resonance Imaging,text,AMR,Americas,Country,BLZ,Belize,Year,2013,true,,,,,,,,,,,,,3.01,,,,,,3.01,,,EN,2014-03-05T08:00:00.000Z
DEVICES08,Total density per million population: Magnetic Resonance Imaging,text,EUR,Europe,Country,MNE,Montenegro,Year,2013,true,,,,,,,,,,,,,3.22,,,,,,3.22,,,EN,2014-03-05T08:00:00.000Z
DEVICES08,Total density per million population: Magnetic Resonance Imaging,text,EUR,Europe,Country,POL,Poland,Year,2013,true,,,,,,,,,,,,,3.27,,,,,,3.27,,Only public sector data,EN,2014-03-05T08:00:00.000Z
DEVICES08,Total density per million population: Magnetic Resonance Imaging,text,AMR,Americas,Country,SUR,Suriname,Year,2013,true,,,,,,,,,,,,,3.71,,,,,,3.71,,,EN,2014-03-05T08:00:00.000Z
DEVICES08,Total density per million population: Magnetic Resonance Imaging,text,AMR,Americas,Country,CHL,Chile,Year,2013,true,,,,,,,,,,,,,4.37,,,,,,4.37,,,EN,2014-03-05T08:00:00.000Z
DEVICES08,Total density per million population: Magnetic Resonance Imaging,text,EMR,Eastern Mediterranean,Country,OMN,Oman,Year,2013,true,,,,,,,,,,,,,4.4,,,,,,4.4,,,EN,2014-03-05T08:00:00.000Z
DEVICES08,Total density per million population: Magnetic Resonance Imaging,text,AFR,Africa,Country,MUS,Mauritius,Year,2013,true,,,,,,,,,,,,,4.82,,,,,,4.82,,,EN,2014-03-05T08:00:00.000Z
DEVICES08,Total density per million population: Magnetic Resonance Imaging,text,EUR,Europe,Country,CZE,Czechia,Year,2013,true,,,,,,,,,,,,,4.86,,,,,,4.86,,,EN,2014-03-05T08:00:00.000Z
DEVICES08,Total density per million population: Magnetic Resonance Imaging,text,WPR,Western Pacific,Country,JPN,Japan,Year,2013,true,,,,,,,,,,,,,45.94,,,,,,45.94,,,EN,2014-03-05T08:00:00.000Z
DEVICES08,Total density per million population: Magnetic Resonance Imaging,text,EMR,Eastern Mediterranean,Country,LBY,Libya,Year,2013,true,,,,,,,,,,,,,5.16,,,,,,5.16,,,EN,2014-03-05T08:00:00.000Z
DEVICES08,Total density per million population: Magnetic Resonance Imaging,text,EUR,Europe,Country,BIH,Bosnia and Herzegovina,Year,2013,true,,,,,,,,,,,,,5.48,,,,,,5.48,,,EN,2014-03-05T08:00:00.000Z
DEVICES08,Total density per million population: Magnetic Resonance Imaging,text,EUR,Europe,Country,TUR,Turkey,Year,2013,true,,,,,,,,,,,,,6.14,,,,,,6.14,,,EN,2014-03-05T08:00:00.000Z
DEVICES08,Total density per million population: Magnetic Resonance Imaging,text,EUR,Europe,Country,SRB,Serbia,Year,2013,true,,,,,,,,,,,,,6.2,,,,,,6.2,,,EN,2014-03-05T08:00:00.000Z
DEVICES08,Total density per million population: Magnetic Resonance Imaging,text,EUR,Europe,Country,SMR,San Marino,Year,2013,true,,,,,,,,,,,,,63.6,,,,,,63.6,,,EN,2014-03-05T08:00:00.000Z
DEVICES08,Total density per million population: Magnetic Resonance Imaging,text,EUR,Europe,Country,HRV,Croatia,Year,2013,true,,,,,,,,,,,,,7.23,,,,,,7.23,,,EN,2014-03-05T08:00:00.000Z
DEVICES08,Total density per million population: Magnetic Resonance Imaging,text,WPR,Western Pacific,Country,SGP,Singapore,Year,2013,true,,,,,,,,,,,,,7.76,,,,,,7.76,,,EN,2014-03-05T08:00:00.000Z
DEVICES08,Total density per million population: Magnetic Resonance Imaging,text,AMR,Americas,Country,CAN,Canada,Year,2013,true,,,,,,,,,,,,,7.99,,,,,,7.99,,,EN,2014-03-05T08:00:00.000Z
DEVICES08,Total density per million population: Magnetic Resonance Imaging,text,EUR,Europe,Country,ESP,Spain,Year,2013,true,,,,,,,,,,,,,8.14,,,,,,8.14,,,EN,2014-03-05T08:00:00.000Z
DEVICES08,Total density per million population: Magnetic Resonance Imaging,text,EMR,Eastern Mediterranean,Country,LBN,Lebanon,Year,2013,true,,,,,,,,,,,,,8.3,,,,,,8.3,,,EN,2014-03-05T08:00:00.000Z
DEVICES08,Total density per million population: Magnetic Resonance Imaging,text,EUR,Europe,Country,EST,Estonia,Year,2013,true,,,,,,,,,,,,,8.55,,,,,,8.55,,,EN,2014-03-05T08:00:00.000Z
DEVICES08,Total density per million population: Magnetic Resonance Imaging,text,EUR,Europe,Country,SVN,Slovenia,Year,2013,true,,,,,,,,,,,,,8.69,,,,,,8.69,,,EN,2014-03-05T08:00:00.000Z
DEVICES08,Total density per million population: Magnetic Resonance Imaging,text,EUR,Europe,Country,LTU,Lithuania,Year,2013,true,,,,,,,,,,,,,8.95,,,,,,8.95,,,EN,2014-03-05T08:00:00.000Z
DEVICES08,Total density per million population: Magnetic Resonance Imaging,text,EMR,Eastern Mediterranean,Country,QAT,Qatar,Year,2013,true,,,,,,,,,,,,,9.22,,,,,,9.22,,,EN,2014-03-05T08:00:00.000Z
DEVICES08,Total density per million population: Magnetic Resonance Imaging,text,EUR,Europe,Country,MLT,Malta,Year,2013,true,,,,,,,,,,,,,9.32,,,,,,9.32,,,EN,2014-03-05T08:00:00.000Z
DEVICES08,Total density per million population: Magnetic Resonance Imaging,text,AMR,Americas,Country,GRD,Grenada,Year,2013,true,,,,,,,,,,,,,9.44,,,,,,9.44,,,EN,2014-03-05T08:00:00.000Z
DEVICES08,Total density per million population: Magnetic Resonance Imaging,text,EUR,Europe,Country,PRT,Portugal,Year,2013,true,,,,,,,,,,,,,9.9,,,,,,9.9,,,EN,2014-03-05T08:00:00.000Z
DEVICES08,Total density per million population: Magnetic Resonance Imaging,text,AMR,Americas,Country,BRB,Barbados,Year,2010,false,,,,,,,,,,,,,0,,,,,,0,,Only public sector data,EN,2013-06-11T07:00:00.000Z
DEVICES08,Total density per million population: Magnetic Resonance Imaging,text,AFR,Africa,Country,BEN,Benin,Year,2010,false,,,,,,,,,,,,,0,,,,,,0,,,EN,2013-06-11T07:00:00.000Z
DEVICES08,Total density per million population: Magnetic Resonance Imaging,text,AFR,Africa,Country,BFA,Burkina Faso,Year,2010,false,,,,,,,,,,,,,0,,,,,,0,,,EN,2013-06-11T07:00:00.000Z
DEVICES08,Total density per million population: Magnetic Resonance Imaging,text,AFR,Africa,Country,BDI,Burundi,Year,2010,false,,,,,,,,,,,,,0,,,,,,0,,,EN,2013-06-11T07:00:00.000Z
DEVICES08,Total density per million population: Magnetic Resonance Imaging,text,AFR,Africa,Country,CAF,Central African Republic,Year,2010,false,,,,,,,,,,,,,0,,,,,,0,,,EN,2013-06-11T07:00:00.000Z
DEVICES08,Total density per million population: Magnetic Resonance Imaging,text,AFR,Africa,Country,COM,Comoros,Year,2010,false,,,,,,,,,,,,,0,,,,,,0,,,EN,2013-06-11T07:00:00.000Z
DEVICES08,Total density per million population: Magnetic Resonance Imaging,text,AFR,Africa,Country,COD,Democratic Republic of the Congo,Year,2010,false,,,,,,,,,,,,,0,,,,,,0,,,EN,2013-06-11T07:00:00.000Z
DEVICES08,Total density per million population: Magnetic Resonance Imaging,text,AMR,Americas,Country,DMA,Dominica,Year,2010,false,,,,,,,,,,,,,0,,,,,,0,,,EN,2013-06-11T07:00:00.000Z
DEVICES08,Total density per million population: Magnetic Resonance Imaging,text,AFR,Africa,Country,SWZ,Eswatini,Year,2010,false,,,,,,,,,,,,,0,,,,,,0,,,EN,2013-06-11T07:00:00.000Z
DEVICES08,Total density per million population: Magnetic Resonance Imaging,text,EUR,Europe,Country,GEO,Georgia,Year,2010,false,,,,,,,,,,,,,0,,,,,,0,,Only public sector data,EN,2013-06-11T07:00:00.000Z
DEVICES08,Total density per million population: Magnetic Resonance Imaging,text,AFR,Africa,Country,GIN,Guinea,Year,2010,false,,,,,,,,,,,,,0,,,,,,0,,Only public sector data,EN,2013-06-11T07:00:00.000Z
DEVICES08,Total density per million population: Magnetic Resonance Imaging,text,AFR,Africa,Country,GNB,Guinea-Bissau,Year,2010,false,,,,,,,,,,,,,0,,,,,,0,,,EN,2013-06-11T07:00:00.000Z
DEVICES08,Total density per million population: Magnetic Resonance Imaging,text,WPR,Western Pacific,Country,KIR,Kiribati,Year,2010,false,,,,,,,,,,,,,0,,,,,,0,,,EN,2013-06-11T07:00:00.000Z
DEVICES08,Total density per million population: Magnetic Resonance Imaging,text,WPR,Western Pacific,Country,LAO,Lao People's Democratic Republic,Year,2010,false,,,,,,,,,,,,,0,,,,,,0,,,EN,2013-06-11T07:00:00.000Z
DEVICES08,Total density per million population: Magnetic Resonance Imaging,text,AFR,Africa,Country,MDG,Madagascar,Year,2010,false,,,,,,,,,,,,,0,,,,,,0,,Only public sector data,EN,2013-06-11T07:00:00.000Z
DEVICES08,Total density per million population: Magnetic Resonance Imaging,text,AFR,Africa,Country,MLI,Mali,Year,2010,false,,,,,,,,,,,,,0,,,,,,0,,,EN,2013-06-11T07:00:00.000Z
DEVICES08,Total density per million population: Magnetic Resonance Imaging,text,WPR,Western Pacific,Country,MHL,Marshall Islands,Year,2010,false,,,,,,,,,,,,,0,,,,,,0,,,EN,2013-06-11T07:00:00.000Z
DEVICES08,Total density per million population: Magnetic Resonance Imaging,text,WPR,Western Pacific,Country,FSM,Micronesia (Federated States of),Year,2010,false,,,,,,,,,,,,,0,,,,,,0,,,EN,2013-06-11T07:00:00.000Z
DEVICES08,Total density per million population: Magnetic Resonance Imaging,text,AFR,Africa,Country,NER,Niger,Year,2010,false,,,,,,,,,,,,,0,,,,,,0,,,EN,2013-06-11T07:00:00.000Z
DEVICES08,Total density per million population: Magnetic Resonance Imaging,text,WPR,Western Pacific,Country,PNG,Papua New Guinea,Year,2010,false,,,,,,,,,,,,,0,,,,,,0,,,EN,2013-06-11T07:00:00.000Z
DEVICES08,Total density per million population: Magnetic Resonance Imaging,text,AMR,Americas,Country,KNA,Saint Kitts and Nevis,Year,2010,false,,,,,,,,,,,,,0,,,,,,0,,,EN,2013-06-11T07:00:00.000Z
DEVICES08,Total density per million population: Magnetic Resonance Imaging,text,AMR,Americas,Country,VCT,Saint Vincent and the Grenadines,Year,2010,false,,,,,,,,,,,,,0,,,,,,0,,,EN,2013-06-11T07:00:00.000Z
DEVICES08,Total density per million population: Magnetic Resonance Imaging,text,WPR,Western Pacific,Country,WSM,Samoa,Year,2010,false,,,,,,,,,,,,,0,,,,,,0,,,EN,2013-06-11T07:00:00.000Z
DEVICES08,Total density per million population: Magnetic Resonance Imaging,text,WPR,Western Pacific,Country,TON,Tonga,Year,2010,false,,,,,,,,,,,,,0,,,,,,0,,,EN,2013-06-11T07:00:00.000Z
DEVICES08,Total density per million population: Magnetic Resonance Imaging,text,WPR,Western Pacific,Country,VUT,Vanuatu,Year,2010,false,,,,,,,,,,,,,0,,,,,,0,,,EN,2013-06-11T07:00:00.000Z
DEVICES08,Total density per million population: Magnetic Resonance Imaging,text,AFR,Africa,Country,UGA,Uganda,Year,2010,false,,,,,,,,,,,,,0.03,,,,,,0.03,,,EN,2013-06-11T07:00:00.000Z
DEVICES08,Total density per million population: Magnetic Resonance Imaging,text,AFR,Africa,Country,ETH,Ethiopia,Year,2010,false,,,,,,,,,,,,,0.04,,,,,,0.04,,,EN,2013-06-11T07:00:00.000Z
DEVICES08,Total density per million population: Magnetic Resonance Imaging,text,AFR,Africa,Country,TZA,United Republic of Tanzania,Year,2010,false,,,,,,,,,,,,,0.04,,,,,,0.04,,,EN,2013-06-11T07:00:00.000Z
DEVICES08,Total density per million population: Magnetic Resonance Imaging,text,AFR,Africa,Country,AGO,Angola,Year,2010,false,,,,,,,,,,,,,0.05,,,,,,0.05,,Only public sector data,EN,2013-06-11T07:00:00.000Z
DEVICES08,Total density per million population: Magnetic Resonance Imaging,text,AFR,Africa,Country,CMR,Cameroon,Year,2010,false,,,,,,,,,,,,,0.05,,,,,,0.05,,,EN,2013-06-11T07:00:00.000Z
DEVICES08,Total density per million population: Magnetic Resonance Imaging,text,WPR,Western Pacific,Country,KHM,Cambodia,Year,2010,false,,,,,,,,,,,,,0.07,,,,,,0.07,,,EN,2013-06-11T07:00:00.000Z
DEVICES08,Total density per million population: Magnetic Resonance Imaging,text,AFR,Africa,Country,MWI,Malawi,Year,2010,false,,,,,,,,,,,,,0.07,,,,,,0.07,,,EN,2013-06-11T07:00:00.000Z
DEVICES08,Total density per million population: Magnetic Resonance Imaging,text,AFR,Africa,Country,GHA,Ghana,Year,2010,false,,,,,,,,,,,,,0.08,,,,,,0.08,,Only public sector data,EN,2013-06-11T07:00:00.000Z
DEVICES08,Total density per million population: Magnetic Resonance Imaging,text,SEAR,South-East Asia,Country,MMR,Myanmar,Year,2010,false,,,,,,,,,,,,,0.08,,,,,,0.08,,Only public sector data,EN,2013-06-11T07:00:00.000Z
DEVICES08,Total density per million population: Magnetic Resonance Imaging,text,AFR,Africa,Country,ZMB,Zambia,Year,2010,false,,,,,,,,,,,,,0.08,,,,,,0.08,,,EN,2013-06-11T07:00:00.000Z
DEVICES08,Total density per million population: Magnetic Resonance Imaging,text,EMR,Eastern Mediterranean,Country,AFG,Afghanistan,Year,2010,false,,,,,,,,,,,,,0.1,,,,,,0.1,,,EN,2013-06-11T07:00:00.000Z
DEVICES08,Total density per million population: Magnetic Resonance Imaging,text,AMR,Americas,Country,ECU,Ecuador,Year,2010,false,,,,,,,,,,,,,0.14,,,,,,0.14,,,EN,2013-06-11T07:00:00.000Z
DEVICES08,Total density per million population: Magnetic Resonance Imaging,text,AFR,Africa,Country,CIV,Côte d’Ivoire,Year,2010,false,,,,,,,,,,,,,0.15,,,,,,0.15,,,EN,2013-06-11T07:00:00.000Z
DEVICES08,Total density per million population: Magnetic Resonance Imaging,text,AFR,Africa,Country,SEN,Senegal,Year,2010,false,,,,,,,,,,,,,0.16,,,,,,0.16,,Only public sector data,EN,2013-06-11T07:00:00.000Z
DEVICES08,Total density per million population: Magnetic Resonance Imaging,text,AFR,Africa,Country,KEN,Kenya,Year,2010,false,,,,,,,,,,,,,0.17,,,,,,0.17,,,EN,2013-06-11T07:00:00.000Z
DEVICES08,Total density per million population: Magnetic Resonance Imaging,text,AMR,Americas,Country,NIC,Nicaragua,Year,2010,false,,,,,,,,,,,,,0.17,,,,,,0.17,,Only public sector data,EN,2013-06-11T07:00:00.000Z
DEVICES08,Total density per million population: Magnetic Resonance Imaging,text,AFR,Africa,Country,TGO,Togo,Year,2010,false,,,,,,,,,,,,,0.17,,,,,,0.17,,Only private sector data,EN,2013-06-11T07:00:00.000Z
DEVICES08,Total density per million population: Magnetic Resonance Imaging,text,AFR,Africa,Country,ERI,Eritrea,Year,2010,false,,,,,,,,,,,,,0.19,,,,,,0.19,,,EN,2013-06-11T07:00:00.000Z
DEVICES08,Total density per million population: Magnetic Resonance Imaging,text,EMR,Eastern Mediterranean,Country,PAK,Pakistan,Year,2010,false,,,,,,,,,,,,,0.23,,,,,,0.23,,,EN,2013-06-11T07:00:00.000Z
DEVICES08,Total density per million population: Magnetic Resonance Imaging,text,AFR,Africa,Country,ZAF,South Africa,Year,2010,false,,,,,,,,,,,,,0.24,,,,,,0.24,,Only public sector data,EN,2013-06-11T07:00:00.000Z
DEVICES08,Total density per million population: Magnetic Resonance Imaging,text,EUR,Europe,Country,MDA,Republic of Moldova,Year,2010,false,,,,,,,,,,,,,0.28,,,,,,0.28,,Only public sector data,EN,2013-06-11T07:00:00.000Z
DEVICES08,Total density per million population: Magnetic Resonance Imaging,text,EMR,Eastern Mediterranean,Country,SDN,Sudan,Year,2010,false,,,,,,,,,,,,,0.28,,,,,,0.28,,,EN,2013-06-11T07:00:00.000Z
DEVICES08,Total density per million population: Magnetic Resonance Imaging,text,AMR,Americas,Country,PRY,Paraguay,Year,2010,false,,,,,,,,,,,,,0.31,,,,,,0.31,,,EN,2013-06-11T07:00:00.000Z
DEVICES08,Total density per million population: Magnetic Resonance Imaging,text,WPR,Western Pacific,Country,PHL,Philippines,Year,2010,false,,,,,,,,,,,,,0.32,,,,,,0.32,,,EN,2013-06-11T07:00:00.000Z
DEVICES08,Total density per million population: Magnetic Resonance Imaging,text,AFR,Africa,Country,ZWE,Zimbabwe,Year,2010,false,,,,,,,,,,,,,0.32,,,,,,0.32,,,EN,2013-06-11T07:00:00.000Z
DEVICES08,Total density per million population: Magnetic Resonance Imaging,text,EMR,Eastern Mediterranean,Country,MAR,Morocco,Year,2010,false,,,,,,,,,,,,,0.38,,,,,,0.38,,Only public sector data,EN,2013-06-11T07:00:00.000Z
DEVICES08,Total density per million population: Magnetic Resonance Imaging,text,SEAR,South-East Asia,Country,LKA,Sri Lanka,Year,2010,false,,,,,,,,,,,,,0.43,,,,,,0.43,,,EN,2013-06-11T07:00:00.000Z
DEVICES08,Total density per million population: Magnetic Resonance Imaging,text,EUR,Europe,Country,TJK,Tajikistan,Year,2010,false,,,,,,,,,,,,,0.44,,,,,,0.44,,,EN,2013-06-11T07:00:00.000Z
DEVICES08,Total density per million population: Magnetic Resonance Imaging,text,AFR,Africa,Country,BWA,Botswana,Year,2010,false,,,,,,,,,,,,,0.5,,,,,,0.5,,,EN,2013-06-11T07:00:00.000Z
DEVICES08,Total density per million population: Magnetic Resonance Imaging,text,EUR,Europe,Country,AZE,Azerbaijan,Year,2010,false,,,,,,,,,,,,,0.54,,,,,,0.54,,Only public sector data,EN,2013-06-11T07:00:00.000Z
DEVICES08,Total density per million population: Magnetic Resonance Imaging,text,AFR,Africa,Country,GMB,Gambia,Year,2010,false,,,,,,,,,,,,,0.58,,,,,,0.58,,,EN,2013-06-11T07:00:00.000Z
DEVICES08,Total density per million population: Magnetic Resonance Imaging,text,AMR,Americas,Country,CRI,Costa Rica,Year,2010,false,,,,,,,,,,,,,0.64,,,,,,0.64,,,EN,2013-06-11T07:00:00.000Z
DEVICES08,Total density per million population: Magnetic Resonance Imaging,text,AMR,Americas,Country,SLV,El Salvador,Year,2010,false,,,,,,,,,,,,,0.65,,,,,,0.65,,,EN,2013-06-11T07:00:00.000Z
DEVICES08,Total density per million population: Magnetic Resonance Imaging,text,EMR,Eastern Mediterranean,Country,YEM,Yemen,Year,2010,false,,,,,,,,,,,,,0.67,,,,,,0.67,,,EN,2013-06-11T07:00:00.000Z
DEVICES08,Total density per million population: Magnetic Resonance Imaging,text,AMR,Americas,Country,CUB,Cuba,Year,2010,false,,,,,,,,,,,,,0.8,,,,,,0.8,,Only public sector data,EN,2013-06-11T07:00:00.000Z
DEVICES08,Total density per million population: Magnetic Resonance Imaging,text,AFR,Africa,Country,MRT,Mauritania,Year,2010,false,,,,,,,,,,,,,0.87,,,,,,0.87,,,EN,2013-06-11T07:00:00.000Z
DEVICES08,Total density per million population: Magnetic Resonance Imaging,text,AFR,Africa,Country,NAM,Namibia,Year,2010,false,,,,,,,,,,,,,0.88,,,,,,0.88,,,EN,2013-06-11T07:00:00.000Z
DEVICES08,Total density per million population: Magnetic Resonance Imaging,text,EUR,Europe,Country,KGZ,Kyrgyzstan,Year,2010,false,,,,,,,,,,,,,0.94,,,,,,0.94,,,EN,2013-06-11T07:00:00.000Z
DEVICES08,Total density per million population: Magnetic Resonance Imaging,text,EMR,Eastern Mediterranean,Country,SAU,Saudi Arabia,Year,2010,false,,,,,,,,,,,,,1.02,,,,,,1.02,,Only public sector data,EN,2013-06-11T07:00:00.000Z
DEVICES08,Total density per million population: Magnetic Resonance Imaging,text,EUR,Europe,Country,KAZ,Kazakhstan,Year,2010,false,,,,,,,,,,,,,1.12,,,,,,1.12,,,EN,2013-06-11T07:00:00.000Z
DEVICES08,Total density per million population: Magnetic Resonance Imaging,text,WPR,Western Pacific,Country,FJI,Fiji,Year,2010,false,,,,,,,,,,,,,1.16,,,,,,1.16,,,EN,2013-06-11T07:00:00.000Z
DEVICES08,Total density per million population: Magnetic Resonance Imaging,text,AMR,Americas,Country,HND,Honduras,Year,2010,false,,,,,,,,,,,,,1.18,,,,,,1.18,,,EN,2013-06-11T07:00:00.000Z
DEVICES08,Total density per million population: Magnetic Resonance Imaging,text,AFR,Africa,Country,GAB,Gabon,Year,2010,false,,,,,,,,,,,,,1.33,,,,,,1.33,,,EN,2013-06-11T07:00:00.000Z
DEVICES08,Total density per million population: Magnetic Resonance Imaging,text,AMR,Americas,Country,GUY,Guyana,Year,2010,false,,,,,,,,,,,,,1.33,,,,,,1.33,,Only private sector data,EN,2013-06-11T07:00:00.000Z
DEVICES08,Total density per million population: Magnetic Resonance Imaging,text,EUR,Europe,Country,ISR,Israel,Year,2010,false,,,,,,,,,,,,,1.35,,,,,,1.35,,,EN,2013-06-11T07:00:00.000Z
DEVICES08,Total density per million population: Magnetic Resonance Imaging,text,SEAR,South-East Asia,Country,BTN,Bhutan,Year,2010,false,,,,,,,,,,,,,1.38,,,,,,1.38,,,EN,2013-06-11T07:00:00.000Z
DEVICES08,Total density per million population: Magnetic Resonance Imaging,text,EUR,Europe,Country,HUN,Hungary,Year,2010,false,,,,,,,,,,,,,1.4,,,,,,1.4,,,EN,2013-06-11T07:00:00.000Z
DEVICES08,Total density per million population: Magnetic Resonance Imaging,text,WPR,Western Pacific,Country,MNG,Mongolia,Year,2010,false,,,,,,,,,,,,,1.45,,,,,,1.45,,,EN,2013-06-11T07:00:00.000Z
DEVICES08,Total density per million population: Magnetic Resonance Imaging,text,AMR,Americas,Country,JAM,Jamaica,Year,2010,false,,,,,,,,,,,,,1.46,,,,,,1.46,,,EN,2013-06-11T07:00:00.000Z
DEVICES08,Total density per million population: Magnetic Resonance Imaging,text,AMR,Americas,Country,MEX,Mexico,Year,2010,false,,,,,,,,,,,,,1.53,,,,,,1.53,,,EN,2013-06-11T07:00:00.000Z
DEVICES08,Total density per million population: Magnetic Resonance Imaging,text,EUR,Europe,Country,ALB,Albania,Year,2010,false,,,,,,,,,,,,,1.56,,,,,,1.56,,,EN,2013-06-11T07:00:00.000Z
DEVICES08,Total density per million population: Magnetic Resonance Imaging,text,EUR,Europe,Country,MNE,Montenegro,Year,2010,false,,,,,,,,,,,,,1.58,,,,,,1.58,,Only public sector data,EN,2013-06-11T07:00:00.000Z
DEVICES08,Total density per million population: Magnetic Resonance Imaging,text,EMR,Eastern Mediterranean,Country,IRQ,Iraq,Year,2010,false,,,,,,,,,,,,,1.74,,,,,,1.74,,Only public sector data,EN,2013-06-11T07:00:00.000Z
DEVICES08,Total density per million population: Magnetic Resonance Imaging,text,EUR,Europe,Country,FRA,France,Year,2010,false,,,,,,,,,,,,,10.37,,,,,,10.37,,,EN,2013-06-11T07:00:00.000Z
DEVICES08,Total density per million population: Magnetic Resonance Imaging,text,AMR,Americas,Country,ATG,Antigua and Barbuda,Year,2010,false,,,,,,,,,,,,,11.27,,,,,,11.27,,Only private sector data,EN,2013-06-11T07:00:00.000Z
DEVICES08,Total density per million population: Magnetic Resonance Imaging,text,EMR,Eastern Mediterranean,Country,QAT,Qatar,Year,2010,false,,,,,,,,,,,,,11.37,,,,,,11.37,,,EN,2013-06-11T07:00:00.000Z
DEVICES08,Total density per million population: Magnetic Resonance Imaging,text,AMR,Americas,Country,LCA,Saint Lucia,Year,2010,false,,,,,,,,,,,,,11.48,,,,,,11.48,,,EN,2013-06-11T07:00:00.000Z
DEVICES08,Total density per million population: Magnetic Resonance Imaging,text,AFR,Africa,Country,SYC,Seychelles,Year,2010,false,,,,,,,,,,,,,11.56,,,,,,11.56,,,EN,2013-06-11T07:00:00.000Z
DEVICES08,Total density per million population: Magnetic Resonance Imaging,text,EUR,Europe,Country,NLD,Netherlands,Year,2010,false,,,,,,,,,,,,,12.22,,,,,,12.22,,,EN,2013-06-11T07:00:00.000Z
DEVICES08,Total density per million population: Magnetic Resonance Imaging,text,EUR,Europe,Country,CYP,Cyprus,Year,2010,false,,,,,,,,,,,,,13.59,,,,,,13.59,,,EN,2013-06-11T07:00:00.000Z
DEVICES08,Total density per million population: Magnetic Resonance Imaging,text,EUR,Europe,Country,LUX,Luxembourg,Year,2010,false,,,,,,,,,,,,,13.79,,,,,,13.79,,,EN,2013-06-11T07:00:00.000Z
DEVICES08,Total density per million population: Magnetic Resonance Imaging,text,EUR,Europe,Country,DNK,Denmark,Year,2010,false,,,,,,,,,,,,,13.87,,,,,,13.87,,,EN,2013-06-11T07:00:00.000Z
DEVICES08,Total density per million population: Magnetic Resonance Imaging,text,EUR,Europe,Country,MCO,Monaco,Year,2010,false,,,,,,,,,,,,,141.2,,,,,,141.2,,,EN,2013-06-11T07:00:00.000Z
DEVICES08,Total density per million population: Magnetic Resonance Imaging,text,EUR,Europe,Country,FIN,Finland,Year,2010,false,,,,,,,,,,,,,16.03,,,,,,16.03,,Only public sector data,EN,2013-06-11T07:00:00.000Z
DEVICES08,Total density per million population: Magnetic Resonance Imaging,text,EUR,Europe,Country,AUT,Austria,Year,2010,false,,,,,,,,,,,,,16.8,,,,,,16.8,,Only public sector data,EN,2013-06-11T07:00:00.000Z
DEVICES08,Total density per million population: Magnetic Resonance Imaging,text,EUR,Europe,Country,ROU,Romania,Year,2010,false,,,,,,,,,,,,,2,,,,,,2,,,EN,2013-06-11T07:00:00.000Z
DEVICES08,Total density per million population: Magnetic Resonance Imaging,text,EUR,Europe,Country,IRL,Ireland,Year,2010,false,,,,,,,,,,,,,2.01,,,,,,2.01,,Only public sector data,EN,2013-06-11T07:00:00.000Z
DEVICES08,Total density per million population: Magnetic Resonance Imaging,text,AFR,Africa,Country,CPV,Cabo Verde,Year,2010,false,,,,,,,,,,,,,2.02,,,,,,2.02,,,EN,2013-06-11T07:00:00.000Z
DEVICES08,Total density per million population: Magnetic Resonance Imaging,text,EMR,Eastern Mediterranean,Country,TUN,Tunisia,Year,2010,false,,,,,,,,,,,,,2.1,,,,,,2.1,,,EN,2013-06-11T07:00:00.000Z
DEVICES08,Total density per million population: Magnetic Resonance Imaging,text,EUR,Europe,Country,ARM,Armenia,Year,2010,false,,,,,,,,,,,,,2.26,,,,,,2.26,,,EN,2013-06-11T07:00:00.000Z
DEVICES08,Total density per million population: Magnetic Resonance Imaging,text,EMR,Eastern Mediterranean,Country,JOR,Jordan,Year,2010,false,,,,,,,,,,,,,2.42,,,,,,2.42,,,EN,2013-06-11T07:00:00.000Z
DEVICES08,Total density per million population: Magnetic Resonance Imaging,text,EUR,Europe,Country,BLR,Belarus,Year,2010,false,,,,,,,,,,,,,2.5,,,,,,2.5,,Only public sector data,EN,2013-06-11T07:00:00.000Z
DEVICES08,Total density per million population: Magnetic Resonance Imaging,text,WPR,Western Pacific,Country,BRN,Brunei Darussalam,Year,2010,false,,,,,,,,,,,,,2.51,,,,,,2.51,,Only private sector data,EN,2013-06-11T07:00:00.000Z
DEVICES08,Total density per million population: Magnetic Resonance Imaging,text,AMR,Americas,Country,BHS,Bahamas,Year,2010,false,,,,,,,,,,,,,2.92,,,,,,2.92,,,EN,2013-06-11T07:00:00.000Z
DEVICES08,Total density per million population: Magnetic Resonance Imaging,text,AMR,Americas,Country,URY,Uruguay,Year,2010,false,,,,,,,,,,,,,2.97,,,,,,2.97,,,EN,2013-06-11T07:00:00.000Z
DEVICES08,Total density per million population: Magnetic Resonance Imaging,text,AMR,Americas,Country,TTO,Trinidad and Tobago,Year,2010,false,,,,,,,,,,,,,2.98,,,,,,2.98,,Only public sector data,EN,2013-06-11T07:00:00.000Z
DEVICES08,Total density per million population: Magnetic Resonance Imaging,text,WPR,Western Pacific,Country,KOR,Republic of Korea,Year,2010,false,,,,,,,,,,,,,20.44,,,,,,20.44,,,EN,2013-06-11T07:00:00.000Z
DEVICES08,Total density per million population: Magnetic Resonance Imaging,text,EUR,Europe,Country,ISL,Iceland,Year,2010,false,,,,,,,,,,,,,21.87,,,,,,21.87,,,EN,2013-06-11T07:00:00.000Z
DEVICES08,Total density per million population: Magnetic Resonance Imaging,text,WPR,Western Pacific,Country,MYS,Malaysia,Year,2010,false,,,,,,,,,,,,,3.03,,,,,,3.03,,,EN,2013-06-11T07:00:00.000Z
DEVICES08,Total density per million population: Magnetic Resonance Imaging,text,AMR,Americas,Country,PAN,Panama,Year,2010,false,,,,,,,,,,,,,3.13,,,,,,3.13,,,EN,2013-06-11T07:00:00.000Z
DEVICES08,Total density per million population: Magnetic Resonance Imaging,text,SEAR,South-East Asia,Country,MDV,Maldives,Year,2010,false,,,,,,,,,,,,,3.17,,,,,,3.17,,,EN,2013-06-11T07:00:00.000Z
DEVICES08,Total density per million population: Magnetic Resonance Imaging,text,AMR,Americas,Country,BLZ,Belize,Year,2010,false,,,,,,,,,,,,,3.21,,,,,,3.21,,,EN,2013-06-11T07:00:00.000Z
DEVICES08,Total density per million population: Magnetic Resonance Imaging,text,EUR,Europe,Country,POL,Poland,Year,2010,false,,,,,,,,,,,,,3.27,,,,,,3.27,,Only public sector data,EN,2013-06-11T07:00:00.000Z
DEVICES08,Total density per million population: Magnetic Resonance Imaging,text,AMR,Americas,Country,SUR,Suriname,Year,2010,false,,,,,,,,,,,,,3.81,,,,,,3.81,,,EN,2013-06-11T07:00:00.000Z
DEVICES08,Total density per million population: Magnetic Resonance Imaging,text,EMR,Eastern Mediterranean,Country,OMN,Oman,Year,2010,false,,,,,,,,,,,,,4.31,,,,,,4.31,,,EN,2013-06-11T07:00:00.000Z
DEVICES08,Total density per million population: Magnetic Resonance Imaging,text,EUR,Europe,Country,SVN,Slovenia,Year,2010,false,,,,,,,,,,,,,4.43,,,,,,4.43,,Only public sector data,EN,2013-06-11T07:00:00.000Z
DEVICES08,Total density per million population: Magnetic Resonance Imaging,text,AMR,Americas,Country,CHL,Chile,Year,2010,false,,,,,,,,,,,,,4.5,,,,,,4.5,,,EN,2013-06-11T07:00:00.000Z
DEVICES08,Total density per million population: Magnetic Resonance Imaging,text,AFR,Africa,Country,MUS,Mauritius,Year,2010,false,,,,,,,,,,,,,4.62,,,,,,4.62,,,EN,2013-06-11T07:00:00.000Z
DEVICES08,Total density per million population: Magnetic Resonance Imaging,text,EUR,Europe,Country,CZE,Czechia,Year,2010,false,,,,,,,,,,,,,4.96,,,,,,4.96,,,EN,2013-06-11T07:00:00.000Z
DEVICES08,Total density per million population: Magnetic Resonance Imaging,text,WPR,Western Pacific,Country,JPN,Japan,Year,2010,false,,,,,,,,,,,,,46.16,,,,,,46.16,,,EN,2013-06-11T07:00:00.000Z
DEVICES08,Total density per million population: Magnetic Resonance Imaging,text,EMR,Eastern Mediterranean,Country,LBY,Libya,Year,2010,false,,,,,,,,,,,,,5.04,,,,,,5.04,,,EN,2013-06-11T07:00:00.000Z
DEVICES08,Total density per million population: Magnetic Resonance Imaging,text,EUR,Europe,Country,BIH,Bosnia and Herzegovina,Year,2010,false,,,,,,,,,,,,,5.58,,,,,,5.58,,,EN,2013-06-11T07:00:00.000Z
DEVICES08,Total density per million population: Magnetic Resonance Imaging,text,EUR,Europe,Country,LTU,Lithuania,Year,2010,false,,,,,,,,,,,,,5.72,,,,,,5.72,,,EN,2013-06-11T07:00:00.000Z
DEVICES08,Total density per million population: Magnetic Resonance Imaging,text,EUR,Europe,Country,SRB,Serbia,Year,2010,false,,,,,,,,,,,,,5.99,,,,,,5.99,,,EN,2013-06-11T07:00:00.000Z
DEVICES08,Total density per million population: Magnetic Resonance Imaging,text,EUR,Europe,Country,TUR,Turkey,Year,2010,false,,,,,,,,,,,,,6.32,,,,,,6.32,,,EN,2013-06-11T07:00:00.000Z
DEVICES08,Total density per million population: Magnetic Resonance Imaging,text,EUR,Europe,Country,SMR,San Marino,Year,2010,false,,,,,,,,,,,,,63.42,,,,,,63.42,,,EN,2013-06-11T07:00:00.000Z
DEVICES08,Total density per million population: Magnetic Resonance Imaging,text,EUR,Europe,Country,HRV,Croatia,Year,2010,false,,,,,,,,,,,,,7.04,,,,,,7.04,,,EN,2013-06-11T07:00:00.000Z
DEVICES08,Total density per million population: Magnetic Resonance Imaging,text,EUR,Europe,Country,EST,Estonia,Year,2010,false,,,,,,,,,,,,,8.2,,,,,,8.2,,,EN,2013-06-11T07:00:00.000Z
DEVICES08,Total density per million population: Magnetic Resonance Imaging,text,AMR,Americas,Country,CAN,Canada,Year,2010,false,,,,,,,,,,,,,8.26,,,,,,8.26,,,EN,2013-06-11T07:00:00.000Z
DEVICES08,Total density per million population: Magnetic Resonance Imaging,text,WPR,Western Pacific,Country,SGP,Singapore,Year,2010,false,,,,,,,,,,,,,8.26,,,,,,8.26,,,EN,2013-06-11T07:00:00.000Z
DEVICES08,Total density per million population: Magnetic Resonance Imaging,text,EUR,Europe,Country,ESP,Spain,Year,2010,false,,,,,,,,,,,,,8.29,,,,,,8.29,,,EN,2013-06-11T07:00:00.000Z
DEVICES08,Total density per million population: Magnetic Resonance Imaging,text,EMR,Eastern Mediterranean,Country,LBN,Lebanon,Year,2010,false,,,,,,,,,,,,,9.46,,,,,,9.46,,,EN,2013-06-11T07:00:00.000Z
DEVICES08,Total density per million population: Magnetic Resonance Imaging,text,AMR,Americas,Country,GRD,Grenada,Year,2010,false,,,,,,,,,,,,,9.57,,,,,,9.57,,,EN,2013-06-11T07:00:00.000Z
DEVICES08,Total density per million population: Magnetic Resonance Imaging,text,EUR,Europe,Country,MLT,Malta,Year,2010,false,,,,,,,,,,,,,9.6,,,,,,9.6,,,EN,2013-06-11T07:00:00.000Z
DEVICES08,Total density per million population: Magnetic Resonance Imaging,text,WPR,Western Pacific,Country,NZL,New Zealand,Year,2010,true,,,,,,,,,,,,,9.62,,,,,,9.62,,,EN,2013-06-11T07:00:00.000Z
DEVICES08,Total density per million population: Magnetic Resonance Imaging,text,EUR,Europe,Country,PRT,Portugal,Year,2010,false,,,,,,,,,,,,,9.84,,,,,,9.84,,,EN,2013-06-11T07:00:00.000Z
