Firegun,Rank,Image URL,2000,2000.1,2001,2002,2003,2004,2005,2006,2007,2008,2009,2010,2011,2012,2013,2014,2015,2016,2017,2018,2019,2020,2020.1
Kalashnikov AK-47,Kalashnikov AK-47,https://www.cdiscount.com/pdt2/8/6/1/1/700x700/den8435089710861/rw/replique-du-fusil-d-assaut-ak47-concu-en-1942-par.jpg,109800000,109800000,,,,,,,,,,,,,,,,,,,,150000000,150000000
Mauser Gewehr 98,Mauser Gewehr 98,https://cdn.rockislandauction.com/dev_cdn/74/3510.jpg?cachebust=2019-09-19T21:00:14.000Z,86200000,86200000,,,,,,,,,,,,,,,,,,,,102000000,102000000
Mosin-Nagant,Mosin-Nagant,https://media.phenixairsoft.com/37580-large_default/mosin-nagant-m44-vintage-wingun-bo.jpg,31500000,31500000,,,,,,,,,,,,,,,,,,,,37000000,37000000
Lee-Enfield,Lee-Enfield,https://cdn11.bigcommerce.com/s-hqfgd419q8/images/stencil/1280x1280/products/3524/7374/22-1090_1K__33089.1580151078.jpg?c=2&imbypass=on,14400000,14400000,,,,,,,,,,,,,,,,,,,,17000000,17000000
Simonov SKS,Simonov SKS,https://upload.wikimedia.org/wikipedia/commons/e/e6/Simonov-SKS-45.JPG,11200000,11200000,,,,,,,,,,,,,,,,,,,,15000000,15000000
M16/M4/AR-15,M16/M4/AR-15,https://cdn.britannica.com/08/130708-004-FA77063E/assault-rifle-M16A1-models-military-M16-Colts.jpg,10500000,10500000,,,,,,,,,,,,,,,,,,,,16000000,16000000
Mossberg 500,Mossberg 500,https://cdn10.bigcommerce.com/s-jekapo/products/1601/images/15771/mossberg-590-shockwave-firearm-20-gauge-f__75540.1543355284.1280.1280.jpg?c=2,8100000,8100000,,,,,,,,,,,,,,,,,,,,12000000,12000000
Remington 870,Remington 870,https://cdn11.bigcommerce.com/s-7c2jlxhfym/images/stencil/1280x1280/products/13049/32303/p-remington-82704-10-inch__41950.1521868684.jpg?c=2,8000000,8000000,,,,,,,,,,,,,,,,,,,,11000000,11000000
Arisaka Type 30/38/99,Arisaka Type 30/38/99,https://cdn.rockislandauction.com/dev_cdn/75/3594.jpg,7600000,7600000,,,,,,,,,,,,,,,,,,,,10000000,10000000
Marlin Model 60,Marlin Model 60,https://scheels.scene7.com/is/image/Scheels/02649507490?wid=400&hei=400&qlt=50,7500000,7500000,,,,,,,,,,,,,,,,,,,,11000000,11000000
