{"realtime_start": "2019-12-11", "realtime_end": "2019-12-11", "seriess": [{"id": "EXGEUS", "realtime_start": "2019-12-11", "realtime_end": "2019-12-11", "title": "Germany / U.S. Foreign Exchange Rate (DISCONTINUED)", "observation_start": "1971-01-01", "observation_end": "2001-12-01", "frequency": "Monthly", "frequency_short": "M", "units": "German Deutsche Marks to One U.S. Dollar", "units_short": "German Deutsche Marks to  1 U.S. $", "seasonal_adjustment": "Not Seasonally Adjusted", "seasonal_adjustment_short": "NSA", "last_updated": "2006-03-08 09:21:34-06", "popularity": 52, "notes": "Averages of daily figures. Noon buying rates in New York City for cable transfers payable in foreign currencies. Starting January 1999 derived using the official fixed euro conversion rates."}]}