{"realtime_start": "2019-12-23", "realtime_end": "2019-12-23", "seriess": [{"id": "DISCBORR", "realtime_start": "2019-12-23", "realtime_end": "2019-12-23", "title": "Total Borrowings of Depository Institutions from the Federal Reserve excluding Term Auction Credit", "observation_start": "1959-01-01", "observation_end": "2019-11-01", "frequency": "Monthly", "frequency_short": "M", "units": "Billions of Dollars", "units_short": "Bil. of $", "seasonal_adjustment": "Not Seasonally Adjusted", "seasonal_adjustment_short": "NSA", "last_updated": "2019-12-05 15:46:03-06", "popularity": 29, "notes": "This series is calculated by the Federal Reserve Bank of St. Louis as Total Borrowings of Depository Institutions from the Federal Reserve  (BORROW) (https://fred.stlouisfed.org/series/BORROW) minus Term Auction Credit (TERMAUC) (https://fred.stlouisfed.org/series/TERMAUC). The Term Auction Credit (TERMAUC) (https://fred.stlouisfed.org/series/TERMAUC) was discontinued in May 2011. \r\n\r\nThe values are monthly averages.\r\n\r\nPlease note breaks in data: Data prior to 2003-01-01 include adjustment, extended, and seasonal credit. From 2003-01-01 to 2008-04-03, the data include primary, secondary, and seasonal credit. As of 2008-04-10, data include primary, secondary, and seasonal credit, primary dealer credit facility, and other credit extensions. Data from 2008-09-01 are loans to depository institutions for primary, secondary, and seasonal credit, primary dealer and other broker-dealer credit. This category also includes the asset-backed commercial paper money market mutual fund liquidity facility, credit extended to American International Group, Inc., and other credit extensions. Data were modified to include term asset-backed securities loan facility with the release on 2009-03-26."}]}