Geography,Transmission,Deceased,Not Deceased,Not stated
Atlantic Region 6,Community exposures 7,108,"6,137",54
,Travel exposures 7,0,473,35
,"Not stated, transmission 7",42,"3,144",492
Quebec Region,Community exposures 7,"5,346","45,426",3
,Travel exposures 7,6,"1,490",1
,"Not stated, transmission 7","5,481","320,728","1,398"
Ontario and Nunavut Region,Community exposures 7,"6,336","477,478","2,246"
,Travel exposures 7,96,"1,702",0
,"Not stated, transmission 7","3,124","76,380",420
Prairies and Northwest Territories Region 8,Community exposures 7,"3,690","307,826","10,525"
,Travel exposures 7,0,"2,967",94
,"Not stated, transmission 7",694,"33,026","3,095"
British Columbia and Yukon Region,Community exposures 7,"1,658","144,720","3,346"
,Travel exposures 7,14,"1,379",51
,"Not stated, transmission 7",124,"11,430","1,029"


,
,




,
