VIN,Radio Serial Number,Radio Code
3VWSA81H9WM112789,VWZ9Z7V3888887,0006
WVWZZZ1KZ9W091014,VWZ627J9030185,0027
WVWZZZ9NZ8Y109057,VWZ4Z4G7140709,0027
3VWSE69M03M159960,VWZ5Z7B5013069,0031
3VWRF71K66M722316,VWZ4Z7H2200493,0037
3VWSE29M6YM145996,VWZ9Z7Y7189266,0042
9BWDE61J324008978,VWZ4Z7A4108703,0053
WVWBA71K78W169424,VWZ2Z2D1171510,0062
3VWRC81H7RM067459,VWZ5Z7P0675631,0063
9BWDE61J234027071,VWZ5Z7B5125847,0081
3VWRA81H1VM063309,VWZ2Z2D1524411,0104
3VWSB81H4VM007167,VWZ9Z7T3368651,0109
3VWRK69M53M167320,VWZ5Z7D5014603,0120
WVWBA71K78W169424,VWZ2Z2D2060021,0134
3VWSC29M6YM059058,VWZ5Z7B5004743,0151
WVWGC21J8YW515149,VWZ4Z7B6006573,0176
WVWZZZ1KZ6W169238,VWZ2Z2D2185011,0215
WVWWH63B13E009509,VWZ5Z7A5026282,0233
WVWZZZ9NZ8Y109057,VWZ2Z2F2354002,0257
3VWBC81H2SM047112,VWZ9Z7S2988343,0274
9BWDE61J034029238,VWZ5Z7B5126990,0308
3VWRF81H6WM128934,VWZ9Z7S3182223,0323
WVGZZZ1TZ8W012498,VWZ1Z2G7236438,0343
1VWFA0172GV010560,VWZ9Z7B0033961,0359
WVWZZZ9NZ5Y105422,VWZ1Z2D7636866,0371
9BWGS21J214078887,VWZ9Z7A7369303,0383
3VWPA81H1XM238619,VWZ4Z7X5007973,0400
3VWNN01H4RM058874,VWZ5Z7P0661913,0405
WVWPD63B02P031021,VWZ4Z7A4074007,0420
3VWVH69M03M121309,VWZ5Z7A1012819,0422
3VWSG29M11M001384,VWZ9Z7Y7235989,0425
9BWGP61J334065111,VWZ5Z7C5230253,0426
3VWRA81H0VM024081,VWZ9Z7V3863141,0439
3VWSE69M14M145535,VWZ9Z7D0531578,0441
WVWDA71K78W298725,VWZ5Z7H2221206,0445
3VWSE29M1YM075484,VWZ9Z7X7137856,0453
3VWRF81HXVM073841,VWZ5Z6P0113536,0458
3VWSE29M9YM119540,VWZ9Z7Y7173451,0489
WVWGV91K97W173950,VWZ5Z7G2125873,0489
9BWKE61J234077699,VWZ5Z7C5236860,0499
WVWKC71K68W250943,VWZ6Z7J8223085,0502
WVWZZZ9CZ1M603415,VWZ1Z3Y6183262,0516
9BWGS21J214078887,VWZ5Z8A2391828,0517
3VWRM71KX9M033910,VWZ4Z7H2222940,0518
WVWYH63BX2E370230,VWZ5Z7A1053422,0534
WVWWH63BX4E293045,VWZ5Z7D3041899,0542
3VWBB61C2WM019344,VWZ9Z7W2009920,0545
WVWWH63B13E009509,VWZ5Z7B1091686,0556
3VWRC81H6SM045524,VWZ9Z7S3056171,0578
3VWAK01H2VM081510,VWZ4Z7X5002541,0584
9BWDE61J854021407,VWZ9Z7D0547994,0586
3VWSE69M82M010985,VWZ9Z7B0202784,0589
3VWDD21C8YM495192,VWZ9Z7X5054984,0612
WVWBA71F48V035527,VWZ1Z3H3264683,0621
3VWTE29M6YM025958,VWZ4Z7X7011057,0622
3VWFC81H9SM049201,VWZ9Z7R2800780,0624
WVWZZZ1JZ4D004960,VWZ1Z1C1419629,0624
WVWEE83AXTE107820,VWZ5Z7S0736819,0643
WVWAS71K67W189901,VWZ5Z7G2181141,0675
3VWSC29M7YM046433,VWZ4Z7X7015132,0684
9BWFB21J024044749,VWZ9Z7B0042388,0686
3VWRA81H1VM063309,VWZ2Z2C1205249,0698
9BWEL41J574010334,VWZ9Z7F1106977,0710
3VWSE69M03M121074,VWZ9Z7C0205608,0718
3VWSC29M1YM057251,VWZ4Z7X7014982,0732
WVWBF21J1YW688223,VWZ9Z7X8104846,0737
3VWSPZ9M02M060511,VWZ5Z7A1042008,0739
WVWPD63B6XE514810,VWZ4Z7X5003677,0754
3VWVA81H9WM158202,VWZ9Z7V3837900,0756
WVWZZZ1KZ7B051054,VWZ1Z2E9414609,0761
WVWZZZ1JZYW513052,VWZ1Z1X4224580,0783
WV2YB0259LH056208,VWZ5Z7A0519483,0784
9BWDD61J114076925,VWZ9Z7A7369664,0813
WVWBA71K78W169424,VWZ1Z7E5091017,0825
WVWZZZ1KZ9M305687,VWZ1Z7G7042701,0828
3VWHD81H7TM045008,VWZ9Z7V3755232,0855
WVWKC71K78W113641,VWZ6Z7J4177037,0864
WVWBA21J1YW221222,VWZ2Z2E2704379,0867
3VWSA81H8VM071683,VWZ9Z7V3607136,0873
WVWNL73C19E540226,VWZ5Z7H2279696,0887
WVWVD63BX2E264634,VWZ5Z7A1033520,0923
WVWBA71K78W169424,VWZ1Z2D7921832,0997
1VWFA0172GV010560,VWZ5Z7D3104469,1008
9BWBS61JX14052717,VWZ9Z7Y7333169,1012
9BWDE61J924026644,VWZ5Z7B5150752,1017
3VWRB81HXVM043492,VWZ9Z7T3503880,1021
WVWTJ21G4MW574699,VWZ5Z7A0536243,1029
3VWRC81HXSM043288,VWZ9Z7T3571532,1037
WVWDE31J9XW711909,VWZ9Z7C0302297,1038
WVWPD63B62P444965,VWZ5Z7A1011816,1052
3VWTD81H1SM013034,VWZ9Z7S2981316,1053
WVWZZZ1KZ7U022216,VWZ1Z3H3391501,1058
3VWSE29M5MXM09450,VWZ4Z7Y7108964,1058
WVWMD23B5YP433010,VWZ927C0214997,1067
3VWDK21G3NM002944,VWZ9Z7T3207245,1084
3VWPA81H8WM269235,VWZ9Z7W4069407,1128
WVWGG83AXVB005246,VWZ5Z7T0768595,1134
9BWDE61J234043822,VWZ5Z7B5133352,1139
WVWCU73C96P107693,VWZ4Z7E2041968,1150
3VWCD21C6YM493498,VWZ9Z7Y5179139,1164
3VWRG71K56M764358,VWZ4Z7F3101297,1204
3VWCF21C1YM472813,VWZ9Z7Y5205003,1210
3VWSE69M02M008339,VWZ9Z7A7427888,1212
WVWGA31J2XW357143,VWZ9Z7Y8107232,1237
WVWZZZ3CZ6P208003,VWZ2Z2G3433027,1251
3VWBA81E3VM808441,VWZ9Z7V3757643,1266
WVWGC21J8YW442896,VWZ4Z7X5023952,1277
WVWFE83A8SE132315,VWZ5Z7R0716975,1279
3VWSG69M81M195791,VWZ4Z7A6043273,1296
WVWBC81E5SK003475,VWZ5Z7P0669266,1312
9BWDE61J134001948,VWZ5Z7B5004258,1325
3VWRT71K35M643029,VWZ4Z7H2189000,1328
3VWBB81E3WM803934,VWZ9Z7V4000846,1369
WVWMA23B4YE137545,VWZ4Z7X5014145,1374
3WVEF71KX7M193291,VWZ2Z2C1052171,1379
3VWRH09MX1M098181,VWZ9Z7Y7307944,1379
WVWZZZ1KZ9P478789,VWZ1Z3I4234065,1396
WVWZZZ1KZ6W169238,VWZ1Z2E9432623,1397
3VWTE29MXYM124332,VWZ4Z7Y7083990,1416
3VWTD81H1WM107937,VWZ5Z7V2007454,1423
3VWTE29M1XM114187,VWZ9Z7X8020994,1431
3VWBG01G6MM051387,VWZ5Z7B0560162,1436
3VWRA29M7YM124312,VWZ4Z7Y7145921,1436
3WVEF71KX7M193291,VWZ2Z2C1052171,1439
3VWPB81H9WM273890,VWZ9Z7V4021714,1441
3VWVH69M03M186662,VWZ5Z7C5135173,1479
WVGZZZ5NZ9W110368,VWZ6Z7J2168001,1481
WVWMA63B1XE221408,VWZ9Z7W6006479,1489
WVGAV75N39W545277,VWZ4Z7H2213224,1490
WVWBA71K78W169424,VWZ2Z2E2186151,1510
3VWRA29MXXM020461,VWZ4Z7A6041958,1511
3VWBB61C2WM038797,VWZ9Z7X5022022,1526
3VWVH29M63MO47547,VWZ5Z7B5064285,1531
9BWDE61J054030215,VWZ9Z7E0551309,1557
3VWSE69M22M031685,VWZ4Z7A6083333,1595
9BWGC21J8Y4025554,VWZ9Z7Y7195030,1660
3VWBA81E5VM805847,VWZ9Z7V3676084,1666
3VWRB69M92M191750,VWZ4Z7B6017626,1675
WVWPE63B54P250413,VWZ5Z7D3029667,1694
WVWEK73C76P069931,VWZ1Z7E5426340,1706
WVWBA71K78W169424,VWZ2Z2G1970467,1716
9BWDE61J234006771,VWZ5Z7B5111231,1724
3VWSE69M72M021637,VWZ4Z7A6078043,1735
WVWZZZ1KZ5B142078,VWZ1Z2D5933667,1769
3VWTD81H7TM103340,VWZ9Z7T3238083,1771
3VWBC81H2SM047112,VWZ1Z2F8757256,1781
3VWHD81H3WM230810,VWZ9Z7V4040250,1784
9BWDE61J624030053,VWZ5Z7A5005504,1798
3VWPA81H0WM260531,VWZ9Z7W4081623,1825
3VWJM71KX8M182667,VWZ1Z7G7414571,1832
3VWSE69M43M096751,VWZ927B0068567,1889
3VWBC21C5XM470792,VWZ9Z7X5005357,1893
9BWKE61J334067148,VWZ5Z7C5232416,1907
WVWZZZ1JZXD289113,VWZ1Z3W9035556,1931
WVWBA21J1YW221222,VWZ4Z7A6088302,1936
3VWRC81H1RMO73435,VWZ5Z7P0672355,1971
WVWPD63B43P297269,VWZ5Z7C5233405,1989
