,,,,ماقرأ يف سنوت ةيلاو
ةيدمتعملا بسح ناكسلا ددعروطت,,,,
EVOLUTION DE LA POPULATION PAR DELEGATION,,,,
DELEGATION,2015,2014,2013,ةيدمتعملا
Carthage,24906,24216,24100,جاطرق
Tunis Medina,22009,21400,21298,ةنيدملا
Bab Bhar,37241,36210,36037,رحب باب
Bab Souika,30016,29185,29046,ةقيوس باب
El Omran,43410,42208,42006,نارمعلا
Omrane Superieur,57094,55513,55248,ىلعلأا نارمعلا
Tahrir,22327,21709,21605,ريرحتلا
Menzah,43021,41830,41630,هزنملا
Cité Khadra,36175,35173,35005,ءارضخلا يح
Le Bardo,74010,71961,71617,ودراب
Sejoumi,34835,33870,33708,يموجيسلا
Ezzouhour,41888,40728,40534,روهزلا
El Hrairia,113322,110184,109658,ةيرئارحلا
Sidi Hessine,112795,109672,109148,نيسح يديس
El Ouardia,33063,32147,31993,ةيدرولا
El Kabaria,88474,86024,85613,ةيرابكلا
Sidi El Bechir,28539,27749,27616,ريشبلا يديس
Jebel Jelloud,24311,23638,23525,دولجلا لبج
La Goulette,47013,45711,45493,يداولا قلح
El Kram,76243,74132,73778,مركلا
La Marsa,95635,92987,92543,ىسرملا
Total,1086327,1056247,1051203,ةيلاولا
,,2014 ليرفأ 30 دادعتو )2015 -2013 ( يف تايدلبلاو تايدمتعملا بسح ةيناكسلا تاريدقتلا -ءاصحلإل ينطولا دهعملا : ردصملا,,
Source: I N S-Estimation de la Population par délégation et commune au(2013-2015) et,Récensement 30 Avril 2014,,,
Commissariat Général au Développement Régional,- 3 -,,,ةيوهجلا ةيمنتلل ةماعلا ةيبودنملا

