,Name,Language,Language Code
0,파키스탄,Korean,ko
1,ፓኪስታን,Amharic,am
2,ፓኪስታን,Tigrinya,ti
3,パキスタン,Japanese,ja
4,ޕާކިސްތާން,Dhivehi,dv
5,ปากีสถาน,Thai,th
6,ປາກິສຖານ,Lao,lo
7,ପାକିସ୍ତାନ,Oriya (macrolanguage),or
8,ប៉ាគីស្ថាន,Khmer,km
9,ประเทศปากีสถาน,Thai,th
10,An Phacastáin,Irish,ga
11,Bakistaan,Somali,so
12,http://id.loc.gov/authorities/names/n80125947,link,link
13,https://en.wikipedia.org/wiki/Pakistan,link,link
14,https://ru.wikipedia.org/wiki/%D0%9F%D0%B0%D0%BA%D0%B8%D1%81%D1%82%D0%B0%D0%BD,link,link
15,i-Pakistan,Zulu,zu
16,Islamic Republic of Pakistan,English,en
17,kisygue,Lojban,jbo
18,Orílẹ́ède Pakisitan,Yoruba,yo
19,Pacistan,Welsh,cy
20,Pagastàn,Scottish Gaelic,gd
21,Pakisita,Luba-Katanga,lu
22,Pakisitá,Lingala,ln
23,Pakisitaani,Ganda,lg
24,Pakisitaŋ,Bambara,bm
25,Pakisitani,Rundi,rn
26,Pākisitani,Tonga (Tonga Islands),to
27,Pakistaan,Fulah,ff
28,Pakistäan,Sango,sg
29,Pakistan,Afrikaans,af
30,Pakistan,Akan,ak
31,Pakistan,Azerbaijani,az
32,Pakistan,Breton,br
33,Pakistan,Bosnian,bs
34,Pakistan,Catalan,ca
35,Pakistan,Welsh,cy
36,Pakistan,Danish,da
37,Pakistan,German,de
38,Pakistan,English,en
39,Pakistan,Estonian,et
40,Pakistan,Basque,eu
41,Pakistan,Finnish,fi
42,Pakistan,Faroese,fo
43,Pakistan,French,fr
44,Pakistan,Western Frisian,fy
45,Pakistan,Hausa,ha
46,Pakistan,Serbo-Croatian,hbs
47,Pakistan,Croatian,hr
48,Pakistan,Upper Sorbian,hsb
49,Pakistan,Interlingua (International Auxiliary Language Association),ia
50,Pakistan,Indonesian,id
51,Pakistan,Iloko,ilo
52,Pakistan,Ido,io
53,Pakistan,Icelandic,is
54,Pakistan,Italian,it
55,Pakistan,Kalaallisut,kl
56,Pakistan,Kurdish,ku
57,Pakistan,Cornish,kw
58,Pakistan,Luxembourgish,lb
59,Pakistan,Limburgan,li
60,Pakistan,Malagasy,mg
61,Pakistan,Malay (macrolanguage),ms
62,Pakistan,Maltese,mt
63,Pakistan,Norwegian Bokmål,nb
64,Pakistan,Low German,nds
65,Pakistan,Dutch,nl
66,Pakistan,Norwegian Nynorsk,nn
67,Pakistan,Norwegian,no
68,Pakistan,Pampanga,pam
69,Pakistan,Polish,pl
70,Pakistan,Quechua,qu
71,Pakistan,Romansh,rm
72,Pakistan,Romanian,ro
73,Pakistan,Sicilian,scn
74,Pakistan,Northern Sami,se
75,Pakistan,Slovak,sk
76,Pakistan,Slovenian,sl
77,Pakistan,Shona,sn
78,Pakistan,Swedish,sv
79,Pakistan,Swahili (macrolanguage),sw
80,Pakistan,Tagalog,tl
81,Pakistan,Turkish,tr
82,Pakistan,Vietnamese,vi
83,Pakistán,Aragonese,an
84,Pakistán,Asturian,ast
85,Pakistán,Spanish,es
86,Pákistán,Czech,cs
87,Pakistän,Volapük,vo
88,Pākistān,Urdu,ur
89,Pakistāna,Latvian,lv
90,Pakistanas,Lithuanian,lt
91,Pakistani,Kikuyu,ki
92,Pakistani,Albanian,sq
93,Pakistani,Swahili (macrolanguage),sw
94,Pakistania,Latin,la
95,Pakistan nutome,Ewe,ee
96,Pakistano,Esperanto,eo
97,Pakisztán,Hungarian,hu
98,Pa-ki-xtan,Vietnamese,vi
99,Pa-ki-xtan (Pakistan),Vietnamese,vi
100,Paquistan,Arpitan,frp
101,Paquistan,Occitan (post 1500),oc
102,Paquistán,Galician,gl
103,Paquistán - پاکستان,Galician,gl
104,Paquistão,Portuguese,pt
105,Phakistani,North Ndebele,nd
106,الباكستان,Arabic,ar
107,باكستان,Arabic,ar
108,پاكىستان,Uighur,ug
109,پاکستان,Persian,fa
110,پاکستان,Kurdish,ku
111,پاکستان,Pushto,ps
112,پاکستان,Urdu,ur
113,פקיסטאן,Hebrew,he
114,פקיסטן,Hebrew,he
115,Πακιστάν,Modern Greek (1453-),el
116,Пакистан,Bulgarian,bg
117,Пакистан,Chuvash,cv
118,Пакистан,Macedonian,mk
119,Пакистан,Ossetian,os
120,Пакистан,Russian,ru
121,Пакистан,Serbian,sr
122,Пакистан,Ukrainian,uk
123,Пакістан,Belarusian,be
124,Пакістан,Ukrainian,uk
125,Покистон,Tajik,tg
126,པ་ཀི་སི་ཐན,Tibetan,bo
127,པ་ཀིསི་ཏཱན,Dzongkha,dz
128,པཀི་སྟཱན།,Tibetan,bo
129,Պակիստան,Armenian,hy
130,პაკისტანი,Georgian,ka
131,पाकिस्तान,Hindi,hi
132,पाकिस्तान,Marathi,mr
133,पाकिस्तान,Nepali (macrolanguage),ne
134,કરાંચી,Gujarati,gu
135,પાકિસ્તાન,Gujarati,gu
136,పాకిస్తాన్,Telugu,te
137,ಪಾಕಿಸ್ತಾನ,Kannada,kn
138,பாகிஸ்தான்,Tamil,ta
139,പാകിസ്താൻ,Malayalam,ml
140,പാക്കിസ്ഥാന്‍,Malayalam,ml
141,পাকিস্তান,Bengali,bn
142,ပါကစ္စတန်,Burmese,my
143,පාකිස්තානය,Sinhala,si
144,パキスタン・イスラム共和国,Japanese,ja
145,巴基斯坦,Chinese,zh
