No.,City,Country,Region,CDI,City Product,Infrastructure,Waste,Health,Education,,,,,
1,Abidjan,C?te d'Ivoire,Africa,39.7,56.6,21.7,29,94.6,42.4,,,,,
2,Accra,Ghana,Africa,46.6,49.4,50,0,94,62,,,,,
3,Antananarivo,Madagascar,Africa,34.5,44.4,22.5,0,92.7,52.5,,,,,
4,Bangui,Central African Republic,Africa,27.5,42,14.9,0.1,90.2,36.8,,,,,
5,Banjul,Gambia,Africa,40.5,46,16,48,87.8,37.8,,,,,
6,Brazzaville,Congo,Africa,27.1,30.7,31.6,0.4,86.4,18.5,,,,,
7,Bujumbura,Burundi,Africa,43.1,50.3,32.8,18.2,82.6,57.7,,,,,
8,Bulawayo,Zimbabwe,Africa,74.6,67.5,84.5,75.5,78.4,77.6,,,,,
9,Chegutu,Zimbabwe,Africa,55.4,55.1,45,38.5,84.1,77.6,,,,,
10,Conakry,Guinea,Africa,37.1,50.8,30.4,40,85.2,29.5,,,,,
11,Douala,Cameroon,Africa,48.2,46.6,34.9,39.5,87.5,59.8,,,,,
12,Entebbe,Uganda,Africa,39.7,42.7,29.5,16,81.1,68.2,,,,,
13,Gweru,Zimbabwe,Africa,68.5,58.9,83.8,70.5,67.7,77.6,,,,,
14,Harare,Zimbabwe,Africa,70.2,68.1,82.5,96.5,80.6,77.6,,,,,
15,Ibadan,Nigeria,Africa,27.3,39.8,21.1,2.5,86.6,29.1,,,,,
16,Jinja,Uganda,Africa,42.7,41.8,42,34,86.6,63.1,,,,,
17,Kigali,Rwanda,Africa,31.9,45.9,29.8,10,81.2,44.8,,,,,
18,Kinshasa,"Congo, Dem. Rep.",Africa,35.3,64.6,34.9,13.3,81.6,22.8,,,,,
19,Kisumu,Kenya,Africa,53.5,60,42,32.5,80.5,68.3,,,,,
20,Kumasi,Ghana,Africa,57.1,42.8,47.5,49,80.7,62,,,,,
21,Lagos,Nigeria,Africa,29.3,42.1,29.5,2,26.4,29.1,,,,,
22,Lilongwe,Malawi,Africa,31.5,34.4,33,0,76,58.3,,,,,
23,Lome,Togo,Africa,40.9,55.4,21.8,0,81,73.3,,,,,
24,Mombasa,Kenya,Africa,53.4,54.6,41.3,52.3,83.8,65.3,,,,,
25,Monrovia,Liberia,Africa,28.1,46.6,4.7,0,78.8,36.5,,,,,
26,Nairobi,Kenya,Africa,56.1,63.2,52.5,39,84.6,65.3,,,,,
27,Niamey,Niger,Africa,21.7,40,22,0,78.3,14.9,,,,,
28,Nouakchott,Mauritania,Africa,30.8,50,12.3,2,74.1,39,,,,,
29,Aden,Yemen,Arab States,42.5,42.3,40.2,17.5,94.5,46.6,,,,,
30,Algiers,Algeria,Arab States,76.1,69.2,75,80,88.8,75.2,,,,,
31,Amman,Jordan,Arab States,77,65.1,84.9,77.2,94.9,75,,,,,
32,Baghdad,Iraq,Arab States,47.2,65.1,56.3,0,88.8,51.9,,,,,
33,Casablanca,Morocco,Arab States,57.2,64.5,81.8,5,88.9,48.6,,,,,
34,Damascus,Syria,Arab States,64.3,57.9,68.6,37,85.9,75.8,,,,,
35,Doha,Qatar,Arab States,82.6,89.6,90,70,82,77.2,,,,,
36,Gaza,Palestine,Arab States,44.5,63.7,65,0,80.9,51.6,,,,,
37,Kuwait,Kuwait,Arab States,88.3,92.8,99,93,82.9,70,,,,,
38,Muscat,Oman,Arab States,76.7,77.5,78,80,77.9,63.4,,,,,
39,Rabat,Morocco,Arab States,63.1,62.7,65.5,52.5,83.6,48.6,,,,,
40,Sana'a,Yemen,Arab States,41.8,40,39,17.5,76.3,46.6,,,,,
41,Tripoli,Libya,Arab States,67.7,70.2,73.1,27.5,70.2,86.6,,,,,
42,Tunis,Tunisia,Arab States,74.6,70.6,61,85,42.4,70.8,,,,,
43,Apia,"Samoa, Western",Asia-Pacific,59,65.3,63.5,0,94.1,82.7,,,,,
44,Bangalore,India,Asia-Pacific,58,51.1,82.7,31.3,42.2,48.5,,,,,
45,Bangkok,Thailand,Asia-Pacific,82.6,77.7,89.6,74.5,90.6,78.9,,,,,
47,Cebu,Philippines,Asia-Pacific,67,70.2,42.3,66,59.1,78.7,,,,,
48,Chiang Mai,Thailand,Asia-Pacific,78.5,68,82.5,85,90,76.3,,,,,
49,Chittagong,Bangladesh,Asia-Pacific,39.3,55.4,41,0.3,83.1,38.1,,,,,
50,Colombo,Sri Lanka,Asia-Pacific,58.4,46.9,68.6,45,61.5,45.3,,,,,
51,Dhaka,Bangladesh,Asia-Pacific,47.1,57.5,48.8,0,84.6,59.2,,,,,
52,Hanam,"Korea, Rep. Of",Asia-Pacific,89.9,87.9,84.8,90.4,80.2,97.7,,,,,
53,Hanoi,Vietnam,Asia-Pacific,74.2,59.6,72,90,35,69,,,,,
54,Hohhot,Central African Republic,Asia-Pacific,65.8,60,67.9,50.1,75.7,69.5,,,,,
55,Hong Kong,China,Asia-Pacific,92,89.4,99.3,99,61.5,81.3,,,,,
56,Jakarta,Indonesia,Asia-Pacific,69.2,66.2,57.3,46.7,79,95.7,,,,,
57,Kathmandu,Nepal,Asia-Pacific,62,60.4,76.3,37.5,40.7,64.8,,,,,
58,Lahore,Pakistan,Asia-Pacific,61.1,71.1,78.5,50,52.9,40.8,,,,,
59,Mandaluyong,Philippines,Asia-Pacific,70.8,69.6,66.4,45.9,29,89.3,,,,,
60,Medan,Indonesia,Asia-Pacific,58,40.8,54.6,42.6,31.8,72.7,,,,,
61,Naga,Philippines,Asia-Pacific,66.7,70.3,55.4,43,44,80.2,,,,,
62,Penang,Malaysia,Asia-Pacific,67.3,73.4,79.3,20,82.3,75.8,,,,,
63,Phnom Penh,Cambodia,Asia-Pacific,39.2,40.1,40.1,0,86.3,49,,,,,
64,Port Moresby,Papua New Guinea,Asia-Pacific,39.3,69,18.1,10,43.9,40.2,,,,,
65,Pusan,"Korea, Rep. Of",Asia-Pacific,88.6,83.1,89.3,84.7,71,97.9,,,,,
66,Semarang,Indonesia,Asia-Pacific,58.1,47,34.8,37.2,69.6,93.5,,,,,
67,Seoul,"Korea, Rep. Of",Asia-Pacific,95.8,94.7,98.4,99.3,81.8,97.7,,,,,
68,Singapore,Singapore,Asia-Pacific,94.5,91.6,99.5,100,64.8,88.6,,,,,
69,Surabaya,Indonesia,Asia-Pacific,62.2,58.6,64.2,35,78.5,75.4,,,,,
70,Suva,Fiji,Asia-Pacific,69.3,73.5,79.3,37.5,54.5,75.5,,,,,
71,Sylhet,Bangladesh,Asia-Pacific,40.6,51.4,40.4,0.3,77.5,49.3,,,,,
72,Tangail,Bangladesh,Asia-Pacific,35.3,48.7,28.3,0,80.5,38.1,,,,,
73,Ulaanbaatar,Mongolia,Asia-Pacific,66,49.9,60.8,53,47.2,92,,,,,
74,Vientiane,Laos,Asia-Pacific,47.1,44,58,0,65.9,71.3,,,,,
75,Yangon,Myanmar,Asia-Pacific,51.3,47.4,65.3,0,54.7,73.4,,,,,
76,Amal,Sweden,HIC,94.7,81.2,98.8,100,93.7,99.8,,,,,
77,Ankara,Turkey,HIC,72,73,93.9,40.4,93.9,72.5,,,,,
78,Aversa,Italy,HIC,81.7,82.2,96.3,45.6,93.3,90.7,,,,,
79,Basel,Switzerland,HIC,95.2,91.5,99.7,100,86.8,89.8,,,,,
80,Hull,Canada,HIC,98,97.2,98.8,100,82.9,99.5,,,,,
81,Madrid,Spain,HIC,94.4,87.9,98.8,100,80.2,91.3,,,,,
82,Melbourne,Australia,HIC,95.5,90,99.8,100,50.5,94.1,,,,,
83,Pamplona,Spain,HIC,90.2,84,93.5,89.5,74.2,90.6,,,,,
84,Stockholm,Sweden,HIC,97.3,93.5,99.5,100,75.6,99.8,,,,,
85,Umea,Sweden,HIC,95.8,85.9,98.8,100,56.5,99.8,,,,,
86,Armenia,Colombia,LAC,54,63.6,84,0,90.9,40.5,,,,,
87,Asuncion,Paraguay,LAC,55.7,75.7,39.5,2,83.8,78.1,,,,,
88,Belem,Brazil,LAC,53,51.6,50.5,0,90.2,84.3,,,,,
89,Belize,Belize,LAC,63,64.3,58.8,45,87.2,64.7,,,,,
90,Bridgetown,Barbados,LAC,77.9,87.1,69.9,53.5,89.3,88.6,,,,,
91,Buenos Aires,Argentina,LAC,79.4,82.2,92.1,50,93.6,88.4,,,,,
92,Cajamarca,Peru,LAC,72.5,58.4,62.8,78.5,89.9,84.1,,,,,
93,Cienfuegos,Cuba,LAC,69.6,62.6,70.4,41.1,80.9,84.7,,,,,
94,Ciudad Habana,Cuba,LAC,71,64.9,74.8,50,90.7,84.7,,,,,
95,Ciudad Juarez,Mexico,LAC,72.6,75.4,76.8,48.5,84.3,80.4,,,,,
96,Colon,Panama,LAC,66.2,58.4,58.8,45,89.2,82.2,,,,,
97,Cordoba,Argentina,LAC,81.9,77.6,79.5,74.6,83,88.4,,,,,
98,Cuenca,Ecuador,LAC,76.5,50.5,83.5,87.5,80.3,79.3,,,,,
99,Gran Concepcion,Chile,LAC,79.9,81.5,88.6,52.9,82.3,86.7,,,,,
100,Guayaquil,Ecuador,LAC,69,61.1,63.8,51.7,85.4,83.3,,,,,
101,Huanuco,Peru,LAC,59.5,36.2,49.3,50,83.4,84.1,,,,,
102,Huaras,Peru,LAC,41.9,43.6,30,0,81.3,48.8,,,,,
103,Icapui,Brazil,LAC,35.9,40.1,52.8,0,82,11,,,,,
104,Iquitos,Peru,LAC,35.9,51.2,69.4,32,86.3,37.7,,,,,
105,Kingston,Jamaica,LAC,62.7,63,66.2,20,80.5,74.5,,,,,
106,Leon,Nicaragua,LAC,48.9,52.8,45.7,0,84.6,65.5,,,,,
107,Lima,Peru,LAC,67.2,64.4,67.7,34,89.3,84.1,,,,,
108,Manta,Ecuador,LAC,52.1,35.1,65,0,85.4,82.8,,,,,
109,Maranguape,Brazil,LAC,62.1,51.6,47,49,82,84.3,,,,,
110,Marinilla,Colombia,LAC,66.4,62,88.9,50,51.6,52.7,,,,,
111,Medellin,Colombia,LAC,73,61.6,96.2,42.5,72.5,81.8,,,,,
112,Montego Bay,Jamaica,LAC,60.1,61.2,59.8,15,81.4,74.5,,,,,
113,Montevideo,Uruguay,LAC,72.5,81.5,87.9,17.1,88.3,89.4,,,,,
114,Port of Spain,Trinidad and Tobago,LAC,72.9,73.4,87.5,40,82.3,76.9,,,,,
115,Porto Alegre,Brazil,LAC,68.5,74.8,77.8,49.8,90.1,58.2,,,,,
116,Puyo,Ecuador,LAC,55.2,58.8,65,0,78.4,82.8,,,,,
117,Quetzaltenango,Guatemala,LAC,57.8,64.3,58.8,32.5,90.1,57.2,,,,,
118,Quito,Ecuador,LAC,60.2,57.6,76.6,0,77.8,88.3,,,,,
119,Recife,Brazil,LAC,69.9,68.2,64.8,54.5,86.1,86.1,,,,,
120,Rio de Janeiro,Brazil,LAC,79.4,82.3,86.2,62.6,76.5,84.3,,,,,
121,Rosario,Argentina,LAC,72.6,70,83.3,36.3,79.2,87,,,,,
122,San Salvador,El Salvador,LAC,70.2,72.5,82.3,40.6,68.8,70.9,,,,,
123,Santa Clara,Cuba,LAC,72.2,82.2,70,35,86.5,84.7,,,,,
124,Santa Cruz de la Sierra,Bolivia,LAC,64.3,55.8,60.7,58.5,84.1,72.4,,,,,
125,Santiago de Chile,Chile,LAC,79.2,74.9,92.8,51.7,60.3,86.7,,,,,
126,Santiago de los Caballeros,Dominican Republic,LAC,68,65.7,79,40,78.4,76.4,,,,,
127,Santo Andre,Brazil,LAC,76.8,51.4,93,65,83.4,88.7,,,,,
128,Tacna,Peru,LAC,57.9,50,53.1,32,70.1,85.5,,,,,
129,Tena,Ecuador,LAC,52.6,35.1,69,2.5,60.4,82.8,,,,,
130,Tome,Chile,LAC,80.3,74.8,74.8,75.4,62.9,86.7,,,,,
131,Tumbes,Peru,LAC,50.5,40.4,50,35,71.4,41.3,,,,,
132,Valparaiso,Chile,LAC,87.8,74.8,87.3,100,32.5,86.7,,,,,
133,Vina del mar,Chile,LAC,87.4,74.2,89.3,95,61.5,88.2,,,,,
134,Astrakhan,Russian Federation,Transitional,71.2,59.3,77.8,46,90.6,92.4,,,,,
135,Belgorod,Russian Federation,Transitional,77.3,69.7,82.5,50.5,90.3,98.7,,,,,
136,Belgrad,Yugoslavia,Transitional,69.6,69,91.7,10.4,88.7,90.1,,,,,
137,Bishkek,Kyrgyzstan,Transitional,55.8,64,42.9,7.5,87.3,86.2,,,,,
138,Bourgas,Bulgaria,Transitional,85.4,61.6,95.8,96.5,92.5,86,,,,,
139,Brno,Czech Republic,Transitional,89.6,79.9,90.9,100,84.7,86.8,,,,,
140,Bydgoszcz,Poland,Transitional,71,72.3,91.7,14.3,90,89.3,,,,,
141,Chisinau,Moldova,Transitional,76.9,54,94.5,71.2,86.2,84.3,,,,,
142,Gdansk,Poland,Transitional,77.4,73.8,87.1,51.8,85.6,85.2,,,,,
143,Katowice,Poland,Transitional,76.4,79,92.2,34.3,89.3,88.9,,,,,
144,Kostroma,Russian Federation,Transitional,75.1,64.5,79.6,54.9,87.6,94.2,,,,,
145,Ljubljana,Slovenia,Transitional,91.7,83.4,99.3,99,86.9,86.2,,,,,
146,Moscow,Russian Federation,Transitional,89.9,81,98.7,86.8,85.6,99.3,,,,,
147,Nizhny Novgorod,Russian Federation,Transitional,78.6,69.1,90,53.7,86.4,97.3,,,,,
148,Novomoscowsk,Russian Federation,Transitional,74.5,59.1,88.5,50,81.5,94.8,,,,,
149,Omsk,Russian Federation,Transitional,73.8,67.7,78.8,44.5,80.5,94.4,,,,,
150,Poznan,Poland,Transitional,79.8,79.1,94.2,48.2,77.8,88.6,,,,,
151,Prague,Czech Republic,Transitional,89.6,83,98.4,88.5,78.5,87.4,,,,,
152,Pushkin,Russian Federation,Transitional,81.1,69.5,96.8,55,64.9,99.8,,,,,
153,Riga,Latvia,Transitional,81.1,71.8,89.5,45,77.8,87.2,,,,,
154,Sarajevo,Bosnia and Herzegovina,Transitional,68.1,56.1,78.8,75,61,47,,,,,
155,Sofia,Bulgaria,Transitional,79.1,70.9,93.7,58.5,53.7,86.3,,,,,
156,Surgut,Russian Federation,Transitional,77.6,82,86.7,46.6,73.8,88.3,,,,,
157,Tallinn,Estonia,Transitional,81.5,78,95.4,61.8,86,89.8,,,,,
158,Tbilisi,Georgia,Transitional,72.2,58.6,88.2,47.5,64.6,85.5,,,,,
159,Troyan,Bulgaria,Transitional,64.8,66.9,81.5,4.5,62.3,90.5,,,,,
160,Veliko Tarnovo,Bulgaria,Transitional,71.5,64.2,98,28,65.9,85.6,,,,,
161,Veliky Novgorod,Russian Federation,Transitional,76.2,67.5,86.2,49,87,97.5,,,,,
162,Vilnius,Lithuania,Transitional,83.3,75.2,88.9,77,53.9,88.3,,,,,
