Day,IndDay,India,SpDay,Spain,NdDay,Netherland,CanDay,Canada,AustrDay,Austria,SK,SouthKorea,ItaliDay,Italy,GermDay,Germany,IranD,Iran,UKD,UK,IraqD,Iraq,DenmarkD,Denmark,IreladDays,Ireland
Day1,Mar-02,3,Feb-24,1,Feb-28,1,Feb-21,1,Feb-27,3,Feb-16,1,Feb-20,1,Feb-25,2,Feb-20,3,Feb-23,4,Feb-25,4,Feb-28,1,Feb-29,1
Day2,Mar-03,1,Feb-25,6,Feb-29,5,Feb-22,0,Feb-28,2,Feb-17,1,Feb-21,17,Feb-26,8,Feb-21,13,Feb-24,0,Feb-26,0,Feb-29,1,Mar-01,1
Day3,Mar-04,22,Feb-26,4,Mar-01,3,Feb-23,1,Feb-29,3,Feb-18,1,Feb-22,58,Feb-27,22,Feb-22,11,Feb-25,0,Feb-27,2,Mar-01,1,Mar-02,1
Day4,Mar-05,1,Feb-27,12,Mar-02,8,Feb-24,1,Mar-01,4,Feb-19,27,Feb-23,78,Feb-28,26,Feb-23,14,Feb-26,0,Feb-28,1,Mar-02,0,Mar-03,2
Day5,Mar-06,1,Feb-28,8,Mar-03,5,Feb-25,0,Mar-02,4,Feb-20,53,Feb-24,72,Feb-29,5,Feb-24,18,Feb-27,3,Feb-29,5,Mar-03,6,Mar-04,6
Day6,Mar-07,3,Feb-29,25,Mar-04,15,Feb-26,1,Mar-03,6,Feb-21,98,Feb-25,94,Mar-01,51,Feb-25,34,Feb-28,4,Mar-01,6,Mar-04,4,Mar-05,13
Day7,Mar-08,6,Mar-01,26,Mar-05,44,Feb-27,2,Mar-04,5,Feb-22,227,Feb-26,147,Mar-02,35,Feb-26,44,Feb-29,3,Mar-02,8,Mar-05,5,Mar-06,18
Day8,Mar-09,7,Mar-02,36,Mar-06,46,Feb-28,1,Mar-05,14,Feb-23,166,Feb-27,185,Mar-03,38,Feb-27,106,Mar-01,13,Mar-03,5,Mar-06,2,Mar-07,19
Day9,Mar-10,15,Mar-03,45,Mar-07,60,Feb-29,5,Mar-06,23,Feb-24,231,Feb-28,234,Mar-04,59,Feb-28,143,Mar-02,3,Mar-04,5,Mar-07,6,Mar-08,21
Day10,Mar-11,0,Mar-04,63,Mar-08,77,Mar-01,4,Mar-07,15,Feb-25,144,Feb-29,239,Mar-05,283,Feb-29,205,Mar-03,12,Mar-05,3,Mar-08,8,Mar-09,24
Day11,Mar-12,12,Mar-05,54,Mar-09,56,Mar-02,3,Mar-08,23,Feb-26,284,Mar-01,573,Mar-06,125,Mar-01,385,Mar-04,36,Mar-06,6,Mar-09,55,Mar-10,34
Day12,Mar-13,8,Mar-06,119,Mar-10,61,Mar-03,3,Mar-09,27,Feb-27,505,Mar-02,335,Mar-07,130,Mar-02,523,Mar-05,29,Mar-07,8,Mar-10,172,Mar-11,42
Day13,Mar-14,18,Mar-07,124,Mar-11,121,Mar-04,4,Mar-10,51,Feb-28,571,Mar-03,466,Mar-08,240,Mar-03,835,Mar-06,48,Mar-08,11,Mar-11,252,Mar-12,69
Day14,Mar-15,14,Mar-08,149,Mar-12,111,Mar-05,3,Mar-11,64,Feb-29,813,Mar-04,587,Mar-09,184,Mar-04,586,Mar-07,45,Mar-09,6,Mar-12,160,Mar-13,89
Day15,Mar-16,15,Mar-09,557,Mar-13,190,Mar-06,17,Mar-12,115,Mar-01,586,Mar-05,769,Mar-10,341,Mar-05,591,Mar-08,69,Mar-10,0,Mar-13,130,Mar-14,127
Day16,Mar-17,14,Mar-10,464,Mar-14,155,Mar-07,6,Mar-13,143,Mar-02,599,Mar-06,778,Mar-11,401,Mar-06,1234,Mar-09,43,Mar-11,0,Mar-14,32,Mar-15,167
Day17,Mar-18,26,Mar-11,282,Mar-15,176,Mar-08,6,Mar-14,151,Mar-03,851,Mar-07,1247,Mar-12,779,Mar-07,1076,Mar-10,62,Mar-12,12,Mar-15,28,Mar-16,216
Day18,Mar-19,25,Mar-12,869,Mar-16,278,Mar-09,11,Mar-15,205,Mar-04,435,Mar-08,1492,Mar-13,930,Mar-08,743,Mar-11,77,Mar-13,18,Mar-16,50,Mar-17,285
Day19,Mar-20,55,Mar-13,2086,Mar-17,292,Mar-10,18,Mar-16,158,Mar-05,663,Mar-09,1797,Mar-14,924,Mar-09,595,Mar-12,130,Mar-14,9,Mar-17,63,Mar-18,359
Day20,Mar-21,83,Mar-14,1159,Mar-18,346,Mar-11,15,Mar-17,314,Mar-06,309,Mar-10,977,Mar-15,1214,Mar-10,881,Mar-13,208,Mar-15,14,Mar-18,80,Mar-19,549
Day21,Mar-22,64,Mar-15,1597,Mar-19,409,Mar-12,32,Mar-18,314,Mar-07,448,Mar-11,2313,Mar-16,1459,Mar-11,958,Mar-14,342,Mar-16,9,Mar-19,94,Mar-20,675
Day22,Mar-23,103,Mar-16,1954,Mar-20,534,Mar-13,56,Mar-19,533,Mar-08,272,Mar-12,2651,Mar-17,2095,Mar-12,1075,Mar-15,251,Mar-17,21,Mar-20,104,Mar-21,777
Day23,Mar-24,37,Mar-17,1884,Mar-21,637,Mar-14,54,Mar-20,470,Mar-09,165,Mar-13,2547,Mar-18,2960,Mar-13,1289,Mar-16,152,Mar-18,10,Mar-21,71,Mar-22,897
Day24,Mar-25,121,Mar-18,2943,Mar-22,573,Mar-15,89,Mar-21,343,Mar-10,35,Mar-14,3497,Mar-19,2993,Mar-14,1365,Mar-17,407,Mar-19,28,Mar-22,69,Mar-23,1114
Day25,Mar-26,70,Mar-19,3308,Mar-23,545,Mar-16,100,Mar-22,590,Mar-11,242,Mar-15,3590,Mar-20,4528,Mar-15,1209,Mar-18,676,Mar-20,16,Mar-23,65,Mar-24,1317
Day26,Mar-27,160,Mar-20,3494,Mar-24,811,Mar-17,157,Mar-23,892,Mar-12,114,Mar-16,3233,Mar-21,5416,Mar-16,1053,Mar-19,643,Mar-21,6,Mar-24,131,Mar-25,1550
Day27,Mar-28,100,Mar-21,3925,Mar-25,852,Mar-18,129,Mar-24,809,Mar-13,110,Mar-17,3526,Mar-22,2509,Mar-17,1178,Mar-20,714,Mar-22,19,Mar-25,133,Mar-26,1795
Day28,Mar-29,37,Mar-22,3272,Mar-26,1019,Mar-19,146,Mar-25,305,Mar-14,107,Mar-18,4207,Mar-23,4183,Mar-18,1192,Mar-21,1035,Mar-23,33,Mar-26,153,Mar-27,2094
Day29,Mar-30,227,Mar-23,6368,Mar-27,1172,Mar-20,214,Mar-26,1321,Mar-15,76,Mar-19,5322,Mar-24,3935,Mar-19,1046,Mar-22,665,Mar-24,50,Mar-27,169,Mar-28,2374
Day30,Mar-31,146,Mar-24,6922,Mar-28,1159,Mar-21,241,Mar-27,788,Mar-16,74,Mar-20,5986,Mar-25,4332,Mar-20,1237,Mar-23,967,Mar-25,30,Mar-28,155,Mar-29,2564
Day31,Apr-01,601,Mar-25,7457,Mar-29,1104,Mar-22,142,Mar-28,574,Mar-17,84,Mar-21,6557,Mar-26,6615,Mar-21,966,Mar-24,1427,Mar-26,36,Mar-29,194,Mar-30,2851
Day32,Apr-02,545,Mar-26,8271,Mar-30,884,Mar-23,621,Mar-29,517,Mar-18,93,Mar-22,5560,Mar-27,6933,Mar-22,1028,Mar-25,1452,Mar-27,76,Mar-30,182,Mar-31,3159
