Timestamp,Gender,"What motivates you to Read articles, books, technology blogs, news etc ?"
2019/08/04 1:29:00 PM GMT+5,Female,"It depends on my mood. If a friend recommends a book(novel), i read it because of the curiosity. Sometimes it is due to my interest in a particular topic. "
2019/08/04 2:06:25 PM GMT+5,Female,"Problems, to understand in depth"
2019/08/04 3:00:53 PM GMT+5,Female,The storyline mostly
2019/08/04 5:04:26 PM GMT+5,Female,"1. To remain up to date about the current affairs. 
2. To enhance my vocabulary. 
3. For time-killing. "
2019/08/04 7:46:34 PM GMT+5,Female,To increase my knowledge. 
2019/08/04 8:18:58 PM GMT+5,Female,"When i'm in depression i just want a good book article with a cup of tea.
I think a good book or article can overcome your depression. "
2019/08/04 9:08:44 PM GMT+5,Female,To keep myself up-to-date about the current affairs. As I am from tech background I make sure I know what is going on in tech world. Reading books never gets old. A good story line is enough to keep myself motivated. 
2019/08/04 9:10:12 PM GMT+5,Female,Information being provided
2019/08/04 9:10:35 PM GMT+5,Female,My father
2019/08/04 11:54:33 PM GMT+5,Female,Interest
2019/08/05 1:06:44 AM GMT+5,Female,My major requires me to keep up with the tech stuff moreover people who have a greater knowledge have a better chance of being hired. Sometimes I do it to simply perform good at my internship. I also read before making a purchase i.e a software or a new gadget .
2019/08/05 3:15:31 PM GMT+5,Female,To stay updated. Spending time leisurely . Exam
2019/08/05 3:29:49 PM GMT+5,Female,The power of knowledge
2019/08/05 3:30:46 PM GMT+5,Female,"the desire to improve my vocabulary and english reading and writing skills
also once i have started a book i have this need to end it "
2019/08/05 3:39:26 PM GMT+5,Female,Nothing. I prefer watching over reading. Need motivation too. 
2019/08/05 4:03:12 PM GMT+5,Female,To get more and more information. 
2019/08/05 5:04:50 PM GMT+5,Female,Learning something new and exciting
2019/08/05 5:05:55 PM GMT+5,Female,Information and general knowledge in them
2019/08/06 11:14:37 AM GMT+5,Female,Compelling storyline and characters
2019/08/06 12:53:07 PM GMT+5,Female,I enjoy reading mostly books because they help me escape the world for a while and widen my horizons.
2019/08/06 9:27:48 PM GMT+5,Female,To learn something new and something interesting 
2019/08/04  1:15:48 AM GMT+5,Female,"I used to read xD. Mostly because, when I read, I stayed happy because it was like I lived in that world for sometime, and forgot about the real one."
2019/08/04 11:18:00 AM GMT+5,Female,"When I read articles it's for information, general knowledge, to keep up with the world. But when I read books it's  for relaxing. To get away from my world. It's like your transported into a different world each time and it's to your own liking."
2019/08/04 1:33:56 PM GMT+5,Male,"When they are short, precise and very much to the point and not delving into too much extra detail"
2019/08/04 2:48:21 PM GMT+5,Male,"Well reading urdu literature particularly is my hobby and I've read alot of urdu books, 
For news my roommate reads alot and tells me so I don't, and being a computer science student I have some intresein reading technology blogs so I'm particularly self moving"
2019/08/04 2:48:58 PM GMT+5,Male,For Information
2019/08/04 5:24:41 PM GMT+5,Male,"My willingness to improve myself. I read books with these incentives: 
- Getting different perspectives about something to critically analyze it from different angles. 
- Getting knowledge about different & new things to expand the graph of knowledge inside my brain. It's like finding and connecting dots.
- To avoid mistakes which others made
- To learn from the proven strategies & knowledge of others
- To increase by productivity & quality of my work through self-help books
- To learn a new skill
- To become a good human being
- To get the best out of life by connecting diverse set of skills/knowledge
- To plan my life

Everything I mentioned above is to improve myself. To summarize, a willingness to move forward in life motivates me to read."
2019/08/04 9:08:05 PM GMT+5,Male,"Interest 
Referral
Content"
2019/08/04 9:12:35 PM GMT+5,Male,Great leaders habit
2019/08/05 1:20:09 AM GMT+5,Male,"1-Pleasure for novels
2-Gaining Knowledge for Rest"
2019/08/05 7:28:05 AM GMT+5,Male,"Majorly interest. I don't read books, nor do i read news. The only reading that i do is either related to my academic curriculum(need) or sports(want). Precisely, any act that a we do, is purposed to satisfy our needs and wants."
2019/08/05 9:48:32 AM GMT+5,Male,"When i have spare time and have nothing to do then i read some stuff...
"
2019/08/05 11:04:00 AM GMT+5,Male,It must be interesting startup like story and on factual basis.
2019/08/05 11:16:34 AM GMT+5,Male,To stay upto date on technology forefront. 
2019/08/05 12:44:46 PM GMT+5,Male," To learn, to gain knowledge. It has become a habit now."
2019/08/05 3:57:10 PM GMT+5,Male,"Well there is no specific reason or thing which motivates me to read articles , books , technology , blogs etc 
when ever i get sometime i go to youtube and instead of watching i prefered to watch videos like traveling ,  past stories , new innovations , new technology etc 
.
in short i watched youtube , read books sometimes or read an article just to stay tune and informed about the new world ,
and the question is what motivates me then my answer is that i motivate myself bcs instead of wasting the time on watching movie or something else , its better to watch or something informative to increase my base of knowledge .
I watched movies too and also other videos for fun and to get relax"
2019/08/05 4:04:05 PM GMT+5,Male,Their relation to media that I consume. 
2019/08/05 4:23:34 PM GMT+5,Male,Information.... I mean that I want to upgrade the version of my knowledge every day to understand the world clearly.. 
2019/08/05 4:47:04 PM GMT+5,Male,Unknown or innovative Knowledge
2019/08/05 4:47:46 PM GMT+5,Male,"Word of mouth, ratings"
2019/08/05 5:05:53 PM GMT+5,Male,I have interest in online business and digital marketing.  So anything related to these topics attract me for reading. In short anything related to my interest motivate me for reading. 
2019/08/05 8:14:10 PM GMT+5,Male,its content 
2019/08/06 10:36:57 AM GMT+5,Male,The quest to learn a new thing every day.
2019/08/04 1:19:00 AM GMT+5,Male,"Boredom mostly. Sometimes its just one book that�s really popular among the readers that makes you want to read that too.And yes, sometimes you find a book that matches your interests, be it on history or science fiction or any other topic, that makes you want to read that book.And yes at certain occasions, you watch a movie and you really like it and then you hear from people that the book is far better and comprehensive than the movie, which again makes you want to read it"
2019/08/04 1:29:00 AM GMT+5,Male,"I used to read historical novels, reading give you broader view which movie can't. So to see this view ( in movies it's CGI) I read these novels."
2019/08/04 3:33:00 AM GMT+5,Male,"My motivation is that I learn more from books than any other source of knowledge. A good book helps you slow down in this fast paced life. Some other reasons are listed below
- Its a really good way to get some time away from tech in the 21st century while being productive at the same time.
- Many successful people read a lot of books, its not necessary for success but it really helps you along the way
- Books are able to help the reader because they are more than just a lecture or a TED talk, the amount of effort that goes in is much higher and therefore the potential to learn and gain knowledge is greater.
- Unlike movies or videos, books leave most of the stuff to the imagination of the reader."
2019/08/04 3:38:00 PM GMT+5,Male,Curiosity and knowledge
2019/08/05 :38:00 PM GMT+5,Male,"Staying upto date, increasing knowledge and learn about others perspective."
