Sl. No.,State/UT-wise,Number of Repatriated Indians
1,Andaman & Nicobar Islands,45
2,Andhra Pradesh,31061
3,Arunachal Pradesh,41
4,Assam,1005
5,Bihar,32056
6,Chandigarh,1593
7,Chhattisgarh,878
8,Dadra & Nagar Haveli,40
9,Daman and Diu,132
10,Delhi,183923
11,Goa,9096
12,Gujarat,22818
13,Haryana,6423
14,Himachal Pradesh,1570
15,Jammu and Kashmir,4963
16,Jharkhand,2249
17,Karnataka,51564
18,Kerala,334523
19,Ladakh,486
20,Lakshadweep,866
21,Madhya Pradesh,3238
22,Maharashtra,80098
23,Manipur,393
24,Meghalaya,87
25,Mizoram,126
26,Nagaland,81
27,Odisha,10590
28,Puducherry,1085
29,Punjab,29922
30,Rajasthan,30367
31,Sikkim,90
32,Tamil Nadu,96135
33,Telangana,56678
34,Tripura,545
35,Uttar Pradesh,101384
36,Uttaranchal,2877
37,West Bengal,11529
