Country-wise,Number of Repatriated Indians
Afghanistan,1241
Algeria,899
Angola,654
Armenia,720
Australia,7926
Azerbaijan,186
Bahrain,24704
Bangladesh,5082
Barbados,115
Belarus,227
Belgium,287
Bhutan,120
Brazil,510
Brunei,272
Bulgaria,499
Cambodia,289
Canada,13342
China,530
Denmark,52
Djibouti,233
Egypt,1890
Ethiopia,6505
Fiji,5
Finland,219
France,16337
Georgia,862
Germany,19744
Ghana,302
Greece,163
Hong Kong,917
Indonesia,2585
Iran,3386
Iraq,6806
Ireland,485
Israel,438
Italy,3083
Japan,2702
Jordan,830
Kazakhstan,3685
Kenya,1126
Kuwait,90759
Kyrgyzstan,11142
Laos,427
Latvia,5
Lebanon,893
Madagascar,84
Malaysia,12612
Maldives,7344
Malta,102
Mauritius,982
Mexico,228
Moldova,243
Mongolia,17
Myanmar,662
Nepal,332
Netherlands,3376
New Zealand,1835
Nigeria,4709
Norway,267
Oman,85498
Others,2152
Pakistan,671
Philippines,7462
Poland,336
Portugal,54
Qatar,104444
Romania,8
Russia,8707
Saudi Arabia,163851
Seychelles,958
Singapore,24867
South Africa,1661
South Korea,1730
Spain,1117
Sri Lanka,8085
Sudan,155
Sweden,1270
Switzerland,12
Syria,12
Taiwan,108
Tajikistan,1406
Tanzania,1797
Thailand,2141
Tunisia,25
Turkey,1184
Turkmenistan,38
United Arab Emirates,457596
United Kingdom,39141
Ukraine,8205
United States of America,77305
Uzbekistan,680
Vietnam,815
Yemen,76
Zimbabwe,5
Total by Air,1269549
Total by Land,131618
Total by Sea,3987
