Country-wise,Number of Repatriated Indians by air (as arrived on 11 september 2020),Number of Repatriated Indians by Sea,Number of Repatriated Indians by Land
Afghanistan,1072,NA,NA
Algeria,899,NA,NA
Angola,654,NA,NA
Armenia,720,NA,NA
Australia,7644,NA,NA
Azerbaijan,186,NA,NA
Bahrain,23957,NA,NA
Bangladesh,5078,NA,190
Barbados,115,NA,NA
Belarus,227,NA,NA
Belgium,287,NA,NA
Bhutan,120,NA,3883
Brazil,510,NA,NA
Brunei,272,NA,NA
Bulgaria,499,NA,NA
Cambodia,289,NA,NA
Canada,12765,NA,NA
China,530,NA,NA
Denmark,52,NA,NA
Djibouti,233,NA,NA
Egypt,1890,NA,NA
Ethiopia,6505,NA,NA
Fiji,5,NA,NA
Finland,219,NA,NA
France,15135,NA,NA
Georgia,862,NA,NA
Germany,18049,NA,NA
Ghana,302,NA,NA
Greece,163,NA,NA
Hong Kong,826,NA,NA
Indonesia,2585,NA,NA
Iran,3256,920,NA
Iraq,6661,NA,NA
Ireland,485,NA,NA
Israel,438,NA,NA
Italy,3083,NA,NA
Japan,2702,NA,NA
Jordan,830,NA,NA
Kazakhstan,3685,NA,NA
Kenya,1126,NA,NA
Kuwait,87305,NA,NA
Kyrgyzstan,11142,NA,NA
Laos,427,NA,NA
Latvia,5,NA,NA
Lebanon,893,NA,NA
Madagascar,84,NA,NA
Malaysia,12612,NA,NA
Maldives,7271,2386,NA
Malta,102,NA,NA
Mauritius,982,NA,NA
Mexico,228,NA,NA
Moldova,243,NA,NA
Mongolia,17,NA,NA
Myanmar,662,NA,NA
Nepal,332,NA,124321
Netherlands,3364,NA,NA
New Zealand,1835,NA,NA
Nigeria,4398,NA,NA
Norway,267,NA,NA
Oman,81953,NA,NA
Pakistan,671,NA,627
Philippines,7389,NA,NA
Poland,336,NA,NA
Portugal,54,NA,NA
Qatar,101182,NA,NA
Romania,8,NA,NA
Russia,8707,NA,NA
Saudi Arabia,154103,NA,NA
Seychelles,958,NA,NA
Singapore,23295,NA,NA
South Africa,1161,NA,NA
South Korea,1728,NA,NA
Spain,1117,NA,NA
Sri Lanka,7606,681,NA
Sudan,125,NA,NA
Sweden,1270,NA,NA
Switzerland,12,NA,NA
Syria,12,NA,NA
Taiwan,108,NA,NA
Tajikistan,1406,NA,NA
Tanzania,1728,NA,NA
Thailand,2136,NA,NA
Tunisia,25,NA,NA
Turkey,1184,NA,NA
Turkmenistan,38,NA,NA
United Arab Emirates,435682,NA,NA
United Kingdom,36989,NA,NA
Ukraine,8205,NA,NA
United States of America,73612,NA,NA
Uzbekistan,645,NA,NA
Vietnam,662,NA,NA
Yemen,76,NA,NA
Zimbabwe,5,NA,NA
Others,1775,NA,NA
Total,1213048,3978,129021
