COUNTRY,CODE,
afghanistan, AFG,
albania, ALB,
algeria, DZA,
american samoa, ASM,
andorra, AND,
angola, AGO,
anguilla, AIA,
antigua and barbuda, ATG,
argentina, ARG,
armenia, ARM,
aruba, ABW,
australia, AUS,
austria, AUT,
azerbaijan, AZE,
bahamas, BHM,
bahrain, BHR,
bangladesh, BGD,
barbados, BRB,
belarus, BLR,
belgium, BEL,
belize, BLZ,
benin, BEN,
bermuda, BMU,
bhutan, BTN,
bolivia, BOL,
bosnia and herzegovina, BIH,
botswana, BWA,
brazil, BRA,
british virgin islands, VGB,
brunei, BRN,
bulgaria, BGR,
burkina faso, BFA,
burma, MMR,
burundi, BDI,
cabo verde, CPV,
cambodia, KHM,
cameroon, CMR,
canada, CAN,
cayman islands, CYM,
central african republic, CAF,
chad, TCD,
chile, CHL,
china, CHN,
colombia, COL,
comoros, COM,
congo democratic, COD,
Congo republic, COG,
cook islands, COK,
costa rica, CRI,
cote d'ivoire, CIV,
croatia, HRV,
cuba, CUB,
curacao, CUW,
cyprus, CYP,
czech republic, CZE,
denmark, DNK,
djibouti, DJI,
dominica, DMA,
dominican republic, DOM,
ecuador, ECU,
egypt, EGY,
el salvador, SLV,
equatorial guinea, GNQ,
eritrea, ERI,
estonia, EST,
ethiopia, ETH,
falkland islands, FLK,
faroe islands, FRO,
fiji, FJI,
finland, FIN,
france, FRA,
french polynesia, PYF,
gabon, GAB,
gambia, the, GMB
georgia, GEO,
germany, DEU,
ghana, GHA,
gibraltar, GIB,
greece, GRC,
greenland, GRL,
grenada, GRD,
guam, GUM,
guatemala, GTM,
guernsey, GGY,
guinea-bissau, GNB,
guinea, GIN,
guyana, GUY,
haiti, HTI,
honduras, HND,
hong kong, HKG,
hungary, HUN,
iceland, ISL,
india, IND,
indonesia, IDN,
iran, IRN,
iraq, IRQ,
ireland, IRL,
isle of man, IMN,
israel, ISR,
italy, ITA,
jamaica, JAM,
japan, JPN,
jersey, JEY,
jordan, JOR,
kazakhstan, KAZ,
kenya, KEN,
kiribati, KIR,
north korea, PRK,
south korea, KOR,
kosovo, KSV,
kuwait, KWT,
kyrgyzstan, KGZ,
laos, LAO,
latvia, LVA,
lebanon, LBN,
lesotho, LSO,
liberia, LBR,
libya, LBY,
liechtenstein, LIE,
lithuania, LTU,
luxembourg, LUX,
macau, MAC,
macedonia, MKD,
madagascar, MDG,
malawi, MWI,
malaysia, MYS,
maldives, MDV,
mali, MLI,
malta, MLT,
marshall islands, MHL,
mauritania, MRT,
mauritius, MUS,
mexico, MEX,
micronesia, FSM,
moldova, MDA,
monaco, MCO,
mongolia, MNG,
montenegro, MNE,
morocco, MAR,
mozambique, MOZ,
namibia, NAM,
nepal, NPL,
netherlands, NLD,
new caledonia, NCL,
new zealand, NZL,
nicaragua, NIC,
nigeria, NGA,
niger, NER,
niue, NIU,
northern mariana islands, MNP,
norway, NOR,
oman, OMN,
pakistan, PAK,
palau, PLW,
panama, PAN,
papua new guinea, PNG,
paraguay, PRY,
peru, PER,
philippines, PHL,
poland, POL,
portugal, PRT,
puerto rico, PRI,
qatar, QAT,
romania, ROU,
russia, RUS,
rwanda, RWA,
saint kitts and nevis, KNA,
saint lucia, LCA,
saint martin, MAF,
saint pierre and miquelon, SPM,
saint vincent and the grenadines, VCT,
samoa, WSM,
san marino, SMR,
sao tome and principe, STP,
saudi arabia, SAU,
senegal, SEN,
serbia, SRB,
seychelles, SYC,
sierra leone, SLE,
singapore, SGP,
sint maarten, SXM,
slovakia, SVK,
slovenia, SVN,
solomon islands, SLB,
somalia, SOM,
south africa, ZAF,
south sudan, SSD,
spain, ESP,
sri lanka, LKA,
sudan, SDN,
suriname, SUR,
swaziland, SWZ,
sweden, SWE,
switzerland, CHE,
syria, SYR,
taiwan, TWN,
tajikistan, TJK,
tanzania, TZA,
thailand, THA,
timor-leste, TLS,
togo, TGO,
tonga, TON,
trinidad and tobago, TTO,
tunisia, TUN,
turkey, TUR,
turkmenistan, TKM,
tuvalu, TUV,
uganda, UGA,
ukraine, UKR,
united arab emirates, ARE,
united kingdom, GBR,
united states, USA,
uruguay, URY,
uzbekistan, UZB,
vanuatu, VUT,
venezuela, VEN,
vietnam, VNM,
virgin islands, VGB,
west bank, WBG,
yemen, YEM,
zambia, ZMB,
zimbabwe, ZWE,
