{"realtime_start": "2019-12-06", "seriess": [{"observation_end": "2017-01-01", "last_updated": "2018-12-20 14:31:06-06", "observation_start": "1998-01-01", "frequency": "Annual", "seasonal_adjustment_short": "NSA", "id": "PUAAUS00000A647NCEN", "realtime_start": "2019-12-06", "units": "Persons", "units_short": "Persons", "seasonal_adjustment": "Not Seasonally Adjusted", "title": "Poverty Universe, All Ages for United States", "realtime_end": "2019-12-06", "frequency_short": "A", "notes": "The poverty universe is made up of persons for whom the Census Bureau can determine poverty status (either in poverty or not in poverty). The definition of poverty universe for SAIPE estimates is the same for 2006 and beyond and conceptually matches the poverty universe of the American Community Survey (ACS). The poverty universe estimates are not the same as the population estimates from the Census Bureau's Population Estimates Program. Instead, they are derived estimates that differ from population estimates in the following ways. Beginning with 2006, the poverty universe includes group quarters populations only for noninstitutionalized group quarters, not elsewhere classified. Residents of college dormitories, military housing, and all institutional group quarters populations are excluded (this marks a break in the see discuss later in this note). The poverty universe does not include children under the age of 15 who are not related to a reference person within the household by way of birth, marriage or adoption (for example, foster children). The reason is that Census Bureau surveys typically ask income questions only of persons age 15 or older and those under 15 related to a reference person within the household.\n\nThe 2005 poverty universe estimates excluded all group quarters' residents, matching the definition of the 2005 ACS. Prior to the estimates for 2005, the poverty universe data were derived from the Annual Social and Economic Supplement of the Current Population Survey. This marks a break in the data series due to a methodology change.\n\nFor further information about SAIPE poverty universe data, visit https://www.census.gov/programs-surveys/saipe/guidance/model-input-data.html.", "popularity": 8}], "realtime_end": "2019-12-06"}