﻿Channel,Year Joined,Subscribers,Videos,Total Views,Avg Views,Primary Focus
Simple History,2014,"3,490,000",460,"837,000,000"," 1,819,565 ",Military History
History with Hilbert,2016,"322,000",354,"38,000,000"," 107,345 ",European History
History Matters,2015,"976,000",219,"260,000,000"," 1,187,215 ",European History
OverSimplified,2006,"5,290,000",26,"615,000,000"," 23,653,846 ",Military History
Suibhne,2016,"475,000",42,"38,000,000"," 904,762 ",World History
Feature History,2016,"556,000",50,"34,000,000"," 680,000 ",Military History
