Position,Player,Team,HighestScore,Against,Venue,Match Date,Playerdet
1,David Warner,AUS,166,BAN,Trent Bridge,20/06/2019,David Warner-166
2,Jason Roy,ENG,153,BAN,Cardiff Wales Stadium,08/06/2019,Jason Roy-153
3,Aaron Finch,AUS,153,SL,The Oval,15/06/2019,Aaron Finch-153
4,Eoin Morgan,ENG,148,AFG,Old Trafford,18/06/2019,Eoin Morgan-148
5,Kane Williamson,NZ,148,WI,Old Trafford,22/06/2019,Kane Williamson-148
6,Rohit Sharma,IND,140,PAK,Old Trafford,16/06/2019,Rohit Sharma-140
7,Shakib Al Hasan,BAN,124*,WI,The County Ground,17/06/2019,Shakib Al Hasan-124*
8,Rohit Sharma,IND,122*,SA,The Ageas Bowl,05/06/2019,Rohit Sharma-122*
9,David Warner,AUS,122,SA,Old Trafford,06/07/2019,David Warner-122
10,Shakib Al Hasan,BAN,121,ENG,Cardiff Wales Stadium,08/06/2019,Shakib Al Hasan-121
11,Nicholas Pooran,WI,118,SL,Emirates Riverside,01/07/2019,Nicholas Pooran-118
12,Shikhar Dhawan,IND,117,AUS,The Oval,09/06/2019,Shikhar Dhawan-117
13,Angelo Mathews,SL,113,IND,Headingley,06/07/2019,Angelo Mathews-113
14,Jonny Bairstow,ENG,111,IND,Edgbaston,30/06/2019,Jonny Bairstow-111
15,KL Rahul,IND,110,SL,Headingley,06/07/2019,KL Rahul-110
16,Joe Root,ENG,107,PAK,Trent Bridge,03/06/2019,Joe Root-107
17,David Warner,AUS,107,PAK,The County Ground,12/06/2019,David Warner-107
18,Kane Williamson,NZ,106*,SA,Edgbaston,19/06/2019,Kane Williamson-106*
19,Jonny Bairstow,ENG,106,NZ,Emirates Riverside,03/07/2019,Jonny Bairstow-106
20,Rohit Sharma,IND,104,BAN,Edgbaston,02/07/2019,Rohit Sharma-104
21,Avishka Fernando,SL,104,WI,Emirates Riverside,01/07/2019,Avishka Fernando-104
22,Jos Buttler,ENG,103,PAK,Trent Bridge,03/06/2019,Jos Buttler-103
23,Rohit Sharma,IND,103,SL,Headingley,06/07/2019,Rohit Sharma-103
24,Mushfiqur Rahim,BAN,102*,AUS,Trent Bridge,20/06/2019,Mushfiqur Rahim-102*
25,Rohit Sharma,IND,102,ENG,Edgbaston,30/06/2019,Rohit Sharma-102
26,Babar Azam,PAK,101*,NZ,Edgbaston,26/06/2019,Babar Azam-101*
27,Carlos Brathwaite,WI,101,NZ,Old Trafford,22/06/2019,Carlos Brathwaite-101
28,Joe Root,ENG,100*,WI,The Ageas Bowl,14/06/2019,Joe Root-100*
29,Faf du Plessis,SA,100,AUS,Old Trafford,06/07/2019,Faf du Plessis-100
30,Imam-ul-Haq,PAK,100,BAN,Lord's Cricket Ground,05/07/2019,Imam-ul-Haq-100
31,Aaron Finch,AUS,100,ENG,Lord's Cricket Ground,25/06/2019,Aaron Finch-100
32,Jimmy Neesham,NZ,97*,PAK,Edgbaston,26/06/2019,Jimmy Neesham-97*
33,Dimuth Karunaratne,SL,97,AUS,The Oval,15/06/2019,Dimuth Karunaratne-97
34,Faf du Plessis,SA,96*,SL,Emirates Riverside,28/06/2019,Faf du Plessis-96*
35,Babar Azam,PAK,96,BAN,Lord's Cricket Ground,05/07/2019,Babar Azam-96
36,Shai Hope,WI,96,BAN,The County Ground,17/06/2019,Shai Hope-96
37,Rassie van der Dussen,SA,95,AUS,Old Trafford,06/07/2019,Rassie van der Dussen-95
38,Liton Das,BAN,94*,WI,The County Ground,17/06/2019,Liton Das-94*
39,Nathan Coulter-Nile,AUS,92,WI,Trent Bridge,06/06/2019,Nathan Coulter-Nile-92
40,Jonny Bairstow,ENG,90,AFG,Old Trafford,18/06/2019,Jonny Bairstow-90
41,David Warner,AUS,89*,AFG,Bristol County Ground,01/06/2019,David Warner-89*
42,Haris Sohail,PAK,89,SA,Lord's Cricket Ground,23/06/2019,Haris Sohail-89
43,Usman Khawaja,AUS,89,BAN,Trent Bridge,20/06/2019,Usman Khawaja-89
44,Ben Stokes,ENG,89,SA,The Oval,30/05/2019,Ben Stokes-89
45,Ben Stokes,ENG,89,AUS,Lord's Cricket Ground,25/06/2019,Ben Stokes-89
46,Joe Root,ENG,88,AFG,Old Trafford,18/06/2019,Joe Root-88
47,Usman Khawaja,AUS,88,NZ,Lord's Cricket Ground,29/06/2019,Usman Khawaja-88
48,Chris Gayle,WI,87,NZ,Old Trafford,22/06/2019,Chris Gayle-87
49,Ikram Ali Khil,AFG,86,WI,Headingley,04/07/2019,Ikram Ali Khil-86
50,Angelo Mathews,SL,85*,ENG,Headingley,21/06/2019,Angelo Mathews-85*