﻿Year,City,Country,Continent
1896,Athens , Greece ,Europe
1900,Paris , France ,Europe
1904,St. Louis[a] , United States ,North America
1908,London[b] , United Kingdom ,Europe
1912,Stockholm , Sweden ,Europe
1916,Berlin , Germany ,Europe
1920,Antwerp[c] , Belgium ,Europe
1924,Chamonix , France ,Europe
1924,Paris , France ,Europe
1928,St. Moritz ,Switzerland ,Europe
1928,Amsterdam , Netherlands ,Europe
1932,Lake Placid , United States ,North America
1932,Los Angeles , United States ,North America
1936,Garmisch-Partenkirchen , Germany ,Europe
1936,Berlin , Germany ,Europe
1944,Cortina d'Ampezzo , Italy ,Europe
1944,London , United Kingdom ,Europe
1948,St. Moritz ,Switzerland ,Europe
1948,London , United Kingdom ,Europe
1952,Oslo , Norway ,Europe
1952,Helsinki , Finland ,Europe
1956,Cortina d'Ampezzo , Italy ,Europe
1956,Melbourne, Australia,Europe
1960,Squaw Valley , United States ,North America
1960,Rome , Italy ,Europe
1964,Innsbruck , Austria ,Europe
1964,Tokyo , Japan ,Asia
1968,Grenoble , France ,Europe
1968,Mexico City , Mexico ,North America
1972,Sapporo , Japan ,Asia
1972,Munich , West Germany ,Europe
1976,Innsbruck[g] , Austria ,Europe
1976,Montreal , Canada ,North America
1980,Lake Placid , United States ,North America
1980,Moscow , Soviet Union ,Europe
1984,Sarajevo , Yugoslavia ,Europe
1984,Los Angeles , United States ,North America
1988,Calgary , Canada ,North America
1988,Seoul , South Korea ,Asia
1992,Albertville , France ,Europe
1992,Barcelona , Spain ,Europe
1994,Lillehammer , Norway ,Europe
1996,Atlanta , United States ,North America
1998,Nagano , Japan ,Asia
2000,Sydney , Australia ,Australia
2002,Salt Lake City , United States ,North America
2004,Athens , Greece ,Europe
2006,Turin , Italy ,Europe
2008,Beijing[i] , China ,Asia
2010,Vancouver , Canada ,North America
2012,London , United Kingdom ,Europe
2014,Sochi , Russia ,Europe
2016,Rio de Janeiro , Brazil ,South America
2018,Pyeongchang , South Korea ,Asia
2020,Tokyo , Japan ,Asia
2022,Beijing , China ,Asia
2024,Paris , France ,Europe
2026,Milan–Cortina d'Ampezzo , Italy ,Europe
2028,Los Angeles , United States ,North America
