Rank,Destination,International tourist arrivals (2018),International tourist arrivals (2017),Change (2017 to 2018) (%),Change (2016 to 2017) (%)
1,Tourism in France,89.4 million,86.9 million,2.9,5.1
2,Tourism in Spain,82.8 million,81.9 million,1.1,8.7
3,Tourism in the United States,79.6 million,76.9 million,3.5,0.7000000000000001
4,Tourism in China,62.9 million,60.7 million,3.6,2.5
5,Tourism in Italy,62.1 million,58.2 million,6.7,11.2
6,Tourism in Turkey,45.8 million,37.6 million,21.7,24.1
7,Tourism in Mexico,41.4 million,39.3 million,5.5,12.0
8,Tourism in Germany,38.9 million,37.5 million,3.8,5.2
9,Tourism in Thailand,38.3 million,35.5 million,7.9,9.1
10,Tourism in the United Kingdom,36.3 million,37.6 million,3.5,5.1
