"","Delegation","HASC_2","Gouvernorat","HASC_1"
"1","Délégation de Carthage","TN.TU.CA","Gouvernorat de Tunis","TN.TU"
"2","Délégation de La Medina","TN.TU.MD","Gouvernorat de Tunis","TN.TU"
"3","Délégation de Bab El Bhar","TN.TU.BB","Gouvernorat de Tunis","TN.TU"
"4","Délégation de Bab Souika","TN.TU.BS","Gouvernorat de Tunis","TN.TU"
"5","Délégation de El Omrane","TN.TU.OM","Gouvernorat de Tunis","TN.TU"
"6","Délégation de El Omrane Supérieur","TN.TU.OS","Gouvernorat de Tunis","TN.TU"
"7","Délégation de Ettahrir","TN.TU.TA","Gouvernorat de Tunis","TN.TU"
"8","Délégation de El Menzah","TN.TU.MZ","Gouvernorat de Tunis","TN.TU"
"9","Délégation de Cité El Khadhra","TN.TU.KH","Gouvernorat de Tunis","TN.TU"
"10","Délégation de Le Bardo","TN.TU.LB","Gouvernorat de Tunis","TN.TU"
"11","Délégation de Sijoumi","TN.TU.SI","Gouvernorat de Tunis","TN.TU"
"12","Délégation de Ezzouhour","TN.TU.EZ","Gouvernorat de Tunis","TN.TU"
"13","Délégation de El Hrairia","TN.TU.HA","Gouvernorat de Tunis","TN.TU"
"14","Délégation de Sidi Hassine","TN.TU.SH","Gouvernorat de Tunis","TN.TU"
"15","Délégation de El Ouardia","TN.TU.OU","Gouvernorat de Tunis","TN.TU"
"16","Délégation de El Kabaria","TN.TU.KA","Gouvernorat de Tunis","TN.TU"
"17","Délégation de Sidi El Béchir","TN.TU.SB","Gouvernorat de Tunis","TN.TU"
"18","Délégation de Djebel Djelloud","TN.TU.JJ","Gouvernorat de Tunis","TN.TU"
"19","Délégation de La Goulette","TN.TU.LG","Gouvernorat de Tunis","TN.TU"
"20","Délégation de Le Kram","TN.TU.LK","Gouvernorat de Tunis","TN.TU"
"21","Délégation de La Marsa","TN.TU.LM","Gouvernorat de Tunis","TN.TU"
"22","Délégation de L'Ariana Ville","TN.AN.AR","Gouvernorat de L'Ariana","TN.AN"
"23","Délégation de Soukra","TN.AN.LS","Gouvernorat de L'Ariana","TN.AN"
"24","Délégation de Raoued","TN.AN.RA","Gouvernorat de L'Ariana","TN.AN"
"25","Délégation de Kalaât El Andalous","TN.AN.KA","Gouvernorat de L'Ariana","TN.AN"
"26","Délégation de Sidi Thabet","TN.AN.ST","Gouvernorat de L'Ariana","TN.AN"
"27","Délégation de Cité Ettadhamen","TN.AN.ET","Gouvernorat de L'Ariana","TN.AN"
"28","Délégation de El Mnihla","TN.AN.MN","Gouvernorat de L'Ariana","TN.AN"
"29","Gouvernorat de Ben Arous","TN.BA.BA","Gouvernorat de Ben Arous","TN.BA"
"30","Délégation de Ben Arous","TN.BA.BA","Gouvernorat de Ben Arous","TN.BA"
"31","Délégation de La Nouvelle Medina","TN.BA.NM","Gouvernorat de Ben Arous","TN.BA"
"32","Délégation de El Mourouj","TN.BA.MJ","Gouvernorat de Ben Arous","TN.BA"
"33","Délégation de Hammam Lif","TN.BA.HL","Gouvernorat de Ben Arous","TN.BA"
"34","Délégation de Hammam Chôtt","TN.BA.HC","Gouvernorat de Ben Arous","TN.BA"
"35","Délégation de Bou Mhel El Bassatine","TN.BA.BE","Gouvernorat de Ben Arous","TN.BA"
"36","Délégation de Ezzahra","TN.BA.EZ","Gouvernorat de Ben Arous","TN.BA"
"37","Délégation de Radès","TN.BA.RA","Gouvernorat de Ben Arous","TN.BA"
"38","Délégation de Megrine","TN.BA.ME","Gouvernorat de Ben Arous","TN.BA"
"39","Délégation de Mohamedia","TN.BA.MH","Gouvernorat de Ben Arous","TN.BA"
"40","Délégation de Fouchana","TN.BA.FO","Gouvernorat de Ben Arous","TN.BA"
"41","Délégation de Mornag","TN.BA.MR","Gouvernorat de Ben Arous","TN.BA"
"42","Délégation de Mannouba","TN.MN.MA","Gouvernorat de Manouba","TN.MN"
"43","Délégation de Douar Hicher","TN.MN.DH","Gouvernorat de Manouba","TN.MN"
"44","Délégation de Oued Ellil","TN.MN.OE","Gouvernorat de Manouba","TN.MN"
"45","Délégation de Mornaguia","TN.MN.MO","Gouvernorat de Manouba","TN.MN"
"46","Délégation de Borj Amri","TN.MN.BA","Gouvernorat de Manouba","TN.MN"
"47","Délégation de Djedeida","TN.MN.JE","Gouvernorat de Manouba","TN.MN"
"48","Délégation de Tebourba","TN.MN.TE","Gouvernorat de Manouba","TN.MN"
"49","Délégation de El Battane","TN.MN.BT","Gouvernorat de Manouba","TN.MN"
"50","Gouvernorat de Nabeul","TN.NB","Gouvernorat de Nabeul","TN.NB"
"51","Délégation de Nabeul","TN.NB.NA","Gouvernorat de Nabeul","TN.NB"
"52","Délégation de Dar Châabane El Fehri","TN.NB.DC","Gouvernorat de Nabeul","TN.NB"
"53","Délégation de Beni khiar","TN.NB.BR","Gouvernorat de Nabeul","TN.NB"
"54","Délégation de Korba","TN.NB.KO","Gouvernorat de Nabeul","TN.NB"
"55","Délégation de Menzel Temime","TN.NB.MT","Gouvernorat de Nabeul","TN.NB"
"56","Délégation de El Mida","TN.NB.MI","Gouvernorat de Nabeul","TN.NB"
"57","Délégation de Kelibia","TN.NB.KE","Gouvernorat de Nabeul","TN.NB"
"58","Délégation de Hammam El Guezaz","TN.NB.HG","Gouvernorat de Nabeul","TN.NB"
"59","Délégation de El Haouaria","TN.NB.HR","Gouvernorat de Nabeul","TN.NB"
"60","Délégation de Takelsa","TN.NB.TA","Gouvernorat de Nabeul","TN.NB"
"61","Délégation de Soliman","TN.NB.SO","Gouvernorat de Nabeul","TN.NB"
"62","Délégation de Menzel Bouzelfa","TN.NB.MB","Gouvernorat de Nabeul","TN.NB"
"63","Délégation de Beni Khalled","TN.NB.BD","Gouvernorat de Nabeul","TN.NB"
"64","Délégation de Grombalia","TN.NB.GR","Gouvernorat de Nabeul","TN.NB"
"65","Délégation de Bou Argoub","TN.NB.BA","Gouvernorat de Nabeul","TN.NB"
"66","Délégation de Hammamet","TN.NB.HM","Gouvernorat de Nabeul","TN.NB"
"67","Délégation de Zaghouan","TN.ZA.ZA","Délégation de Zaghouan","TN.ZA"
"68","Délégation de Ez-Zeriba","TN.ZA.ZR","Délégation de Zaghouan","TN.ZA"
"69","Délégation de Bir Mchergua","TN.ZA.BM","Délégation de Zaghouan","TN.ZA"
"70","Délégation de El Fahs","TN.ZA.FA","Délégation de Zaghouan","TN.ZA"
"71","Délégation de En-Nadhour","TN.ZA.NA","Délégation de Zaghouan","TN.ZA"
"72","Délégation de Saouaf","TN.ZA.SA","Délégation de Zaghouan","TN.ZA"
"73","Délégation de Bizerte Nord","TN.BZ.BN","Gouvernorat de Bizerte","TN.BZ"
"74","Délégation de Zarzouna","TN.BZ.JA","Gouvernorat de Bizerte","TN.BZ"
"75","Délégation de Bizerte Sud","TN.BZ.BS","Gouvernorat de Bizerte","TN.BZ"
"76","Délégation de Sedjnane","TN.BZ.SE","Gouvernorat de Bizerte","TN.BZ"
"77","Délégation de Djoumine","TN.BZ.JO","Gouvernorat de Bizerte","TN.BZ"
"78","Délégation de Mateur","TN.BZ.MA","Gouvernorat de Bizerte","TN.BZ"
"79","Délégation de Ghezala","TN.BZ.GH","Gouvernorat de Bizerte","TN.BZ"
"80","Délégation de Menzel Bourguiba","TN.BZ.MB","Gouvernorat de Bizerte","TN.BZ"
"81","Délégation de Tinja","TN.BZ.TI","Gouvernorat de Bizerte","TN.BZ"
"82","Délégation de Utique","TN.BZ.UT","Gouvernorat de Bizerte","TN.BZ"
"83","Délégation de Ghar El Meleh","TN.BZ.GM","Gouvernorat de Bizerte","TN.BZ"
"84","Délégation de Menzel Djemil","TN.BZ.MJ","Gouvernorat de Bizerte","TN.BZ"
"85","Délégation de El Alia","TN.BZ.AL","Gouvernorat de Bizerte","TN.BZ"
"86","Délégation de Ras Djebel","TN.BZ.RJ","Gouvernorat de Bizerte","TN.BZ"
"87","Délégation de Béja Nord","TN.BJ.BN","Gouvernorat de Bèja","TN.BJ"
"88","Délégation de Béja Sud","TN.BJ.BS","Gouvernorat de Bèja","TN.BJ"
"89","Délégation de Amdoun","TN.BJ.AM","Gouvernorat de Bèja","TN.BJ"
"90","Délégation de Nefza","TN.BJ.NE","Gouvernorat de Bèja","TN.BJ"
"91","Délégation de Teboursouk","TN.BJ.TB","Gouvernorat de Bèja","TN.BJ"
"92","Délégation de Tibar","TN.BJ.TH","Gouvernorat de Bèja","TN.BJ"
"93","Délégation de Testour","TN.BJ.TT","Gouvernorat de Bèja","TN.BJ"
"94","Délégation de Goubellat","TN.BJ.GO","Gouvernorat de Bèja","TN.BJ"
"95","Délégation de Medjez El Bab","TN.BJ.MB","Gouvernorat de Bèja","TN.BJ"
"96","Délégation de Jendouba","TN.JE.JE","Gouvernorat de Jendouba","TN.JE"
"97","Délégation de Jendouba Nord","TN.JE.JN","Gouvernorat de Jendouba","TN.JE"
"98","Délégation de Bou Salem","TN.JE.BS","Gouvernorat de Jendouba","TN.JE"
"99","Délégation de Tabarka","TN.JE.TA","Gouvernorat de Jendouba","TN.JE"
"100","Délégation de Ain Draham","TN.JE.AD","Gouvernorat de Jendouba","TN.JE"
"101","Délégation de Fernana","TN.JE.FE","Gouvernorat de Jendouba","TN.JE"
"102","Délégation de Ghardimaou","TN.JE.GH","Gouvernorat de Jendouba","TN.JE"
"103","Délégation de Oued Meliz","TN.JE.OM","Gouvernorat de Jendouba","TN.JE"
"104","Délégation de Balta - Bou Aouane","TN.JE.BB","Gouvernorat de Jendouba","TN.JE"
"105","Délégation de Kef Ouest","TN.KF.KO","Gouvernorat du Kef","TN.KF"
"106","Délégation de Kef Est","TN.KF.KE","Gouvernorat du Kef","TN.KF"
"107","Délégation de Nebeur","TN.KF.NE","Gouvernorat du Kef","TN.KF"
"108","Délégation de Sakiet Sidi Youssef","TN.KF.SS","Gouvernorat du Kef","TN.KF"
"109","Délégation de Tajerouine","TN.KF.TE","Gouvernorat du Kef","TN.KF"
"110","Délégation de Kalâat Snan","TN.KF.KS","Gouvernorat du Kef","TN.KF"
"111","Délégation de Kalâat Khasbah","TN.KF.KR","Gouvernorat du Kef","TN.KF"
"112","Délégation de Djerissa","TN.KF.JE","Gouvernorat du Kef","TN.KF"
"113","Délégation de El Ksour","TN.KF.KU","Gouvernorat du Kef","TN.KF"
"114","Délégation de Dahmani","TN.KF.DA","Gouvernorat du Kef","TN.KF"
"115","Délégation de Es-Sers","TN.KF.ES","Gouvernorat du Kef","TN.KF"
"116","Délégation de Siliana Nord","TN.SL.SN","Gouvernorat de Siliana","TN.SL"
"117","Délégation de Siliana Sud","TN.SL.SS","Gouvernorat de Siliana","TN.SL"
"118","Délégation de Bou Arada","TN.SL.BD","Gouvernorat de Siliana","TN.SL"
"119","Délégation de Gaâfour","TN.SL.GA","Gouvernorat de Siliana","TN.SL"
"120","Délégation de El  Krib","TN.SL.EL","Gouvernorat de Siliana","TN.SL"
"121","Délégation de Bourouis","TN.SL.BR","Gouvernorat de Siliana","TN.SL"
"122","Délégation de Makthar","TN.SL.MA","Gouvernorat de Siliana","TN.SL"
"123","Délégation de Er-Rouhia","TN.SL.RO","Gouvernorat de Siliana","TN.SL"
"124","Délégation de Kesra","TN.SL.KI","Gouvernorat de Siliana","TN.SL"
"125","Délégation de Bargou","TN.SL.BA","Gouvernorat de Siliana","TN.SL"
"126","Délégation de El Aroussa","TN.SL.LA","Gouvernorat de Siliana","TN.SL"
"127","Délégation de Sousse Medina","TN.SS.SM","Gouvernorat de Sousse","TN.SS"
"128","Délégation de Sousse Riadh","TN.SS.SJ","Gouvernorat de Sousse","TN.SS"
"129","Délégation de Sousse Jawhara","TN.SS.SR","Gouvernorat de Sousse","TN.SS"
"130","Délégation de Sousse Sidi Abdelhamid","TN.SS.SS","Gouvernorat de Sousse","TN.SS"
"131","Délégation de Hammam Sousse","TN.SS.HS","Gouvernorat de Sousse","TN.SS"
"132","Délégation de Akouda","TN.SS.AK","Gouvernorat de Sousse","TN.SS"
"133","Délégation de Kalaâ Kebira","TN.SS.KK","Gouvernorat de Sousse","TN.SS"
"134","Délégation de Sidi Bou Ali","TN.SS.SB","Gouvernorat de Sousse","TN.SS"
"135","Délégation de Hergla","TN.SS.HE","Gouvernorat de Sousse","TN.SS"
"136","Délégation de Enfidha","TN.SS.EN","Gouvernorat de Sousse","TN.SS"
"137","Délégation de Bouficha","TN.SS.BO","Gouvernorat de Sousse","TN.SS"
"138","Délégation de Kondar","TN.SS.KO","Gouvernorat de Sousse","TN.SS"
"139","Délégation de Sidi El Héni","TN.SS.SH","Gouvernorat de Sousse","TN.SS"
"140","Délégation de M'saken","TN.SS.MS","Gouvernorat de Sousse","TN.SS"
"141","Délégation de Kalaâ Seghira","TN.SS.KS","Gouvernorat de Sousse","TN.SS"
"142","Délégation de Zaouia - Ksiba - Thrayet","TN.SS.SE","Gouvernorat de Sousse","TN.SS"
"143","Délégation de Monastir","TN.MS.MS","Gouvernorat de Monastir","TN.MS"
"144","Délégation de Ouerdanine","TN.MS.SA","Gouvernorat de Monastir","TN.MS"
"145","Délégation de Sahline","TN.MS.SA","Gouvernorat de Monastir","TN.MS"
"146","Délégation de Zermadine","TN.MS.ZA","Gouvernorat de Monastir","TN.MS"
"147","Délégation de Beni Hassen","TN.MS.BH","Gouvernorat de Monastir","TN.MS"
"148","Délégation de Jammel","TN.MS.JA","Gouvernorat de Monastir","TN.MS"
"149","Délégation de Bembla","TN.MS.BM","Gouvernorat de Monastir","TN.MS"
"150","Délégation de Moknine","TN.MS.MK","Gouvernorat de Monastir","TN.MS"
"151","Délégation de Bekalta","TN.MS.BK","Gouvernorat de Monastir","TN.MS"
"152","Délégation de Teboulba","TN.MS.TE","Gouvernorat de Monastir","TN.MS"
"153","Délégation de Ksar Helal","TN.MS.KH","Gouvernorat de Monastir","TN.MS"
"154","Délégation de Ksibet El Mediouni","TN.MS.KM","Gouvernorat de Monastir","TN.MS"
"155","Délégation de Sayada-Lamta Bou-Hjar","TN.MS.SL","Gouvernorat de Monastir","TN.MS"
"156","Délégation de Mahdia","TN.MH.MA","Gouvernorat de Mahdia","TN.MH"
"157","Délégation de Bou Merdès","TN.MH.BO","Gouvernorat de Mahdia","TN.MH"
"158","Délégation de Ouled Chamekh","TN.MH.OC","Gouvernorat de Mahdia","TN.MH"
"159","Délégation de Chorbane","TN.MH.CR","Gouvernorat de Mahdia","TN.MH"
"160","Délégation de Hebira","TN.MH.HB","Gouvernorat de Mahdia","TN.MH"
"161","Délégation de Essouassi","TN.MH.SO","Gouvernorat de Mahdia","TN.MH"
"162","Délégation de El Djem","TN.MH.JE","Gouvernorat de Mahdia","TN.MH"
"163","Délégation de Chebba","TN.MH.CB","Gouvernorat de Mahdia","TN.MH"
"164","Délégation de Melloulech","TN.MH.ME","Gouvernorat de Mahdia","TN.MH"
"165","Délégation de Sidi Alouane","TN.MH.SA","Gouvernorat de Mahdia","TN.MH"
"166","Délégation de Ksour Essef","TN.MH.KE","Gouvernorat de Mahdia","TN.MH"
"167","Délégation de Sfax Ville","TN.SF.SM","Gouvernorat de Sfax","TN.SF"
"168","Délégation de Sfax Ouest","TN.SF.SO","Gouvernorat de Sfax","TN.SF"
"169","Délégation de Sakiet Ezzit","TN.SF.SZ","Gouvernorat de Sfax","TN.SF"
"170","Délégation de Sakiet Eddaïer","TN.SF.SD","Gouvernorat de Sfax","TN.SF"
"171","Délégation de Sfax Sud","TN.SF.SS","Gouvernorat de Sfax","TN.SF"
"172","Délégation de Tina","TN.SF.TH","Gouvernorat de Sfax","TN.SF"
"173","Délégation de Agareb","TN.SF.AG","Gouvernorat de Sfax","TN.SF"
"174","Délégation de Djebeniana","TN.SF.DJ","Gouvernorat de Sfax","TN.SF"
"175","Délégation de El Amra","TN.SF.AM","Gouvernorat de Sfax","TN.SF"
"176","Délégation de El Hencha","TN.SF.HA","Gouvernorat de Sfax","TN.SF"
"177","Délégation de Menzel Chaker","TN.NB.MB","Gouvernorat de Sfax","TN.NB"
"178","Délégation de Ghraiba","TN.SF.GH","Gouvernorat de Sfax","TN.SF"
"179","Délégation de Bir ali Ben Kelifa","TN.SF.BA","Gouvernorat de Sfax","TN.SF"
"180","Délégation de Skhira","TN.SF.SK","Gouvernorat de Sfax","TN.SF"
"181","Délégation de Mahres","TN.SF.MA","Gouvernorat de Sfax","TN.SF"
"182","Délégation de Kerkenah","TN.SF.KE","Gouvernorat de Sfax","TN.SF"
"183","Délégation de Kairouan Nord","TN.KR.KN","Gouvernorat de Kairouan","TN.KR"
"184","Délégation de Kairouan Sud","TN.KR.KS","Gouvernorat de Kairouan","TN.KR"
"185","Délégation de Echebika","TN.KR.CB","Gouvernorat de Kairouan","TN.KR"
"186","Délégation de Sbikha","TN.KR.CB","Gouvernorat de Kairouan","TN.KR"
"187","Délégation de EL Ouslatia","TN.KR.OU","Gouvernorat de Kairouan","TN.KR"
"188","Délégation de Haffouz","TN.KR.HF","Gouvernorat de Kairouan","TN.KR"
"189","Délégation de El Alâa","TN.KR.AL","Gouvernorat de Kairouan","TN.KR"
"190","Délégation de Hajeb el Ayoun","TN.KR.HA","Gouvernorat de Kairouan","TN.KR"
"191","Délégation de Nasrallah","TN.KR.NA","Gouvernorat de Kairouan","TN.KR"
"192","Délégation de Echrarda","TN.KR.CR","Gouvernorat de Kairouan","TN.KR"
"193","Délégation de Bouhajla","TN.KR.SA","Gouvernorat de Kairouan","TN.KR"
"194","Délégation de Kasserine Nord","TN.KS.KN","Gouvernorat de Kasserine","TN.KS"
"195","Délégation de Kasserine Sud","TN.KS.KS","Gouvernorat de Kasserine","TN.KS"
"196","Délégation de Ezzouhour","TN.KS.EZ","Gouvernorat de Kasserine","TN.KS"
"197","Délégation de Hassi Ferid","TN.KS.HF","Gouvernorat de Kasserine","TN.KS"
"198","Délégation de Sbeitla","TN.KS.ST","Gouvernorat de Kasserine","TN.KS"
"199","Délégation de Sbiba","TN.KS.SB","Gouvernorat de Kasserine","TN.KS"
"200","Délégation de Djedeliane","TN.KS.DJ","Gouvernorat de Kasserine","TN.KS"
"201","Délégation de El Ayoun","TN.KS.AY","Gouvernorat de Kasserine","TN.KS"
"202","Délégation de Thala","TN.KS.TH","Gouvernorat de Kasserine","TN.KS"
"203","Délégation de Hidra","TN.KS.HI","Gouvernorat de Kasserine","TN.KS"
"204","Délégation de Foussana","TN.KS.FO","Gouvernorat de Kasserine","TN.KS"
"205","Délégation de Feriana","TN.KS.FE","Gouvernorat de Kasserine","TN.KS"
"206","Délégation de Majel Bel Abbès","TN.KS.MB","Gouvernorat de Kasserine","TN.KS"
"207","Délégation de Sidi Bouzid Ouest","TN.SZ.SO","Gouvernorat de Sidi Bouzid","TN.SZ"
"208","Délégation de Sidi Bouzid Est","TN.SZ.SE","Gouvernorat de Sidi Bouzid","TN.SZ"
"209","Délégation de Jilma","TN.SZ.JI","Gouvernorat de Sidi Bouzid","TN.SZ"
"210","Délégation de Cebalet Ouled Asker","TN.SZ.SA","Gouvernorat de Sidi Bouzid","TN.SZ"
"211","Délégation de Bir El Hafey","TN.SZ.BH","Gouvernorat de Sidi Bouzid","TN.SZ"
"212","Délégation de Sidi Ali Ben Aoûn","TN.SZ.SB","Gouvernorat de Sidi Bouzid","TN.SZ"
"213","Délégation de Menzel Bouzaïenne","TN.SZ.MB","Gouvernorat de Sidi Bouzid","TN.SZ"
"214","Délégation de Meknassy","TN.SZ.ME","Gouvernorat de Sidi Bouzid","TN.SZ"
"215","Délégation de Souk Jedid","TN.SZ.SJ","Gouvernorat de Sidi Bouzid","TN.SZ"
"216","Délégation de Mezzouna","TN.SZ.MA","Gouvernorat de Sidi Bouzid","TN.SZ"
"217","Délégation de Regueb","TN.SZ.RE","Gouvernorat de Sidi Bouzid","TN.SZ"
"218","Délégation de Ouled Haffouz","TN.SZ.OH","Gouvernorat de Sidi Bouzid","TN.SZ"
"219","Délégation de Gabes Medina","TN.GB.GS","Gouvernorat de Gabès","TN.GB"
"220","Délégation de Gabes Ouest","TN.GB.GO","Gouvernorat de Gabès","TN.GB"
"221","Délégation de Gabes Sud","TN.GB.GS","Gouvernorat de Gabès","TN.GB"
"222","Délégation de Ghanouch","TN.GB.GA","Gouvernorat de Gabès","TN.GB"
"223","Délégation de El Metouia","TN.GB.ME","Gouvernorat de Gabès","TN.GB"
"224","Délégation de Menzel El Habib","TN.GB.MH","Gouvernorat de Gabès","TN.GB"
"225","Délégation de El Hamma","TN.GB.HA","Gouvernorat de Gabès","TN.GB"
"226","Délégation de Matmata","TN.GB.MT","Gouvernorat de Gabès","TN.GB"
"227","Délégation de Nouvelle Matmata","TN.GB.MN","Gouvernorat de Gabès","TN.GB"
"228","Délégation de Mareth","TN.GB.MR","Gouvernorat de Gabès","TN.GB"
"229","Délégation de Medenine Nord","TN.ME.MN","Gouvernorat de Medenine","TN.ME"
"230","Délégation de Medenine Sud","TN.ME.MS","Gouvernorat de Medenine","TN.ME"
"231","Délégation de Beni Khedech","TN.ME.BK","Gouvernorat de Medenine","TN.ME"
"232","Délégation de Ben Guerdane","TN.ME.BG","Gouvernorat de Medenine","TN.ME"
"233","Délégation de Zarzis","TN.ME.ZA","Gouvernorat de Medenine","TN.ME"
"234","Délégation de Djerba Houmet Souk","TN.ME.DH","Gouvernorat de Medenine","TN.ME"
"235","Délégation de Djerba Midoun","TN.ME.DM","Gouvernorat de Medenine","TN.ME"
"236","Délégation de Djerba Ajim","TN.ME.DA","Gouvernorat de Medenine","TN.ME"
"237","Délégation de Sidi Makhloulf","TN.ME.SM","Gouvernorat de Medenine","TN.ME"
"238","Délégation de Tataouine Nord","TN.TA.TN","Gouvernorat de Tataouine","TN.TA"
"239","Délégation de Tataouine Sud","TN.TA.TS","Gouvernorat de Tataouine","TN.TA"
"240","Délégation de Smâr","TN.TA.SA","Gouvernorat de Tataouine","TN.TA"
"241","Délégation de Bir Lahmar","TN.TA.BL","Gouvernorat de Tataouine","TN.TA"
"242","Délégation de Ghomrassen","TN.TA.GH","Gouvernorat de Tataouine","TN.TA"
"243","Délégation de Dhehiba","TN.TA.DH","Gouvernorat de Tataouine","TN.TA"
"244","Délégation de Remada","TN.TA.RE","Gouvernorat de Tataouine","TN.TA"
"245","Délégation de Gafsa Nord","TN.GF.GN","Gouvernorat de Gafsa","TN.GF"
"246","Délégation de Sidi Aïch","TN.GF.SA","Gouvernorat de Gafsa","TN.GF"
"247","Délégation de El Ksar","TN.GF.KS","Gouvernorat de Gafsa","TN.GF"
"248","Délégation de Gafsa Sud","TN.GF.GS","Gouvernorat de Gafsa","TN.GF"
"249","Délégation de Oum El Araies","TN.GF.OL","Gouvernorat de Gafsa","TN.GF"
"250","Délégation de Redeyef","TN.GF.RE","Gouvernorat de Gafsa","TN.GF"
"251","Délégation de Metlaoui","TN.GF.ME","Gouvernorat de Gafsa","TN.GF"
"252","Délégation de Mdhila","TN.GF.MD","Gouvernorat de Gafsa","TN.GF"
"253","Délégation de EL Guetar","TN.GF.GU","Gouvernorat de Gafsa","TN.GF"
"254","Délégation de Belkhir","TN.GF.BE","Gouvernorat de Gafsa","TN.GF"
"255","Délégation de Sned","TN.GF.SE","Gouvernorat de Gafsa","TN.GF"
"256","Délégation de Tozeur","TN.TO.TO","Gouvernorat de Tozeur","TN.TO"
"257","Délégation de Degach","TN.TO.DE","Gouvernorat de Tozeur","TN.TO"
"258","Délégation de Tameghza","TN.TO.TA","Gouvernorat de Tozeur","TN.TO"
"259","Délégation de Nefta","TN.TO.NA","Gouvernorat de Tozeur","TN.TO"
"260","Délégation de Hazoua","TN.TO.HA","Gouvernorat de Tozeur","TN.TO"
"261","Délégation de Kebili Sud","TN.KB.KS","Gouvernorat de Kébili","TN.KB"
"262","Délégation de Kebeli Nord","TN.KB.KN","Gouvernorat de Kébili","TN.KB"
"263","Délégation de Souk El Ahed","TN.KB.SA","Gouvernorat de Kébili","TN.KB"
"264","Délégation de Douz Nord","TN.KB.DN","Gouvernorat de Kébili","TN.KB"
"265","Délégation de Douz Sud","TN.KB.DS","Gouvernorat de Kébili","TN.KB"
"266","Délégation de Faouar","TN.KB.FA","Gouvernorat de Kébili","TN.KB"
