Course_Name,Level,Provide_by,Duration,enrolled,Rating
Machine learning by standford University,Beginner,Coursera,60 hours,4006764,4.9
Machine learning for all by University of London,Beginner,Coursera,22 hours,84000,4.7
Intro to Machine learning,Beginner,Udacity,1 week,N/A,N/A
Machine learning by Georgia Tech,Intermediate,Udacity,4 month,N/A,N/A
Intro to Tensorflow for Deep Learning,Intermediate,Udacity,2 months,N/A,N/A
AI For Everyone by Andrew Ng,Beginner,Coursera,6 hours,620496,4.8
Introduction to Data Science using python,Beginner,Udemy,2 hr 32 min,111567,4.4
Association Minning for Machine Learning,Beginner,Udemy,1 hr 48 min,833,4.6
Deep Learning Prerequisites : The Numpy stack  in python V2 ,Intermediate,Udemy,1 hr 59 min,241057,4.6
What is machine Learning ?,Beginner,Udemy,1 hr 57 min,2258,4.7
Python Crash Course for Data Science and Machine  learning ,Beginner,Udemy,1 hr 39 min,5288,4.6
"Data science ,Machine learning,Data analysis,Python and R ",Intermediate,Udemy,8 hr 7 min,53776,3.9
Getting started with Machine learning ,Beginner,Udemy,40 min,7,3.9
"50 Must-Know Concept, algorithms in Machine learning",Beginner,Udemy,54 min,19904,4.1
WEKA- Data minning with open source Machine learning tool,Beginner,Udemy,3 hr 30 min,10261,4.1
"Artificial & Machine learning for anybody ,Everybody and all",Beginner,Udemy,1 hr 51 min,4372,4
Deep Learning by Andrew Ng ,Intermediate,Coursera,4 month,583130,4.8
Machine learning with python,Beginner,Coursera,22 hr,196240,4.7
Free Machine learning course,Beginner,fast.ai,N/A,N/A,4.5
"Data science ,Machine learning by  HarvardX ",Beginner,edx ,8 weeks,314236,N/A
Machine learning with python: fromlinear model to deep learning,Advance,edx ,15 weeks,121066,N/A
Machine learning by  Fundamentals,Advance,edx ,10 weeks,N/A,N/A
Pytorch basics for Machine learning,Beginner,edx ,5 weeks,N/A,N/A
Advance machine learning,Intermediate,edx ,5 weeks,N/A,N/A
mathematics for machine learning,Beginner,Coursera,4 month,119770,4.6
Machine learning with python : a practical intoduction,Beginner,edx ,5 weeks,94921,N/A
Intro to Machine learning with Tensorflow,Intermediate,Udacity,3 month,N/A,4.7
Deep Learning ,Advance,Udacity,4 month,N/A,4.7
welcome to artificial intelligence,Beginner,Udemy,49 min,39704,4.3
Artificial intelligence Markup Language(AIML),Beginner,Udemy,3 hr 42 min,19748,4.6
Artificial intelligence :preparing your career for AI,Beginner,Udemy,45 min ,6570,4.4
Artificial  Intelligence and Machine learning made simple,Beginner,Udemy,44 min,3557,4.3
kickstart Artificial intelligence,Beginner,Udemy,3 hr 5 min,19819,4.2
Artificial intelligence in Bioinformatics,Intermediate,Udemy,1 hr 41 min,2807,4.2
Learn Basic about AI,Beginner,Udemy,1 hr 22 min,3432,4.1
Artificial  Intelligence : stock trading Quickstart cource ,Beginner,Udemy,2 hr 20 min,N/A,4.6
Amazing AI :Music editting with deep learning,Beginner,Udemy,30 min,5712,4.6
Building a facebook chatboot in chatfuel,Beginner,Udemy,2 hr 51 min,46683,4.4
Basics of deep learning,Intermediate,Udemy,1hr 46 min,18037,4.4
Deep learning with PyTorch- zero to GANs,Beginner,Udemy,1hr 33 min,13878,4.1
Machine learning  crash Course,Beginner,Google,15 hr,N/A,N/A
learn with Google AI,For All,Google,N/A,N/A,N/A
Machine learning by Columbia University,Advance,edx ,12 weeks,202536,N/A
Artificial intelligence for Robotics,Advance,Udacity,2 month,N/A,N/A
Intro to Machine learning,Beginner,kaggle,3 hr ,N/A,N/A
intermediate Machine machine learning,Intermediate,kaggle,4 hr,N/A,N/A
intro to deep learning ,Advance,kaggle,4 hr,N/A,N/A
Into to Game AI and Reinforcement learning,Intermediate,kaggle,4 hr,N/A,N/A
AI Foundations for Everyone,Beginner,Coursera,3 month,9541,4.7
AI programming with python,Intermediate,Udacity,3 month,N/A,4.6
AI for Healthcare,Intermediate,Udacity,4 month,N/A,4.6
Machine learning with python by Great Learning,Beginner,YouTube,10 hr,733000,N/A
Machine learning  Full Course by Edureka,Beginner,YouTube,10 hr,1206936,N/A
Machine learning   Course by Simplilearn,Beginner,YouTube,10 hr,618000,N/A
Logistic Regressin Practical case Study,Intermediate,Udemy,1  hr 4 min,16675,4.6
learn Machine Learning 101 class Bootcamp Course NYC ,Beginner,Udemy,1 hr 23 min ,45766,3.9
 CatBoost vs XGBoost - Quick Intro and Modeling Basics ,Intermediate,Udemy,50 min,3418,4.8
introduction to tensorflow lite,Intermediate,Udacity,2 month,N/A,N/A
Reinforcement Learning,Advance,Udacity,4 month,N/A,N/A
Intro to Artificial Intelligence,Intermediate,Udacity,4 month,N/A,N/A
