Team/NOC,Gold,Silver,Bronze,Total,NOCCode
United States,16,15,10,41,USA
China,13,13,9,35,CHN
Great Britain,12,12,10,34,GBR
Japan,12,5,8,25,JPN
ROC,10,11,14,35,ROC
Italy,7,7,10,24,ITA
France,7,4,4,15,FRA
Australia,7,3,10,20,AUS
Cuba,7,2,4,13,CUB
Netherlands,5,7,1,13,NED
Hungary,5,6,4,15,HUN
Brazil,4,2,6,12,BRA
Norway,4,2,1,7,NOR
Germany,3,7,9,19,GER
Czech Republic,3,3,3,9,CZE
Islamic Rep. of Iran,3,2,2,7,IRI
Republic of Korea,3,1,7,11,KOR
Uzbekistan,3,0,2,5,UZB
Georgia,2,5,1,8,GEO
Croatia,2,3,2,7,CRO
Denmark,2,3,1,6,DEN
Kenya,2,2,1,5,KEN
Sweden,2,2,0,4,SWE
Canada,2,1,3,6,CAN
Greece,2,1,1,4,GRE
Poland,2,0,3,5,POL
Slovenia,2,0,1,3,SLO
Qatar,2,0,1,3,QAT
Spain,1,4,5,10,ESP
New Zealand,1,3,5,9,NZL
Ukraine,1,3,3,7,UKR
Chinese Taipei,1,3,1,5,TPE
Turkey,1,1,6,8,TUR
Serbia,1,1,3,5,SRB
Belgium,1,1,2,4,BEL
India,1,1,2,4,IND
Uganda,1,1,1,3,UGA
Belarus,1,1,1,3,BLR
Ethiopia,1,1,0,2,ETH
Tunisia,1,1,0,2,TUN
Portugal,1,0,2,3,POR
Jamaica,1,0,1,2,JAM
Ireland,1,0,1,2,IRL
Latvia,1,0,1,2,LAT
Ecuador,1,0,0,1,ECU
Israel,1,0,0,1,ISR
Bahamas,1,0,0,1,BAH
"Hong Kong, China",1,0,0,1,HKG
Fiji,1,0,0,1,FIJ
Morocco,1,0,0,1,MAR
Venezuela,0,3,0,3,VEN
Azerbaijan,0,2,2,4,AZE
Armenia,0,2,2,4,ARM
Slovakia,0,2,1,3,SVK
Colombia,0,2,1,3,COL
Romania,0,2,0,2,ROU
Switzerland,0,1,2,3,SUI
Egypt,0,1,2,3,EGY
Indonesia,0,1,2,3,INA
Philippines,0,1,1,2,PHI
Dominican Rep.,0,1,1,2,DOM
Mongolia,0,1,1,2,MGL
Jordan,0,1,1,2,JOR
Malaysia,0,1,1,2,MAS
Kyrgyzstan,0,1,0,1,KGZ
Saudi Arabia,0,1,0,1,KSA
North Macedonia,0,1,0,1,MKD
Kazakhstan,0,0,6,6,KAZ
Austria,0,0,3,3,AUT
Argentina,0,0,2,2,ARG
San Marino,0,0,1,1,SMR
Mexico,0,0,1,1,MEX
Finland,0,0,1,1,FIN
Botswana,0,0,1,1,BOT
Burkina Faso,0,0,1,1,BUR
Ghana,0,0,1,1,GHA
Grenada,0,0,1,1,GRN
Kuwait,0,0,1,1,KUW
Rep. of Moldova,0,0,1,1,MDA
Syrian Arab Rep.,0,0,1,1,SYR
