Team/NOC,Gold,Silver,Bronze,Total,NOCCode
United States,23,22,21,66,USA
China,22,16,9,47,CHN
Japan,14,8,8,30,JPN
Australia,10,3,9,22,AUS
ROC,9,15,8,32,ROC
Great Britain,6,7,10,23,GBR
New Zealand,6,3,2,11,NZL
Canada,5,5,8,18,CAN
Netherlands,5,4,12,21,NED
Germany,4,3,5,12,GER
Brazil,3,4,2,9,BRA
Switzerland,3,3,4,10,SUI
Jamaica,3,1,3,7,JAM
Bulgaria,3,1,2,6,BUL
France,2,8,5,15,FRA
Italy,2,3,10,15,ITA
Republic of Korea,2,3,3,8,KOR
Kenya,2,2,1,5,KEN
Serbia,2,0,2,4,SRB
Belgium,2,0,0,2,BEL
Kosovo,2,0,0,2,KOS
Poland,1,5,2,8,POL
Spain,1,4,1,6,ESP
South Africa,1,2,0,3,RSA
Chinese Taipei,1,1,4,6,TPE
Hungary,1,1,3,5,HUN
Denmark,1,1,3,5,DEN
Turkey,1,1,3,5,TUR
Austria,1,1,2,4,AUT
Czech Republic,1,1,0,2,CZE
Slovenia,1,1,0,2,SLO
Ecuador,1,1,0,2,ECU
Romania,1,1,0,2,ROU
Philippines,1,1,0,2,PHI
Egypt,1,0,2,3,EGY
Ireland,1,0,1,2,IRL
Israel,1,0,1,2,ISR
Indonesia,1,0,1,2,INA
Estonia,1,0,1,2,EST
Thailand,1,0,1,2,THA
Croatia,1,0,0,1,CRO
Uganda,1,0,0,1,UGA
Bahamas,1,0,0,1,BAH
Venezuela,1,0,0,1,VEN
Slovakia,1,0,0,1,SVK
Bermuda,1,0,0,1,BER
Puerto Rico,1,0,0,1,PUR
Ukraine,0,3,8,11,UKR
Sweden,0,3,0,3,SWE
"Hong Kong, China",0,2,3,5,HKG
Belarus,0,2,2,4,BLR
Colombia,0,2,0,2,COL
India,0,1,2,3,IND
Azerbaijan,0,1,2,3,AZE
Cuba,0,1,1,2,CUB
Dominican Rep.,0,1,1,2,DOM
Kyrgyzstan,0,1,1,2,KGZ
Nigeria,0,1,1,2,NGR
Portugal,0,1,0,1,POR
Argentina,0,1,0,1,ARG
Bahrain,0,1,0,1,BRN
Lithuania,0,1,0,1,LTU
Namibia,0,1,0,1,NAM
Turkmenistan,0,1,0,1,TKM
Ethiopia,0,0,2,2,ETH
Mongolia,0,0,2,2,MGL
Kazakhstan,0,0,2,2,KAZ
Mexico,0,0,2,2,MEX
Norway,0,0,1,1,NOR
Fiji,0,0,1,1,FIJ
San Marino,0,0,1,1,SMR
Finland,0,0,1,1,FIN
C�te d'Ivoire,0,0,1,1,CIV
