Year,Coin Type
2000,British Penny
1974,Canadian Penny
2002,Canadian Penny
1979,Susan B Anthony Dollar
2003,Canadian Penny
2017,Quarter
2005,Quarter
2019,Quarter
2015,Quarter
2015,Quarter
1998,Quarter
1999,Quarter
2020,Quarter
1980,Quarter
2004,Quarter
2007,Quarter
2019,Quarter
2017,Quarter
2014,Quarter
2020,Quarter
2014,Quarter
2018,Quarter
1999,Quarter
2002,Quarter
2016,Quarter
2000,Quarter
2002,Quarter
2007,Quarter
2013,Quarter
2001,Quarter
1999,Quarter
2004,Quarter
2006,Quarter
1999,Quarter
2005,Quarter
2005,Quarter
2005,Quarter
2020,Quarter
2015,Quarter
2015,Quarter
2020,Quarter
2020,Quarter
2014,Quarter
2019,Quarter
2019,Quarter
2013,Quarter
2015,Quarter
2017,Quarter
1990,Quarter
1990,Quarter
1996,Quarter
1990,Quarter
1993,Quarter
1966,Quarter
1977,Quarter
1989,Quarter
1986,Quarter
1983,Quarter
1971,Quarter
1993,Quarter
1994,Quarter
1995,Quarter
1998,Quarter
1967,Quarter
1986,Quarter
1972,Quarter
1965,Quarter
1995,Quarter
1991,Quarter
1990,Quarter
1989,Quarter
1993,Quarter
2002,Quarter
1964,Nickel
1990,Nickel
1957,Nickel
1978,Nickel
2015,Nickel
2008,Nickel
2002,Nickel
1999,Nickel
2012,Nickel
1980,Nickel
1990,Nickel
1989,Nickel
2015,Nickel
2017,Nickel
2014,Nickel
2015,Nickel
2019,Nickel
2013,Nickel
2020,Nickel
2015,Nickel
2015,Nickel
2018,Nickel
2018,Nickel
2015,Nickel
2012,Nickel
2015,Nickel
2019,Nickel
2020,Nickel
2016,Nickel
2017,Nickel
2014,Nickel
2013,Nickel
2014,Nickel
2011,Nickel
2008,Nickel
1949,Nickel
1995,Nickel
1970,Nickel
1993,Nickel
1983,Nickel
1976,Nickel
1992,Nickel
1985,Nickel
1985,Nickel
1988,Nickel
1997,Nickel
1995,Nickel
1993,Nickel
1999,Nickel
1983,Nickel
1964,Nickel
2001,Nickel
1993,Nickel
1980,Nickel
1992,Nickel
1964,Nickel
1976,Nickel
1970,Nickel
1972,Nickel
1980,Nickel
1968,Nickel
1983,Nickel
1979,Nickel
1973,Nickel
1992,Nickel
1986,Nickel
1972,Nickel
1984,Nickel
1993,Nickel
1981,Nickel
1990,Nickel
2000,Dime
2015,Dime
2013,Dime
2015,Dime
2004,Dime
2018,Dime
1990,Dime
2001,Dime
1965,Dime
1989,Dime
1981,Dime
1965,Dime
1975,Dime
2018,Dime
2018,Dime
1988,Dime
1980,Dime
2015,Dime
2000,Dime
2006,Dime
2017,Dime
2017,Dime
1987,Dime
2015,Dime
1995,Dime
2020,Dime
2017,Dime
2018,Dime
1978,Dime
2003,Dime
2019,Dime
2015,Dime
2007,Dime
2005,Dime
2010,Dime
2019,Dime
1990,Dime
1998,Dime
1996,Dime
1967,Dime
1985,Dime
2005,Dime
1973,Dime
2014,Dime
2014,Dime
1967,Dime
1968,Dime
1976,Dime
1995,Dime
2011,Dime
2014,Dime
2010,Dime
2017,Dime
1997,Dime
1966,Dime
2003,Dime
1980,Dime
2012,Dime
2015,Dime
1970,Dime
2004,Dime
2017,Dime
1999,Dime
2018,Dime
2017,Dime
1994,Dime
1997,Dime
1993,Dime
2013,Dime
1984,Dime
2015,Dime
2005,Dime
1967,Dime
2005,Dime
1998,Dime
1995,Dime
2004,Dime
1967,Dime
1995,Dime
1987,Dime
1977,Dime
2002,Dime
2017,Dime
1983,Dime
2013,Dime
2003,Dime
1988,Dime
1995,Dime
2015,Dime
2018,Dime
2003,Dime
1972,Dime
2018,Dime
2017,Dime
2007,Dime
2002,Dime
1970,Dime
1988,Dime
2020,Dime
2003,Dime
1995,Dime
1982,Dime
2002,Dime
1967,Dime
1999,Dime
2015,Dime
1990,Dime
2019,Dime
2017,Dime
2017,Dime
2004,Dime
2012,Dime
2003,Dime
2017,Dime
1995,Dime
2004,Dime
2017,Dime
1994,Penny
2015,Penny
2020,Penny
2020,Penny
2019,Penny
2020,Penny
2020,Penny
2019,Penny
2020,Penny
1993,Penny
1998,Penny
2021,Penny
2017,Penny
2016,Penny
2020,Penny
1984,Penny
2019,Penny
2020,Penny
2003,Penny
1993,Penny
1999,Penny
2000,Penny
1981,Penny
2014,Penny
1991,Penny
2011,Penny
2004,Penny
1982,Penny
1996,Penny
1996,Penny
1996,Penny
1990,Penny
2020,Penny
1978,Penny
1977,Penny
2020,Penny
2021,Penny
2020,Penny
2015,Penny
2003,Penny
1994,Penny
2020,Penny
2020,Penny
2021,Penny
2014,Penny
2017,Penny
2002,Penny
1981,Penny
1987,Penny
1988,Penny
1985,Penny
2015,Penny
2020,Penny
2021,Penny
2017,Penny
2019,Penny
2019,Penny
2000,Penny
2020,Penny
2002,Penny
2020,Penny
2007,Penny
2013,Penny
1997,Penny
2020,Penny
1990,Penny
2020,Penny
1989,Penny
1995,Penny
2019,Penny
2020,Penny
2018,Penny
2019,Penny
1993,Penny
1982,Penny
1978,Penny
1973,Penny
2006,Penny
1989,Penny
2012,Penny
2015,Penny
1995,Penny
1991,Penny
2013,Penny
1981,Penny
2013,Penny
1981,Penny
2016,Penny
1974,Penny
1982,Penny
2019,Penny
2020,Penny
1989,Penny
2010,Penny
1995,Penny
1996,Penny
2020,Penny
2020,Penny
2017,Penny
2019,Penny
2006,Penny
2020,Penny
1988,Penny
1975,Penny
1973,Penny
2018,Penny
1989,Penny
2001,Penny
2005,Penny
1974,Penny
2014,Penny
1989,Penny
2018,Penny
2010,Penny
2020,Penny
2021,Penny
2011,Penny
1998,Penny
2020,Penny
1964,Penny
1990,Penny
2007,Penny
1979,Penny
1997,Penny
1982,Penny
1977,Penny
2007,Penny
2021,Penny
2021,Penny
1979,Penny
1984,Penny
1984,Penny
1994,Penny
2015,Penny
1993,Penny
2007,Penny
2000,Penny
2000,Penny
1927,Penny
1991,Penny
1988,Penny
1983,Penny
1984,Penny
2016,Penny
2015,Penny
1991,Penny
2011,Penny
2020,Penny
2016,Penny
1998,Penny
2019,Penny
2016,Penny
2020,Penny
2020,Penny
2019,Penny
2021,Penny
1985,Penny
1995,Penny
2020,Penny
2020,Penny
2020,Penny
2018,Penny
1978,Penny
1983,Penny
1973,Penny
1997,Penny
2020,Penny
2000,Penny
2018,Penny
1972,Penny
1986,Penny
1988,Penny
2001,Penny
1999,Penny
2014,Penny
1993,Penny
1985,Penny
2018,Penny
1989,Penny
2000,Penny
1978,Penny
2020,Penny
2009,Penny
1998,Penny
2013,Penny
2001,Penny
2020,Penny
2003,Penny
2015,Penny
2019,Penny
1976,Penny
1968,Penny
1980,Penny
2016,Penny
1990,Penny
1999,Penny
1999,Penny
1991,Penny
1977,Penny
2020,Penny
1987,Penny
1993,Penny
1984,Penny
1970,Penny
2002,Penny
2010,Penny
1975,Penny
1974,Penny
1977,Penny
1983,Penny
2015,Penny
2014,Penny
1983,Penny
2013,Penny
1980,Penny
1975,Penny
1996,Penny
1993,Penny
1992,Penny
2002,Penny
1986,Penny
2019,Penny
2021,Penny
2020,Penny
1999,Penny
2020,Penny
2010,Penny
2020,Penny
2020,Penny
2019,Penny
2021,Penny
1989,Penny
1999,Penny
1994,Penny
2011,Penny
1988,Penny
1985,Penny
1990,Penny
1981,Penny
2021,Penny
1983,Penny
1993,Penny
2005,Penny
2012,Penny
1964,Penny
1982,Penny
2011,Penny
1969,Penny
1998,Penny
1976,Penny
2007,Penny
1973,Penny
2000,Penny
2002,Penny
1978,Penny
2010,Penny
1996,Penny
1975,Penny
2012,Penny
2019,Penny
2019,Penny
2020,Penny
2011,Penny
1982,Penny
2020,Penny
1966,Penny
1986,Penny
2003,Penny
1989,Penny
2020,Penny
1991,Penny
1986,Penny
2020,Penny
2015,Penny
1978,Penny
2008,Penny
1982,Penny
2017,Penny
2015,Penny
2020,Penny
2017,Penny
2019,Penny
2020,Penny
1990,Penny
2020,Penny
2015,Penny
2020,Penny
2018,Penny
2018,Penny
2021,Penny
2020,Penny
1988,Penny
1996,Penny
2019,Penny
1999,Penny
1995,Penny
2020,Penny
1982,Penny
1963,Penny
2006,Penny
2006,Penny
1980,Penny
1983,Penny
2005,Penny
1981,Penny
1980,Penny
1985,Penny
2019,Penny
2018,Penny
1983,Penny
2021,Penny
1998,Penny
1973,Penny
2017,Penny
1984,Penny
1995,Penny
2016,Penny
2016,Penny
2020,Penny
2015,Penny
1989,Penny
2001,Penny
1974,Penny
1994,Penny
2020,Penny
2006,Penny
1995,Penny
2003,Penny
2014,Quarter
1987,Quarter
2004,Quarter
2019,Quarter
2019,Quarter