Year,Tails Design
1994,Lincoln Memorial
2015,Union Shield
2020,Union Shield
2020,Union Shield
2019,Union Shield
2020,Union Shield
2020,Union Shield
2019,Union Shield
2020,Union Shield
1993,Lincoln Memorial
1998,Lincoln Memorial
2021,Union Shield
2017,Union Shield
2016,Union Shield
2020,Union Shield
1984,Lincoln Memorial
2019,Union Shield
2020,Union Shield
2003,Lincoln Memorial
1993,Lincoln Memorial
1999,Lincoln Memorial
2000,Lincoln Memorial
1981,Lincoln Memorial
2014,Union Shield
1991,Lincoln Memorial
2011,Union Shield
2004,Lincoln Memorial
1982,Lincoln Memorial
1996,Lincoln Memorial
1996,Lincoln Memorial
1996,Lincoln Memorial
1990,Lincoln Memorial
2020,Union Shield
1978,Lincoln Memorial
1977,Lincoln Memorial
2020,Union Shield
2021,Union Shield
2020,Union Shield
2015,Union Shield
2003,Lincoln Memorial
1994,Lincoln Memorial
2020,Union Shield
2020,Union Shield
2021,Union Shield
2014,Union Shield
2017,Union Shield
2002,Lincoln Memorial
1981,Lincoln Memorial
1987,Lincoln Memorial
1988,Lincoln Memorial
1985,Lincoln Memorial
2015,Union Shield
2020,Union Shield
2021,Union Shield
2017,Union Shield
2019,Union Shield
2019,Union Shield
2000,Lincoln Memorial
2020,Union Shield
2002,Lincoln Memorial
2020,Union Shield
2007,Lincoln Memorial
2013,Union Shield
1997,Lincoln Memorial
2020,Union Shield
1990,Lincoln Memorial
2020,Union Shield
1989,Lincoln Memorial
1995,Lincoln Memorial
2019,Union Shield
2020,Union Shield
2018,Union Shield
2019,Union Shield
1993,Lincoln Memorial
1982,Lincoln Memorial
1978,Lincoln Memorial
1973,Lincoln Memorial
2006,Lincoln Memorial
1989,Lincoln Memorial
2012,Union Shield
2015,Union Shield
1995,Lincoln Memorial
1991,Lincoln Memorial
2013,Union Shield
1981,Lincoln Memorial
2013,Union Shield
1981,Lincoln Memorial
2016,Union Shield
1974,Lincoln Memorial
1982,Lincoln Memorial
2019,Union Shield
2020,Union Shield
1989,Lincoln Memorial
2010,Union Shield
1995,Lincoln Memorial
1996,Lincoln Memorial
2020,Union Shield
2020,Union Shield
2017,Union Shield
2019,Union Shield
2006,Lincoln Memorial
2020,Union Shield
1988,Lincoln Memorial
1975,Lincoln Memorial
1973,Lincoln Memorial
2018,Union Shield
1989,Lincoln Memorial
2001,Lincoln Memorial
2005,Lincoln Memorial
1974,Lincoln Memorial
2014,Union Shield
1989,Lincoln Memorial
2018,Union Shield
2010,Union Shield
2020,Union Shield
2021,Union Shield
2011,Union Shield
1998,Lincoln Memorial
2020,Union Shield
1964,Lincoln Memorial
1990,Lincoln Memorial
2007,Lincoln Memorial
1979,Lincoln Memorial
1997,Lincoln Memorial
1982,Lincoln Memorial
1977,Lincoln Memorial
2007,Lincoln Memorial
2021,Union Shield
2021,Union Shield
1979,Lincoln Memorial
1984,Lincoln Memorial
1984,Lincoln Memorial
1994,Lincoln Memorial
2015,Union Shield
1993,Lincoln Memorial
2007,Lincoln Memorial
2000,Lincoln Memorial
2000,Lincoln Memorial
1927,Wheat Cent
1991,Lincoln Memorial
1988,Lincoln Memorial
1983,Lincoln Memorial
1984,Lincoln Memorial
2016,Union Shield
2015,Union Shield
1991,Lincoln Memorial
2011,Union Shield
2020,Union Shield
2016,Union Shield
1998,Lincoln Memorial
2019,Union Shield
2016,Union Shield
2020,Union Shield
2020,Union Shield
2019,Union Shield
2021,Union Shield
1985,Lincoln Memorial
1995,Lincoln Memorial
2020,Union Shield
2020,Union Shield
2020,Union Shield
2018,Union Shield
1978,Lincoln Memorial
1983,Lincoln Memorial
1973,Lincoln Memorial
1997,Lincoln Memorial
2020,Union Shield
2000,Lincoln Memorial
2018,Union Shield
1972,Lincoln Memorial
1986,Lincoln Memorial
1988,Lincoln Memorial
2001,Lincoln Memorial
1999,Lincoln Memorial
2014,Union Shield
1993,Lincoln Memorial
1985,Lincoln Memorial
2018,Union Shield
1989,Lincoln Memorial
2000,Lincoln Memorial
1978,Lincoln Memorial
2020,Union Shield
2009,Lincoln Bicentennial
1998,Lincoln Memorial
2013,Union Shield
2001,Lincoln Memorial
2020,Union Shield
2003,Lincoln Memorial
2015,Union Shield
2019,Union Shield
1976,Lincoln Memorial
1968,Lincoln Memorial
1980,Lincoln Memorial
2016,Union Shield
1990,Lincoln Memorial
1999,Lincoln Memorial
1999,Lincoln Memorial
1991,Lincoln Memorial
1977,Lincoln Memorial
2020,Union Shield
1987,Lincoln Memorial
1993,Lincoln Memorial
1984,Lincoln Memorial
1970,Lincoln Memorial
2002,Lincoln Memorial
2010,Union Shield
1975,Lincoln Memorial
1974,Lincoln Memorial
1977,Lincoln Memorial
1983,Lincoln Memorial
2015,Union Shield
2014,Union Shield
1983,Lincoln Memorial
2013,Union Shield
1980,Lincoln Memorial
1975,Lincoln Memorial
1996,Lincoln Memorial
1993,Lincoln Memorial
1992,Lincoln Memorial
2002,Lincoln Memorial
1986,Lincoln Memorial
2019,Union Shield
2021,Union Shield
2020,Union Shield
1999,Lincoln Memorial
2020,Union Shield
2010,Union Shield
2020,Union Shield
2020,Union Shield
2019,Union Shield
2021,Union Shield
1989,Lincoln Memorial
1999,Lincoln Memorial
1994,Lincoln Memorial
2011,Union Shield
1988,Lincoln Memorial
1985,Lincoln Memorial
1990,Lincoln Memorial
1981,Lincoln Memorial
2021,Union Shield
1983,Lincoln Memorial
1993,Lincoln Memorial
2005,Lincoln Memorial
2012,Union Shield
1964,Lincoln Memorial
1982,Lincoln Memorial
2011,Union Shield
1969,Lincoln Memorial
1998,Lincoln Memorial
1976,Lincoln Memorial
2007,Lincoln Memorial
1973,Lincoln Memorial
2000,Lincoln Memorial
2002,Lincoln Memorial
1978,Lincoln Memorial
2010,Union Shield
1996,Lincoln Memorial
1975,Lincoln Memorial
2012,Union Shield
2019,Union Shield
2019,Union Shield
2020,Union Shield
2011,Union Shield
1982,Lincoln Memorial
2020,Union Shield
1966,Lincoln Memorial
1986,Lincoln Memorial
2003,Lincoln Memorial
1989,Lincoln Memorial
2020,Union Shield
1991,Lincoln Memorial
1986,Lincoln Memorial
2020,Union Shield
2015,Union Shield
1978,Lincoln Memorial
2008,Lincoln Memorial
1982,Lincoln Memorial
2017,Union Shield
2015,Union Shield
2020,Union Shield
2017,Union Shield
2019,Union Shield
2020,Union Shield
1990,Lincoln Memorial
2020,Union Shield
2015,Union Shield
2020,Union Shield
2018,Union Shield
2018,Union Shield
2021,Union Shield
2020,Union Shield
1988,Lincoln Memorial
1996,Lincoln Memorial
2019,Union Shield
1999,Lincoln Memorial
1995,Lincoln Memorial
2020,Union Shield
1982,Lincoln Memorial
1963,Lincoln Memorial
2006,Lincoln Memorial
2006,Lincoln Memorial
1980,Lincoln Memorial
1983,Lincoln Memorial
2005,Lincoln Memorial
1981,Lincoln Memorial
1980,Lincoln Memorial
1985,Lincoln Memorial
2019,Union Shield
2018,Union Shield
1983,Lincoln Memorial
2021,Union Shield
1998,Lincoln Memorial
1973,Lincoln Memorial
2017,Union Shield
1984,Lincoln Memorial
1995,Lincoln Memorial
2016,Union Shield
2016,Union Shield
2020,Union Shield
2015,Union Shield
1989,Lincoln Memorial
2001,Lincoln Memorial
1974,Lincoln Memorial
1994,Lincoln Memorial
2020,Union Shield
2006,Lincoln Memorial
1995,Lincoln Memorial
2003,Lincoln Memorial