Year,Reverse-Side Design,Design Type
2017,Ellis Island,National Parks
2005,Oregon,States
2019,San Antonio Missions,National Parks
2015,Bombay Hook,National Parks
2015,Saratoga,National Parks
1998,Eagle,Washington
1999,Connecticut,States
2020,Salt River Bay,National Parks
1980,Eagle,Washington
2004,Florida,States
2007,Wyoming,States
2019,American Memorial Park,National Parks
2017,Effigy Mounds,National Parks
2014,Shenandoah,National Parks
2020,Weir Farm,National Parks
2014,Everglades,National Parks
2018,Pictured Rocks,National Parks
1999,Connecticut,States
2002,Ohio,States
2016,Harper's Ferry,National Parks
2000,Maryland,States
2002,Loiusiana,States
2007,Montana,States
2013,Mount Rushmore,National Parks
2001,Kentucky,States
1999,Connecticut,States
2004,Texas,States
2006,Nevada,States
1999,Pennsylvania,States
2005,Kansas,States
2005,California,States
2005,California,States
2020,Salt River Bay,National Parks
2015,Bombay Hook,National Parks
2015,Bombay Hook,National Parks
2020,Weir Farm,National Parks
2020,Weir Farm,National Parks
2014,Everglades,National Parks
2019,San Antonio Missions,National Parks
2019,San Antonio Missions,National Parks
2013,Great Basin,National Parks
2015,Blue Ridge Parkway,National Parks
2017,Ellis Island,National Parks
1990,Eagle,Washington
1990,Eagle,Washington
1996,Eagle,Washington
1990,Eagle,Washington
1993,Eagle,Washington
1966,Eagle,Washington
1977,Eagle,Washington
1989,Eagle,Washington
1986,Eagle,Washington
1983,Eagle,Washington
1971,Eagle,Washington
1993,Eagle,Washington
1994,Eagle,Washington
1995,Eagle,Washington
1998,Eagle,Washington
1967,Eagle,Washington
1986,Eagle,Washington
1972,Eagle,Washington
1965,Eagle,Washington
1995,Eagle,Washington
1991,Eagle,Washington
1990,Eagle,Washington
1989,Eagle,Washington
1993,Eagle,Washington
2002,Indiana,States
2014,Arches,National Parks
1987,Eagle,Washington
2004,Florida,States
2019,Lowell,National Parks
2019,Lowell,National Parks