Jenis_Kelamin,Jenis_Seleksi,Pendapatan_Wali,Pendidikan_Ibu,IP_SMT1,IP_SMT2,IP_SMT3,IP_SMT4,sks1,sks2,sks3,sks4,KET
L,NUAN,3000000,SMA,3.2,3.3,3,3.1,21,22,21,20,T
L,MANDIRI,3000000,SMA,3.3,3.4,3,3,21,22,22,21,T
L,PRESTASI,4000000,D3,3.2,3,2.9,3,21,22,20,21,T
P,NUAN,2000000,D3,3.4,3.2,3,3.1,21,20,20,21,TT
P,NUAN,2500000,S1,3.5,3.3,3.2,3,21,21,20,22,TT
L,MANDIRI,2000000,S1,3.5,3.4,3.4,3.2,21,20,21,21,T
P,MANDIRI,3000000,SMA,3.2,3,3.4,3.3,21,21,21,21,TT
P,MANDIRI,2500000,SMA,2.9,3,3.3,3,21,20,21,22,TT
