Country Name,Image URL,1976,1980,1984,1988,1992,1996,2000,2004,2008,2012,2016
Australia,https://www.countryflags.io/au/flat/64.png,24,12,50,34,57,132,183,157,149,114,29
Canada,https://www.countryflags.io/ca/flat/64.png,20,0,86,21,44,51,31,17,34,57,22
China,https://www.countryflags.io/cn/flat/64.png,0,0,76,53,83,110,79,94,184,128,70
Denmark,https://www.countryflags.io/dk/flat/64.png,8,8,15,7,14,24,25,29,18,16,15
France,https://www.countryflags.io/fr/flat/64.png,20,29,68,29,27,51,66,53,76,82,42
United Kingdom,https://www.countryflags.io/gb/flat/64.png,32,45,72,53,50,26,55,57,77,126,67
Germany,https://www.countryflags.io/de/flat/64.png,0,0,0,0,198,124,119,149,101,94,42
Hungary,https://www.countryflags.io/hu/flat/64.png,55,61,0,44,45,43,53,40,27,26,15
Italy,https://www.countryflags.io/it/flat/64.png,31,37,63,29,46,71,65,102,42,68,28
Japan,https://www.countryflags.io/jp/flat/64.png,41,0,49,20,47,43,43,94,51,84,41
"Korea, South",https://www.countryflags.io/kr/flat/64.png,17,0,42,77,49,66,73,52,78,53,21
Netherlands,https://www.countryflags.io/nl/flat/64.png,15,6,40,44,33,73,79,76,62,69,19
Norway,https://www.countryflags.io/no/flat/64.png,6,0,4,23,23,24,44,7,22,17,4
Poland,https://www.countryflags.io/pl/flat/64.png,73,50,0,21,42,21,24,12,20,12,11
Romania,https://www.countryflags.io/ro/flat/64.png,55,72,106,51,53,38,46,39,22,16,4
Russia,https://www.countryflags.io/ru/flat/64.png,0,0,0,0,0,115,188,192,143,130,56
Sweden,https://www.countryflags.io/se/flat/64.png,10,18,32,16,35,31,32,12,7,23,11
United States,https://www.countryflags.io/us/flat/64.png,155,0,333,193,224,260,248,264,315,249,121
