code,description
BB9,"Tanner, At Large Camping"
BC9,"Cardenas, At Large Camping"
BD9,"Red Canyon, At Large Camping"
BF5,Horseshoe Mesa Campsite
BG9,"Cottonwood Creek, At Large Camping"
BJ9,"Cremation, At Large Camping"
BL7,Monument Creek Campsite
BM7,Hermit Creek Campsite
BM8,Hermit Rapids Campsite
CBG,Bright Angel Campground
CCG,Cottonwood Campground
CIG,Indian Garden Campground
NA1,Cape Final Campsite
NF9,"Widforss, At Large Camping"
NH1,Point Sublime Campsite
TCG,Tuweep Campground
AB0,"Soap Creek, At Large Camping"
AC9,"South Canyon, At Large Camping"
AE9,"Nankoweap, At Large Camping"
AK9,"Clear Creek, At Large Camping"
AM9,"Surprise Valley, At Large Camping"
AW7,Upper Tapeats Campsite
AW8,Lower Tapeats Campsite
AX7,Deer Creek Campsite
AY9,"Esplanade, At Large Camping"
BA9,"Palasades, At Large Camping"
BE9,"Hance Creek, At Large Camping"
BH9,"Grapevine, At Large Camping"
BL4,Horn Creek Campsite
BL8,Granite Rapids Campsite
BN9,"Boucher, At Large Camping"
BQ9,"South Bass, At Large Camping"
NCG,N. Rim Winter Campground
SA9,"Cape Solitude, At Large Camping"
SE2,Ruby Point Campsite
