﻿Variable,Questions
Sex,Please indicate your gender
Age,Which of the following age groups are you in?
Income,Approximately what is your income per month?
Occupation,What is your occupation?
A1,Online sponsored ads play key role in learning about various online clothing brands
A2,Online ads are the main source of knowing about the promotions and offers by the e-clothing brands
A3,You are likely to learn more about the brands that promote the sort of clothes you prefer
A4,"When an ad about a clothing brand seems interesting, you go through their products"
A5,There are desired clothing brands you only learned about because of their online ads
A6,You prefer to purchase from online clothing brands that provide secure payment options
A7,You prefer to purchase from e-clothing brands that guarantee product quality
A8,"E-clothing brands that provide customer support (Such as Money-Back Guarantee, Product Warranty etc.) are preferred"
A9,E-clothing brands that ensure premium delivery services are preferred
A10,E-clothing brands that have secure packaging to maintain product excellence are preferred
A11,E-clothing brands with lower prices are more preferred than the ones with higher prices
A12,E-clothing brands with products of low quality will still create purchase intention if the price is very low
A13,High price for high quality clothing products is acceptable
A14,"E-clothing brands that add additional charges (Delivery charge, Service Charge etc.) are less desired"
A15,You prefer to buy from online clothing stores that provide discounts
P1,You would use the internet to buy clothes online
P2,You would consider purchasing clothes online in the long-run
P3,You plan to purchase clothes online in the near future
P4,"Given the chance, you intend to use the website of the online clothing brand"
P5,You find purchasing clothes online convenient
