"","make","model","sales_in_2017"
"1","acura"," ilx",11757
"2","acura"," tlx",34846
"3","acura"," rlx",1237
"4","acura"," nsx",581
"5","acura"," mdx",54886
"6","acura"," rdx",51295
"7","alfa romeo"," 4c",406
"8","alfa romeo"," giulia",8904
"9","alfa romeo"," stelvio",2721
"10","audi"," a3",23610
"11","audi"," a4",34434
"12","audi"," a5",21301
"13","audi"," a6",16304
"14","audi"," a7",4810
"15","audi"," a8",3127
"16","audi"," tt",2294
"17","audi"," r8",772
"18","audi"," a4 allroad",3240
"19","audi"," q3",20633
"20","audi"," q5",57640
"21","audi"," q7",38346
"22","bmw"," 2-series",11737
"23","bmw"," 3-series / 4-series",99083
"24","bmw"," 5-series",40658
"25","bmw"," 6-series",3355
"26","bmw"," 7-series",9276
"27","bmw"," i3",6276
"28","bmw"," i8",488
"29","bmw"," z4",502
"30","bmw"," x1",30826
"31","bmw"," x3",40691
"32","bmw"," x4",5198
"33","bmw"," x5",50815
"34","bmw"," x6",6780
"35","bmw"," 8-series",0
"36","buick"," cascada",5595
"37","buick"," verano",4277
"38","buick"," regal",11559
"39","buick"," lacrosse",20161
"40","buick"," encore",88035
"41","buick"," enclave",48564
"42","buick"," envision",41040
"43","cadillac"," ats",13100
"44","cadillac"," cts",10344
"45","cadillac"," ct6",10542
"46","cadillac"," xts",16275
"47","cadillac"," elr",17
"48","cadillac"," srx",156
"49","cadillac"," xt5",68312
"50","cadillac"," escalade",22994
"51","cadillac"," escalade esv",14700
"52","chevrolet"," spark",22589
"53","chevrolet"," sonic",30290
"54","chevrolet"," cruze",184751
"55","chevrolet"," volt",20349
"56","chevrolet"," bolt ev",23297
"57","chevrolet"," malibu",185857
"58","chevrolet"," impala",75877
"59","chevrolet"," camaro",67940
"60","chevrolet"," corvette",25079
"61","chevrolet"," trax",79289
"62","chevrolet"," equinox",290458
"63","chevrolet"," traverse",123506
"64","chevrolet"," tahoe",98961
"65","chevrolet"," suburban",56516
"66","chevrolet"," colorado",112996
"67","chevrolet"," silverado",585864
"68","chevrolet"," city express",8348
"69","chevrolet"," express",69164
"70","chevrolet"," caprice",693
"71","chevrolet"," ss",4055
"72","chevrolet"," blazer",0
"73","chevrolet"," spark",22589
"74","chevrolet"," sonic",30290
"75","chevrolet"," cruze",184751
"76","chevrolet"," volt",20349
"77","chevrolet"," bolt ev",23297
"78","chevrolet"," malibu",185857
"79","chevrolet"," impala",75877
"80","chevrolet"," camaro",67940
"81","chevrolet"," corvette",25079
"82","chevrolet"," trax",79289
"83","chevrolet"," equinox",290458
"84","chevrolet"," traverse",123506
"85","chevrolet"," tahoe",98961
"86","chevrolet"," suburban",56516
"87","chevrolet"," colorado",112996
"88","chevrolet"," silverado",585864
"89","chevrolet"," city express",8348
"90","chevrolet"," express",69164
"91","chevrolet"," caprice",693
"92","chevrolet"," ss",4055
"93","chevrolet"," blazer",0
"94","chrysler"," 200",18457
"95","chrysler"," 300",51237
"96","chrysler"," town & country",577
"97","chrysler"," pacifica minivan",118274
"98","dodge"," dart",10082
"99","dodge"," charger",88351
"100","dodge"," challenger",64537
"101","dodge"," grand caravan",125196
"102","dodge"," journey",89470
"103","dodge"," durango",68761
"104","dodge"," viper",585
"105","dodge"," avenger",12
"106","fiat"," 500",12685
"107","fiat"," 500l",1664
"108","fiat"," 500x",7665
"109","fiat"," 124 spider",4478
"110","ford"," fiesta",46249
"111","ford"," focus",158385
"112","ford"," c-max",18390
"113","ford"," fusion",209623
"114","ford"," five hundred / taurus",41236
"115","ford"," mustang",81866
"116","ford"," escape",308296
"117","ford"," edge",142603
"118","ford"," flex",22389
"119","ford"," explorer",271131
"120","ford"," expedition",51883
"121","ford"," transit connect",34473
"122","ford"," transit",127360
"123","ford"," e-series",53304
"124","ford"," f-series",896764
"125","ford"," gt",89
"126","ford"," police interceptor sedan",7994
"127","ford"," police interceptor suv",33075
"128","genesis"," g80",16214
"129","genesis"," g90",4398
"130","gmc"," terrain",85441
"131","gmc"," acadia",111276
"132","gmc"," yukon",49183
"133","gmc"," yukon xl",35059
"134","gmc"," canyon",32106
"135","gmc"," sierra",217943
"136","gmc"," savana",29679
"137","honda"," fit",49454
"138","honda"," civic",377286
"139","honda"," accord",322655
"140","honda"," crosstour",5
"141","honda"," odyssey",100307
"142","honda"," hr-v",94034
"143","honda"," cr-v",377895
"144","honda"," pilot",127279
"145","honda"," ridgeline",34749
"146","honda"," cr-z",705
"147","honda"," insight",3
"148","honda"," clarity",2455
"149","hyundai"," accent",58955
"150","hyundai"," elantra",198210
"151","hyundai"," ioniq",11197
"152","hyundai"," sonata",131803
"153","hyundai"," azera",3060
"154","hyundai"," genesis",1134
"155","hyundai"," equus",20
"156","hyundai"," veloster",12658
"157","hyundai"," tucson",114735
"158","hyundai"," santa fe",133171
"159","infiniti"," q50",40739
"160","infiniti"," q60",10751
"161","infiniti"," q70",5772
"162","infiniti"," qx50",16857
"163","infiniti"," qx30",14093
"164","infiniti"," qx60",40444
"165","infiniti"," qx70",6878
"166","infiniti"," qx80",17881
"167","jaguar"," xe",9278
"168","jaguar"," xf",4541
"169","jaguar"," xj",2721
"170","jaguar"," f-type",4108
"171","jaguar"," f-pace",18946
"172","jeep"," renegade",103434
"173","jeep"," patriot",40735
"174","jeep"," compass",83253
"175","jeep"," cherokee",169882
"176","jeep"," wrangler",190522
"177","jeep"," grand cherokee",240696
"178","kia"," rio",16760
"179","kia"," soul",115712
"180","kia"," forte",117596
"181","kia"," optima",107493
"182","kia"," stinger",843
"183","kia"," cadenza",7249
"184","kia"," k900",455
"185","kia"," sedona",23815
"186","kia"," sportage",72824
"187","kia"," niro",27237
"188","kia"," sorento",99684
"189","land rover"," discovery sport",14187
"190","land rover"," discovery / lr4",6398
"191","land rover","range rover evoque",11979
"192","land rover","range rover velar",6153
"193","land rover","range rover sport",19153
"194","land rover","range rover",16869
"195","lexus"," ct",4690
"196","lexus"," is",26482
"197","lexus"," rc",7363
"198","lexus"," lc",2484
"199","lexus"," es",51398
"200","lexus"," gs",7773
"201","lexus"," ls",4094
"202","lexus"," nx",59341
"203","lexus"," rx",108407
"204","lexus"," gx",27190
"205","lexus"," lx",6004
"206","lexus"," lfa",3
"207","lincoln"," mkz",27387
"208","lincoln"," mks",153
"209","lincoln"," continental 2017-",12012
"210","lincoln"," mkt",3005
"211","lincoln"," mkc",27048
"212","lincoln"," nautilus / mkx",31031
"213","lincoln"," navigator",10523
"214","mazda","3",75018
"215","mazda","6",33402
"216","mazda","5",10
"217","mazda"," mx-5 miata",11294
"218","mazda"," cx-5",127563
"219","mazda"," cx-3",16355
"220","mazda"," cx-9",25828
"221","mercedes-benz"," b-class",744
"222","mercedes-benz"," cla",20669
"223","mercedes-benz"," c-class",77446
"224","mercedes-benz"," e-class",49473
"225","mercedes-benz"," cls",1839
"226","mercedes-benz"," s-class",15888
"227","mercedes-benz"," slk",2860
"228","mercedes-benz"," sl",2940
"229","mercedes-benz","mercedes-amg gt",1609
"230","mercedes-benz"," gla",24104
"231","mercedes-benz"," glc",48643
"232","mercedes-benz"," gle",54595
"233","mercedes-benz"," g-class",4188
"234","mercedes-benz"," gl / gls",32248
"235","mercedes-benz"," sprinter",27608
"236","mercedes-benz"," metris",7386
"237","mini"," cooper hardtop 2-door",11256
"238","mini"," cooper hardtop 4-door",7723
"239","mini"," convertible",5512
"240","mini"," clubman",7739
"241","mini"," countryman",14863
"242","mini"," paceman",9
"243","mitsubishi"," mirage",22386
"244","mitsubishi"," i-miev",6
"245","mitsubishi"," lancer",12725
"246","mitsubishi"," outlander sport",33160
"247","mitsubishi"," outlander",35409
"248","mitsubishi"," outlander phev",99
"249","nissan"," versa",106772
"250","nissan"," sentra",218451
"251","nissan"," altima",254996
"252","nissan"," maxima",67627
"253","nissan"," 370z",4614
"254","nissan"," gt-r",578
"255","nissan"," quest",4950
"256","nissan"," juke",10157
"257","nissan"," rogue",403465
"258","nissan"," x-terra",1
"259","nissan"," murano",76732
"260","nissan"," pathfinder",81065
"261","nissan"," armada",35667
"262","nissan"," frontier",74360
"263","nissan"," titan",52924
"264","nissan"," nv200",18602
"265","nissan"," nv van",17858
"266","nissan"," leaf",11230
"267","porsche"," boxster",2287
"268","porsche"," cayman",2800
"269","porsche"," 911",8970
"270","porsche"," panamera",6731
"271","porsche"," macan",21429
"272","porsche"," cayenne",13203
"273","ram"," promaster city",15584
"274","ram"," promaster",40483
"275","ram"," pickup",500723
"276","scion"," iq",6
"277","scion"," xb",2677
"278","scion"," xd",9
"279","scion"," tc",9335
"280","subaru"," impreza",86043
"281","subaru"," impreza incl wrx/sti",117401
"282","subaru"," xv crosstrek",110138
"283","subaru"," forester",177563
"284","subaru"," legacy",49837
"285","subaru"," outback",188886
"286","subaru"," brz",4131
"287","subaru"," wrx / sti",31358
"288","tesla"," model s",27060
"289","tesla"," model 3",1770
"290","tesla"," model x",21315
"291","toyota"," yaris",8653
"292","toyota"," corolla sedan",308695
"293","toyota"," prius",108661
"294","toyota"," camry",387081
"295","toyota"," yaris sedan",35727
"296","toyota"," venza",14
"297","toyota"," avalon",32583
"298","toyota"," corolla hatchback",20501
"299","toyota"," sienna",111489
"300","toyota"," 86",6846
"301","toyota"," rav4",407594
"302","toyota"," c-hr",25755
"303","toyota"," 4runner",128296
"304","toyota"," highlander",215775
"305","toyota"," sequoia",12156
"306","toyota"," land cruiser",3100
"307","toyota"," tacoma",198124
"308","toyota"," tundra",116285
"309","toyota"," mirai",1838
"310","toyota"," fj cruiser",4
"311","volvo"," s60 / v60",16825
"312","volvo"," xc70",73
"313","volvo"," s80",7
"314","volvo"," xc60",22516
"315","volvo"," xc90",30996
"316","volkswagen"," golf",68978
"317","volkswagen"," beetle",15166
"318","volkswagen"," jetta",115807
"319","volkswagen"," passat",60722
"320","volkswagen"," cc",1355
"321","volkswagen"," eos",1
"322","volkswagen"," tiguan",25960
"323","volkswagen"," tiguan l",21023
"324","volkswagen"," touareg",3545
"325","volkswagen"," atlas",27119
