처방번호,처방명(한글),처방명(한문),원전(한글),원전(한문),약재명(한글),약재명(한문),함량(g)
1,가미소요산,加味逍遙散,방약합편,方藥合編,감초,甘草,3.75
1,가미소요산,加味逍遙散,방약합편,方藥合編,당귀,當歸,3.75
1,가미소요산,加味逍遙散,방약합편,方藥合編,목단피,牧丹皮,3.75
1,가미소요산,加味逍遙散,방약합편,方藥合編,박하,薄荷,1.88
1,가미소요산,加味逍遙散,방약합편,方藥合編,백출,白朮,3.75
1,가미소요산,加味逍遙散,방약합편,方藥合編,복령,茯苓,3.75
1,가미소요산,加味逍遙散,방약합편,方藥合編,시호,柴胡,3.75
1,가미소요산,加味逍遙散,방약합편,方藥合編,작약,芍藥,3.75
1,가미소요산,加味逍遙散,방약합편,方藥合編,치자,梔子,3.75
2,갈근탕,葛根湯,의학입문,醫學入門,갈근,葛根,11.25
2,갈근탕,葛根湯,의학입문,醫學入門,감초,甘草,3
2,갈근탕,葛根湯,의학입문,醫學入門,계지,桂枝,3.75
2,갈근탕,葛根湯,의학입문,醫學入門,대추,大棗,2
2,갈근탕,葛根湯,의학입문,醫學入門,마황,麻黃,7.5
2,갈근탕,葛根湯,의학입문,醫學入門,생강,生薑,1.5
2,갈근탕,葛根湯,의학입문,醫學入門,작약,芍藥,5.63
3,갈근해기탕,葛根解肌湯,방약합편,方藥合編,갈근,葛根,3.75
3,갈근해기탕,葛根解肌湯,방약합편,方藥合編,감초,甘草,1.88
3,갈근해기탕,葛根解肌湯,방약합편,方藥合編,강활,羌活,3.75
3,갈근해기탕,葛根解肌湯,방약합편,方藥合編,길경,桔梗,3.75
3,갈근해기탕,葛根解肌湯,방약합편,方藥合編,대추,大棗,2
3,갈근해기탕,葛根解肌湯,방약합편,方藥合編,백지,白芷,3.75
3,갈근해기탕,葛根解肌湯,방약합편,方藥合編,생강,生薑,1.5
3,갈근해기탕,葛根解肌湯,방약합편,方藥合編,석고,石膏,3.75
3,갈근해기탕,葛根解肌湯,방약합편,方藥合編,승마,升麻,3.75
3,갈근해기탕,葛根解肌湯,방약합편,方藥合編,시호,柴胡,3.75
3,갈근해기탕,葛根解肌湯,방약합편,方藥合編,작약,芍藥,3.75
3,갈근해기탕,葛根解肌湯,방약합편,方藥合編,황금,黃芩,3.75
4,구미강활탕,九味羌活湯,방약합편,方藥合編,감초,甘草,1.88
4,구미강활탕,九味羌活湯,방약합편,方藥合編,강활,羌活,5.63
4,구미강활탕,九味羌活湯,방약합편,方藥合編,방풍,防風,5.63
4,구미강활탕,九味羌活湯,방약합편,方藥合編,백지,白芷,4.5
4,구미강활탕,九味羌活湯,방약합편,方藥合編,생지황,生地黃,4.5
4,구미강활탕,九味羌活湯,방약합편,方藥合編,세신,細辛,1.88
4,구미강활탕,九味羌活湯,방약합편,方藥合編,창출,蒼朮,4.5
4,구미강활탕,九味羌活湯,방약합편,方藥合編,천궁,川芎,4.5
4,구미강활탕,九味羌活湯,방약합편,方藥合編,황금,黃芩,4.5
5,궁소산,芎蘇散,방약합편,方藥合編,갈근,葛根,1.88
5,궁소산,芎蘇散,방약합편,方藥合編,감초,甘草,1.13
5,궁소산,芎蘇散,방약합편,方藥合編,맥문동,麥門冬,3.75
5,궁소산,芎蘇散,방약합편,方藥合編,백출,白朮,3
5,궁소산,芎蘇散,방약합편,方藥合編,생강,生薑,1.5
5,궁소산,芎蘇散,방약합편,方藥合編,자소엽,紫蘇葉,2.25
5,궁소산,芎蘇散,방약합편,方藥合編,작약,芍藥,3
5,궁소산,芎蘇散,방약합편,方藥合編,전호,前胡,3.75
5,궁소산,芎蘇散,방약합편,方藥合編,진피,陳皮,3
5,궁소산,芎蘇散,방약합편,方藥合編,천궁,川芎,3
5,궁소산,芎蘇散,방약합편,方藥合編,황금,黃芩,3.75
6,궁하탕,芎夏湯,방약합편,方藥合編,감초,甘草,0.94
6,궁하탕,芎夏湯,방약합편,方藥合編,반하,半夏,3.75
6,궁하탕,芎夏湯,방약합편,方藥合編,백출,白朮,0.94
6,궁하탕,芎夏湯,방약합편,方藥合編,복령,茯苓,3.75
6,궁하탕,芎夏湯,방약합편,方藥合編,생강,生薑,2.5
6,궁하탕,芎夏湯,방약합편,方藥合編,지각,枳殼,1.88
6,궁하탕,芎夏湯,방약합편,方藥合編,진피,陳皮,1.88
6,궁하탕,芎夏湯,방약합편,方藥合編,천궁,川芎,3.75
6,궁하탕,芎夏湯,방약합편,方藥合編,청피,靑皮,1.88
7,내소산,內消散,방약합편,方藥合編,건강,乾薑,3.75
7,내소산,內消散,방약합편,方藥合編,반하,半夏,3.75
7,내소산,內消散,방약합편,方藥合編,복령,茯苓,3.75
7,내소산,內消散,방약합편,方藥合編,사인,砂仁,3.75
7,내소산,內消散,방약합편,方藥合編,산사,山 査,3.75
7,내소산,內消散,방약합편,方藥合編,삼릉,三稜,3.75
7,내소산,內消散,방약합편,方藥合編,신곡,神 麯,3.75
7,내소산,內消散,방약합편,方藥合編,아출,莪朮,3.75
7,내소산,內消散,방약합편,方藥合編,지실,枳 實,3.75
7,내소산,內消散,방약합편,方藥合編,진피,陳皮,3.75
7,내소산,內消散,방약합편,方藥合編,향부자,香附子,3.75
8,당귀연교음,當歸連翹飮,동의보감,東醫寶鑑,감초,甘草,2.63
8,당귀연교음,當歸連翹飮,동의보감,東醫寶鑑,강활,羌活,2.63
8,당귀연교음,當歸連翹飮,동의보감,東醫寶鑑,당귀,當歸,2.63
8,당귀연교음,當歸連翹飮,동의보감,東醫寶鑑,방풍,防風,2.63
8,당귀연교음,當歸連翹飮,동의보감,東醫寶鑑,백지,白芷,2.63
8,당귀연교음,當歸連翹飮,동의보감,東醫寶鑑,생지황,生地黃,2.63
8,당귀연교음,當歸連翹飮,동의보감,東醫寶鑑,세신,細辛,1.13
8,당귀연교음,當歸連翹飮,동의보감,東醫寶鑑,연교,連翹,2.63
8,당귀연교음,當歸連翹飮,동의보감,東醫寶鑑,지각,枳殼,2.63
8,당귀연교음,當歸連翹飮,동의보감,東醫寶鑑,천궁,川芎,2.63
8,당귀연교음,當歸連翹飮,동의보감,東醫寶鑑,치자,梔子,2.63
8,당귀연교음,當歸連翹飮,동의보감,東醫寶鑑,형개,荊芥,2.63
8,당귀연교음,當歸連翹飮,동의보감,東醫寶鑑,황금,黃芩,2.63
9,당귀육황탕,當歸六黃湯,방약합편,方藥合編,당귀,當歸,3.75
9,당귀육황탕,當歸六黃湯,방약합편,方藥合編,생지황,生地黃,3.75
9,당귀육황탕,當歸六黃湯,방약합편,方藥合編,숙지황,熱地黃,3.75
9,당귀육황탕,當歸六黃湯,방약합편,方藥合編,황금,黃芩,2.63
9,당귀육황탕,當歸六黃湯,방약합편,方藥合編,황기,黃芪,7.5
9,당귀육황탕,當歸六黃湯,방약합편,方藥合編,황련,黃連,2.63
9,당귀육황탕,當歸六黃湯,방약합편,方藥合編,황백,黃栢,2.63
10,대시호탕,大柴胡湯,방약합편,方藥合編,대황,大黃,7.5
10,대시호탕,大柴胡湯,방약합편,方藥合編,반하,半夏,3.75
10,대시호탕,大柴胡湯,방약합편,方藥合編,시호,柴胡,15
10,대시호탕,大柴胡湯,방약합편,方藥合編,작약,芍藥,9.38
10,대시호탕,大柴胡湯,방약합편,方藥合編,지실,枳 實,5.63
10,대시호탕,大柴胡湯,방약합편,方藥合編,황금,黃芩,9.38
11,대청룡탕,大靑龍湯,방약합편,方藥合編,감초,甘草,3.75
11,대청룡탕,大靑龍湯,방약합편,方藥合編,계지,桂枝,7.5
11,대청룡탕,大靑龍湯,방약합편,方藥合編,대추,大棗,2
11,대청룡탕,大靑龍湯,방약합편,方藥合編,마황,麻黃,11.25
11,대청룡탕,大靑龍湯,방약합편,方藥合編,생강,生薑,1.5
11,대청룡탕,大靑龍湯,방약합편,方藥合編,석고,石膏,15
11,대청룡탕,大靑龍湯,방약합편,方藥合編,행인,杏仁,5.63
12,대화중음,大和中飮,방약합편,方藥合編,맥아,麥芽,7.5
12,대화중음,大和中飮,방약합편,方藥合編,사인,砂仁,1.88
12,대화중음,大和中飮,방약합편,方藥合編,산사,山 査,7.5
12,대화중음,大和中飮,방약합편,方藥合編,지실,枳 實,3.75
12,대화중음,大和中飮,방약합편,方藥合編,진피,陳皮,5.63
12,대화중음,大和中飮,방약합편,方藥合編,택사,澤瀉,5.63
12,대화중음,大和中飮,방약합편,方藥合編,후박,厚朴,5.63
13,대황목단피탕,大黃牧丹皮湯,동의보감,東醫寶鑑,괄루인,栝樓仁,9.38
13,대황목단피탕,大黃牧丹皮湯,동의보감,東醫寶鑑,대황,大黃,5.63
13,대황목단피탕,大黃牧丹皮湯,동의보감,東醫寶鑑,도인,桃仁,9.38
13,대황목단피탕,大黃牧丹皮湯,동의보감,東醫寶鑑,망초,芒硝,5.63
13,대황목단피탕,大黃牧丹皮湯,동의보감,東醫寶鑑,목단피,牧丹皮,9.38
14,도인승기탕,桃仁承氣湯,방약합편,方藥合編,감초,甘草,3.75
14,도인승기탕,桃仁承氣湯,방약합편,方藥合編,계지,桂枝,7.5
14,도인승기탕,桃仁承氣湯,방약합편,方藥合編,대황,大黃,11.25
14,도인승기탕,桃仁承氣湯,방약합편,方藥合編,도인,桃仁,10
14,도인승기탕,桃仁承氣湯,방약합편,方藥合編,망초,芒硝,7.5
15,반하백출천마탕,半夏白朮天麻湯,방약합편,方藥合編,건강,乾薑,1.13
15,반하백출천마탕,半夏白朮天麻湯,방약합편,方藥合編,맥아,麥芽,5.63
15,반하백출천마탕,半夏白朮天麻湯,방약합편,方藥合編,반하,半夏,5.63
15,반하백출천마탕,半夏白朮天麻湯,방약합편,方藥合編,백출,白朮,3.75
15,반하백출천마탕,半夏白朮天麻湯,방약합편,方藥合編,복령,茯苓,1.88
15,반하백출천마탕,半夏白朮天麻湯,방약합편,方藥合編,생강,生薑,2.5
15,반하백출천마탕,半夏白朮天麻湯,방약합편,方藥合編,신곡,神 麯,3.75
15,반하백출천마탕,半夏白朮天麻湯,방약합편,方藥合編,인삼,人蔘,1.88
15,반하백출천마탕,半夏白朮天麻湯,방약합편,方藥合編,진피,陳皮,5.63
15,반하백출천마탕,半夏白朮天麻湯,방약합편,方藥合編,창출,蒼朮,1.88
15,반하백출천마탕,半夏白朮天麻湯,방약합편,方藥合編,천마,天麻,1.88
15,반하백출천마탕,半夏白朮天麻湯,방약합편,方藥合編,택사,澤瀉,1.88
15,반하백출천마탕,半夏白朮天麻湯,방약합편,方藥合編,황기,黃芪,1.88
15,반하백출천마탕,半夏白朮天麻湯,방약합편,方藥合編,황백,黃栢,0.75
16,반하사심탕,半夏瀉心湯,동의보감,東醫寶鑑,감초,甘草,5.63
16,반하사심탕,半夏瀉心湯,동의보감,東醫寶鑑,건강,乾薑,3.75
16,반하사심탕,半夏瀉心湯,동의보감,東醫寶鑑,대추,大棗,2
16,반하사심탕,半夏瀉心湯,동의보감,東醫寶鑑,반하,半夏,7.5
16,반하사심탕,半夏瀉心湯,동의보감,東醫寶鑑,생강,生薑,1.5
16,반하사심탕,半夏瀉心湯,동의보감,東醫寶鑑,인삼,人蔘,5.63
16,반하사심탕,半夏瀉心湯,동의보감,東醫寶鑑,황금,黃芩,5.63
16,반하사심탕,半夏瀉心湯,동의보감,東醫寶鑑,황련,黃連,1.88
17,반하후박탕,半夏厚朴湯,방약합편,方藥合編,대추,大棗,2
17,반하후박탕,半夏厚朴湯,방약합편,方藥合編,반하,半夏,7.5
17,반하후박탕,半夏厚朴湯,방약합편,方藥合編,복령,茯苓,6
17,반하후박탕,半夏厚朴湯,방약합편,方藥合編,생강,生薑,3.5
17,반하후박탕,半夏厚朴湯,방약합편,方藥合編,자소엽,紫蘇葉,3
17,반하후박탕,半夏厚朴湯,방약합편,方藥合編,후박,厚朴,4.5
18,백출탕,白朮湯,동의보감,東醫寶鑑,감초,甘草,1.88
18,백출탕,白朮湯,동의보감,東醫寶鑑,반하,半夏,5.63
18,백출탕,白朮湯,동의보감,東醫寶鑑,백출,白朮,11.25
18,백출탕,白朮湯,동의보감,東醫寶鑑,복령,茯苓,5.63
18,백출탕,白朮湯,동의보감,東醫寶鑑,생강,生薑,2.5
18,백출탕,白朮湯,동의보감,東醫寶鑑,오미자,五味子,5.63
18,백출탕,白朮湯,동의보감,東醫寶鑑,진피,陳皮,5.63
19,보중익기탕,補中益氣湯,방약합편,方藥合編,감초,甘草,3.75
19,보중익기탕,補中益氣湯,방약합편,方藥合編,당귀,當歸,1.88
19,보중익기탕,補中益氣湯,방약합편,方藥合編,백출,白朮,3.75
19,보중익기탕,補中益氣湯,방약합편,方藥合編,승마,升麻,1.13
19,보중익기탕,補中益氣湯,방약합편,方藥合編,시호,柴胡,1.13
19,보중익기탕,補中益氣湯,방약합편,方藥合編,인삼,人蔘,3.75
19,보중익기탕,補中益氣湯,방약합편,方藥合編,진피,陳皮,1.88
19,보중익기탕,補中益氣湯,방약합편,方藥合編,황기,黃芪,5.63
20,보허탕,補虛湯,방약합편,方藥合編,감초,甘草,2.63
20,보허탕,補虛湯,방약합편,方藥合編,당귀,當歸,3.75
20,보허탕,補虛湯,방약합편,方藥合編,백출,白朮,5.63
20,보허탕,補虛湯,방약합편,方藥合編,생강,生薑,1.5
20,보허탕,補虛湯,방약합편,方藥合編,인삼,人蔘,5.63
20,보허탕,補虛湯,방약합편,方藥合編,진피,陳皮,3.75
20,보허탕,補虛湯,방약합편,方藥合編,천궁,川芎,3.75
20,보허탕,補虛湯,방약합편,方藥合編,황기,黃芪,3.75
21,복령보심탕,茯苓補心湯,방약합편,方藥合編,갈근,葛根,1.88
21,복령보심탕,茯苓補心湯,방약합편,方藥合編,감초,甘草,1.88
21,복령보심탕,茯苓補心湯,방약합편,方藥合編,길경,桔梗,1.88
21,복령보심탕,茯苓補心湯,방약합편,方藥合編,당귀,當歸,4.88
21,복령보심탕,茯苓補心湯,방약합편,方藥合編,대추,大棗,2
21,복령보심탕,茯苓補心湯,방약합편,方藥合編,반하,半夏,2.63
21,복령보심탕,茯苓補心湯,방약합편,方藥合編,복령,茯苓,2.63
21,복령보심탕,茯苓補心湯,방약합편,方藥合編,생강,生薑,2.5
21,복령보심탕,茯苓補心湯,방약합편,方藥合編,숙지황,熱地黃,5.63
21,복령보심탕,茯苓補心湯,방약합편,方藥合編,인삼,人蔘,2.63
21,복령보심탕,茯苓補心湯,방약합편,方藥合編,자소엽,紫蘇葉,1.88
21,복령보심탕,茯苓補心湯,방약합편,方藥合編,작약,芍藥,7.5
21,복령보심탕,茯苓補心湯,방약합편,方藥合編,전호,前胡,2.63
21,복령보심탕,茯苓補心湯,방약합편,方藥合編,지각,枳殼,1.88
21,복령보심탕,茯苓補心湯,방약합편,方藥合編,진피,陳皮,1.88
21,복령보심탕,茯苓補心湯,방약합편,方藥合編,천궁,川芎,2.63
22,불환금정기산,不換金正氣散,동의보감,東醫寶鑑,감초,甘草,3.75
22,불환금정기산,不換金正氣散,동의보감,東醫寶鑑,곽향,藿香,3.75
22,불환금정기산,不換金正氣散,동의보감,東醫寶鑑,대추,大棗,2
22,불환금정기산,不換金正氣散,동의보감,東醫寶鑑,반하,半夏,3.75
22,불환금정기산,不換金正氣散,동의보감,東醫寶鑑,생강,生薑,1.5
22,불환금정기산,不換金正氣散,동의보감,東醫寶鑑,진피,陳皮,3.75
22,불환금정기산,不換金正氣散,동의보감,東醫寶鑑,창출,蒼朮,7.5
22,불환금정기산,不換金正氣散,동의보감,東醫寶鑑,후박,厚朴,3.75
23,삼소음,蔘蘇飮,동의보감,東醫寶鑑,갈근,葛根,3.75
23,삼소음,蔘蘇飮,동의보감,東醫寶鑑,감초,甘草,2.81
23,삼소음,蔘蘇飮,동의보감,東醫寶鑑,길경,桔梗,2.81
23,삼소음,蔘蘇飮,동의보감,東醫寶鑑,대추,大棗,2
23,삼소음,蔘蘇飮,동의보감,東醫寶鑑,반하,半夏,3.75
23,삼소음,蔘蘇飮,동의보감,東醫寶鑑,복령,茯苓,3.75
23,삼소음,蔘蘇飮,동의보감,東醫寶鑑,생강,生薑,1.5
23,삼소음,蔘蘇飮,동의보감,東醫寶鑑,인삼,人蔘,3.75
23,삼소음,蔘蘇飮,동의보감,東醫寶鑑,자소엽,紫蘇葉,3.75
23,삼소음,蔘蘇飮,동의보감,東醫寶鑑,전호,前胡,3.75
23,삼소음,蔘蘇飮,동의보감,東醫寶鑑,지각,枳殼,2.81
23,삼소음,蔘蘇飮,동의보감,東醫寶鑑,진피,陳皮,2.81
24,삼출건비탕,蔘朮健脾湯,동의보감,東醫寶鑑,감초,甘草,1.88
24,삼출건비탕,蔘朮健脾湯,동의보감,東醫寶鑑,대추,大棗,2
24,삼출건비탕,蔘朮健脾湯,동의보감,東醫寶鑑,맥아,麥芽,1.88
24,삼출건비탕,蔘朮健脾湯,동의보감,東醫寶鑑,백출,白朮,3.75
24,삼출건비탕,蔘朮健脾湯,동의보감,東醫寶鑑,복령,茯苓,3.75
24,삼출건비탕,蔘朮健脾湯,동의보감,東醫寶鑑,사인,砂仁,1.88
24,삼출건비탕,蔘朮健脾湯,동의보감,東醫寶鑑,산사,山 査,3.75
24,삼출건비탕,蔘朮健脾湯,동의보감,東醫寶鑑,생강,生薑,1.5
24,삼출건비탕,蔘朮健脾湯,동의보감,東醫寶鑑,신곡,神 麯,1.88
24,삼출건비탕,蔘朮健脾湯,동의보감,東醫寶鑑,인삼,人蔘,3.75
24,삼출건비탕,蔘朮健脾湯,동의보감,東醫寶鑑,작약,芍藥,3
24,삼출건비탕,蔘朮健脾湯,동의보감,東醫寶鑑,지실,枳 實,3
24,삼출건비탕,蔘朮健脾湯,동의보감,東醫寶鑑,진피,陳皮,3.75
24,삼출건비탕,蔘朮健脾湯,동의보감,東醫寶鑑,후박,厚朴,3.75
25,삼호작약탕,蔘胡芍藥湯,방약합편,方藥合編,감초,甘草,1.13
25,삼호작약탕,蔘胡芍藥湯,방약합편,方藥合編,맥문동,麥門冬,3.75
25,삼호작약탕,蔘胡芍藥湯,방약합편,方藥合編,생강,生薑,1.5
25,삼호작약탕,蔘胡芍藥湯,방약합편,方藥合編,생지황,生地黃,5.63
25,삼호작약탕,蔘胡芍藥湯,방약합편,方藥合編,시호,柴胡,3.75
25,삼호작약탕,蔘胡芍藥湯,방약합편,方藥合編,인삼,人蔘,3.75
25,삼호작약탕,蔘胡芍藥湯,방약합편,方藥合編,작약,芍藥,3.75
25,삼호작약탕,蔘胡芍藥湯,방약합편,方藥合編,지각,枳殼,3
25,삼호작약탕,蔘胡芍藥湯,방약합편,方藥合編,지모,知母,3.75
25,삼호작약탕,蔘胡芍藥湯,방약합편,方藥合編,황금,黃芩,3.75
26,삼황사심탕,三黃瀉心湯,동의보감,東醫寶鑑,대황,大黃,11.25
26,삼황사심탕,三黃瀉心湯,동의보감,東醫寶鑑,생지황,生地黃,7.5
26,삼황사심탕,三黃瀉心湯,동의보감,東醫寶鑑,황금,黃芩,3.75
26,삼황사심탕,三黃瀉心湯,동의보감,東醫寶鑑,황련,黃連,3.75
27,생맥산,生脈散,방약합편,方藥合編,맥문동,麥門冬,7.5
27,생맥산,生脈散,방약합편,方藥合編,오미자,五味子,3.75
27,생맥산,生脈散,방약합편,方藥合編,인삼,人蔘,3.75
28,소시호탕,小柴胡湯,방약합편,方藥合編,감초,甘草,1.88
28,소시호탕,小柴胡湯,방약합편,方藥合編,대추,大棗,2
28,소시호탕,小柴胡湯,방약합편,方藥合編,반하,半夏,3.75
28,소시호탕,小柴胡湯,방약합편,方藥合編,생강,生薑,1.5
28,소시호탕,小柴胡湯,방약합편,方藥合編,시호,柴胡,11.25
28,소시호탕,小柴胡湯,방약합편,方藥合編,인삼,人蔘,3.75
28,소시호탕,小柴胡湯,방약합편,方藥合編,황금,黃芩,7.5
29,소청룡탕,小靑龍湯,방약합편,方藥合編,감초,甘草,3.75
29,소청룡탕,小靑龍湯,방약합편,方藥合編,건강,乾薑,3.75
29,소청룡탕,小靑龍湯,방약합편,方藥合編,계지,桂枝,3.75
29,소청룡탕,小靑龍湯,방약합편,方藥合編,마황,麻黃,5.63
29,소청룡탕,小靑龍湯,방약합편,方藥合編,반하,半夏,5.63
29,소청룡탕,小靑龍湯,방약합편,方藥合編,세신,細辛,3.75
29,소청룡탕,小靑龍湯,방약합편,方藥合編,오미자,五味子,5.63
29,소청룡탕,小靑龍湯,방약합편,方藥合編,작약,芍藥,5.63
30,승양보위탕,升陽補胃湯,동의보감,東醫寶鑑,갈근,葛根,1.13
30,승양보위탕,升陽補胃湯,동의보감,東醫寶鑑,감초,甘草,1.88
30,승양보위탕,升陽補胃湯,동의보감,東醫寶鑑,강활,羌活,3.75
30,승양보위탕,升陽補胃湯,동의보감,東醫寶鑑,당귀,當歸,1.13
30,승양보위탕,升陽補胃湯,동의보감,東醫寶鑑,독활,獨活,1.88
30,승양보위탕,升陽補胃湯,동의보감,東醫寶鑑,목단피,牧丹皮,1.88
30,승양보위탕,升陽補胃湯,동의보감,東醫寶鑑,방풍,防風,1.88
30,승양보위탕,升陽補胃湯,동의보감,東醫寶鑑,생지황,生地黃,1.88
30,승양보위탕,升陽補胃湯,동의보감,東醫寶鑑,승마,升麻,3.75
30,승양보위탕,升陽補胃湯,동의보감,東醫寶鑑,시호,柴胡,1.88
30,승양보위탕,升陽補胃湯,동의보감,東醫寶鑑,육계,肉桂,0.75
30,승양보위탕,升陽補胃湯,동의보감,東醫寶鑑,작약,芍藥,5.63
30,승양보위탕,升陽補胃湯,동의보감,東醫寶鑑,황기,黃芪,3.75
31,시경반하탕,柴梗半夏湯,방약합편,方藥合編,감초,甘草,1.5
31,시경반하탕,柴梗半夏湯,방약합편,方藥合編,괄루인,栝樓仁,3.75
31,시경반하탕,柴梗半夏湯,방약합편,方藥合編,길경,桔梗,3.75
31,시경반하탕,柴梗半夏湯,방약합편,方藥合編,반하,半夏,3.75
31,시경반하탕,柴梗半夏湯,방약합편,方藥合編,생강,生薑,1.5
31,시경반하탕,柴梗半夏湯,방약합편,方藥合編,시호,柴胡,7.5
31,시경반하탕,柴梗半夏湯,방약합편,方藥合編,지각,枳殼,3.75
31,시경반하탕,柴梗半夏湯,방약합편,方藥合編,청피,靑皮,3
31,시경반하탕,柴梗半夏湯,방약합편,方藥合編,행인,杏仁,3
31,시경반하탕,柴梗半夏湯,방약합편,方藥合編,황금,黃芩,3.75
32,시호계지탕,柴胡桂枝湯,동의보감,東醫寶鑑,감초,甘草,1.88
32,시호계지탕,柴胡桂枝湯,동의보감,東醫寶鑑,계지,桂枝,3.75
32,시호계지탕,柴胡桂枝湯,동의보감,東醫寶鑑,대추,大棗,2
32,시호계지탕,柴胡桂枝湯,동의보감,東醫寶鑑,반하,半夏,3.75
32,시호계지탕,柴胡桂枝湯,동의보감,東醫寶鑑,생강,生薑,1.5
32,시호계지탕,柴胡桂枝湯,동의보감,東醫寶鑑,시호,柴胡,7.5
32,시호계지탕,柴胡桂枝湯,동의보감,東醫寶鑑,인삼,人蔘,3.75
32,시호계지탕,柴胡桂枝湯,동의보감,東醫寶鑑,작약,芍藥,3.75
32,시호계지탕,柴胡桂枝湯,동의보감,東醫寶鑑,황금,黃芩,3.75
33,시호소간탕,柴胡疏肝湯,방약합편,方藥合編,감초,甘草,1.88
33,시호소간탕,柴胡疏肝湯,방약합편,方藥合編,시호,柴胡,4.5
33,시호소간탕,柴胡疏肝湯,방약합편,方藥合編,작약,芍藥,3.75
33,시호소간탕,柴胡疏肝湯,방약합편,方藥合編,지각,枳殼,3.75
33,시호소간탕,柴胡疏肝湯,방약합편,方藥合編,진피,陳皮,4.5
33,시호소간탕,柴胡疏肝湯,방약합편,方藥合編,천궁,川芎,3.75
33,시호소간탕,柴胡疏肝湯,방약합편,方藥合編,향부자,香附子,3.75
34,시호청간탕,柴胡淸肝湯,동의보감,東醫寶鑑,감초,甘草,1.88
34,시호청간탕,柴胡淸肝湯,동의보감,東醫寶鑑,길경,桔梗,3
34,시호청간탕,柴胡淸肝湯,동의보감,東醫寶鑑,시호,柴胡,7.5
34,시호청간탕,柴胡淸肝湯,동의보감,東醫寶鑑,연교,連翹,3
34,시호청간탕,柴胡淸肝湯,동의보감,東醫寶鑑,인삼,人蔘,3.75
34,시호청간탕,柴胡淸肝湯,동의보감,東醫寶鑑,천궁,川芎,3.75
34,시호청간탕,柴胡淸肝湯,동의보감,東醫寶鑑,청피,靑皮,3.75
34,시호청간탕,柴胡淸肝湯,동의보감,東醫寶鑑,치자,梔子,5.63
34,시호청간탕,柴胡淸肝湯,동의보감,東醫寶鑑,황금,黃芩,3.75
35,안태음,安胎飮,동의보감,東醫寶鑑,감초,甘草,1.5
35,안태음,安胎飮,동의보감,東醫寶鑑,당귀,當歸,3.75
35,안태음,安胎飮,동의보감,東醫寶鑑,백출,白朮,7.5
35,안태음,安胎飮,동의보감,東醫寶鑑,사인,砂仁,3.75
35,안태음,安胎飮,동의보감,東醫寶鑑,숙지황,熱地黃,3.75
35,안태음,安胎飮,동의보감,東醫寶鑑,자소엽,紫蘇葉,3
35,안태음,安胎飮,동의보감,東醫寶鑑,작약,芍藥,3.75
35,안태음,安胎飮,동의보감,東醫寶鑑,진피,陳皮,3.75
35,안태음,安胎飮,동의보감,東醫寶鑑,천궁,川芎,3
35,안태음,安胎飮,동의보감,東醫寶鑑,황금,黃芩,5.63
36,연교패독산,連翹敗毒散,동의보감,東醫寶鑑,감초,甘草,2.63
36,연교패독산,連翹敗毒散,동의보감,東醫寶鑑,강활,羌活,2.63
36,연교패독산,連翹敗毒散,동의보감,東醫寶鑑,금은화,金銀花,2.63
36,연교패독산,連翹敗毒散,동의보감,東醫寶鑑,길경,桔梗,2.63
36,연교패독산,連翹敗毒散,동의보감,東醫寶鑑,독활,獨活,2.63
36,연교패독산,連翹敗毒散,동의보감,東醫寶鑑,박하,薄荷,2.63
36,연교패독산,連翹敗毒散,동의보감,東醫寶鑑,방풍,防風,2.63
36,연교패독산,連翹敗毒散,동의보감,東醫寶鑑,복령,茯苓,2.63
36,연교패독산,連翹敗毒散,동의보감,東醫寶鑑,생강,生薑,1.5
36,연교패독산,連翹敗毒散,동의보감,東醫寶鑑,시호,柴胡,2.63
36,연교패독산,連翹敗毒散,동의보감,東醫寶鑑,연교,連翹,2.63
36,연교패독산,連翹敗毒散,동의보감,東醫寶鑑,지각,枳殼,2.63
36,연교패독산,連翹敗毒散,동의보감,東醫寶鑑,천궁,川芎,2.63
36,연교패독산,連翹敗毒散,동의보감,東醫寶鑑,형개,荊芥,2.63
37,오림산,五淋散,방약합편,方藥合編,감초,甘草,1.88
37,오림산,五淋散,방약합편,方藥合編,당귀,當歸,3.75
37,오림산,五淋散,방약합편,方藥合編,복령,茯苓,3.75
37,오림산,五淋散,방약합편,方藥合編,작약,芍藥,7.5
37,오림산,五淋散,방약합편,方藥合編,치자,梔子,7.5
37,오림산,五淋散,방약합편,方藥合編,황금,黃芩,1.88
38,오적산,五積散,방약합편,方藥合編,감초,甘草,2.25
38,오적산,五積散,방약합편,方藥合編,건강,乾薑,3
38,오적산,五積散,방약합편,方藥合編,길경,桔梗,3
38,오적산,五積散,방약합편,方藥合編,당귀,當歸,3
38,오적산,五積散,방약합편,方藥合編,마황,麻黃,3.75
38,오적산,五積散,방약합편,方藥合編,반하,半夏,2.63
38,오적산,五積散,방약합편,方藥合編,백지,白芷,2.63
38,오적산,五積散,방약합편,方藥合編,복령,茯苓,3
38,오적산,五積散,방약합편,方藥合編,생강,生薑,1.5
38,오적산,五積散,방약합편,方藥合編,육계,肉桂,2.63
38,오적산,五積散,방약합편,方藥合編,작약,芍藥,3
38,오적산,五積散,방약합편,方藥合編,지각,枳殼,3
38,오적산,五積散,방약합편,方藥合編,진피,陳皮,3.75
38,오적산,五積散,방약합편,方藥合編,창출,蒼朮,7.5
38,오적산,五積散,방약합편,方藥合編,천궁,川芎,2.63
38,오적산,五積散,방약합편,方藥合編,후박,厚朴,3
39,이중탕,理中湯,방약합편,方藥合編,감초,甘草,3.75
39,이중탕,理中湯,방약합편,方藥合編,건강,乾薑,7.5
39,이중탕,理中湯,방약합편,方藥合編,백출,白朮,7.5
39,이중탕,理中湯,방약합편,方藥合編,인삼,人蔘,7.5
40,이진탕,二陳湯,방약합편,方藥合編,감초,甘草,1.88
40,이진탕,二陳湯,방약합편,方藥合編,반하,半夏,7.5
40,이진탕,二陳湯,방약합편,方藥合編,복령,茯苓,3.75
40,이진탕,二陳湯,방약합편,方藥合編,생강,生薑,1.5
40,이진탕,二陳湯,방약합편,方藥合編,진피,陳皮,3.75
41,익위승양탕,益胃升陽湯,방약합편,方藥合編,감초,甘草,1.88
41,익위승양탕,益胃升陽湯,방약합편,方藥合編,당귀,當歸,1.88
41,익위승양탕,益胃升陽湯,방약합편,方藥合編,백출,白朮,5.63
41,익위승양탕,益胃升陽湯,방약합편,方藥合編,승마,升麻,1.13
41,익위승양탕,益胃升陽湯,방약합편,方藥合編,시호,柴胡,1.13
41,익위승양탕,益胃升陽湯,방약합편,方藥合編,신곡,神 麯,2.81
41,익위승양탕,益胃升陽湯,방약합편,方藥合編,인삼,人蔘,2.81
41,익위승양탕,益胃升陽湯,방약합편,方藥合編,진피,陳皮,1.88
41,익위승양탕,益胃升陽湯,방약합편,方藥合編,황금,黃芩,0.75
41,익위승양탕,益胃升陽湯,방약합편,方藥合編,황기,黃芪,3.75
42,인삼패독산,人蔘敗毒散,동의보감,東醫寶鑑,감초,甘草,3.75
42,인삼패독산,人蔘敗毒散,동의보감,東醫寶鑑,강활,羌活,3.75
42,인삼패독산,人蔘敗毒散,동의보감,東醫寶鑑,길경,桔梗,3.75
42,인삼패독산,人蔘敗毒散,동의보감,東醫寶鑑,독활,獨活,3.75
42,인삼패독산,人蔘敗毒散,동의보감,東醫寶鑑,박하,薄荷,0.94
42,인삼패독산,人蔘敗毒散,동의보감,東醫寶鑑,복령,茯苓,3.75
42,인삼패독산,人蔘敗毒散,동의보감,東醫寶鑑,생강,生薑,1.5
42,인삼패독산,人蔘敗毒散,동의보감,東醫寶鑑,시호,柴胡,3.75
42,인삼패독산,人蔘敗毒散,동의보감,東醫寶鑑,인삼,人蔘,3.75
42,인삼패독산,人蔘敗毒散,동의보감,東醫寶鑑,지각,枳殼,3.75
42,인삼패독산,人蔘敗毒散,동의보감,東醫寶鑑,천궁,川芎,3.75
43,인진호탕,茵蔯蒿湯,방약합편,方藥合編,대황,大黃,13.13
43,인진호탕,茵蔯蒿湯,방약합편,方藥合編,인진호,茵蔯蒿,13.13
43,인진호탕,茵蔯蒿湯,방약합편,方藥合編,치자,梔子,13.13
44,자음강화탕,滋陰降火湯,방약합편,方藥合編,감초,甘草,1.88
44,자음강화탕,滋陰降火湯,방약합편,方藥合編,당귀,當歸,4.5
44,자음강화탕,滋陰降火湯,방약합편,方藥合編,대추,大棗,2
44,자음강화탕,滋陰降火湯,방약합편,方藥合編,맥문동,麥門冬,3.75
44,자음강화탕,滋陰降火湯,방약합편,方藥合編,백출,白朮,3.75
44,자음강화탕,滋陰降火湯,방약합편,方藥合編,생강,生薑,1.5
44,자음강화탕,滋陰降火湯,방약합편,方藥合編,생지황,生地黃,3
44,자음강화탕,滋陰降火湯,방약합편,方藥合編,숙지황,熱地黃,3.75
44,자음강화탕,滋陰降火湯,방약합편,方藥合編,작약,芍藥,4.88
44,자음강화탕,滋陰降火湯,방약합편,方藥合編,지모,知母,1.88
44,자음강화탕,滋陰降火湯,방약합편,方藥合編,진피,陳皮,2.63
44,자음강화탕,滋陰降火湯,방약합편,方藥合編,황백,黃栢,1.88
45,조위승기탕,調胃承氣湯,동의보감,東醫寶鑑,감초,甘草,3.75
45,조위승기탕,調胃承氣湯,동의보감,東醫寶鑑,대황,大黃,15
45,조위승기탕,調胃承氣湯,동의보감,東醫寶鑑,망초,芒硝,7.5
46,청상견통탕,淸上蠲痛湯,제중신편,濟衆新編,감국,甘菊,1.88
46,청상견통탕,淸上蠲痛湯,제중신편,濟衆新編,감초,甘草,1.13
46,청상견통탕,淸上蠲痛湯,제중신편,濟衆新編,강활,羌活,3.75
46,청상견통탕,淸上蠲痛湯,제중신편,濟衆新編,당귀,當歸,3.75
46,청상견통탕,淸上蠲痛湯,제중신편,濟衆新編,독활,獨活,3.75
46,청상견통탕,淸上蠲痛湯,제중신편,濟衆新編,만형자,蔓荊子,1.88
46,청상견통탕,淸上蠲痛湯,제중신편,濟衆新編,맥문동,麥門冬,3.75
46,청상견통탕,淸上蠲痛湯,제중신편,濟衆新編,방풍,防風,3.75
46,청상견통탕,淸上蠲痛湯,제중신편,濟衆新編,백지,白芷,3.75
46,청상견통탕,淸上蠲痛湯,제중신편,濟衆新編,세신,細辛,1.13
46,청상견통탕,淸上蠲痛湯,제중신편,濟衆新編,창출,蒼朮,3.75
46,청상견통탕,淸上蠲痛湯,제중신편,濟衆新編,천궁,川芎,3.75
46,청상견통탕,淸上蠲痛湯,제중신편,濟衆新編,황금,黃芩,5.63
47,청서익기탕,淸署益氣湯,방약합편,方藥合編,갈근,葛根,1.13
47,청서익기탕,淸署益氣湯,방약합편,方藥合編,감초,甘草,1.13
47,청서익기탕,淸署益氣湯,방약합편,方藥合編,당귀,當歸,1.13
47,청서익기탕,淸署益氣湯,방약합편,方藥合編,맥문동,麥門冬,1.13
47,청서익기탕,淸署益氣湯,방약합편,方藥合編,백출,白朮,1.88
47,청서익기탕,淸署益氣湯,방약합편,方藥合編,승마,升麻,3.75
47,청서익기탕,淸署益氣湯,방약합편,方藥合編,신곡,神 麯,1.88
47,청서익기탕,淸署益氣湯,방약합편,方藥合編,인삼,人蔘,1.88
47,청서익기탕,淸署益氣湯,방약합편,方藥合編,진피,陳皮,1.88
47,청서익기탕,淸署益氣湯,방약합편,方藥合編,창출,蒼朮,5.63
47,청서익기탕,淸署益氣湯,방약합편,方藥合編,청피,靑皮,1.13
47,청서익기탕,淸署益氣湯,방약합편,方藥合編,택사,澤瀉,1.88
47,청서익기탕,淸署益氣湯,방약합편,方藥合編,황기,黃芪,3.75
47,청서익기탕,淸署益氣湯,방약합편,方藥合編,황백,黃栢,1.13
48,청위산,淸胃散,방약합편,方藥合編,당귀,當歸,3.75
48,청위산,淸胃散,방약합편,方藥合編,목단피,牧丹皮,5.63
48,청위산,淸胃散,방약합편,方藥合編,생지황,生地黃,3.75
48,청위산,淸胃散,방약합편,方藥合編,승마,升麻,7.5
48,청위산,淸胃散,방약합편,方藥合編,황련,黃連,3.75
49,팔물탕,八物湯,방약합편,方藥合編,감초,甘草,4.5
49,팔물탕,八物湯,방약합편,方藥合編,당귀,當歸,4.5
49,팔물탕,八物湯,방약합편,方藥合編,백출,白朮,4.5
49,팔물탕,八物湯,방약합편,方藥合編,복령,茯苓,4.5
49,팔물탕,八物湯,방약합편,方藥合編,숙지황,熱地黃,4.5
49,팔물탕,八物湯,방약합편,方藥合編,인삼,人蔘,4.5
49,팔물탕,八物湯,방약합편,方藥合編,작약,芍藥,4.5
49,팔물탕,八物湯,방약합편,方藥合編,천궁,川芎,4.5
50,평위산,平胃散,동의보감,東醫寶鑑,감초,甘草,2.25
50,평위산,平胃散,동의보감,東醫寶鑑,대추,大棗,2
50,평위산,平胃散,동의보감,東醫寶鑑,생강,生薑,1.5
50,평위산,平胃散,동의보감,東醫寶鑑,진피,陳皮,5.25
50,평위산,平胃散,동의보감,東醫寶鑑,창출,蒼朮,7.5
50,평위산,平胃散,동의보감,東醫寶鑑,후박,厚朴,3.75
51,散,杏蘇湯,동의보감,東醫寶鑑,감초,甘草,1.88
51,散,杏蘇湯,동의보감,東醫寶鑑,반하,半夏,3.75
51,散,杏蘇湯,동의보감,東醫寶鑑,백출,白朮,3.75
51,散,杏蘇湯,동의보감,東醫寶鑑,상백피,桑白皮,3.75
51,散,杏蘇湯,동의보감,東醫寶鑑,생강,生薑,2.5
51,散,杏蘇湯,동의보감,東醫寶鑑,오미자,五味子,3.75
51,散,杏蘇湯,동의보감,東醫寶鑑,자소엽,紫蘇葉,3.75
51,散,杏蘇湯,동의보감,東醫寶鑑,절패모,浙貝母,3.75
51,散,杏蘇湯,동의보감,東醫寶鑑,진피,陳皮,3.75
51,散,杏蘇湯,동의보감,東醫寶鑑,행인,杏仁,3.75
52,향사평위산,香砂平胃散,방약합편,方藥合編,감초,甘草,1.88
52,향사평위산,香砂平胃散,방약합편,方藥合編,곽향,藿香,3
52,향사평위산,香砂平胃散,방약합편,方藥合編,목향,木香,1.88
52,향사평위산,香砂平胃散,방약합편,方藥合編,사인,砂仁,2.63
52,향사평위산,香砂平胃散,방약합편,方藥合編,생강,生薑,1.5
52,향사평위산,香砂平胃散,방약합편,方藥合編,지실,枳 實,3
52,향사평위산,香砂平胃散,방약합편,方藥合編,진피,陳皮,3.75
52,향사평위산,香砂平胃散,방약합편,方藥合編,창출,蒼朮,7.5
52,향사평위산,香砂平胃散,방약합편,方藥合編,향부자,香附子,3.75
52,향사평위산,香砂平胃散,방약합편,方藥合編,후박,厚朴,2.63
53,황금작약탕,黃金芍藥湯,방약합편,方藥合編,감초,甘草,3.75
53,황금작약탕,黃金芍藥湯,방약합편,方藥合編,작약,芍藥,7.5
53,황금작약탕,黃金芍藥湯,방약합편,方藥合編,황금,黃芩,7.5
54,황련해독탕,黃連解毒湯,방약합편,方藥合編,치자,梔子,4.69
54,황련해독탕,黃連解毒湯,방약합편,方藥合編,황금,黃芩,4.69
54,황련해독탕,黃連解毒湯,방약합편,方藥合編,황련,黃連,4.69
54,황련해독탕,黃連解毒湯,방약합편,方藥合編,황백,黃栢,4.69
55,형개연교탕,荊芥連翹湯,방약합편,方藥合編,감초,甘草,1.88
55,형개연교탕,荊芥連翹湯,방약합편,方藥合編,길경,桔梗,2.63
55,형개연교탕,荊芥連翹湯,방약합편,方藥合編,당귀,當歸,2.63
55,형개연교탕,荊芥連翹湯,방약합편,方藥合編,방풍,防風,2.63
55,형개연교탕,荊芥連翹湯,방약합편,方藥合編,백지,白芷,2.63
55,형개연교탕,荊芥連翹湯,방약합편,方藥合編,시호,柴胡,2.63
55,형개연교탕,荊芥連翹湯,방약합편,方藥合編,연교,連翹,2.63
55,형개연교탕,荊芥連翹湯,방약합편,方藥合編,작약,芍藥,2.63
55,형개연교탕,荊芥連翹湯,방약합편,方藥合編,지각,枳殼,2.63
55,형개연교탕,荊芥連翹湯,방약합편,方藥合編,천궁,川芎,2.63
55,형개연교탕,荊芥連翹湯,방약합편,方藥合編,치자,梔子,2.63
55,형개연교탕,荊芥連翹湯,방약합편,方藥合編,형개,荊芥,2.63
55,형개연교탕,荊芥連翹湯,방약합편,方藥合編,황금,黃芩,2.63
56,회춘양격산,回春涼隔散,방약합편,方藥合編,감초,甘草,2.63
56,회춘양격산,回春涼隔散,방약합편,方藥合編,길경,桔梗,2.63
56,회춘양격산,回春涼隔散,방약합편,方藥合編,당귀,當歸,2.63
56,회춘양격산,回春涼隔散,방약합편,方藥合編,박하,薄荷,2.63
56,회춘양격산,回春涼隔散,방약합편,方藥合編,생지황,生地黃,2.63
56,회춘양격산,回春涼隔散,방약합편,方藥合編,연교,連翹,4.5
56,회춘양격산,回春涼隔散,방약합편,方藥合編,작약,芍藥,2.63
56,회춘양격산,回春涼隔散,방약합편,方藥合編,지각,枳殼,2.63
56,회춘양격산,回春涼隔散,방약합편,方藥合編,치자,梔子,2.63
56,회춘양격산,回春涼隔散,방약합편,方藥合編,황금,黃芩,2.63
56,회춘양격산,回春涼隔散,방약합편,方藥合編,황련,黃連,2.63