﻿Patient Number,Date Confirmed,Origin Type,Status,Outcome Date,Contact With,Origin Location,Patient Location,Sex,Age,Comments
P1,9-Mar-20,T,Clinically Recovered,,,"Austin, USA",Bengaluru,M,40,
P2,10-Mar-20,T2P,Clinically Recovered,,P1,,Bengaluru,F,40,Wife of P1
P3,10-Mar-20,T2P,Clinically Recovered,,P1,,Bengaluru,F,17,Daughter of P1
P4,11-Mar-20,T,Clinically Recovered,,,"Los Angeles, USA",Bengaluru,M,44,
P5,12-Mar-20,T,Clinically Recovered,,,"Switzerland, France, Greece",Bengaluru,M,30,
P6,13-Mar-20,T,Deceased,13-Mar-20,,Saudi Arabia,Kalburgi,M,70,
P7,15-Mar-20,T2P,Clinically Recovered,,P6,Kalburgi,Kalburgi,F,45,Daughter of P6
P8,16-Mar-20,T,Clinically Recovered,,,UK,Bengaluru,M,32,
P9,17-Mar-20,T2P,Clinically Recovered,,P6,Kalburgi,Kalburgi,M,63,Doctor of P6
P10,17-Mar-20,T,Clinically Recovered,,,UK,Bengaluru,F,20,
P11,17-Mar-20,T,Clinically Recovered,,,Dubai,Bengaluru,F,67,
P12,18-Mar-20,T,Clinically Recovered,,,Spain,Bengaluru,M,25,
P13,18-Mar-20,T,Under Treatment,,,USA,Bengaluru,F,56,
P14,18-Mar-20,T,Under Treatment,,,USA,Bengaluru,M,35,
P15,19-Mar-20,T,Under Treatment,,,Dubai,Kodagu,M,35,
P16,21-Mar-20,T2P,Under Treatment,,P11,Bengaluru,Bengaluru,F,53,Housemaid of P11
P17,21-Mar-20,T,Under Treatment,,,Netherland,Bengaluru,M,39,
P18,21-Mar-20,T,Under Treatment,,,Scotland,Bengaluru,F,21,
P19,21-Mar-20,T,Under Treatment,,,Saudi Arabia,Chikkaballapur,M,31,
P20,21-Mar-20,T,Under Treatment,,,Dubai,Mysuru,M,35,
P21,22-Mar-20,T,Under Treatment,,,Dubai,Dharwad,M,33,
P22,22-Mar-20,T,Under Treatment,,,Saudi Arabia,Chikkaballapur,F,64,
P23,22-Mar-20,T,Under Treatment,,,France,Bengaluru,F,36,
P24,22-Mar-20,T,Under Treatment,,,Germany,Bengaluru,M,27,
P25,22-Mar-20,T,Under Treatment,,,London,Bengaluru,M,51,
P26,22-Mar-20,T,Clinically Recovered,,,Dubai,Mangalore,M,22,Native of Bhatkal
P27,23-Mar-20,T,Under Treatment,,,Dubai,Mysuru,M,46,Native of Kerala
P28,23-Mar-20,T,Under Treatment,,,Dubai,Bengaluru,M,38,
P29,23-Mar-20,T,Under Treatment,,,UK,Bengaluru,M,41,
P30,23-Mar-20,T2P,Under Treatment,,P17,Bengaluru,Bengaluru,F,30,Wife of P17
P31,23-Mar-20,T,Under Treatment,,,UK,Bengaluru,M,24,
P32,23-Mar-20,T,Under Treatment,,,Germany,Bengaluru,M,60,
P33,23-Mar-20,T,Under Treatment,,,Dubai,Bengaluru,M,22,Native of Kerala
P34,24-Mar-20,T,Under Treatment,,,Dubai,Mangalore,M,32,Native of Kerala
P35,24-Mar-20,T,Under Treatment,,,Dubai,Uttarara Kannada,M,40,
P36,24-Mar-20,T,Under Treatment,,,Dubai,Uttarara Kannada,M,65,
P37,24-Mar-20,T2P,Under Treatment,,"P19, P22",Saudi Arabia,Chikkaballapur,F,56,Family member
P38,24-Mar-20,T2P,Under Treatment,,P13,Bengaluru,Bengaluru,F,56,
P39,24-Mar-20,T,Under Treatment,,,Dubai,Mangalore,M,47,Native of Kerala
P40,24-Mar-20,T,Under Treatment,,,Saudi Arabia,Mangalore,F,70,Native of Kerala
P41,24-Mar-20,T,Under Treatment,,,Dubai,Mangalore,M,23,Native of Kerala
P42,25-Mar-20,T,Clinically Recovered,,,Guyana,Davanagere,F,37,Native of Chitradurga
P43,25-Mar-20,T,Under Treatment,,,Brazil,Bengaluru,M,63,
P44,25-Mar-20,T,Under Treatment,,,Argentina,Bengaluru,F,59,
P45,25-Mar-20,T,Under Treatment,,,Spain,Bengaluru,M,26,
P46,25-Mar-20,T,Under Treatment,,,Spain,Bengaluru,M,26,
P47,25-Mar-20,T,Under Treatment,,,Athens,Bengaluru,F,63,
P48,25-Mar-20,T,Under Treatment,,,London,Bengaluru,M,69,
P49,25-Mar-20,T2P,Under Treatment,,P17,Bengaluru,Bengaluru,F,9,
P50,25-Mar-20,T2P,Under Treatment,,P17,Bengaluru,Bengaluru,F,7,
P51,25-Mar-20,T,Under Treatment,,,Dubai,Udupi,M,34,
P52,26-Mar-20,P2P,Under Treatment,,,Mysuru,Mysuru,M,35,Contact with Health care proffessionals
P53,26-Mar-20,T,Deceased,,,Saudi Arabia,Bengaluru,F,70,Native of Chikballapur
P54,26-Mar-20,T,Under Treatment,,,France,Bengaluru,M,64,Native of AP
P55,26-Mar-20,T2P,Under Treatment,,P25,Bengaluru,Bengaluru,M,45,Security Guard
P56,27-Mar-20,P2P,Under Treatment,,,Kerala,Dakshina Kannada,M,0,"10 months, Under investigation, Kerala visit"
P57,27-Mar-20,T,Under Treatment,,,Colombo,Bengaluru,M,20,
P58,27-Mar-20,T,Under Treatment,,,London,Bengaluru,F,25,
P59,27-Mar-20,T2P,Under Treatment,,P25,Bengaluru,Bengaluru,F,35,Housemaid of P25
P60,27-Mar-20,T2TJ,Deceased,,,Delhi,Tumkur,M,60,
P61,27-Mar-20,T2P,Under Treatment,,P25,Bengaluru,Bengaluru,F,33,Housemaid of P25
P62,27-Mar-20,T,Under Treatment,,,Dubai,Uttarara Kannada,M,22,
P63,27-Mar-20,T,Under Treatment,,,Paris,Davanagere,M,18,
P64,27-Mar-20,T,Under Treatment,,,Dubai,Dakshina Kannada,M,21,
P65,28-Mar-20,T2P,Under Treatment,,P36,Uttara Kannada,Uttarara Kannada,F,54,Wife of P36
P66,28-Mar-20,T2P,Under Treatment,,P36,Uttara Kannada,Uttarara Kannada,F,28,Daughter of P36
P67,28-Mar-20,T2P,Under Treatment,,P36,Uttara Kannada,Uttarara Kannada,F,23,Daughter of P36
P68,28-Mar-20,T,Under Treatment,,P25,London,Bengaluru,M,21,Son of P25
P69,28-Mar-20,T2P,Under Treatment,,P19,Hindupur,Chikkaballapur,M,23,Contact with P19
P70,28-Mar-20,T2P,Under Treatment,,P19,Hindupur,Chikkaballapur,M,70,Contact with P19
P71,28-Mar-20,T2P,Under Treatment,,P19,Chikkaballapur,Chikkaballapur,F,32,Contact with P19
P72,28-Mar-20,T2P,Under Treatment,,P19,Chikkaballapur,Chikkaballapur,M,38,Contact with P19
P73,28-Mar-20,T2P,Under Treatment,,P19,Chikkaballapur,Chikkaballapur,M,18,Contact with P19
P74,28-Mar-20,T,Under Treatment,,,London,Bengaluru,F,63,
P75,28-Mar-20,T2P,Clinically Recovered,,P42,Davanagere,Davanagere,M,20,Cousing of P42
P76,28-Mar-20,T2P,Under Treatment,,P35,Uttara Kannada,Uttarara Kannada,M,24,Contact with P35
P77,29-Mar-20,P2P,Under Treatment,,,Nanjanagud,Mysuru,M,39,Pharma Company co workers
P78,29-Mar-20,P2P,Under Treatment,,P52,Nanjanagud,Mysuru,M,38,Pharma Company co workers
P79,29-Mar-20,P2P,Under Treatment,,,Nanjanagud,Mysuru,M,21,Pharma Company co workers
P80,29-Mar-20,P2P,Under Treatment,,,Nanjanagud,Mysuru,M,31,Pharma Company co workers
P81,29-Mar-20,P2P,Under Treatment,,,Nanjanagud,Mysuru,M,42,Pharma Company co workers
P82,29-Mar-20,T,Under Treatment,,,Dubai,Udupi,M,35,
P83,29-Mar-20,T,Under Treatment,,,Thiruvananthapuram,Udupi,M,29,
P84,30-Mar-20,TJ2P,Under Treatment,,P60,Tumkur,Tumkur,M,13,
P85,30-Mar-20,P2P,Under Treatment,,P52,Nanjanagud,Mysuru,M,32,Pharma Company co workers
P86,30-Mar-20,P2P,Under Treatment,,P52,Nanjanagud,Mysuru,M,34,Pharma Company co workers
P87,30-Mar-20,P2P,Under Treatment,,P52,Nanjanagud,Mysuru,M,21,Pharma Company co workers
P88,30-Mar-20,P2P,Under Treatment,,P52,Nanjanagud,Mysuru,M,24,Pharma Company co workers
P89,31-Mar-20,P2P,Under Treatment,,,Bengaluru,Bellari,M,52,Under Investigation
P90,31-Mar-20,P2P,Under Treatment,,,Bengaluru,Bellari,F,48,Under Investigation
P91,31-Mar-20,P2P,Under Treatment,,,Bengaluru,Bellari,F,26,Under Investigation
P92,31-Mar-20,P2P,Under Treatment,,P59,Bengaluru,Bengaluru,M,40,Husband P59
P93,31-Mar-20,T,Under Treatment,,,New York,Bengaluru,M,19,
P94,31-Mar-20,P2P,Under Treatment,,P19,Unknown,Chikkaballapur,F,40,"Could be contact with P19, under investigation"
P95,31-Mar-20,P2P,Under Treatment,,P52,Nanjanagud,Mysuru,M,35,"Pharma Company co workers, contact with P52"
P96,31-Mar-20,P2P,Under Treatment,,P52,Nanjanagud,Mysuru,M,41,"Pharma Company co workers, contact with P52"
P97,31-Mar-20,T,Under Treatment,,,Dubai,Dakshina Kannada,M,34,
P98,31-Mar-20,T,Under Treatment,,,Dubai,Uttarara Kannada,M,26,
P99,31-Mar-20,P2P,Under Treatment,,P9,Kalburgi,Kalburgi,F,60,Wife of P9
P100,31-Mar-20,T,Under Treatment,,,Dubai,Bengaluru,M,40,
P101,31-Mar-20,P2P,Under Treatment,,,,Bengaluru,F,62,Under Investigation
P102,1-Apr-20,P2P,Under Treatment,,,,Bengaluru,M,24,Under Investigation
P103,1-Apr-20,P2P,Under Treatment,,P52,Nanjanagud,Mysuru,M,37,Pharma Company co workers
P104,1-Apr-20,P2P,Under Treatment,,P52,Nanjanagud,Mysuru,M,27,Pharma Company co workers
P105,1-Apr-20,P2P,Under Treatment,,P103,Nanjanagud,Mysuru,M,33,"Native of Bengaluru, Contact with P103"
P106,1-Apr-20,T,Under Treatment,,,Dubai,Dakshina Kannada,M,49,Travelled  20-Mar-2020
P107,1-Apr-20,T,Under Treatment,,,Spain,Bengaluru,M,26,Travelled  18-Mar-2020
P108,1-Apr-20,T,Under Treatment,,,Germany,Bengaluru,M,63,"Native of kerala, Travelled 21-Mar-2020"
P109,1-Apr-20,P2P,Under Treatment,,P52,Nanjanagud,Mysuru,M,63,Contact of P52
P110,1-Apr-20,P2P,Under Treatment,,P52,Nanjanagud,Mysuru,F,27,Wife of P52
P111,2-Apr-20,P2P,Under Treatment,,P88,Nanjanagud,Mysuru,M,24,Room mate of P88
P112,2-Apr-20,P2P,Under Treatment,,P88,Nanjanagud,Mysuru,M,22,Room mate of P88
P113,2-Apr-20,P2P,Under Treatment,,P81,Nanjanagud,Bellari,M,14,Son of P81
P114,2-Apr-20,T2P,Under Treatment,,,"Nizamuddin Markaz, Delhi",Bidar,M,48,
P115,2-Apr-20,T2P,Under Treatment,,,"Nizamuddin Markaz, Delhi",Bidar,M,30,
P116,2-Apr-20,T2P,Under Treatment,,,"Nizamuddin Markaz, Delhi",Bidar,M,41,
P117,2-Apr-20,T2P,Under Treatment,,,"Nizamuddin Markaz, Delhi",Bidar,M,66,
P118,2-Apr-20,T2P,Under Treatment,,,"Nizamuddin Markaz, Delhi",Bidar,M,59,
P119,2-Apr-20,T2P,Under Treatment,,,"Nizamuddin Markaz, Delhi",Bidar,M,39,Native of Hyderabad
P120,2-Apr-20,T2P,Under Treatment,,,"Nizamuddin Markaz, Delhi",Bidar,M,60,
P121,2-Apr-20,T2P,Under Treatment,,,"Nizamuddin Markaz, Delhi",Bidar,M,63,
P122,2-Apr-20,T2P,Under Treatment,,,"Nizamuddin Markaz, Delhi",Bidar,M,73,
P123,2-Apr-20,T2P,Under Treatment,,,"Nizamuddin Markaz, Delhi",Bidar,M,45,
P124,2-Apr-20,P2P,Under Treatment,,,Nizamuddin visitor contact,Kalburgi,F,60,
P125,3-Apr-20,P2P,Deceased,3-Apr-20,,Bagalkote,Bagalkote,M,75,Under Investigation
P126,3-Apr-20,T2P,Under Treatment,,,Nizamuddin visitor contact,Belgaum,M,70,
P127,3-Apr-20,T2P,Under Treatment,,,Nizamuddin visitor contact,Belgaum,M,26,
P128,3-Apr-20,T2P,Under Treatment,,,Nizamuddin visitor contact,Belgaum,M,20,
P129,4-Apr-20,T2P,Under Treatment,,P58,Bengaluru,Bengaluru,M,21,Servant of P58
P130,4-Apr-20,T2P,Under Treatment,,P58,Bengaluru,Bengaluru,M,57,Father of P58
P131,4-Apr-20,P2P,Under Treatment,,P101,Bengaluru,Bengaluru,M,43,"RGICD, Bengaluru, Son of P101"
P132,4-Apr-20,T,Under Treatment,,,Dubai,Bengaluru,M,78,"Manipal Hospital, Travelled on 17-Mar-2020"
P133,4-Apr-20,T,Under Treatment,,,Germany,Bengaluru,M,60,native of Kerala
P134,4-Apr-20,T2P,Under Treatment,,,Nizamuddin visitor contact,Mysuru,M,38,
P135,4-Apr-20,T2P,Under Treatment,,,Nizamuddin visitor contact,Mysuru,M,19,
P136,4-Apr-20,T2P,Under Treatment,,,Nizamuddin visitor contact,Mysuru,M,39,
P137,4-Apr-20,P2P,Under Treatment,,,Under Investigation,Mysuru,M,39,
P138,4-Apr-20,T2P,Under Treatment,,,Nizamuddin visitor contact,Mysuru,M,54,
P139,4-Apr-20,P2P,Under Treatment,,,Under Investigation,Mysuru,M,40,
P140,4-Apr-20,P2P,Under Treatment,,P109,Mysuru,Mysuru,M,34,Contact with P109
P141,4-Apr-20,P2P,Under Treatment,,,Bellari,Bellari,F,47,Under Investigation
P142,4-Apr-20,T,Under Treatment,,,Dubai,Mangalore,F,63,"Travelled on 22-Mar-2020, Native of Udupi"
P143,4-Apr-20,T2P,Under Treatment,,,"Nizamuddin Markaz, Delhi",Mangalore,M,43,Nizamuddin
P144,4-Apr-20,T2P,Under Treatment,,,"Nizamuddin Markaz, Delhi",Mangalore,M,52,Nizamuddin
P145,5-Apr-20,T,Under Treatment,,,Dubai,Bengaluru,M,68,
P146,5-Apr-20,T,Under Treatment,,P145,Dubai,Bengaluru,F,62,Wife of P145
P147,5-Apr-20,T2P,Under Treatment,,,"Nizamuddin Markaz, Delhi",Belgaum,F,36,
P148,5-Apr-20,T2P,Under Treatment,,,"Nizamuddin Markaz, Delhi",Belgaum,M,40,
P149,5-Apr-20,T2P,Under Treatment,,,"Nizamuddin Markaz, Delhi",Belgaum,F,67,
P150,5-Apr-20,T2P,Under Treatment,,,"Nizamuddin Markaz, Delhi",Belgaum,F,41,
P151,5-Apr-20,T2P,Under Treatment,,,"Nizamuddin Markaz, Delhi",Bellari,M,41,
P152,6-Apr-20,T2P,Under Treatment,,"P43, P44",Bengaluru,Bengaluru,M,32,
P153,6-Apr-20,T,Under Treatment,,"P106, P133",Germany,Bengaluru,F,62,"Contact with P106, P133, Native of Kerala"
P154,6-Apr-20,P2P,Under Treatment,,P104,Mysuru,Mysuru,M,20,Brother of Pharma employee
P155,6-Apr-20,T2P,Under Treatment,,,"Nizamuddin Markaz, Delhi",Mysuru,M,37,
P156,6-Apr-20,T2P,Under Treatment,,,"Nizamuddin Markaz, Delhi",Mysuru,M,57,
P157,6-Apr-20,T2P,Under Treatment,,,"Nizamuddin Markaz, Delhi",Mysuru,M,22,
P158,6-Apr-20,P2P,Under Treatment,,,Under Investigation,Mysuru,M,26,
P159,6-Apr-20,P2P,Under Treatment,,P52,Nanjanagud,Mysuru,F,32,Pharma Company co workers
P160,6-Apr-20,T,Under Treatment,,,Dubai,Mysuru,F,35,
P161,6-Apr-20,P2P,Under Treatment,,P125,Bagalkote,Bagalkote,F,54,Wife of P125
P162,6-Apr-20,P2P,Under Treatment,,P125,Bagalkote,Bagalkote,M,58,Brother of P125
P163,6-Apr-20,T2P,Under Treatment,,,"Nizamuddin Markaz, Delhi",Bengaluru,M,43,
