activity_type;timestamp;favorite;title;distance;calories;time;avg_pace;best_pace;avg_stride_length;total_strokes;avg_swolf;avg_stroke_rate;decompression;number_of_runs
open_water_swimming;17/06/2019 06:35;false;Rio de Janeiro Open Water Swimming;3,16;376;01:24:33;02:40;00:18;0.00;1946;61;23;No;1
open_water_swimming;12/06/2019 06:31;false;Rio de Janeiro Open Water Swimming;2,849;335;01:21:21;02:51;00:52;0.00;1861;65;22;No;1
open_water_swimming;07/06/2019 06:31;false;Rio de Janeiro Open Water Swimming;2,702;317;01:20:21;02:58;00:34;0.00;1856;68;23;No;1
open_water_swimming;31/05/2019 06:32;false;Rio de Janeiro Open Water Swimming;2,85;337;01:23:45;02:56;00:26;0.00;1869;66;22;No;1
open_water_swimming;29/05/2019 06:31;false;Rio de Janeiro Open Water Swimming;3,393;403;01:28:04;02:36;00:51;0.00;2024;59;22;No;1
open_water_swimming;22/05/2019 06:30;false;Rio de Janeiro Open Water Swimming;2,882;340;01:23:24;02:54;00:22;0.00;1876;65;22;No;1
open_water_swimming;13/05/2019 06:29;true;Rio de Janeiro Open Water Swimming;3,42;408;01:26:59;02:33;00:37;0.00;1984;58;22;No;1
open_water_swimming;06/05/2019 06:30;false;Rio de Janeiro Open Water Swimming;2,749;325;01:24:43;03:05;00:25;0.00;1980;70;23;No;1
open_water_swimming;29/04/2019 06:29;false;Rio de Janeiro Open Water Swimming;3,016;361;01:22:42;02:44;00:33;0.00;1957;63;23;No;1
open_water_swimming;24/04/2019 06:30;false;Rio de Janeiro Open Water Swimming;2,864;341;01:24:34;02:57;00:28;0.00;1947;67;23;No;1
open_water_swimming;15/04/2019 06:32;false;Rio de Janeiro Open Water Swimming;2,961;356;01:23:15;02:49;00:29;0.00;1963;64;23;No;1
open_water_swimming;08/04/2019 06:34;false;Rio de Janeiro Open Water Swimming;2,666;315;01:16:00;02:51;00:36;0.00;1727;64;22;No;1
open_water_swimming;03/04/2019 06:32;false;Rio de Janeiro Open Water Swimming;2,177;266;01:18:09;03:35;00:25;0.00;1804;82;23;No;1
open_water_swimming;31/03/2019 07:43;true;Rio de Janeiro Open Water Swimming;3,685;456;01:34:00;02:33;00:13;0.00;2296;59;24;No;1
open_water_swimming;27/03/2019 06:30;false;Rio de Janeiro Open Water Swimming;2,68;323;01:23:58;03:08;00:14;0.00;1927;71;22;No;1
open_water_swimming;20/03/2019 06:30;false;Rio de Janeiro Open Water Swimming;2,542;305;01:21:53;03:13;00:29;0.00;1910;73;23;No;1
open_water_swimming;13/03/2019 06:30;false;Rio de Janeiro Open Water Swimming;2,555;306;01:24:47;03:19;00:28;0.00;1952;75;23;No;1
open_water_swimming;08/03/2019 06:30;false;Rio de Janeiro Open Water Swimming;2,774;335;01:24:30;03:03;00:15;0.00;1958;69;23;No;1
open_water_swimming;25/02/2019 06:33;false;Rio de Janeiro Open Water Swimming;2,359;286;01:22:50;03:31;00:22;0.00;1916;80;23;No;1
open_water_swimming;20/02/2019 06:28;false;Rio de Janeiro Open Water Swimming;2,777;326;01:29:28;03:13;00:32;0.00;2027;73;22;No;1
