{"realtime_start": "2019-12-06", "realtime_end": "2019-12-06", "seriess": [{"id": "B080ACS006037", "realtime_start": "2019-12-06", "realtime_end": "2019-12-06", "title": "Mean Commuting Time for Workers (5-year estimate) in Los Angeles County, CA", "observation_start": "2009-01-01", "observation_end": "2017-01-01", "frequency": "Annual", "frequency_short": "A", "units": "Minutes", "units_short": "Minutes", "seasonal_adjustment": "Not Seasonally Adjusted", "seasonal_adjustment_short": "NSA", "last_updated": "2018-12-07 09:41:02-06", "popularity": 24, "notes": "Mean commuting time is calculated by dividing the aggregate travel time to work for all workers (in minutes) by the total number of workers, 16-years old and older, who commute (ACS 5-year variables B08013_001E from table B08013 and B08012_001E from table B08012, respectively).\n\nMultiyear estimates from the American Community Survey (ACS) are \"period\" estimates derived from a data sample collected over a period of time, as opposed to \"point-in-time\" estimates such as those from past decennial censuses. ACS 5-year estimate includes data collected over a 60-month period. The date of the data is the end of the 5-year period. For example, a value dated 2014 represents data from 2010 to 2014. However, they do not describe any specific day, month, or year within that time period.\n\nMultiyear estimates require some considerations that single-year estimates do not. For example, multiyear estimates released in consecutive years consist mostly of overlapping years and shared data. The 2010\u20132014 ACS 5-year estimates share sample data from 2011 through 2014 with the 2011\u20132015 ACS 5-year estimates. Because of this overlap, users should use extreme caution in making comparisons with consecutive years of multiyear estimates.\n\nPlease see \"Section 3: Understanding and Using ACS Single-Year and Multiyear Estimates\" on publication page 13 (file page 19) of the 2018 ACS General Handbook (https://www.census.gov/content/dam/Census/library/publications/2018/acs/acs_general_handbook_2018.pdf) for a more thorough clarification."}]}