Student ID,Final exam,Place of Birth,Gender,Major ,Intake,Birth Year,IELTS,Finance 2,Finance 1,Mathematics ,Statistics  
312606,45,Ho Chi Minh,Female,Finance and Accounting,2016,1998,6,45,60,70,65
39439,65,Binh Duong,Female,Finance and Accounting,2015,1996,7.5,50,65,90,100
39483,75,Ho Chi Minh,Female,Finance and Accounting,2015,1997,6,45,50,75,45
39533,50,Dong Nai,Female,Finance and Accounting,2015,1997,6,55,55,80,55
39543,65,Ho Chi Minh,Female,Finance and Accounting,2015,1997,8,45,65,75,50
311089,45,Ho Chi Minh,Female,Finance and Accounting,2016,1997,6,45,55,80,50
311779,45,Ho Chi Minh,Male,Finance and Accounting,2016,1994,6.5,45,60,70,45
312103,65,Thua Thien Hue,Female,Finance and Accounting,2016,1998,7,45,75,70,75
312175,50,Ho Chi Minh,Male,Finance and Accounting,2016,1998,6,45,45,65,55
312621,45,Ben Tre,Female,Finance and Accounting,2017,1999,7,45,70,70,80
313149,85,Ho Chi Minh,Female,Finance and Accounting,2017,1999,6,70,85,100,90
313164,50,Dong Nai,Female,Finance and Accounting,2017,1998,6,45,50,65,75
313195,70,Ho Chi Minh,Female,Finance and Accounting,2017,1999,7,65,80,85,90
313278,75,Binh Duong,Female,Finance and Accounting,2017,1999,6,45,65,80,90
313341,85,Ho Chi Minh,Female,Finance and Accounting,2017,1999,6,50,80,85,90
313491,100,Ho Chi Minh,Female,Finance and Accounting,2017,1999,6.5,80,100,100,100
313514,75,Ho Chi Minh,Female,Finance and Accounting,2017,1999,6,70,85,80,100
313536,90,Gia Lai,Male,Finance and Accounting,2017,1999,6.5,75,90,85,90
313719,45,Khanh Hoa,Female,Finance and Accounting,2017,1999,7,50,70,50,75
313796,45,Ho Chi Minh,Male,Finance and Accounting,2017,1999,8,50,65,70,80
313918,60,Ha Noi,Female,Finance and Accounting,2017,1999,6.5,75,90,85,100
313974,45,Ho Chi Minh,Female,Finance and Accounting,2017,1999,6,45,80,65,55
313988,100,Binh Duong,Female,Finance and Accounting,2017,1999,7.5,100,100,90,90
314060,45,Ho Chi Minh,Female,Finance and Accounting,2017,1999,6.5,55,85,65,70
314149,70,Ba Ria - Vung Tau,Female,Finance and Accounting,2017,1999,6,85,90,75,90
,,,,,,,,,,,
