Registry;Group;IFNG+874;unstimulated IFN-y pg/ml;PHA IFN-y pg/ml;Ag IFN-y pg/ml;CD3+ number;PHA normalized;Ag normalized;IGRA result;TST result;Sex;Age;Ethnic background
372;TB;AA;39,87;4370,19;108,24;1224,67;3,57;0,09;POSITIVE;POSITIVE;M;29;NON-WHITE
624;TB;AA;0;2831;5922,23;.;.;.;POSITIVE;POSITIVE;M;27;NON-WHITE
626;TB;AA;78,59;12633,47;3410,44;.;.;.;POSITIVE;.;M;58;NON-WHITE
627;TB;AA;0;16835,86;940,35;.;.;.;POSITIVE;.;F;27;NON-WHITE
628;TB;AA;0;317,27;3022,55;.;.;.;POSITIVE;.;M;63;NON-WHITE
629;TB;AA;0;2726,6;1168,99;.;.;.;POSITIVE;.;M;43;NON-WHITE
633;TB;AA;.;.;.;.;.;.;POSITIVE;.;M;56;NON-WHITE
635;TB;AA;.;.;.;.;.;.;POSITIVE;.;F;28;NON-WHITE
636;TB;AA;0;12112,94;37,52;.;.;.;POSITIVE;POSITIVE;F;21;NON-WHITE
638;TB;AA;0;963,38;299,59;.;.;.;POSITIVE;.;F;44;NON-WHITE
641;TB;AA;0;4153,8;126,67;533,57;7,78;0,24;POSITIVE;NEGATIVE;M;33;NON-WHITE
642;TB;AA;.;.;.;388,77;.;.;NEGATIVE;POSITIVE;M;54;NON-WHITE
643;TB;AA;0;5035,43;194,65;933,66;5,39;0,21;POSITIVE;NEGATIVE;M;28;NON-WHITE
645;TB;AA;0;823,27;0;549,51;1,50;.;NEGATIVE;NEGATIVE;M;20;NON-WHITE
647;TB;AA;0;6666,66;524,84;.;.;.;POSITIVE;.;M;33;NON-WHITE
650;TB;AA;31,48;6484,3;564,41;740,19;8,76;0,76;POSITIVE;POSITIVE;M;50;NON-WHITE
651;TB;AA;0;6430,04;909,89;3020,16;2,13;0,30;POSITIVE;POSITIVE;M;18;NON-WHITE
653;TB;AA;0;297,17;381,47;691,42;0,43;0,55;POSITIVE;POSITIVE;M;31;WHITE
654;TB;AA;124,08;949,78;131,12;1811,48;0,52;0,07;POSITIVE;.;M;48;NON-WHITE
655;TB;AA;0;9426,82;6003,01;1847,18;5,10;3,25;POSITIVE;POSITIVE;F;48;NON-WHITE
656;TB;AA;28,25;2378,77;2731,11;1095,65;2,17;2,49;POSITIVE;POSITIVE;M;52;NON-WHITE
658;TB;AA;.;.;.;1433,90;.;.;POSITIVE;POSITIVE;M;57;NON-WHITE
660;TB;AA;0;3820,24;3641,34;690,46;5,53;5,27;POSITIVE;POSITIVE;F;20;NON-WHITE
661;TB;AA;0;2059,89;1531,41;1622,01;1,27;0,94;POSITIVE;.;M;26;NON-WHITE
662;TB;AA;487,19;3425,11;1620,24;707,76;4,84;2,29;POSITIVE;POSITIVE;F;38;WHITE
664;TB;AA;.;.;.;2280,96;.;.;POSITIVE;NEGATIVE;M;28;WHITE
665;TB;AA;.;.;.;1249,32;.;.;POSITIVE;POSITIVE;M;43;WHITE
668;TB;AA;986,56;1108,74;1387,22;571,92;1,94;2,43;POSITIVE;POSITIVE;M;27;NON-WHITE
669;TB;AA;.;.;.;.;.;.;POSITIVE;POSITIVE;F;39;NON-WHITE
674;TB;AA;.;.;.;1768,11;.;.;POSITIVE;NEGATIVE;F;23;NON-WHITE
01TB;TB;AA;.;.;.;.;.;.;POSITIVE;.;M;44;.
02TB;TB;AA;.;.;.;.;.;.;POSITIVE;.;F;67;.
04TB;TB;AA;.;.;.;.;.;.;NEGATIVE;.;M;48;.
05TB;TB;AA;.;.;.;.;.;.;POSITIVE;.;F;38;.
06TB;TB;AA;.;.;.;.;.;.;POSITIVE;.;F;20;.
07TB;TB;AA;.;.;.;.;.;.;POSITIVE;.;F;34;.
08TB;TB;AA;.;.;.;.;.;.;POSITIVE;.;F;43;.
10TB;TB;AA;.;.;.;.;.;.;POSITIVE;.;M;49;.
11TB;TB;AA;.;.;.;.;.;.;POSITIVE;.;F;39;.
13TB;TB;AA;.;.;.;.;.;.;POSITIVE;.;F;26;.
14TB;TB;AA;.;.;.;.;.;.;POSITIVE;.;F;59;.
17TB;TB;AA;.;.;.;.;.;.;POSITIVE;.;F;33;.
18TB;TB;AA;.;.;.;.;.;.;POSITIVE;.;F;42;.
19TB;TB;AA;.;.;.;.;.;.;POSITIVE;.;M;34;.
20TB;TB;AA;.;.;.;.;.;.;POSITIVE;.;F;29;.
21Tb;TB;AA;.;.;.;.;.;.;POSITIVE;.;M;35;.
625;TB;TA;0;29814,89;1044,18;.;.;.;POSITIVE;POSITIVE;M;32;NON-WHITE
630;TB;TA;0;12576,72;156,14;.;.;.;POSITIVE;.;M;44;NON-WHITE
631;TB;TA;5124,94;10319,91;232,91;.;.;.;POSITIVE;.;F;18;NON-WHITE
634;TB;TA;0;18477,83;0;.;.;.;NEGATIVE;.;M;33;NON-WHITE
637;TB;TA;0;6507,37;1146,2;.;.;.;NEGATIVE;.;M;35;NON-WHITE
640;TB;TA;4,89;17340,98;1284,55;.;.;.;POSITIVE;POSITIVE;M;26;NON-WHITE
644;TB;TA;0;3876,52;1305,64;747,79;5,18;1,75;POSITIVE;NEGATIVE;M;37;NON-WHITE
646;TB;TA;36,76;5604,38;141,78;580,01;9,66;0,24;POSITIVE;POSITIVE;M;34;NON-WHITE
648;TB;TA;.;.;.;1223,94;.;.;POSITIVE;POSITIVE;F;54;NON-WHITE
649;TB;TA;0;8198,22;4025,16;1557,90;5,26;2,58;POSITIVE;NEGATIVE;F;32;NON-WHITE
652;TB;TA;371,43;3609,68;2296,68;2515,87;1,43;0,91;POSITIVE;POSITIVE;M;33;NON-WHITE
657;TB;TA;0;83,95;407,91;1088,43;0,08;0,37;POSITIVE;POSITIVE;F;27;NON-WHITE
659;TB;TA;536,6;1108,08;4239,83;534,04;2,07;7,94;POSITIVE;POSITIVE;F;31;NON-WHITE
663;TB;TA;110,19;1243,97;1304,51;1448,44;0,86;0,90;POSITIVE;POSITIVE;F;34;NON-WHITE
666;TB;TA;143,04;1098,08;380,25;596,60;1,84;0,64;POSITIVE;NEGATIVE;M;31;NON-WHITE
667;TB;TA;.;.;.;1115,27;.;.;INDETERMINATE;POSITIVE;F;48;NON-WHITE
670;TB;TA;.;.;.;712,80;.;.;POSITIVE;POSITIVE;M;51;NON-WHITE
672;TB;TA;366,22;2217,6;325,96;552,58;4,01;0,59;NEGATIVE;POSITIVE;F;45;NON-WHITE
673;TB;TA;.;.;.;1298,98;.;.;POSITIVE;NEGATIVE;F;32;NON-WHITE
03TB;TB;TA;.;.;.;.;.;.;POSITIVE;.;F;32;.
09TB;TB;TA;.;.;.;.;.;.;POSITIVE;.;F;38;.
12TB;TB;TA;.;.;.;.;.;.;POSITIVE;.;F;44;.
16TB;TB;TA;.;.;.;.;.;.;POSITIVE;.;F;44;.
22TB;TB;TA;.;.;.;.;.;.;POSITIVE;.;F;21;.
24TB;TB;TA;.;.;.;.;.;.;POSITIVE;.;M;49;.
25TB;TB;TA;.;.;.;.;.;.;POSITIVE;.;F;25;.
632;TB;TT;0;11268,04;3169,26;.;.;.;NEGATIVE;.;M;36;NON-WHITE
639;TB;TT;0;1003,94;0;722,56;1,39;.;POSITIVE;.;M;31;NON-WHITE
671;TB;TT;0;2545,75;939,17;1357,92;1,87;0,69;POSITIVE;POSITIVE;F;18;NON-WHITE
23TB;TB;TT;.;.;.;.;.;.;POSITIVE;.;F;29;.
38;TST-;.;.;.;.;.;.;.;.;POSITIVE;F;73;NON-WHITE
45;TST-;.;30,26;11527,18;0;.;.;.;NEGATIVE;POSITIVE;F;26;NON-WHITE
3;TST-;AA;0;6307,19;202,3;1306,44;4,83;0,15;POSITIVE;NEGATIVE;F;54;WHITE
40;TST-;AA;.;.;.;.;.;.;NEGATIVE;POSITIVE;F;24;WHITE
60;TST-;AA;0;8139,02;4,85;754,05;10,79;0,01;NEGATIVE;POSITIVE;F;29;NON-WHITE
64;TST-;AA;0;8362,19;0;1948,41;4,29;.;NEGATIVE;POSITIVE;M;54;WHITE
65;TST-;AA;0;10326,53;114,92;1008,62;10,24;0,11;NEGATIVE;POSITIVE;M;34;NON-WHITE
66;TST-;AA;168,22;268,14;0;1459,31;0,18;.;NEGATIVE;POSITIVE;M;29;NON-WHITE
69;TST-;AA;0;7215,43;0;2355,21;3,06;.;NEGATIVE;POSITIVE;F;27;NON-WHITE
72;TST-;AA;0;8876,64;63,62;2192,98;4,05;0,03;NEGATIVE;POSITIVE;F;30;NON-WHITE
80;TST-;AA;0;1216,61;0;2160,94;0,56;.;NEGATIVE;POSITIVE;F;50;WHITE
81;TST-;AA;0;6652,92;0;1577,58;4,22;.;NEGATIVE;POSITIVE;F;46;NON-WHITE
84;TST-;AA;.;.;.;1492,56;.;.;POSITIVE;POSITIVE;M;53;NON-WHITE
88;TST-;AA;0;13571,16;65,73;1392,44;9,75;0,05;NEGATIVE;POSITIVE;F;31;NON-WHITE
89;TST-;AA;0;10835,68;147,5;2742,90;3,95;0,05;NEGATIVE;POSITIVE;M;36;NON-WHITE
90;TST-;AA;0;11676,46;138,6;1377,29;8,48;0,10;POSITIVE;POSITIVE;M;42;NON-WHITE
91;TST-;AA;.;.;.;.;.;.;NEGATIVE;POSITIVE;M;37;NON-WHITE
92;TST-;AA;44,92;2765,35;117,12;1052,16;2,63;0,11;NEGATIVE;POSITIVE;M;21;NON-WHITE
96;TST-;AA;.;.;.;.;.;.;NEGATIVE;POSITIVE;F;36;NON-WHITE
10;TST-;TA;.;.;.;699,39;.;.;NEGATIVE;POSITIVE;M;48;NON-WHITE
37;TST-;TA;0;14024,17;0;.;.;.;NEGATIVE;POSITIVE;M;32;NON-WHITE
39;TST-;TA;3,6;11014,67;0;.;.;.;POSITIVE;POSITIVE;F;22;NON-WHITE
41;TST-;TA;0;16128,39;0;.;.;.;NEGATIVE;POSITIVE;M;21;NON-WHITE
44;TST-;TA;24,28;26060,77;0;.;.;.;NEGATIVE;POSITIVE;F;25;NON-WHITE
46;TST-;TA;0;27409,93;0;.;.;.;NEGATIVE;POSITIVE;F;24;NON-WHITE
47;TST-;TA;0;25115,14;19,41;.;.;.;NEGATIVE;POSITIVE;F;28;NON-WHITE
48;TST-;TA;.;.;.;.;.;.;NEGATIVE;POSITIVE;F;20;NON-WHITE
49;TST-;TA;.;.;.;.;.;.;POSITIVE;POSITIVE;F;20;NON-WHITE
51;TST-;TA;15677,4;15648,8;9496,31;.;.;.;POSITIVE;POSITIVE;F;22;WHITE
52;TST-;TA;0;11121,8;0;.;.;.;NEGATIVE;POSITIVE;F;20;WHITE
55;TST-;TA;0;4991,09;0;618,95;8,06;.;NEGATIVE;POSITIVE;F;31;NON-WHITE
57;TST-;TA;0;11152,36;0;1680,30;6,64;.;POSITIVE;POSITIVE;F;29;WHITE
58;TST-;TA;0;10698,62;119,1;1150,24;9,30;0,10;NEGATIVE;POSITIVE;F;37;NON-WHITE
59;TST-;TA;20,04;11930,39;168,22;1595,34;7,48;0,11;NEGATIVE;POSITIVE;F;49;NON-WHITE
61;TST-;TA;0;11285,06;174,41;1082,75;10,42;0,16;NEGATIVE;POSITIVE;M;44;NON-WHITE
63;TST-;TA;0;8157,88;49,47;2188,32;3,73;0,02;NEGATIVE;POSITIVE;M;58;WHITE
68;TST-;TA;18,72;8362,19;0;1770,12;4,72;.;POSITIVE;POSITIVE;F;35;WHITE
70;TST-;TA;0;6611;0;888,70;7,44;.;NEGATIVE;POSITIVE;F;23;WHITE
71;TST-;TA;0;7061,13;114,51;1524,92;4,63;0,08;POSITIVE;POSITIVE;M;48;NON-WHITE
73;TST-;TA;0;6824,98;0;1884,48;3,62;.;NEGATIVE;POSITIVE;F;23;WHITE
74;TST-;TA;79,53;2215,15;616,88;.;.;.;POSITIVE;POSITIVE;M;41;NON-WHITE
75;TST-;TA;0;11335,34;0;2022,67;5,60;.;NEGATIVE;POSITIVE;M;26;NON-WHITE
77;TST-;TA;0;5632,76;0;.;.;.;NEGATIVE;POSITIVE;M;48;NON-WHITE
78;TST-;TA;239,74;5632,76;237,72;1339,87;4,20;0,18;NEGATIVE;POSITIVE;M;24;NON-WHITE
79;TST-;TA;0;12226,29;0;2010,82;6,08;;NEGATIVE;POSITIVE;F;45;NON-WHITE
82;TST-;TA;.;.;.;1452,49;.;.;NEGATIVE;POSITIVE;F;31;NON-WHITE
86;TST-;TA;0;12460,15;1329,47;3081,99;4,04;0,43;POSITIVE;POSITIVE;F;47;NON-WHITE
87;TST-;TA;.;.;.;1857,94;.;.;NEGATIVE;POSITIVE;F;51;NON-WHITE
100;TST-;TA;.;.;.;974,75;.;.;NEGATIVE;POSITIVE;F;26;WHITE
42;TST-;TT;0;28495,7;0;.;.;.;NEGATIVE;POSITIVE;M;23;NON-WHITE
43;TST-;TT;37,52;21803,39;350,96;.;.;.;NEGATIVE;POSITIVE;M;24;NON-WHITE
50;TST-;TT;0;16634,07;0;.;.;.;NEGATIVE;POSITIVE;F;21;NON-WHITE
53;TST-;TT;0;12181,79;0;1597,11;7,63;.;NEGATIVE;POSITIVE;M;27;WHITE
54;TST-;TT;0;15362,32;51,18;1889,87;8,13;0,03;NEGATIVE;POSITIVE;F;24;NON-WHITE
56;TST-;TT;0;9332,48;72,84;1459,65;6,39;0,05;NEGATIVE;POSITIVE;F;41;NON-WHITE
67;TST-;TT;0;10868,79;338,01;2891,19;3,76;0,12;NEGATIVE;POSITIVE;F;24;WHITE
83;TST-;TT;0;15535,33;37,72;1826,34;8,51;0,02;NEGATIVE;POSITIVE;M;31;WHITE
85;TST-;TT;0;6220,46;0;4630,18;1,34;.;NEGATIVE;POSITIVE;M;25;NON-WHITE
93;TST-;TT;.;.;.;869,17;.;.;INDETERMINATE;POSITIVE;F;47;NON-WHITE
339;TST+;.;0;10319,91;0;.;.;.;POSITIVE;POSITIVE;F;49;4
62;TST+;AA;0;6360,2;1354,42;2079,38;3,06;0,65;POSITIVE;POSITIVE;F;36;NON-WHITE
76;TST+;AA;0;9104,87;0;1454,19;6,26;.;NEGATIVE;POSITIVE;F;45;NON-WHITE
94;TST+;AA;16,22;2790,92;760,45;1477,16;1,89;0,51;POSITIVE;POSITIVE;F;50;NON-WHITE
95;TST+;AA;.;.;.;1570,50;.;.;POSITIVE;POSITIVE;M;32;NON-WHITE
310;TST+;AA;0;17190,61;1067,23;.;.;.;POSITIVE;POSITIVE;M;45;NON-WHITE
329;TST+;AA;60,71;19331,49;764,87;.;.;.;POSITIVE;POSITIVE;M;80;WHITE
330;TST+;AA;71,38;30103,24;111,99;.;.;.;NEGATIVE;POSITIVE;F;69;NON-WHITE
333;TST+;AA;.;11079,86;3411,72;.;.;.;NEGATIVE;POSITIVE;M;51;NON-WHITE
337;TST+;AA;0;30987,12;520,96;.;.;.;POSITIVE;POSITIVE;F;26;NON-WHITE
338;TST+;AA;0;17306,21;806,28;.;.;.;POSITIVE;POSITIVE;F;30;NON-WHITE
341;TST+;AA;0;6450,01;2027,58;.;.;.;POSITIVE;POSITIVE;M;38;NON-WHITE
343;TST+;AA;0;12957,34;439,93;1475,98;8,78;0,30;NEGATIVE;POSITIVE;F;39;WHITE
345;TST+;AA;0;18226,78;2041,68;790,87;23,05;2,58;POSITIVE;POSITIVE;F;49;NON-WHITE
346;TST+;AA;0;16138,11;0;1520,16;10,62;.;NEGATIVE;POSITIVE;F;19;NON-WHITE
347;TST+;AA;.;.;.;1088,62;.;.;NEGATIVE;POSITIVE;F;36;NON-WHITE
351;TST+;AA;0;2529,37;0;713,33;3,55;.;POSITIVE;POSITIVE;M;46;NON-WHITE
354;TST+;AA;.;.;.;971,82;.;.;NEGATIVE;POSITIVE;M;22;NON-WHITE
357;TST+;AA;0;7651,84;3002,75;1102,10;6,94;2,72;POSITIVE;POSITIVE;F;33;WHITE
358;TST+;AA;.;.;.;.;.;.;POSITIVE;POSITIVE;F;49;NON-WHITE
360;TST+;AA;0;10326,53;140,96;3733,40;2,77;0,04;POSITIVE;POSITIVE;M;25;NON-WHITE
361;TST+;AA;0;6360,2;222,61;1960,84;3,24;0,11;POSITIVE;POSITIVE;F;47;NON-WHITE
365;TST+;AA;0;13465,78;52,33;3878,58;3,47;0,01;NEGATIVE;POSITIVE;F;38;NON-WHITE
366;TST+;AA;254,46;11332,42;117,68;2236,60;5,07;0,05;NEGATIVE;POSITIVE;M;27;NON-WHITE
370;TST+;AA;0;7493,64;909,89;3552,18;2,11;0,26;POSITIVE;POSITIVE;M;35;NON-WHITE
373;TST+;AA;0;7367,5;481,26;1423,37;5,18;0,34;POSITIVE;POSITIVE;F;58;NON-WHITE
377;TST+;AA;0;7884,81;233,69;1485,14;5,31;0,16;POSITIVE;POSITIVE;F;44;NON-WHITE
378;TST+;AA;.;.;.;1511,65;.;.;POSITIVE;POSITIVE;M;37;NON-WHITE
381;TST+;AA;268,65;21339,28;1255,87;1378,02;15,49;0,91;POSITIVE;POSITIVE;M;29;NON-WHITE
382;TST+;AA;0;13571,16;884,85;1876,06;7,23;0,47;POSITIVE;POSITIVE;F;45;NON-WHITE
387;TST+;AA;0;14272,47;0;1273,22;11,21;.;NEGATIVE;POSITIVE;M;38;NON-WHITE
389;TST+;AA;50,96;12312,22;176,94;1668,75;7,38;0,11;NEGATIVE;POSITIVE;M;57;NON-WHITE
390;TST+;AA;.;.;.;.;.;.;POSITIVE;POSITIVE;M;38;NON-WHITE
391;TST+;AA;0;1861,1;280,42;2037,46;0,91;0,14;NEGATIVE;POSITIVE;M;40;NON-WHITE
392;TST+;AA;.;.;.;2153,44;.;.;POSITIVE;POSITIVE;M;48;NON-WHITE
4;TST+;TA;0;9741,61;0;936,04;10,41;0,00;NEGATIVE;POSITIVE;F;40;WHITE
331;TST+;TA;0;20248,56;1857,54;.;.;.;POSITIVE;POSITIVE;F;50;NON-WHITE
332;TST+;TA;0;20248,56;1857,54;.;.;.;POSITIVE;POSITIVE;F;57;NON-WHITE
334;TST+;TA;0;10783,68;317,25;.;.;.;POSITIVE;POSITIVE;F;47;NON-WHITE
335;TST+;TA;0;30394,7;1090,43;.;.;.;POSITIVE;POSITIVE;F;52;NON-WHITE
340;TST+;TA;0;26722,05;1477,61;.;.;.;POSITIVE;POSITIVE;M;21;NON-WHITE
348;TST+;TA;33,85;10205,37;134,22;1009,36;10,11;0,13;NEGATIVE;POSITIVE;F;22;NON-WHITE
349;TST+;TA;0;12596,14;0;1253,44;10,05;.;NEGATIVE;POSITIVE;F;23;NON-WHITE
350;TST+;TA;0;18842,51;93,7;880,76;21,39;0,11;POSITIVE;POSITIVE;F;36;NON-WHITE
353;TST+;TA;0;14295,73;0;1612,50;8,87;.;POSITIVE;POSITIVE;F;32;NON-WHITE
359;TST+;TA;0;9332,48;0;.;.;.;NEGATIVE;POSITIVE;F;52;NON-WHITE
362;TST+;TA;0;10118,4;0;2827,89;3,58;.;NEGATIVE;POSITIVE;M;27;NON-WHITE
363;TST+;TA;0;5300,37;0;1431,93;3,70;.;NEGATIVE;POSITIVE;F;33;NON-WHITE
367;TST+;TA;0;7430,11;261,1;3192,29;2,33;0,08;POSITIVE;POSITIVE;F;51;NON-WHITE
368;TST+;TA;0;9716,38;22,28;2162,51;4,49;0,01;POSITIVE;POSITIVE;M;29;NON-WHITE
369;TST+;TA;0;4773,49;0;787,64;6,06;.;NEGATIVE;POSITIVE;M;36;NON-WHITE
371;TST+;TA;307,14;9915,51;1482,76;884,56;11,21;1,68;POSITIVE;POSITIVE;M;28;NON-WHITE
374;TST+;TA;0;3641,34;152,29;1584,25;2,30;0,10;POSITIVE;POSITIVE;F;31;WHITE
375;TST+;TA;0;2651,01;200,66;1042,54;2,54;0,19;POSITIVE;POSITIVE;F;23;NON-WHITE
379;TST+;TA;0;17346,95;1051,22;1150,29;15,08;0,91;NEGATIVE;POSITIVE;F;38;NON-WHITE
380;TST+;TA;65,75;15431,96;345,73;1634,38;9,44;0,21;POSITIVE;POSITIVE;F;22;WHITE
383;TST+;TA;829,07;25067,33;867,5;2504,32;10,01;0,35;NEGATIVE;POSITIVE;F;31;NON-WHITE
384;TST+;TA;.;.;.;1536,56;.;.;INDETERMINATE;POSITIVE;F;44;NON-WHITE
385;TST+;TA;0;17597,44;671,18;.;.;.;POSITIVE;POSITIVE;M;57;NON-WHITE
386;TST+;TA;19,84;15431,96;47,33;1273,22;12,12;0,04;NEGATIVE;POSITIVE;M;18;NON-WHITE
388;TST+;TA;0;11342,72;540,68;1358,85;8,35;0,40;POSITIVE;POSITIVE;M;56;NON-WHITE
393;TST+;TA;.;.;.;.;.;.;NEGATIVE;POSITIVE;F;37;NON-WHITE
395;TST+;TA;.;.;.;1096,51;.;.;POSITIVE;POSITIVE;F;45;NON-WHITE
396;TST+;TA;.;.;.;.;.;.;NEGATIVE;POSITIVE;F;36;WHITE
344;TST+;TT;10,14;11658,95;427,53;1896,59;6,15;0,23;POSITIVE;POSITIVE;M;52;NON-WHITE
352;TST+;TT;20,97;9642,37;748,41;818,69;11,78;0,91;POSITIVE;POSITIVE;M;36;NON-WHITE
355;TST+;TT;.;.;.;672,10;.;.;NEGATIVE;POSITIVE;M;32;NON-WHITE
356;TST+;TT;93,52;9716,83;86,55;1047,59;9,28;0,08;NEGATIVE;POSITIVE;F;49;NON-WHITE
364;TST+;TT;0;4509,34;62,74;878,82;5,13;0,07;POSITIVE;POSITIVE;F;39;NON-WHITE
376;TST+;TT;1667,44;4258,18;1158,43;2014,08;2,11;0,58;NEGATIVE;POSITIVE;F;28;NON-WHITE
394;TST+;TT;.;.;.;1612,47;.;.;NEGATIVE;POSITIVE;F;35;WHITE
;;;;;;;;;;;;;
;;;;;;;;;;;;;
;;;;;;;;;;;;;
;;;;;;;;;;;;;
