Country,Code,mortality
Afghanistan,AFG,16.9
Albania,ALB,0.1
Algeria,DZA,0.9
American Samoa,ASM,0.5
Andorra,AND,0.2
Angola,AGO,40.8
Antigua and Barbuda,ATG,0.9
Argentina,ARG,0.8
Armenia,ARM,0.5
Australia,AUS,0.2
Austria,AUT,0.1
Azerbaijan,AZE,2.8
Bahamas,BHS,0.7
Bahrain,BHR,0.1
Bangladesh,BGD,5.5
Barbados,BRB,0.6
Belarus,BLR,0.1
Belgium,BEL,0.3
Belize,BLZ,1.6
Benin,BEN,94.5
Bermuda,BMU,0.1
Bhutan,BTN,3.6
Bolivia,BOL,3.2
Bosnia and Herzegovina,BIH,0.4
Botswana,BWA,4.3
Brazil,BRA,1.7
Brunei,BRN,0.3
Bulgaria,BGR,0.5
Burkina Faso,BFA,84.5
Burundi,BDI,84.7
Cambodia,KHM,5.1
Cameroon,CMR,50.6
Canada,CAN,0.1
Cape Verde,CPV,3.9
Caribbean,,5
Central African Republic,CAF,166
Central Asia,,2.5
Central Europe,,0.4
Central Sub-Saharan Africa,,75.1
Chad,TCD,160.1
Chile,CHL,0.2
China,CHN,0.8
Colombia,COL,2.4
Comoros,COM,19.6
Congo,COG,36.6
Costa Rica,CRI,0.8
Cote d'Ivoire,CIV,72.9
Croatia,HRV,0.1
Cuba,CUB,0.4
Cyprus,CYP,0.6
Czechia,CZE,0.1
Democratic Republic of Congo,COD,85.8
Denmark,DNK,0.5
Djibouti,DJI,11.1
Dominica,DMA,1.2
Dominican Republic,DOM,3.6
East Asia,,3.7
Eastern Europe,,0.4
Eastern Sub-Saharan Africa,,26.1
Ecuador,ECU,1.1
Egypt,EGY,8.3
El Salvador,SLV,2.9
England,,0.1
Equatorial Guinea,GNQ,5.5
Eritrea,ERI,36.3
Estonia,EST,0
Eswatini,SWZ,36
Ethiopia,ETH,17.3
Fiji,FJI,7
Finland,FIN,0.1
France,FRA,0.5
Gabon,GAB,18.1
Gambia,GMB,10
Georgia,GEO,0.4
Germany,DEU,0.2
Ghana,GHA,15.3
Greece,GRC,0
Greenland,GRL,0.3
Grenada,GRD,0.7
Guam,GUM,0.2
Guatemala,GTM,7
Guinea,GIN,41.8
Guinea-Bissau,GNB,63.1
Guyana,GUY,8.4
Haiti,HTI,9.6
Honduras,HND,5.3
Hungary,HUN,0.1
Iceland,ISL,0.1
India,IND,9.2
Indonesia,IDN,8.8
Iran,IRN,1.9
Iraq,IRQ,4.1
Ireland,IRL,0.1
Israel,ISR,0.4
Italy,ITA,0.2
Jamaica,JAM,1.4
Japan,JPN,0.2
Jordan,JOR,0.7
Kazakhstan,KAZ,0.5
Kenya,KEN,21.4
Kiribati,KIR,11
Kuwait,KWT,0.3
Kyrgyzstan,KGZ,3.1
Laos,LAO,29.1
Latin America and the Caribbean,,2.5
Latvia,LVA,0.1
Lebanon,LBN,0.6
Lesotho,LSO,54.7
Liberia,LBR,93.2
Libya,LBY,0.5
Lithuania,LTU,0.1
Luxembourg,LUX,0.3
Madagascar,MDG,44.2
Malawi,MWI,31.2
Malaysia,MYS,0.3
Maldives,MDV,0.4
Mali,MLI,35.2
Malta,MLT,0.1
Marshall Islands,MHL,1.1
Mauritania,MRT,34.4
Mauritius,MUS,1.7
Mexico,MEX,2.4
Moldova,MDA,0.5
Mongolia,MNG,0.1
Montenegro,MNE,0.2
Morocco,MAR,10.3
Mozambique,MOZ,24.5
Myanmar,MMR,7
Namibia,NAM,30.3
Nepal,NPL,4
Netherlands,NLD,0.2
New Zealand,NZL,0.2
Nicaragua,NIC,0.9
Niger,NER,112.9
Nigeria,NGA,161.5
North Africa and Middle East,,6.6
North America,,0.2
North Korea,PRK,5.8
North Macedonia,MKD,0.6
Northern Ireland,,0.4
Northern Mariana Islands,MNP,0.1
Norway,NOR,0.1
Oceania,,6
Oman,OMN,0.3
Pakistan,PAK,9.4
Palestine,PSE,0.6
Panama,PAN,4.7
Papua New Guinea,PNG,6.7
Paraguay,PRY,1.4
Peru,PER,0.5
Philippines,PHL,7.7
Poland,POL,0.1
Portugal,PRT,0.3
Puerto Rico,PRI,0.3
Qatar,QAT,0.2
Romania,ROU,1.7
Russia,RUS,0.5
Rwanda,RWA,34.7
Saint Lucia,LCA,0.9
Saint Vincent and the Grenadines,VCT,1.7
Samoa,WSM,0.4
Sao Tome and Principe,STP,16
Saudi Arabia,SAU,0.3
Scotland,,0.3
Senegal,SEN,35.5
Serbia,SRB,0.3
Seychelles,SYC,0.4
Sierra Leone,SLE,107.9
Singapore,SGP,0.1
Slovakia,SVK,0.3
Slovenia,SVN,0
Solomon Islands,SLB,6
Somalia,SOM,39.2
South Africa,ZAF,6.4
South Asia,,8.7
South Korea,KOR,0.1
South Sudan,SSD,31.9
Southeast Asia,,6.6
Southern Latin America,,0.7
Southern Sub-Saharan Africa,,17.6
Spain,ESP,0.1
Sri Lanka,LKA,0.2
Sub-Saharan Africa,,66.9
Sudan,SDN,12.7
Suriname,SUR,4.9
Sweden,SWE,0.1
Switzerland,CHE,0.3
Syria,SYR,0.3
Taiwan,TWN,0.2
Tajikistan,TJK,12.6
Tanzania,TZA,13.6
Thailand,THA,0.8
Timor,TLS,32.5
Togo,TGO,40.1
Tonga,TON,1
Trinidad and Tobago,TTO,0.9
Tunisia,TUN,0.5
Turkey,TUR,0.6
Turkmenistan,TKM,3
Uganda,UGA,28.6
Ukraine,UKR,0.2
United Arab Emirates,ARE,0.1
United States,USA,0.2
United States Virgin Islands,VIR,0.2
Uruguay,URY,0.8
Uzbekistan,UZB,0.4
Vanuatu,VUT,5
Venezuela,VEN,4.1
Vietnam,VNM,0.6
Wales,,0.5
Western Europe,,0.2
Western Sub-Saharan Africa,,110.3
Yemen,YEM,23.6
Zambia,ZMB,25.4
Zimbabwe,ZWE,34.2