Q10,Notebooks,,,,,,,
Q11,Computer Used,,,,,,,NOTE: If multiple options you can only slect a single one
Q12,Specialist Hardware,,,,,,,
Q13,TPU Frequency,,,,,,,
Q14,Data Visualisation,,,,,,,
Q15,Years ML,,,,,,,
Q16,ML Framework Use,,,,,,,
Q17,ML Algorithm,,,,,,,
Q18,Computer Vision,,,,,,,
Q19,NLP (Regular),,,,,,,
Q20,Type of Company *,,,,,,,
Q21,Size of Company,,,,,,,
Q22,Company Use ML (Num of People),,,,,,,
Q23,Company Use ML (Description),,,,,,,
Q24,Company Use ML (Individuals Role),,,,,,,
Q25,Personal Income,,,,,,,
Q26,Spent on ML 5yr (Personal and Company),,,,,,,
Q27_A,Cloud Computing Platforms (Regular),,,,,,,
Q27_B,Cloud Computing Platforms (Learn),,,,,,,
Q28,Enjoyable Developer Experience *,,,,,,,
Q29_A,Cloud Computing Product (Regular),,,,,,,
Q29_B,Cloud Computing Products (Learn),,,,,,,
Q30_A,Big Data (Regular),,,,,,,
Q30_B,Big Data (Most Often),,,,,,,
Q31_A,Business Intelligence (Use Regular),,,,,,,
Q31_B,AutoML Tools (Learn),,,,,,,
Q32_A,Big Data Products (Regular),,,,,,,
Q32_B,BigData Products (Most Often),,,,,,,
Q33,BigData Products (Learn),,,,,,,
Q34_A,Business Intelligence Tools (Regular),,,,,,,
Q34_B,Business Intelligence Tools (Learn),,,,,,,
Q35,Business Intelligence Tools (Most Often),,,,,,,
Q36_A,AutoML Task (Regular),,,,,,,
Q36_B,AutoML Task (Learn),,,,,,,
Q37_A,AutoML Tools (Learn),,,,,,,
Q37_B,AutoML Tools (Learn),,,,,,,
Q38_A,Tools for ML Experiments (Any),,,,,,,
Q38_B,Tools for ML Experiments (Learn),,,,,,,
Q39,Share and Deploy,,,,,,,
Q40,Courses and Learning,,,,,,,
Q41,Primary Tool for Data Analysis,,,,,,,
Q42,Media,,,,,,,
Q7,Language Used,,,,,,,
Q8,Language Recommend,,,,,,,
Q9,IDE Used,,,,,,,
Time from Start to Finish (seconds),Duration (Seconds),,,,,,,
Years Coding,Years Coding,,,,,,,
