Sira No,Film Adi,Filmin Turu,Gosterime Giris Tarihi,Ilk Hafta Sonu Seyirci, Ilk Hafta Sonu Hasilat,Hafta,Toplam Seyirci,Toplam Hasilat
1,Recep Ivedik 5,Komedi,16 Subat 2017,1646846,20315587,25,7437050,85986157
2,Recep Ivedik 4,Komedi,21 Subat 2014,1646474,17530953,20,7369098
3,Dugun Dernek,Komedi,6 Aralik 2013,572838,5947213,40,6980070,68917965
4,Fetih 1453,Tarihi Savas,16 Subat 2012,1161250,11064599,52,6572618,55744698
5,Muslum,Dram Biyografi,26 Ekim 2018,600141,8683174,8,6112604,80925016
6,Dugun Dernek 2: Sunnet,Komedi,4 Aralik 2015,1380122,16795440,21,6073064,69422924
7,Ayla,Dram Savas,27 Ekim 2017,312135,4091182,44,5589717,66054100
8,Aile Arasinda, Komedi,1 Aralik 2017,504024,6991268,33,5289051,64556711
9,Arif v 216,Komedi Bilim-Kurgu,5_Ocak_2018,1331691,18478002,20,4968462,62986199
10,Recep Ivedik 2,Komedi,13 Subat 2009,1209453,10055488,24,4333144,33493326
11,Recep Ivedik,Komedi,22 Subat 2008,791536,6328916,32,4301693,30172530
12,Kurtlar Vadisi Irak,Aksiyon Politik,3 Subat 2006,1099219,7677420,26,4256567,27434893
13,Ailecek Saskiniz,Komedi,2 Mart 2018,680409,8808769,23,4034858,44688477
14,G.O.R.A.,Komedi Bilim-Kurgu,12 Kasim 2004,716965,4889266,36,4001711,25398617
15,Eyvah Eyvah 2,Komedi,07 Ocak 2011,801863,8127217,38,3947988,36678019
16,CM101MMXI Fundamentals,Komedi,03 Ocak 2011,501923,5317471,30,3842535,37298938
17,Babam ve Oglum,Dram,18 Kasim 2005,35101,289970,81,3839883,25470085
18,Mucize (2015),Dram,1 Ocak 2015,487818,5469939,19,3737605,39418944
19,A.R.O.G.,Dram Bilim-Kurgu Fantastik,5 Aralik 2008,816304,7114043,22,3707086,30424262
20,Dag 2,Dram Savas,4 Kasim 2016,223772,2649987,37,3600000,40694699
21,New York'ta Bes Minare,Macera Dram,05 Kasim 2010,703330,6816986,13,3474495,31645541
22,Eyvah Eyvah 3,Komedi,31 Ocak 2014,778475,8636844,18,3414212,35022168
23,Recep Ivedik 3,Komedi,12 Subat 2010,1153071,10492946,23,3326084,28712099
24,Vizontele,Komedi,2 Subat 2001,367255,920888,49,3308120,7400006
