serial,category_number,category_name,classification,icd-o,grade_int
1,1,diffuse astocytic and oligodendroglial,diffuse astrocytoma idh-mutant,9400/3,2
2,1,diffuse astocytic and oligodendroglial,gemistocytic astrocytoma idh-mutant,9411/3,3
3,1,diffuse astocytic and oligodendroglial,diffuse astrocytma nos,9400/3,2
4,1,diffuse astocytic and oligodendroglial,anaplastic astrocytoma idh-mutant,9401/3,3
5,1,diffuse astocytic and oligodendroglial,anaplastic astrocytoma idh-wild-type,9401/3,3
6,1,diffuse astocytic and oligodendroglial,anaplastic astrocytoma idh-mutant,9401/3,3
7,1,diffuse astocytic and oligodendroglial,glioblastoma idh-wildtype,9440/3,4
8,1,diffuse astocytic and oligodendroglial,giant cell glioblastoma,9411/3,4
9,1,diffuse astocytic and oligodendroglial,gliosarcoma,9442/3,4
10,1,diffuse astocytic and oligodendroglial,epithiloid glioblastoma,9440/3,4
11,1,diffuse astocytic and oligodendroglial,glioblastoma idh-mutant,9445/3,4
12,1,diffuse astocytic and oligodendroglial,glioblastoma nos,9440/3,4
13,1,diffuse astocytic and oligodendroglial,diffuse midline glioma h3 k27m-mutant,9385/3,4
14,1,diffuse astocytic and oligodendroglial,oligodendroglioma idh-mutant and 1p/19q codeleted,9450/3,2
15,1,diffuse astocytic and oligodendroglial,oligodendroglioma nos,9450/3,2
16,1,diffuse astocytic and oligodendroglial,anaplastic oligodendroglioma idh mutant and 1p/19q codeleted,9451/3,3
17,1,diffuse astocytic and oligodendroglial,anaplastic oligodendroglioma nos,9451/3,3
18,1,diffuse astocytic and oligodendroglial,oligastrocytoma nos,9382/3,2
19,1,diffuse astocytic and oligodendroglial,anaplastic oligoastrocytoma nos,9382/3,3
20,2,other astrocytic ,pilocytic astrocytoma,9421/1,1
21,2,other astrocytic ,pilomyxoid astrocytoma,9424/3,1
22,2,other astrocytic ,subependymal giant cell astrocytoma,9424/3,1
23,2,other astrocytic ,pleomorphic xanthoastrocytoma,9424/3,2
24,2,other astrocytic ,anaplastic pleomorphic xanthoastrocytoma,9424/3,3
25,3,ependymal,subependymoma,9383/1,1
26,3,ependymal,myxopapillary ependymoma,9394/1,1
27,3,ependymal,ependymoma,9391/3,2
28,3,ependymal,papillary ependymoma,9393/3,2
29,3,ependymal,clear cell ependymoma,9391/3,2
30,3,ependymal,tanycytic ependymoma,9391/3,2
31,3,ependymal,ependymoma rela fusion positive,9396/3,2
32,3,ependymal,anaplastic ependymoma,9392/3,3
33,4,other gliomas,choroid glioma of the third ventricle,9444/1,2
34,4,other gliomas,angiocentric gloma,9431/1,1
35,4,other gliomas,astroblastoma,9430/3,
36,5,choroid plexus,choroid plexus papilloma,9390/3,1
37,5,choroid plexus,atypical choroid plexus papilloma,9390/3,2
38,5,choroid plexus,choroid plexus carcinoma,9390/3,3
39,6,neuronal and mixed neuronal glial,dysembryoplastic neuroepithelial,9413/0,1
40,6,neuronal and mixed neuronal glial,gangliocytoma,9492/0,1
41,6,neuronal and mixed neuronal glial,ganglioglioma,9595/1,1
42,6,neuronal and mixed neuronal glial,anaplastic ganglioglioma,9595/1,3
43,6,neuronal and mixed neuronal glial,dysplastic cerebellar gangliocytoma,9493/0,1
44,6,neuronal and mixed neuronal glial,desmoplastic infantile astrocytom and ganglioglima,9412/1,1
45,6,neuronal and mixed neuronal glial,papillary glioneuronal,9509/1,1
46,6,neuronal and mixed neuronal glial,rosette-forming glioneuronal ,9509/1,1
47,6,neuronal and mixed neuronal glial,diffuse leptomeningeal glioneuronal,9506/1,1
48,6,neuronal and mixed neuronal glial,central neurocytoma,9506/1,1
49,6,neuronal and mixed neuronal glial,extraventricular neurocytoma,9506/1,1
50,6,neuronal and mixed neuronal glial,cerebellar liponeurocytoma,9506/1,2
51,6,neuronal and mixed neuronal glial,paraganglioma,8693/1,
52,7,pineal region,pineocytoma,9361/1,1
53,7,pineal region,pineal parenchymal tumor of intermediate differentiation,9362/3,23
54,7,pineal region,pineolblastoma,9362/3,4
55,7,pineal region,papillary tumor of the pineal region,93395/3,23
56,8,embryonal,medulloblastoma wnt-activated,9475/3,4
57,9,cranial and paraspinal nerves,medulloblastoma shh-activated and tp53-mutant,9476/3,4
58,8,embryonal,medulloblastoma shh-activated and tp53-wildtype,9471/3,4
59,8,embryonal,medulloblastoma non-wnt non-shh,9477/3,4
60,8,embryonal,medulloblastoma classic,9470/3,4
61,8,embryonal,medulloblastoma desmoplastic nodular,9471/3,4
62,8,embryonal,medulloblastoma with extensive nodularity,9471/3,4
63,8,embryonal,medulloblastoma large cell anaplastic,9474/3,4
64,8,embryonal,medulloblastoma nos,9470/3,4
65,8,embryonal,embryonal tumor with multilayered rosettes c19mc-altered,9478/3,4
66,8,embryonal,medulloepithelioma,9501/3,4
67,8,embryonal,cns neuroblastoma,9500/3,4
68,8,embryonal,cns ganglioneuroblastoma,9490/3,4
69,8,embryonal,cns embryonal nos,9473/3,4
70,8,embryonal,atypical teratoid /rhabdoid,9508/3,4
71,8,embryonal,cns embryonal with rhabdoid features,9508/3,4
72,9,cranial and paraspinal nerves,cellular schwannoma,9560/0,1
73,9,cranial and paraspinal nerves,plexiform schwannoma,9560/0,1
74,9,cranial and paraspinal nerves,melanotic schwannoma,9560/1,1
75,9,cranial and paraspinal nerves,neurofibroma,9540/0,1
76,9,cranial and paraspinal nerves,atypical neurofibroma,9540/0,1
77,9,cranial and paraspinal nerves,plexiform neurofibroma,9540/0,1
78,9,cranial and paraspinal nerves,malignant peripheral nerve sheath,9540/3,24
79,9,cranial and paraspinal nerves,epitheliod mpnst,9540/3,
80,9,cranial and paraspinal nerves,mpnst with perineuronal differentiation ,9540/3,
81,10,meningiomas,meningioma,9530/0,1
82,10,meningiomas,meningothelial meningioma,9531/0,1
83,10,meningiomas,fibrous meningioma,9532/0,1
84,10,meningiomas,transitional meningioma,9537/0,1
85,10,meningiomas,psammonatus meningioma,9533/0,1
86,10,meningiomas,angiomatous meningioma,9534/0,1
87,10,meningiomas,microcystic meningioma,9530/0,1
88,10,meningiomas,secretory meningioma,9530/0,1
89,10,meningiomas,lymphplastmacyte-rich meningioma,9530/0,1
90,10,meningiomas,metaplastic meningioma,9538/1,1
91,10,meningiomas,chordoid meningioma,9538/1,2
92,10,meningiomas,clear cell meningioma,9538/1,2
93,10,meningiomas,atypical meningioma,9539/1,2
94,10,meningiomas,papillary meningioma,9538/3,3
95,10,meningiomas,rhabdoid meningioma,9538/3,3
96,10,meningiomas,anaplastic or maglignant meningioma,9530/3,3
97,11,mesenchymal and non-meningothelial,solitary fibrous tumor or hemangiopericytoma grade 1,8815/0,1
98,11,mesenchymal and non-meningothelial,solitary fibrous tumor or hemangiopericytoma grade 2,8815/1,2
99,11,mesenchymal and non-meningothelial,solitary fibrous tumor or hemangiopericytoma grade 3,8815/3,3
100,11,mesenchymal and non-meningothelial,hemangioblastoma,9161/1,1
101,11,mesenchymal and non-meningothelial,hemangioma,9120/0,1
102,11,mesenchymal and non-meningothelial,epithelioid hemangioendothelioma,9133/0,1
103,11,mesenchymal and non-meningothelial,angiosarcoma,9120/3,3
104,11,mesenchymal and non-meningothelial,kaposi sarcoma,9140/3,
105,11,mesenchymal and non-meningothelial,ewing sarcoma or pnet,9364/3,
106,11,mesenchymal and non-meningothelial,lipoma,8850/3,3
107,11,mesenchymal and non-meningothelial,angiolipoma,8861/0,
108,11,mesenchymal and non-meningothelial,hibernoma,8880/0,
109,11,mesenchymal and non-meningothelial,liposarcoma,8850/3,
110,11,mesenchymal and non-meningothelial,desmoid-type fibromatosis,8821/1,1
111,11,mesenchymal and non-meningothelial,myofibroblastoma,8825/1,1
112,11,mesenchymal and non-meningothelial,inflammatory myofibroblastic,8825/1,1
113,11,mesenchymal and non-meningothelial,benign fibrous hstiocytoma,8830/0,1
114,11,mesenchymal and non-meningothelial,fibrosarcoma,8810/3,3
115,11,mesenchymal and non-meningothelial,undifferentiated pleomorphic sarcoma or milignant fibrous hstiocytoma,8802/3,3
116,11,mesenchymal and non-meningothelial,leiomyoma,8890/3,3
117,11,mesenchymal and non-meningothelial,leomyosarcoma,8900/3,3
118,11,mesenchymal and non-meningothelial,rhabdomyoma,8900/0,
119,11,mesenchymal and non-meningothelial,rhabdomyosarcoma,8900/3,
120,11,mesenchymal and non-meningothelial,chondroma,9220/3,
121,11,mesenchymal and non-meningothelial,osteoma,9180/0,
122,11,mesenchymal and non-meningothelial,osteochondroma,9210/0,
123,12,melancytic,meningeal melanocytosis,8728/0,
124,12,melancytic,meningeal melanocytoma,8728/3,
125,12,melancytic,meningeal melanmatosis,8729/3,
126,12,melancytic,meningeal melangomatosis,8729/3,
127,13,lymphomas,diffuse large b-cell lymphoma of the cns,9680/3,
128,13,lymphomas,aids-related diffuse large b-cell lymphoma,9766/1,
129,13,lymphomas,ebv-postive diffuse large b-cell,9766/1,
130,13,lymphomas,lymphomatoid granulomatosis,9766/1,
131,13,lymphomas,intravascular b-cell of the cns,9712/3,
132,13,lymphomas,anaplastic large cell lymphoma alk-positive,9714/3,
133,13,lymphomas,anaplastic large cell lymphoma alk-negative,9702/3,
134,13,lymphomas,malt lymphoma of the dura,9699/3,
135,14,histicytic,langerhans cell histiocytosis,9751/3,
136,14,histicytic,erdheim - chester disease,9750/1,
137,14,histicytic,rosai-dorfman disease,9750/1,
138,14,histicytic,juvenile xanthogranuloma,9750/1,
139,14,histicytic,histiologic sarcoma,9755/3,
140,15,germ cell tumors,germinoma,90064/3,
141,15,germ cell tumors,embryonal carcinoma,9070/3,
142,15,germ cell tumors,yolk sac tumor,9071/3,
143,15,germ cell tumors,choriocarcinoma,9100/3,
144,15,germ cell tumors,teratoma,9080/1,
145,15,germ cell tumors,mature teratoma,9080/0,
146,15,germ cell tumors,immature teratoma,9080/3,
147,15,germ cell tumors,mixed germ cell tumor,9085/3,
148,16,sellar region,craniopharyngioma,9350/1,1
149,16,sellar region,adamantinomatous craniopharyngioma,9351/1,
150,16,sellar region,papillary craniopharyngioma,9352/1,
151,16,sellar region,granular cell tumor of the sellar region,9582/0,
152,16,sellar region,pituicytoma,9432/1,
153,16,sellar region,spindle cell oncocytoma,8290/0,
154,16,sellar region,pituitary adenoma,0000/0,
