Company,Image URL,1999,2000 1st Half,2000 2nd Half,2001 1st Half,2001 2nd Half,2002 1st Half,2002 2nd Half,2003 1st Half,2003 2nd Half,2004 1st Half,2004 2nd Half,2005 1st Half,2005 2nd Half,2006 1st Half,2006 2nd Half,2007 1st Half,2007 2nd Half,2008 1st Half,2008 2nd Half,2009 1st Half,2009 2nd Half,2010 1st Half,2010 2nd Half,2011 1st Half,2011 2nd Half,2012 1st Half,2012 2nd Half,2013 1st Half,2013 2nd Half,2014 1st Half,2014 2nd Half,2015 1st Half,2015 2nd Half,2016 1st Half,2016 2nd Half,2017 1st Half,2017 2nd Half,2018 1st Half,2018 2nd Half,2019 1st Half,2019 4Th Half
Apple,http://www.transparentpng.com/thumb/apple-logo/AoKYpC-apple-logo-png-icon.png,,,3.13,3.08,3.02,2.94,2.83,1.0,,,3.51,3.77,3.88,3.94,3.98,4.11,4.24,4.4,4.54,1.0,,4.91,5.06,5.26,5.45,5.62,5.77,5.97,6.15,6.53,7.1,7.06,6.97,7.06,7.35,7.2,6.98,6.77,6.48,5.93,6.07
Dell,http://pluspng.com/img-png/dell-logo-png-open-2000.png,10.0,10.77,11.85,12.44,12.96,13.72,14.71,15.45,16.04,16.5,16.73,16.5,16.0,15.2,14.53,14.16,14.12,13.27,12.21,12.06,12.01,11.89,11.74,11.31,10.83,11.06,11.51,12.1,12.64,13.06,13.52,14.1,14.43,14.86,15.15,15.59,16.04,16.29,16.49,16.9,16.99
HP,https://upload.wikimedia.org/wikipedia/commons/2/29/HP_New_Logo_2D.svg,7.0,7.57,17.65,16.64,14.96,14.32,14.55,14.6,14.6,14.5,14.6,15.05,15.76,16.81,17.67,18.14,18.18,18.57,19.05,18.6,18.03,17.41,16.77,16.4,16.16,16.14,16.19,16.74,17.33,17.73,18.13,18.75,19.11,19.9,20.84,21.27,21.59,21.77,21.91,22.21,22.17
IBM,https://portworx.com/wp-content/uploads/2018/08/ibm_PNG19658.png,6.0,6.83,6.5,6.12,5.49,4.93,4.4,3.96,3.62,1.0,,,,,,,,,,,,,,,,,,,,,,,,,,,,,,,
Gateway,https://cdn.freebiesupply.com/logos/large/2x/gateway-logo-png-transparent.png,4.0,4.68,4.25,3.93,3.57,1.0,,,,,,,,,,,,,,,,,,,,,,,,,,,,,,,,,,,
NEC,https://upload.wikimedia.org/wikipedia/commons/thumb/9/96/NEC_logo.svg/1200px-NEC_logo.svg.png,4.0,4.01,4.15,4.21,3.31,1.0,,,,,,,,,,,,,,,,,,,,,,,,,,,,,,,,,,,
Campaq,https://logos-download.com/wp-content/uploads/2016/03/Compaq_logo.png,12.0,12.81,1.0,,,,,,,,,,,,,,,,,,,,,,,,,,,,,,,,,,,,,,
Fujitsu,https://upload.wikimedia.org/wikipedia/commons/thumb/5/53/Fujitsu-Logo.svg/800px-Fujitsu-Logo.svg.png,,,,,,3.77,3.71,3.74,3.78,3.54,3.31,1.0,,,,,,,,,,,,,,,,,,,,,,,,,,,,,
Toshiba,https://i.pinimg.com/originals/8f/dc/95/8fdc95a8aaa1067f405f8360704b00e8.png,,,,,,2.86,2.98,1.0,,3.19,1.0,3.47,3.75,3.88,3.96,4.21,4.49,4.77,4.98,4.92,4.83,1.0,,,,,,,,,,,,,,,,,,,
Lenovo,http://www.mh-it.eu/wp-content/uploads/2017/02/Lenovo-logo-vector.png,,,,,,,,3.8,5.65,6.84,6.88,6.93,6.99,7.17,7.32,7.44,7.48,7.71,7.97,9.22,10.59,11.5,12.29,13.44,14.59,15.71,16.69,17.69,18.55,19.13,19.7,20.21,20.48,20.73,20.79,21.46,22.23,22.83,23.55,24.97,24.88
Acer,https://upload.wikimedia.org/wikipedia/commons/thumb/0/00/Acer_2011.svg/1280px-Acer_2011.svg.png,,,,,,,,3.09,3.28,3.92,4.39,5.64,7.27,8.47,9.29,10.02,10.43,11.55,12.78,13.32,13.79,12.74,11.21,10.56,10.28,9.31,8.23,7.96,7.91,7.64,7.18,6.96,6.87,6.71,6.53,6.35,6.16,6.06,5.97,5.79,5.52
Asus,https://i.pinimg.com/originals/a9/39/7d/a9397d120bfea4478821815859b6ba40.png,,,,,,,,,,,,,,,,,,,,4.76,5.28,5.51,5.66,6.17,6.75,6.78,6.63,6.85,7.12,7.23,7.29,7.44,7.53,7.35,6.88,6.49,6.13,5.96,5.87,5.7,5.88
