nom;prenom;tel;pays;age
Conley;Pearl;894: 671-5006;France;12
Head;Paloma;316: 784-3364;Luxembourg;34
Simpson;Kitra;428: 721-0717;France;56
Monroe;Merritt;451: 987-8014;United Arab Emirates;78
Buck;Zeus;875: 958-4198;France;32
Velez;Adena;481: 280-8350;Turkmenistan;45
Lancaster;Risa;930: 829-8777;Luxembourg;65
Buchanan;Tamekah;283: 956-5634;French Guiana;26
Barr;Cherokee;914: 183-7016;Norway;89
Hughes;Warren;857: 459-8826;Norway;61
Sutton;Ralph;803: 832-5808;Iran;57
Merritt;Ulric;230: 560-5193;France;19
Young;Ashely;125: 524-0861;France;51
Ramsey;Illana;109: 824-3038;Cameroon;75
Oneal;Fritz;734: 358-1785;New Caledonia;53
Robinson;Imelda;374: 529-7420;Nigeria;10
Morrow;Madonna;183: 330-6359;Nigeria;51
Carter;Chester;799: 687-6381;Norway;56
Velez;Leila;110: 418-3834;Luxembourg;27
Coffey;Vanna;979: 545-6453;Slovakia;54
Kennedy;Tasha;494: 144-6564;Mozambique;85
Mckay;Oliver;775: 479-7066;Moldova;95
Stout;Louis;213: 558-8917;Norway;42
Neal;Lana;581: 678-6924;Italy;95
Brock;Bernard;908: 871-8575;Afghanistan;12
Webb;Wynter;995: 850-0964;Guernsey;57
Miller;Hyatt;953: 949-6948;Bulgaria;64
Manning;Blair;113: 979-7166;Chad;43
Downs;Joseph;179: 908-6471;Ecuador;79
Justice;Halla;192: 340-3538;Luxembourg;86
Hahn;Hedwig;273: 755-3362;France;47
Bradford;Angelica;756: 366-6843;Sierra Leone;15
Hawkins;Melanie;253: 522-4426;Costa Rica;33
Love;Adele;530: 946-6988;Chad;86
Dodson;Dawn;767: 477-9409;Antarctica;41
Hill;Elton;971: 544-4710;France;51
Frye;Morgan;518: 366-4005;France;36
Reynolds;Drew;973: 224-1059;France;77
Dickson;Isadora;576: 235-5133;France;47
Colon;Abraham;527: 538-7648;Latvia;51
Villarreal;Daquan;897: 546-9087;Korea, South;45
Burton;Baker;298: 316-1315;American Samoa;15
Gallagher;Tyler;280: 466-5086;Bermuda;91
Woods;Gay;498: 282-8905;Niue;85
Vance;Aladdin;659: 490-9700;Guatemala;47
Fry;Blaine;269: 935-3999;Norway;30
Harrell;Patricia;157: 621-4840;Norway;44
Boyd;Bethany;550: 342-9908;Dominican Republic;77
Hays;Haley;588: 136-5008;Malta;79
Tanner;Bethany;902: 764-9444;United States;100
Bond;Kylan;867: 772-8851;Vanuatu;16
Cleveland;Xena;511: 319-4855;Niue;72
Hammond;Kaseem;326: 780-9986;Sweden;41
Roberson;Charity;456: 222-9633;Germany;8
Barrett;Tyrone;422: 764-4648;Turkmenistan;22
Meyer;Clarke;236: 761-7196;Denmark;61
Weeks;Hammett;353: 199-9442;Norway;88
Barr;Silas;607: 106-6814;Macedonia;76
Fry;Thane;384: 434-5428;Luxembourg;32
Beasley;Flavia;287: 705-8658;Cambodia;19
Boyle;Ciara;291: 394-8719;France;24
Bender;Amelia;223: 333-0507;France;62
Estrada;Kieran;865: 999-1025;France;3
Moody;Owen;821: 962-3953;France;94
Sargent;Orli;363: 894-1910;France;29
Nichols;Amanda;135: 451-8033;France;67
Mccall;Ariel;561: 797-9587;Luxembourg;19
Lowe;Merrill;153: 570-0148;Moldova;72
Woods;Graiden;559: 188-2245;Hungary;82
Cantu;Juliet;545: 696-7266;Armenia;56
Strong;Stewart;379: 500-1575;Swaziland;63
Stewart;Sonya;830: 902-0217;Albania;43
Allen;Benedict;685: 296-5117;Slovenia;88
Huff;Camilla;543: 384-0775;Bahamas;79
Knox;Jared;412: 792-1616;Iran;16
Morin;Christen;658: 517-6078;Luxembourg;46
Kim;Quemby;648: 496-5625;Venezuela;40
Mcclain;Ifeoma;503: 115-2648;Guernsey;63
Vega;Meghan;146: 306-6103;Kiribati;8
Marks;Felicia;108: 149-4218;Luxembourg;60
Mendoza;Wing;680: 855-6537;Cambodia;97
Moses;Jasper;648: 691-0080;Papua New Guinea;51
Bowers;Cheryl;768: 399-5987;Greenland;45
England;Veronica;259: 946-0267;Latvia;89
Rivers;Ann;781: 436-3042;Guatemala;17
Ratliff;Ingrid;791: 294-0326;Chad;46
Oliver;Deanna;648: 808-7601;Switzerland;90
Rios;Kylan;527: 545-1229;Luxembourg;99
Chambers;Brenda;871: 432-1351;Moldova;50
Cohen;Belle;984: 921-0799;Hungary;55
Price;Macy;678: 485-2594;Armenia;7
Caldwell;Rinah;468: 405-5802;Swaziland;4
Whitney;Mason;446: 993-1547;Gibraltar;35
Schwartz;Orlando;833: 565-7367;Ethiopia;47
Durham;Zia;842: 526-7064;Luxembourg;46
Delgado;Catherine;106: 616-7990;Cambodia;27
Wilder;Dexter;406: 352-1574;Papua New Guinea;88
Rowe;Mechelle;209: 114-7233;Greenland;14
Livingston;Herrod;324: 609-4604;Latvia;98
Frost;Clayton;152: 175-5307;Guatemala;94
