Year,Country,Winner,Runners-Up,Third,Fourth,GoalsScored,QualifiedTeams,MatchesPlayed
1930,Uruguay,Uruguay,Argentina,USA,Yugoslavia,70,13,18
1934,Italy,Italy,Czechoslovakia,Germany,Austria,70,16,17
1938,France,Italy,Hungary,Brazil,Sweden,84,15,18
1950,Brazil,Uruguay,Brazil,Sweden,Spain,88,13,22
1954,Switzerland,Germany FR,Hungary,Austria,Uruguay,140,16,26
1958,Sweden,Brazil,Sweden,France,Germany FR,126,16,35
1962,Chile,Brazil,Czechoslovakia,Chile,Yugoslavia,89,16,32
1966,England,England,Germany FR,Portugal,Soviet Union,89,16,32
1970,Mexico,Brazil,Italy,Germany FR,Uruguay,95,16,32
1974,Germany,Germany FR,Netherlands,Poland,Brazil,97,16,38
1978,Argentina,Argentina,Netherlands,Brazil,Italy,102,16,38
1982,Spain,Italy,Germany FR,Poland,France,146,24,52
1986,Mexico,Argentina,Germany FR,France,Belgium,132,24,52
1990,Italy,Germany FR,Argentina,Italy,England,115,24,52
1994,USA,Brazil,Italy,Sweden,Bulgaria,141,24,52
1998,France,France,Brazil,Croatia,Netherlands,171,32,64
2002,Korea/Japan,Brazil,Germany,Turkey,Korea Republic,161,32,64
2006,Germany,Italy,France,Germany,Portugal,147,32,64
2010,South Africa,Spain,Netherlands,Germany,Uruguay,145,32,64
2014,Brazil,Germany,Argentina,Netherlands,Brazil,171,32,64
2018,Russia,France,Croatia,Belgium,England,169,32,64