{"id": "hi3x-y76v", "name": "NYC Health + Hospitals patient satisfaction scores \u2013 2009", "assetType": "dataset", "attribution": "NYC Health + Hospitals", "averageRating": 0, "category": "Health", "createdAt": 1317403812, "description": "These are patient satisfaction scores measured by a standardized survey known as the Hospital Consumer Assessment of Healthcare Providers & Systems (HCAHPS). The survey is conducted by the federal Centers for Medicare and Medicaid Services (CMS) as a standard assessment tool for all hospitals throughout the nation. This data shows the 2009 patient satisfaction scores in New York City\u2019s 11 public hospitals.", "displayType": "table", "downloadCount": 5645, "hideFromCatalog": false, "hideFromDataJson": false, "indexUpdatedAt": 1536607784, "newBackend": true, "numberOfComments": 0, "oid": 337478, "provenance": "official", "publicationAppendEnabled": false, "publicationDate": 1318362586, "publicationGroup": 242152, "publicationStage": "published", "rowClass": "", "rowsUpdatedAt": 1317403813, "rowsUpdatedBy": "k2fz-tf56", "tableId": 242152, "totalTimesRated": 0, "viewCount": 7096, "viewLastModified": 1562182971, "viewType": "tabular", "approvals": [{"reviewedAt": 1318362586, "reviewedAutomatically": true, "state": "approved", "submissionId": 1063821, "submissionObject": "public_audience_request", "submissionOutcome": "change_audience", "submittedAt": 1318362586, "workflowId": 2285, "submissionDetails": {"permissionType": "READ"}, "submissionOutcomeApplication": {"failureCount": 0, "status": "success"}, "submitter": {"id": "5fuc-pqz2", "displayName": "NYC OpenData"}}], "columns": [{"id": 2909420, "name": "Hospital Name", "dataTypeName": "text", "fieldName": "hospital_name", "position": 2, "renderTypeName": "text", "tableColumnId": 1539642, "width": 256, "cachedContents": {"non_null": 110, "largest": "WOODHULL MEDICAL AND MENTAL HEALTH CENTER", "null": 0, "top": [{"item": "BELLEVUE HOSPITAL CENTER", "count": 20}, {"item": "CONEY ISLAND HOSPITAL", "count": 19}, {"item": "ELMHURST HOSPITAL CENTER", "count": 18}, {"item": "HARLEM HOSPITAL CENTER", "count": 17}, {"item": "JACOBI MEDICAL CENTER", "count": 16}, {"item": "KINGS COUNTY HOSPITAL CENTER", "count": 15}, {"item": "LINCOLN MEDICAL & MENTAL HEALTH CENTER", "count": 14}, {"item": "METROPOLITAN HOSPITAL CENTER", "count": 13}, {"item": "NORTH CENTRAL BRONX HOSPITAL", "count": 12}, {"item": "QUEENS HOSPITAL CENTER", "count": 11}, {"item": "WOODHULL MEDICAL AND MENTAL HEALTH CENTER", "count": 10}], "smallest": "BELLEVUE HOSPITAL CENTER"}, "format": {}}, {"id": 2909421, "name": "HCAHPS Question", "dataTypeName": "text", "fieldName": "hcahps_question", "position": 3, "renderTypeName": "text", "tableColumnId": 1539643, "width": 280, "cachedContents": {"non_null": 110, "largest": "Would patients recommend the hospital to friends and family?", "null": 0, "top": [{"item": "How often were the patients rooms and bathrooms kept clean?", "count": 20}, {"item": "How often did nurses communicate well with patients?", "count": 19}, {"item": "How often did doctors communicate well with patients?", "count": 18}, {"item": "How often did patients receive help quickly from hospital staff?", "count": 17}, {"item": "How often was patients pain well controlled?", "count": 16}, {"item": "How often did staff explain about medicines before giving them to patients?", "count": 15}, {"item": "Were patients given information about what to do during their recovery at home?", "count": 14}, {"item": "How do patients rate the hospital overall?", "count": 13}, {"item": "How often was the area around patients rooms kept quiet at night?", "count": 12}, {"item": "Would patients recommend the hospital to friends and family?", "count": 11}], "smallest": "How do patients rate the hospital overall?"}, "format": {}}, {"id": 2909422, "name": "HCAHPS Answer Description", "dataTypeName": "text", "fieldName": "hcahps_answer_description", "position": 4, "renderTypeName": "text", "tableColumnId": 1539644, "width": 400, "cachedContents": {"non_null": 110, "largest": "Yes, staff \"did\" give patients this information", "null": 0, "top": [{"item": "Room was \"always\" clean", "count": 20}, {"item": "Nurses \"always\" communicated well", "count": 19}, {"item": "Doctors \"always\" communicated well", "count": 18}, {"item": "Patients \"always\" received help as soon as they wanted", "count": 17}, {"item": "Pain was \"always\" well controlled", "count": 16}, {"item": "Staff \"always\" explained", "count": 15}, {"item": "Yes, staff \"did\" give patients this information", "count": 14}, {"item": "Patients who gave a rating of \"9\" or \"10\" (high)", "count": 13}, {"item": "Always quiet at night", "count": 12}, {"item": "\"YES\", patients would definitely recommend the hospital", "count": 11}], "smallest": "\"YES\", patients would definitely recommend the hospital"}, "format": {}}, {"id": 2909423, "name": "HCAHPS Answer Percent", "dataTypeName": "number", "fieldName": "hcahps_answer_percent", "position": 5, "renderTypeName": "number", "tableColumnId": 1539645, "width": 352, "cachedContents": {"non_null": 110, "average": "60.66363636363636", "largest": "82", "null": 0, "top": [{"item": "56", "count": 20}, {"item": "64", "count": 19}, {"item": "57", "count": 18}, {"item": "61", "count": 17}, {"item": "63", "count": 16}, {"item": "73", "count": 15}, {"item": "65", "count": 14}, {"item": "62", "count": 13}, {"item": "68", "count": 12}, {"item": "67", "count": 11}, {"item": "66", "count": 10}, {"item": "77", "count": 9}, {"item": "74", "count": 8}, {"item": "78", "count": 7}, {"item": "75", "count": 6}, {"item": "76", "count": 5}, {"item": "79", "count": 4}, {"item": "49", "count": 3}, {"item": "44", "count": 2}, {"item": "48", "count": 1}], "smallest": "35", "sum": "6673"}, "format": {}}], "grants": [{"inherited": false, "type": "viewer", "flags": ["public"]}], "metadata": {"rdfSubject": "0", "rdfClass": "", "custom_fields": {"Update": {"Automation": "No", "Date Made Public": "10/11/2011", "Update Frequency": "Annually"}, "Dataset Information": {"Agency": "NYC Health + Hospitals"}}, "rowIdentifier": "0", "availableDisplayTypes": ["table", "fatrow", "page"], "rowLabel": "", "renderTypeConfig": {"visible": {"table": true}}}, "owner": {"id": "5fuc-pqz2", "displayName": "NYC OpenData", "profileImageUrlLarge": "/api/users/5fuc-pqz2/profile_images/LARGE", "profileImageUrlMedium": "/api/users/5fuc-pqz2/profile_images/THUMB", "profileImageUrlSmall": "/api/users/5fuc-pqz2/profile_images/TINY", "screenName": "NYC OpenData", "type": "interactive", "flags": ["acceptedEula", "mayBeStoriesCoOwner"]}, "query": {}, "rights": ["read"], "tableAuthor": {"id": "k2fz-tf56", "displayName": "Gary A", "screenName": "Gary A", "type": "interactive"}, "tags": ["health", "patient", "satisfaction", "consumer", "healthcare", "healthcare provider", "survey", "hospital", "medicare", "medicaid", "gcahps", "healthy living"], "flags": ["default", "ownerMayBeContacted", "restorable", "restorePossibleForType"]}