brand,laptop_name,display_size,processor_type,graphics_card,disk_space,discount_price,old_price,ratings_5max
HP,Notebook 14-df0008nx,14, Intel Celeron N4000, Intel HD Graphics 600, 64 GB (eMMC),1259,1259,0
Lenovo,IdeaPad 330S-14IKB,14, Intel Core i5-8250U, Intel UHD Graphics 620, 1 TB HDD,1849,2099,3.3
Huawei,MateBook D Volta,14, Intel Core i5-8250U, NVIDIA GeForce MX150 (2 GB), 256 GB SSD,2999,3799,0
Dell,Inspiron 15 3567,15.6, Intel Core i3-7020U, Intel HD Graphics 620, 1 TB HDD,1849,1849,0
Asus,VivoBook 15 X510UR,15.6, Intel Core i7-8550U, NVIDIA GeForce 930MX (2 GB), 1 TB HDD,2499,3149,0
Dell,Vostro 5471,14, Intel Core i7-8550U, AMD Radeon 530 (4 GB), 128 GB SSD/1 TB HDD,3799,3799,3.8
Apple,MacBook Air (Retina),13.3, Intel Core i5 Dual Core, Intel UHD Graphics 617, 128 GB (PCIe SSD),4649,5199,4
Huawei,MateBook D,15.6, Intel Core i5-8250U, NVIDIA GeForce MX150 (2 GB), 128 GB SSD/1 TB HDD,2449,2799,4.4
Huawei,MateBook X Pro,13.88, Intel Core i5-8250U, NVIDIA GeForce MX150 (2 GB), 256 GB NVMe M.2 SSD,4999,5999,0
HP,14-cf0007nx,14, Intel Core i5-8250U, AMD Radeon 530 (2 GB), 16 GB (Optane)/1 TB HDD,2629,2629,0
HP,15-db0001nx,15.6, AMD A9-9425, AMD Radeon R5, 1 TB HDD,1999,1999,0
Acer,Swift 5,14, Intel Core i7-8565U, Intel GMA HD, 512 GB SSD,4499,5999,0
Apple,MacBook Air,13.3, Intel Core i5 Dual Core, Intel HD Graphics 6000, 128 GB (PCIe Flash),3399,4499,0
Acer,Swift 5 SF514-52TP-8933,14, Intel Core i7-8550U, Intel UHD Graphics 620, 512 GB SSD,4899,5999,0
Apple,MacBook Pro (Retina + Touch Bar),15.4, Intel Core i7 6 Core, Radeon Pro 555X GDDR5 (4 GB), 256 GB SSD,9099,10199,0
Acer,Swift 3 SF314-52G,14, Intel Core i7-8550U, NVIDIA GeForce MX150 (2 GB), 512 GB SSD,3399,4399,0
Apple,MacBook Pro (Retina + Touch Bar),13.3, Intel Core i5 Quad Core, Intel Iris Plus Graphics 655, 512 GB SSD,7599,8499,4.4
Apple,MacBook Pro (Retina + Touch Bar),13.3, Intel Core i5 Quad Core, Intel Iris Plus Graphics 655, 256 GB SSD,6969,7769,4.3
Huawei,MateBook 13,13, Intel Core i7-8565U, NVIDIA GeForce MX150 (2 GB), 512 GB SSD,4999,4999,4.1
Apple,MacBook Air (Retina),13.3, Intel Core i5 Dual Core, Intel UHD Graphics 617, 256 GB (PCIe SSD),5399,6099,3.9
Dell,XPS 13 9380,13.3, Intel Core i5-8265U, Intel UHD Graphics 620, 256 GB PCIe NVMe M.2 SSD,4699,5399,4.4
HP,Pavilion 13-an0001nx,13.3, Intel Core i7-8565U, Intel UHD Graphics 620, 256 GB PCIe NVMe M.2 SSD,3299,3999,0
Apple,MacBook Air (Retina),13.3, Intel Core i5 Dual Core, Intel UHD Graphics 617, 256 GB (PCIe SSD),5449,6099,4
Apple,MacBook Air (Retina),13.3, Intel Core i5 Dual Core, Intel UHD Graphics 617, 256 GB (PCIe SSD),5449,6099,3.9
HP,Pavilion 14-ce0001nx,14, Intel Core i7-8550U, NVIDIA GeForce MX150 (4 GB), 256 GB M.2 SSD/1 TB HDD,3599,4199,0
Apple,MacBook Air (Retina),13.3, Intel Core i5 Dual Core, Intel UHD Graphics 617, 128 GB (PCIe SSD),4599,5199,3.9
HP,Pavilion 14-ce0000nx,14, Intel Core i7-8550U, NVIDIA GeForce MX150 (4 GB), 256 GB M.2 SSD/1 TB HDD,3599,4199,5
Apple,MacBook Air (Retina),13.3, Intel Core i5 Dual Core, Intel UHD Graphics 617, 128 GB (PCIe SSD),4599,5199,3.9
Huawei,MateBook D Volta,14, Intel Core i7-8550U, NVIDIA GeForce MX150 (2 GB), 256 GB SSD,3599,4199,0
Asus,ZenBook 14 UX433FN,14, Intel Core i7-8565U, NVIDIA GeForce MX150 (2 GB), 512 GB SSD,4299,4899,0
Asus,VivoBook 14 S430FN,14, Intel Core i5-8265U, NVIDIA GeForce MX150 (2 GB), 128 GB M.2 SSD/1 TB HDD,2599,3199,0
Huawei,MateBook X Pro,13.88, Intel Core i7-8550U, NVIDIA GeForce MX150 (2 GB), 512 GB SSD,6399,6999,0
HP,Pavilion 14-ce2003nx,14, Intel Core i7-8565U, NVIDIA GeForce MX250 (4 GB), 128 GB M.2 SSD/1 TB HDD,3249,3799,0
Asus,X543UB,15.6, Intel Core i7-8550U, NVIDIA GeForce MX110 (2 GB), 1 TB HDD,2499,2999,0
HP,Pavilion 14-ce2000nx,14, Intel Core i7-8565U, NVIDIA GeForce MX250 (4 GB), 256 GB NVMe M.2 SSD/1 TB HDD,3799,4299,0
HP,Pavilion 14-ce2001nx,14, Intel Core i7-8565U, NVIDIA GeForce MX250 (4 GB), 256 GB NVMe M.2 SSD/1 TB HDD,3799,4299,0
Lenovo,IdeaPad 330S-14IKB,14, Intel Core i5-8250U, Intel UHD Graphics 620, 256 GB (PCIe Flash),1999,2499,0
Asus,VivoBook S15 S530FN,15.6, Intel Core i7-8565U, NVIDIA GeForce MX150 (2 GB), 128 GB M.2 SSD/1 TB HDD,3499,3999,0
Asus,VivoBook 15 X512UB,15.6, Intel Core i5-8250U, NVIDIA GeForce MX110 (2 GB), 128 GB M.2 SSD/1 TB HDD,2399,2899,0
Asus,VivoBook 14 X412UB,14, Intel Core i5-8250U, NVIDIA GeForce MX110 (2 GB), 1 TB HDD,2299,2799,0
Asus,X507UB,15.6, Intel Core i5-8250U, NVIDIA GeForce MX110 (2 GB), 1 TB HDD,1999,2449,3.6
Asus,VivoBook 14 X412FJ,14, Intel Core i5-8265U, NVIDIA GeForce MX230 (2 GB), 128 GB SSD/1 TB HDD,2649,3099,0
Apple,MacBook,12, Intel Core M3, Intel HD Graphics 615, 256 GB SSD,5269,5669,5
Huawei,MateBook D,15.6, Intel Core i7-8550U, NVIDIA GeForce MX150 (2 GB), 128 GB SSD/1 TB HDD,2899,3299,4
Huawei,MateBook D,15.6, Intel Core i7-8550U, NVIDIA GeForce MX150 (2 GB), 128 GB SSD/1 TB HDD,2899,3299,4.4
Huawei,MateBook 13,13, Intel Core i7-8565U, Intel UHD Graphics 620, 512 GB SSD,3599,3999,4.1
Lenovo,IdeaPad S530,13.3, Intel Core i7-8565U, NVIDIA GeForce MX150 (2 GB), 512 GB NVMe M.2 SSD,3599,3999,0
Dell,XPS 13 9380,13.3, Intel Core i7-8565U, Intel UHD Graphics 620, 512 GB PCIe NVMe M.2 SSD,5999,6399,4.4
HP,15-da1019nx,15.6, Intel Core i7-8565U, NVIDIA GeForce MX130 (4 GB), 1 TB HDD,2749,3149,0
HP,15-da1003nx,15.6, Intel Core i7-8565U, NVIDIA GeForce MX130 (4 GB), 1 TB HDD,2749,3149,0
Dell,XPS 15 9570,15.6, Intel Core i7-8750H, NVIDIA GeForce GTX 1050 Ti (4 GB), 128 GB M.2 SSD/1 TB HDD,6099,6499,0
Asus,VivoBook 15 X512UF,15.6, Intel Core i7-8550U, NVIDIA GeForce MX130 (2 GB), 128 GB M.2 SSD/1 TB HDD,2899,3299,0
Dell,Inspiron 15 3580,15.6, Intel Core i5-8265U, AMD Radeon 520 (2 GB), 1 TB HDD,2299,2699,0
Acer,Aspire 5 A515-52G-75XJ,15.6, Intel Core i7-8565U, NVIDIA GeForce MX130 (2 GB), 1 TB HDD,2799,3199,0
Dell,Inspiron 15 3580,15.6, Intel Core i7-8565U, AMD Radeon 520 (2 GB), 1 TB HDD,2799,3149,0
Huawei,MateBook D,15.6, Intel Core i5-8250U, NVIDIA GeForce MX150 (2 GB), 128 GB SSD/1 TB HDD,2449,2799,0
Lenovo,IdeaPad 330,15.6, Intel Core i7-8550U, AMD Radeon 530 (4 GB), 128 GB M.2 SSD/1 TB HDD,2789,3099,3.6
Lenovo,IdeaPad S340,15.6, Intel Core i5-8265U, NVIDIA GeForce MX230 (2 GB), 128 GB M.2 SSD/1 TB HDD,2299,2599,0
HP,Pavilion 15-cs2003nx,15.6, Intel Core i5-8265U, NVIDIA GeForce MX130 (2 GB), 128 GB M.2 SSD/1 TB HDD,2699,2999,0
Acer,Swift 3 314,14, Intel Core i7-8565U, NVIDIA GeForce MX150 (2 GB), 128 GB SSD/1 TB HDD,3699,3999,0
Lenovo,IdeaPad S340,14, Intel Core i3-8145U, Intel GMA HD, 1 TB HDD,1499,1779,4.2
Lenovo,IdeaPad S340,14, Intel Core i3-8145U, Intel GMA HD, 1 TB HDD,1499,1779,4.2
Lenovo,IdeaPad S145,15.6, Intel Celeron 4205U, Intel GMA HD, 500 GB HDD,1039,1299,0
Dell,Inspiron 15 3580,15.6, Intel Core i5-8265U, AMD Radeon 520 (2 GB), 1 TB HDD,2199,2449,0
Lenovo,IdeaPad S340,14, Intel Core i5-8265U, Intel GMA HD, 1 TB HDD,1849,2099,4.2
HP,14-cf1001nx,14, Intel Core i5-8265U, AMD Radeon 530 (2 GB), 128 GB M.2 SSD/1 TB HDD,2549,2799,5
HP,15-da1005nx,15.6, Intel Core i5-8265U, Intel UHD Graphics 620, 1 TB HDD,1949,2199,0
Lenovo,IdeaPad S340,14, Intel Core i5-8265U, Intel GMA HD, 1 TB HDD,1849,2099,4.2
Lenovo,IdeaPad 330-15IKBR,15.6, Intel Core i7-8550U, AMD Radeon 530M (4 GB), 2 TB HDD,2899,3149,0
Dell,Inspiron 15 3581,15.6, Intel Core i3-7020U, Intel HD Graphics 620, 1 TB HDD,1699,1929,0
Acer,Aspire 3 A315-53-52ZL,15.6, Intel Core i5-8250U, Intel UHD Graphics 620, 16 GB (Optane)/1 TB HDD,1979,2199,0
Acer,Aspire 3 A315-53-341N,15.6, Intel Core i3-7020U, Intel Graphics 620, 1 TB HDD,1539,1749,0
Acer,Aspire 3 A315-53G,15.6, Intel Core i5-8250U, NVIDIA GeForce MX130 (2 GB), 1 TB HDD,2299,2499,0
Lenovo,IdeaPad 330,15.6, Intel Celeron N4000, Intel UHD Graphics 600, 1 TB HDD,1179,1379,0
Lenovo,IdeaPad S130-14IGM,14, Intel Celeron N4000, Intel UHD Graphics 600, 64 GB (eMMC),899,1099,0
Lenovo,IdeaPad 330S,15.6, Intel Core i5-8250U, AMD Radeon 540 (4 GB), 2 TB HDD,2499,2699,0
Asus,VivoBook 14 X420UA,14, Intel Core i3-7020U, Intel HD Graphics 620, 128 GB M.2 SSD,1499,1699,0
Asus,X540UB,15.6, Intel Core i5-8250U, NVIDIA GeForce MX110 (2 GB), 1 TB HDD,1799,1999,0
Huawei,MateBook 13,13, Intel Core i5-8265U, Intel UHD Graphics 620, 256 GB SSD,2799,2999,4.1
HP,15-da1018nx,15.6, Intel Core i3-8145U, Intel UHD Graphics 620, 1 TB HDD,1629,1799,0
HP,15-da1016nx,15.6, Intel Core i3-8145U, Intel UHD Graphics 620, 1 TB HDD,1629,1799,0
Acer,Aspire 3 A315-33-C6S9,15.6, Intel Celeron N3060, Intel GMA HD, 500 GB HDD,1219,1369,3.7
Asus,X543UB,15.6, Intel Core i5-8250U, Intel UHD Graphics 620, 1 TB HDD,1799,1949,0
Asus,X543MA,15.6, Intel Celeron N4000, Intel UHD Graphics 600, 1 TB HDD,1099,1249,0
Acer,Aspire 3 A315-53,15.6, Intel Core i3-7020U, Intel HD Graphics 620, 1 TB HDD,1599,1749,3.7
Dell,Inspiron 15 3582,15.6, Intel Celeron N4000, Intel UHD Graphics 600, 500 GB HDD,1299,1399,0
Dell,Inspiron 15 3573,15.6, Intel Celeron N4000, Intel GMA HD, 500 GB HDD,1299,1399,0
Dell,Inspiron 15 5584,15.6, Intel Core i7-8565U, NVIDIA GeForce MX130 (4 GB), 256 GB SSD/1 TB HDD,3999,4099,3.7
Acer,Swift 1 SF114-32-C4GB,14, Intel Celeron N4000, Intel HD Graphics 600, 64 GB (eMMC),1279,1349,0
Acer,Aspire 3,15.6, Intel Core i3-7020U, Intel HD Graphics 620, 1 TB HDD,1679,1749,0
Acer,Aspire 3 A315-54,15.6, Intel Core i5-8265U, Intel UHD Graphics 620, 1 TB HDD,1999,1999,0
Acer,Aspire 3 A315-54,15.6, Intel Core i5-8265U, Intel UHD Graphics 620, 1 TB HDD,1999,1999,0
Acer,Aspire 5 A515-54G,15.6, Intel Core i7-8565U, NVIDIA GeForce MX250 (2 GB), 1 TB HDD,3099,3099,0
HP,Pavilion 15-cs2012nx,15.6, Intel Core i7-8565U, NVIDIA GeForce GTX 1050 (3 GB), 512 GB NVMe M.2 SSD,4549,4549,0
Asus,ZenBook S13 UX392FN,13.9, Intel Core i7-8565U, NVIDIA GeForce MX150 (2 GB), 1 TB PCIe NVMe M.2 SSD,6999,6999,0
HP,Pavilion 15-cs2011nx,15.6, Intel Core i5-8265U, NVIDIA GeForce MX130 (2 GB), 1 TB HDD,2799,2799,0
Apple,MacBook Pro (Retina + Touch Bar),13.3, Intel Core i5 Quad Core, Intel Iris Plus Graphics 645, 128 GB SSD,5649,5649,0
Apple,MacBook Pro (Retina + Touch Bar),13.3, Intel Core i5 Quad Core, Intel Iris Plus Graphics 645, 128 GB SSD,5649,5649,0
Apple,MacBook Pro (Retina + Touch Bar),13.3, Intel Core i5 Quad Core, Intel Iris Plus Graphics 645, 256 GB SSD,6499,6499,0
Apple,MacBook Air (Retina),13.3, Intel Core i5 Dual Core, Intel UHD Graphics 617, 128 GB (PCIe SSD),4799,4799,3.9
Apple,MacBook Air (Retina),13.3, Intel Core i5 Dual Core, Intel UHD Graphics 617, 128 GB (PCIe SSD),4799,4799,3.9
Apple,MacBook Air (Retina),13.3, Intel Core i5 Dual Core, Intel UHD Graphics 617, 128 GB (PCIe SSD),4799,4799,0
Apple,MacBook Air (Retina),13.3, Intel Core i5 Dual Core, Intel UHD Graphics 617, 256 GB (PCIe SSD),5649,5649,0
Apple,MacBook Air (Retina),13.3, Intel Core i5 Dual Core, Intel UHD Graphics 617, 256 GB (PCIe SSD),5649,5649,0
Apple,MacBook Air (Retina),13.3, Intel Core i5 Dual Core, Intel UHD Graphics 617, 256 GB (PCIe SSD),5649,5649,0
Apple,MacBook Pro (Retina + Touch Bar),13.3, Intel Core i5 Quad Core, Intel Iris Plus Graphics 645, 256 GB SSD,6499,6499,0
HP,Stream 14-cb003nx,14, Intel Celeron N3060, Intel HD Graphics 400, 32 GB (eMMC),1049,1049,0
Apple,MacBook Pro (Retina),13.3, Intel Core i5 Dual Core, Intel Iris Plus Graphics 640, 128 GB SSD,5669,5669,4.9
Acer,Aspire 1 A114-31-C6WP,14, Intel Celeron N3350, Intel HD Graphics 505, 64 GB (eMMC),999,999,0
Microsoft,Surface,13.5, Intel Core i5-7200U, Intel HD Graphics 620, 256 GB SSD,5799,5799,0
HP,ENVY 13-ah0006nx,13.3, Intel Core i7-8550U, NVIDIA GeForce MX150 (2 GB), 512 GB PCIe NVMe M.2 SSD,4939,4939,0
Acer,Swift 1 SF114-32-C4GB,14, Intel Celeron N4000, Intel HD Graphics 600, 64 GB (eMMC),1349,1349,0
Acer,Aspire 1 A114-31,14, Intel Celeron N3350, Intel HD Graphics 500, 64 GB (eMMC),999,999,0
Dell,XPS 13 9370,13.3, Intel Core i7-8550U, Intel UHD Graphics 620, 1 TB SSD,8099,8099,0
Dell,Vostro 5471,14, Intel Core i5-8250U, AMD Radeon 530 (2 GB), 1 TB HDD,2949,2949,0
HP,Spectre 13-af001nx,13.3, Intel Core i5-8250U, Intel UHD Graphics 620, 512 GB (PCIe Flash),6299,6299,0
Dell,XPS 13 9380,13.3, Intel Core i7-8565U, Intel UHD Graphics 620, 1 TB SSD,8099,8099,4.4
HP,ENVY 13-ah0001nx,13.3, Intel Core i7-8550U, NVIDIA GeForce MX150 (2 GB), 512 GB PCIe NVMe M.2 SSD,4939,4939,4
Apple,MacBook Pro (Retina),13.3, Intel Core i5 Dual Core, Intel Iris Plus Graphics 640, 256 GB SSD,6499,6499,4.6
Lenovo,IdeaPad 330-15IGM,15.6, Intel Celeron N4000, Intel HD Graphics 600, 500 GB HDD,1359,1359,3.9
HP,ENVY 13-ah0002nx,13.3, Intel Core i7-8550U, NVIDIA GeForce MX150 (2 GB), 1 TB PCIe NVMe M.2 SSD,6299,6299,0
Dell,XPS 13 9360,13.3, Intel Core i5-8250U, Intel GMA HD, 256 GB PCIe NVMe M.2 SSD,4899,4899,4.3
Dell,Vostro 5471,14, Intel Core i5-8250U, AMD Radeon 530 (4 GB), 128 GB SSD/1 TB HDD,3599,3599,3.8
Dell,Inspiron 13 5370,13.3, Intel Core i5-8250U, AMD Radeon 530 (2 GB), 256 GB SSD,3149,3149,0
Acer,Aspire 3 A315-53,15.6, Intel Core i5-7200U, NVIDIA GeForce MX130 (2 GB), 1 TB HDD,2249,2249,3.7
Dell,Vostro 5481,14, Intel Core i5-8265U, NVIDIA GeForce MX130 (2 GB), 128 GB PCIe NVMe M.2 SSD/1 TB HDD,3399,3399,0
Dell,Vostro 5481,14, Intel Core i7-8565U, NVIDIA GeForce MX130 (2 GB), 128 GB PCIe NVMe M.2 SSD/1 TB HDD,3899,3899,0
Microsoft,Surface 2,13.5, Intel Core i5-8250U, Intel UHD Graphics 620, 128 GB SSD,4199,4199,4.1
Microsoft,Surface 2,13.5, Intel Core i5-8250U, Intel UHD Graphics 620, 256 GB SSD,5399,5399,0
HP,Stream 14-cb104nx,14, Intel Celeron N4000, Intel UHD Graphics 600, 64 GB (eMMC),1099,1099,0
Dell,Inspiron 14 5480,14, Intel Core i7-8565U, NVIDIA GeForce MX250 (2 GB), 128 GB SSD/1 TB HDD,4099,4099,0
Apple,MacBook Pro (Retina + Touch Bar),15.4, Intel Core i7 6 Core, Radeon Pro 555X GDDR5 (4 GB), 256 GB SSD,10799,10799,0
Apple,MacBook Pro (Retina + Touch Bar),15.4, Intel Core i9, Radeon Pro 560X GDDR5 (4 GB), 512 GB SSD,12499,12499,0
Apple,MacBook Pro (Retina + Touch Bar),13.3, Intel Core i5 Quad Core, Intel Iris Plus Graphics 655, 256 GB SSD,7999,7999,0
Apple,MacBook Pro (Retina + Touch Bar),13.3, Intel Core i5 Quad Core, Intel Iris Plus Graphics 655, 512 GB SSD,8699,8699,0
MSI,GT83VR 7RF Titan SLI,18.4, Intel Core i7-7820HK, NVIDIA GeForce GTX 1080 (8 GB) SLI, 256 GB SSD (Super Raid)/1 TB HDD,9071,9071,0
Asus,ROG G752VS,17.3, Intel Core i7-7700HQ, NVIDIA GeForce GTX 1070 (8 GB), 256 GB SSD/1 TB HDD,8189,8189,0
Acer,Predator 17 GX791 78ND,17.3, Intel Core i7-6700HQ, NVIDIA GeForce GTX 980M (8 GB), 256 GB SSD/1 TB HDD,7507,7507,0
Apple,MacBook Pro (Retina),15.4, Intel Core i7 Quad Core, AMD Radeon R9-M370X (2 GB), 512 GB SSD,6824,6824,0
Dell,Alienware 15,15.6, Intel Core i7-7820HK, NVIDIA GeForce GTX 1080 (8 GB), 256 GB SSD/1 TB HDD,6688,6688,3.7
Dell,XPS 15,15.6, Intel Core i7-7700HQ, NVIDIA GeForce GTX 1050 (4 GB), 1 TB HDD,6483,6483,0
Apple,MacBook Pro (Retina + Touch Bar),15.4, Intel Core i7 Quad Core, Radeon Pro 555 GDDR5 (2 GB), 256 GB SSD,7679,7679,4.6
HP,ENVY 13-ab002nx,13.3, Intel Core i7-7500U, Intel HD Graphics 620, 1 TB PCIe NVMe M.2 SSD,4249,4249,0
Asus,ZenBook UX433FN,14, Intel Core i7-8565U, NVIDIA GeForce MX150 (2 GB), 512 GB SSD,3799,4999,4.4
Apple,MacBook Pro (Retina + Touch Bar),15.4, Intel Core i7 6 Core, Radeon Pro 560X GDDR5 (4 GB), 512 GB SSD,10699,11899,4.4
HP,ENVY 13-ad002nx,13.3, Intel Core i7-7500U, Intel Graphics 620, 512 GB PCIe NVMe M.2 SSD,3539,3539,4.1
Apple,MacBook,12, Intel Core M3, Intel HD Graphics 615, 256 GB SSD,4669,5669,5
HP,Pavilion 15-cs0006nx,15.6, Intel Core i7-8550U, NVIDIA GeForce MX150 (4 GB), 128 GB M.2 SSD/1 TB HDD,2979,3779,3.9
Asus,VivoBook 15 X510UF,15.6, Intel Core i7-8550U, NVIDIA GeForce MX130 (2 GB), 128 GB M.2 SSD/1 TB HDD,2599,3299,0
Asus,VivoBook S430,14, Intel Core i5-8250U, NVIDIA GeForce MX130 (2 GB), 256 GB M.2 SSD/1 TB HDD,2499,3199,0
HP,Pavilion 15-cs0001nx,15.6, Intel Core i5-8250U, NVIDIA GeForce MX130 (2 GB), 16 GB (Optane)/1 TB HDD,2409,3049,0
HP,Pavilion 15-cs0000nx,15.6, Intel Core i5-8250U, NVIDIA GeForce MX130 (2 GB), 16 GB (Optane)/1 TB HDD,2409,3049,0
Acer,Swift 3 SF314-54G-87HB,14, Intel Core i7-8550U, NVIDIA GeForce MX150 (2 GB), 1 TB HDD,3399,3899,0
Asus,VivoBook 15 X507UB,15.6, Intel Core i5-8250U, NVIDIA GeForce MX110 (2 GB), 128 GB SSD/1 TB HDD,2099,2599,0
HP,15-bs150nx,15.6, Intel Core i3-5005U, Intel GMA HD, 500 GB HDD,1199,1199,0
Dell,Inspiron 3567,15.6, Intel Core i3-6006U, Intel GMA HD, 1 TB HDD,1429,1429,0
Apple,MacBook Pro (Retina),13.3, Intel Core i5 Dual Core, Intel Iris Plus Graphics 640, 128 GB SSD,5269,5669,4.6
Lenovo,IdeaPad 330S-15IKB,15.6, Intel Core i5-8250U, AMD Radeon 535 (2 GB), 1 TB HDD,2169,2519,4
Acer,Aspire 3 A315-53-34CE,15.6, Intel Core i3-7020U, Intel Graphics 620, 1 TB HDD,1239,1549,4
Asus,VivoBook 15 X540UA,15.6, Intel Core i5-8250U, Intel HD Graphics 620, 1 TB HDD,1599,1899,5
Lenovo,IdeaPad 330-15IGM,14, Intel Core i3-8130U, Intel HD Graphics 620, 2 TB HDD,1589,1889,3.6
Lenovo,IdeaPad 330S-14IKB,14, Intel Core i5-8250U, Intel UHD Graphics 620, 1 TB HDD,1849,2099,3.3
Lenovo,IdeaPad 330S-14IKB,14, Intel Core i3-8130U, Intel HD Graphics 620, 2 TB HDD,1699,1889,3.3
HP,14-bp101nx,14, Intel Core i5-8250U, AMD Radeon 530 (2 GB), 1 TB HDD,2519,2519,5
Apple,MacBook Pro (Retina),15.4, Intel Core i7 Quad Core, Intel Iris Pro Graphics, 256 GB SSD,8189,8189,4.5
HP,14-ck0008nx,14, Intel Celeron N4000, Intel HD Graphics 600, 500 GB HDD,1369,1369,0
HP,15-da0007nx,15.6, Intel Core i3-7020U, Intel HD Graphics 620, 1 TB HDD,1779,1779,5
HP,15-da0035nx,15.6, Intel Core i7-8550U, Intel UHD Graphics 620, 1 TB HDD,2299,2299,3
Apple,MacBook Pro (Retina + Touch Bar),13.3, Intel Core i5 Dual Core, Intel Iris Plus Graphics 650, 512 GB SSD,8499,8499,0
HP,Pavilion 15-cs0003nx,15.6, Intel Core i7-8550U, NVIDIA GeForce MX150 (4 GB), 128 GB M.2 SSD/1 TB HDD,3779,3779,0
HP,15-bs007nx,15.6, Intel Core i3-6006U, Intel HD Graphics 520, 1 TB HDD,1779,1779,0
Lenovo,IdeaPad 320-15IKBRA,15.6, Intel Core i7-8550U, AMD Radeon 530 (4 GB), 2 TB HDD,3149,3149,0
HP,ENVY 13-ad004nx,13.3, Intel Core i7-7500U, NVIDIA GeForce MX150 (2 GB), 1 TB PCIe NVMe M.2 SSD,6609,6609,0
HP,Pavilion 14-bf102nx,14, Intel Core i5-8250U, NVIDIA GeForce GT 940MX (2 GB), 1 TB HDD,3039,3039,0
Dell,Inspiron 15 3567,15.6, Intel Core i7-7500U, AMD Radeon R5-M340 (2 GB), 1 TB HDD,2749,2749,0
Dell,Inspiron 15 5567,15.6, Intel Core i7-7500U, AMD Radeon R7-M445 (4 GB), 1 TB HDD,3249,3249,0
HP,ENVY 13-ad001nx,13.3, Intel Core i5-7200U, Intel Graphics 620, 256 GB PCIe NVMe M.2 SSD,3989,3989,4.1
HP,ENVY 17-ae003nx,17.3, Intel Core i7-7500U, NVIDIA GeForce 940MX (4 GB), 256 GB NVMe M.2 SSD/1 TB HDD,6199,6199,0
HP,15-bs006nx,15.6, Intel Core i3-6006U, Intel HD Graphics 520, 1 TB HDD,1779,1779,3.6
Dell,XPS 15,15.6, Intel Core i7-8750H, NVIDIA GeForce GTX 1050 Ti (4 GB), 512 GB PCIe NVMe M.2 SSD,8999,8999,0
Acer,Aspire A315-51,15.6, Intel Core i3-6006U, Intel HD Graphics 520, 500 GB HDD,1649,1649,3.9
HP,Pavilion 13-an0000nx,13.3, Intel Core i5-8265U, Intel UHD Graphics 620, 128 GB PCIe NVMe M.2 SSD,3149,3149,0
Dell,XPS 13 9360,13.3, Intel Core i5-8250U, Intel UHD Graphics 620, 256 GB PCIe NVMe M.2 SSD,4399,4399,0
Acer,Aspire 5 A515-51G,15.6, Intel Core i7-8550U, NVIDIA GeForce MX130 (2 GB), 2 TB HDD,2999,2999,3.8
HP,ENVY 13-ad101nx,13.3, Intel Core i7-8550U, NVIDIA GeForce MX150 (2 GB), 1 TB PCIe NVMe M.2 SSD,6719,6719,4
Dell,Inspiron 15 5570,15.6, Intel Core i5-8250U, AMD Radeon 530 (2 GB), 1 TB HDD,2939,2939,4
Dell,Inspiron 15 3567,15.6, Intel Core i5-8250U, AMD Radeon 520 (2 GB), 1 TB HDD,2549,2549,0
Lenovo,IdeaPad 320-15IKBRA,15.6, Intel Core i5-8250U, AMD Radeon 530 (2 GB), 1 TB HDD,2519,2519,4.2
Lenovo,IdeaPad 320-14ISK,14, Intel Core i3-6006U, Intel GMA HD, 1 TB HDD,1779,1779,0
Asus,ZenBook UX430UN Ultrabook,14, Intel Core i5-8250U, NVIDIA GeForce MX150 (2 GB), 256 GB SSD,3779,3779,0
HP,Pavilion 15-cc006nx,15.6, Intel Core i7-7500U, NVIDIA GeForce 940MX (2 GB), 8 GB (Cache Flash)/1 TB HDD,3459,3459,0
Dell,Inspiron 15 3567,15.6, Intel Core i3-6006U, Intel GMA HD, 1 TB HDD,1889,1889,0
Dell,Inspiron 15 3567,15.6, Intel Core i5-7200U, AMD Radeon R5-M340 (2 GB), 1 TB HDD,2469,2469,0
HP,ENVY 13-ab000nx,13.3, Intel Core i5-7200U, Intel GMA HD, 256 GB PCIe NVMe M.2 SSD,3779,3779,0
Apple,MacBook Pro (Retina + Touch Bar),13.3, Intel Core i5 Dual Core, Intel Iris Graphics 550, 256 GB SSD,7768.95,7768.95,0
HP,,15.6, Intel Core i5-7200U, AMD Radeon 520 (2 GB), 1 TB HDD,2419,2419,0
HP,Pavilion 15-cc002nx,15.6, Intel Core i7-7500U, NVIDIA GeForce 940MX (2 GB), 8 GB (Cache Flash)/1 TB HDD,3459,3459,0
Apple,MacBook Pro (Retina),13.3, Intel Core i5 Dual Core, Intel Iris Plus Graphics 640, 256 GB SSD,6499,6499,4.6
HP,ENVY 13-ad100nx,13.3, Intel Core i7-8550U, Intel HD Graphics 620, 512 GB NVMe M.2 SSD,4829,4829,4
Dell,Inspiron 15 3567,15.6, Intel Core i5-7200U, AMD Radeon R5-M430 (2 GB), 1 TB HDD,2249,2249,3.3
Lenovo,IdeaPad 320-15IKBRN,15.6, Intel Core i5-8250U, Intel GMA HD, 1 TB HDD,2099,2099,3.8
Huawei,MateBook D,15.6, Intel Core i7-8550U, NVIDIA GeForce MX150 (2 GB), 128 GB SSD/1 TB HDD,3299,3299,4
Apple,MacBook Pro (Retina + Touch Bar),15.4, Intel Core i7 6 Core, Radeon Pro 555X GDDR5 (4 GB), 256 GB SSD,10199,10199,0
Apple,MacBook Pro (Retina + Touch Bar),15.4, Intel Core i7 6 Core, Radeon Pro 560X GDDR5 (4 GB), 512 GB SSD,11899,11899,4.4
Dell,Inspiron 15 3576,15.6, Intel Core i5-8250U, AMD Radeon 520 (2 GB), 1 TB HDD,2299,2299,0
