3,CENTERAL ASSISTANCE FOR STATE AND UNION TERRITORY PLANES,,,,,
,,,,,,
,,,,,,
,,,,,,
,,2011-2012,2012-2013,2012-2013,2013-2014,
,,Actuals,Budget ,Revised ,Budget , 
,,,,,,
A,CENTRAL  ASSISTANCE FOR STATE PLANS,100128.79,124249,107147.12,129930,
1,Normal Central Assistance ,20920.68,25589,24089,27636,
2,Special Plan Assistance,5758.84,6005,6005,6341,
3,Special Central Assistance (untied),8370,9571,9671,9571,
4,"Special Central Assistance, of which",4038.76,4577,3732.54,4577,
,(a) Hill Areas,298.85,300,300,300,
,(b) Tribal Sub-Plan,963.68,1200,852.54,1200,
,(c) Grants under Proviso to Article 275(1),1084.83,1317,820,1317,
,(d) Border Area,1003.22,990,990,990,
,(e) North Eastern Council  ,688.18,770,770,770,
5,Control of Shifting Cultivation,50,...,...,...,
6,MPs Local Area Development Scheme,2507.68,3955,3950,3955,
7,Additional Central Assistance for ,,,,,
,Externally Aided Projects,13148.61,13500,13500,13500,
8,Assistance from Central Pool of ,,,,,
,Resources for NE & Sikkim,798.99,880,775.58,950,
9, Bodoland Territorial Council ,50,50,35,60,
10,Accelerated Irrigation Benefit Programme (AIBP) ,,,,,
,and Other Water Resources Programmes,7459.01,14242,7342,12962,
11,Roads & Bridges,2198.55,2267,2267,2267,
12,National Social Assistance Programme (NSAP) ,,,,,
,(including Annapurna),6546.08,8382,7882,9541,
13,National E-Governance Action Plan (NEGAP),41.37,190,90,315,
14,"Backward Regions Grant Fund (BRGF), of which",11104.3,12040,10524,11500,
,(a) State Component,7187.3,6990,6790,5000,
,(b) District Component ,3917,5050,3734,6500,
15,Jawaharlal Nehru National Urban ,,,,,
,"Renewal Mission, of which ",7337.78,12522,6822,14000,
,(i) Sub Mission on Urban ,,,,,
,Infrastructure and Governance,4113.68,5900,3300,5000,
,(ii) Urban Infrastructure Development for ,,,,,
,Small and Medium Towns (UIDSSMT),1134.58,2100,1600,4478,
,(iii) Sub Mission on Basic Services to ,,,,,
,Urban Poor (SM-BSUP),1321.92,2100,1022,1500,
,(iv) Integrated Housing and ,,,,,
,Slum Development (IHSDP),699.66,900,800,1000,
,(v) Rajiv Awas Yojana (RAY),67.94,1522,100,2022,
16,Rashtriya Krishi Vikas Yojana (RKVY),7794.09,9217,8400,9954,
17,Additional Cetnral Assistance (ACA) for ,,,,      ,
,desalination Plant at Chennai,126.85,1,1,...,
18,Additional Central Assistance for Other Projects,1877.2,1261,2061,1261,
19,Additional Central Assistance for LWE Districts,...,...,...,1000,
20,Other  Additional  Central Assistance,...,...,...,540,
B,Union Territory Plans #,,5749,4855.3,6324,
,Union Territories with Legislature ,920.48,1720,1478.74,1826.9,
,(a) National Capital Territory of Delhi ,648.62,1100,900,1143.7,
,(b) Puducherry,271.86,620,578.74,683.2,
,Union Territories without Legislature,2966.63,4029,3376.56,4497.1,
,(a) Andaman & Nicobar Islands ,1290.87,1706.04,1507.67,1867.1,
,(b) Chandigarh,632.77,742.18,624.95,881,
,(c) Dadra & Nagar Haveli,333.5,610,567.02,674.7,
,(d) Daman & Diu,326.46,570,426.75,631.8,
,(e) Lakshadweep,383.03,400.78,250.17,442.5,
GRAND TOTAL (A + B),,104015.9,129998,112002.42,136254,
,AVERAGE,863.8,1724.7,1456.59,1674.85,
,MAXIMUM,2966.63,5749,4855.3,6324,
,MINIMUM,271.86,400.78,250.17,60,
,COUNT,39,39,39,39,
,,,,,,
,,,,,,
,,,,,,
,,,,,,
,,,,,,
,,,,,,
,,,,,,
,,,,,,
,,,,,,
,,,,,,
,,,,,,
,,,,,,
,,,,, ,
