,Alias,Title,Date of Birth,Date of Death,Culture,Religion,Origin,Appeared in Episode,Allegiance
Eddard Stark,The Quiet Wolf,Lord of Winterfell,263,298,Northmen,Old Gods of the Forest,Winterfell,19,House Stark
Catelyn Tully,,Lady of Winterfell,264,300,Westerosi,Faith of the Seven,Riverrun,26,House Tully
Robb Stark,The Young Wolf,King in the North,281,300,Northmen,Old Gods of the Forest,Winterfell,22,House Stark
Sansa Stark,,,285,,Northmen,Old Gods of the Forest,Winterfell,59,House Stark
Arya Stark,,The Red Woman,287,,Northmen,Old Gods of the Forest,Winterfell,59,House Stark
Brandon Stark,Three-Eyed Raven,,288,,Northmen,Old Gods of the Forest,Winterfell,40,House Stark
Rickon Stark,,,292,302,Northmen,Old Gods of the Forest,Winterfell,14,House Stark
Jon Snow,White Wolf,998th Lord Commander of the Night's Watch,281,,Northmen,Old Gods of the Forest,Tower of Joy,62,House Stark
Theon Greyjoy,,,281,305,Ironborn,Drowned God,Pyke,47,House Greyjoy
Tywin Lannister,,Lord of Casterly Rock,234,301,Andal,Faith of the Seven,Casterly Rock,27,House Lannister
Cersei Lannister,,Queen of the Andals and the First Men,262,305,Andal,Faith of the Seven,Casterly Rock,62,House Lannister
Jamie Lannister,Kingslayer,Lord Commander of the Kingsguard,262,305,Andal,Faith of the Seven,Casterly Rock,55,House Lannister
Tyrion Lannister,The Imp,Hand of the Queen,266,,Andal,Faith of the Seven,Casterly Rock,67,House Lannister
Joffrey Baratheon,,King of the Andals and the First Men,282,301,Andal,Faith of the Seven,King's Landing,26,House Baratheon
Tommen Baratheon,,King of the Andals and the First Men,287,303,Andal,Faith of the Seven,King's Landing,24,House Baratheon
Daenerys Targaryen,Mother of Dragon,Khaleesi of the Great Grass Sea,282,305,Valyrian,Faith of the Seven,Dragonstone,62,House Targaryen
Jorah Mormont,,,,305,Northmen,Old Gods of the Forest,Bear Island,52,House Mormont
Stannis Baratheon,Warrior of Light,Lord of the Seven Kingdoms,,302,Andal,R'hllor,Storm's End,24,House Baratheon
Petyr Baelish,Littlefinger,Master of Coin,,304,Andal,,Fingers,41,House Bealish
Varys,The Spider,Master of Whisperers,,305,Lysene,,Lys,46,
Robert Baratheon,The Stag King,Lord of the Seven Kingdoms,252,298,Andal,Faith of the Seven,Storm's End,7,House Baratheon
Margaery Tyrell,,Queen Consort,,303,Andal,Faith of the Seven,Highgarden,26,House Tyrell
Melisandre,,,-100,305,Asshai'i,R'hllor,Asshai,29,
Ramsay Bolton,,Lord of the Dreadfort,,303,Northmen,Old Gods of the Forest,Dreadfort,19,House Bolton
Roose Bolton,The Bastard of Bolton,Lord of the Dreadfort,,303,Northmen,Old Gods of the Forest,Weeping Water,20,House Bolton
