Biased Catalog,Replace
Active,Busy
Adventurous,Willing
Affectionate,Caring
Aggress,Empowered
Alumnus,Graduates
Ambitio,To want
Analy,To study
Apply,Join the team
Assert,Eager
Athlet,Healthy
Autonom,Freedom
Best,Qualified
Boast,Exclaim
Bossy,Demand
Brother,Sibling
Businessman,Businessperson
Chairman,Chairperson
Challeng,Stimulate
Cheer,Applaud
Child,Young
Commit,Promise
Communal,Group
Compassion,To hear
Compet,Excellent
Confident,Certain
Connect,Join
Considerate,Awareness
Control,To coordinate
Cooperat,Work with a group
Collaborat,Work with a group
Courag,Brave
Dad,Parent
Decide,Choose
Decision,Choose
Decisive,Choose
Depend,Based on
Determin,Choose
Dirty,Focused
Domina,Strength
Dominant,Strength
Doorman,Doorkeeper
Driven,Coerce
Emotiona,Relate
Empath,Imaginative
Expert,Skilled
Fatherland,Homeland
Feisty,Willing
Females,Women
Feminine,Womanly
Flatterable,To please
Force,To influence
Forefathers,Ancestors
Founding Fathers,Founders
Freshman,First-year student
Gal,Person
Gentle,Respectful
Girl,Woman
Grandfather clause,Legacy
Greedy,Acquisitive
Guru,Talented
Guy,Person
Hacker,Worker
Handyman,Skilled worker
He,You
Headstrong,Willful
Her's,You
Hierarch,Classification
His,You
Honest,Truthful
Hostess,Host
Hostil,Unfriendly
Housekeeping,Maintenance
Husband,Partner
Implusive,To act on
Impressive,Recognized
Independen,Not influenced
Individual,Person
Intellect,Educated
Interdependen,Teamwork
Interpersona,Between
Kind,Helpful
Kinship,Between
Ladies,Folks
Large,Growing
Layman,Layperson
Lead,Charge
Logic,Reasonable
Love,Appreciate
Loyal,Devoted
Maid,House Cleaner
Mailman,Mail carrier
Man,Person
Man-Hours,Work hours
Man-Made,Artificial
Manage,Intuitive
Mankind,Humans
Manpower,Workforce
Masculine,Male
Master,Primary
Middleman,Intermediary
Miss.,Ms.
Modesty,Appropriate
Mom,Parent
Mrs.,Ms.
Nag,Criticize
Nerd,Educated
Ninja,Worker
Nurtur,To take care of
Objective,Agenda
Opinion,Belief
Outspoken,Exclaim
Penmanship,Handwriting
Persist,Continue
Pleasant,Enjoyable
Policeman,Police Officer
Polite,Behave
Principle,Idea
Quiet,Silent
Reckless,To act on
Relationships,Networks
Repairman,Repairer
Respon,Duty
Rigid,Consistent
Risks,Eager
Role Model,Ideal Person
Self-confiden,Assurance
Self-relian,Unaided
Self-sufficien,To be able
Sensitiv,Influential
Serious,Severe
She,You
Showman,Performer
Sir,Member
Sister,Sibling
Spokesman,Spokesperson
Spokeswoman,Spokesperson
Strong,Consistent
Stubborn,Resistant
Submissive,Allowing
Superhero,Manager
Superior,Ideal
Support,Encourage
Sympath,To care for
Tender,Respectful
Together,Teamwork
Trust,To believe in
Understand,Educated
Waiter,Server
Waitress,Server
Warm,Friendly
Whin,To complain
Widow,partners
Widowers,partners
Wives,Spouses
Workforce,Company
Workmanship,Work
Yield,Produce