"TIME","GEO","INDIC_SB","NACE_R1","Value","Flag and Footnotes"
"2004","Denmark","Purchase of advertising space or time for resale - million euro","Advertising","606.3",""
"2004","Germany (until 1990 former territory of the FRG)","Purchase of advertising space or time for resale - million euro","Advertising","5,666.6",""
"2004","Greece","Purchase of advertising space or time for resale - million euro","Advertising","676.0",""
"2004","Spain","Purchase of advertising space or time for resale - million euro","Advertising","8,048.4",""
"2004","Latvia","Purchase of advertising space or time for resale - million euro","Advertising","45.7",""
"2004","Lithuania","Purchase of advertising space or time for resale - million euro","Advertising","18.4",""
"2004","Malta","Purchase of advertising space or time for resale - million euro","Advertising","8.1",""
"2004","Romania","Purchase of advertising space or time for resale - million euro","Advertising","183.3",""
"2004","Slovenia","Purchase of advertising space or time for resale - million euro","Advertising","91.4",""
"2004","Slovakia","Purchase of advertising space or time for resale - million euro","Advertising","24.1",""
"2004","Finland","Purchase of advertising space or time for resale - million euro","Advertising",":","c"
"2004","Sweden","Purchase of advertising space or time for resale - million euro","Advertising","1,512.9",""
"2004","United Kingdom","Purchase of advertising space or time for resale - million euro","Advertising","6,303.9",""
"2004","Norway","Purchase of advertising space or time for resale - million euro","Advertising","1,259.2",""
