date_col,home,away,score,points,home-adv,referee,opponent,PI
2018-08-12,arsenal,manchester city,0–2,0,1,Michael Oliver,manchestercity,1.3102245221600866
2018-08-18,chelsea,arsenal,3–2,0,0,Martin Atkinson,chelsea,1.095206298862087
2018-08-25,arsenal,west ham united,3–1,3,1,Graham Scott,westhamunited,0.8275324819853656
2018-09-02,cardiff city,arsenal,2–3,3,0,Anthony Taylor,cardiffcity,0.5715382689257991
2018-09-15,newcastle united,arsenal,1–2,3,0,Lee Probert,newcastleunited,0.7149987480176946
2018-09-23,arsenal,everton,2–0,3,1,Jonathan Moss,everton,0.8625768578026318
2018-09-29,arsenal,watford,2–0,3,1,Anthony Taylor,watford,0.5499707870795425
2018-10-07,fulham,arsenal,1–5,3,0,Paul Tierney,fulham,0.4290960687755612
2018-10-22,arsenal,leicester city,3–1,3,1,Chris Kavanagh,leicestercity,0.9565589961884093
2018-10-28,crystal palace,arsenal,2–2,1,0,Martin Atkinson,crystalpalace,0.7270066494171327
2018-11-03,arsenal,liverpool,1–1,1,1,Andre Marriner,liverpool,1.3341791169351471
2018-11-11,arsenal,wolverhampton wanderers,1–1,1,1,Stuart Attwell,wolverhamptonwanderers,0.8631166012853684
2018-11-25,bournemouth,arsenal,1–2,3,0,Craig Pawson,bournemouth,0.5499707870795425
2018-12-02,arsenal,tottenham hotspur,4–2,3,1,Mike Dean,tottenhamhotspur,1.0267924213337782
2018-12-05,manchester united,arsenal,2–2,1,0,Andre Marriner,manchesterunited,1.09668085579946
2018-12-08,arsenal,huddersfield town,1–0,3,1,Paul Tierney,huddersfieldtown,0.2689591853768466
2018-12-16,southampton,arsenal,3–2,0,0,Chris Kavanagh,southampton,0.714486826363965
2018-12-22,arsenal,burnley,3–1,3,1,Kevin Friend,burnley,0.7108199093008374
2018-12-26,brighton hove albion,arsenal,1–1,1,0,Anthony Taylor,brightonhovealbion,0.6283393150265698
2018-12-29,liverpool,arsenal,5–1,0,0,Michael Oliver,liverpool,1.3341791169351471
2019-01-01,arsenal,fulham,4–1,3,1,Graham Scott,fulham,0.4290960687755612
2019-01-12,west ham united,arsenal,1–0,0,0,Jonathan Moss,westhamunited,0.8275324819853656
2019-01-19,arsenal,chelsea,2–0,3,1,Anthony Taylor,chelsea,1.095206298862087
2019-01-29,arsenal,cardiff city,2–1,3,1,Mike Dean,cardiffcity,0.5715382689257991
2019-02-03,manchester city,arsenal,3–1,0,0,Martin Atkinson,manchestercity,1.3102245221600866
2019-02-09,huddersfield town,arsenal,1–2,3,0,Jonathan Moss,huddersfieldtown,0.2689591853768466
2019-02-24,arsenal,southampton,2–0,3,1,Graham Scott,southampton,0.714486826363965
2019-02-27,arsenal,bournemouth,5–1,3,1,Chris Kavanagh,bournemouth,0.5499707870795425
2019-03-02,tottenham hotspur,arsenal,1–1,1,0,Anthony Taylor,tottenhamhotspur,1.0267924213337782
2019-03-10,arsenal,manchester united,2–0,3,1,Jonathan Moss,manchesterunited,1.09668085579946
2019-04-01,arsenal,newcastle united,2–0,3,1,Anthony Taylor,newcastleunited,0.7149987480176946
2019-04-07,everton,arsenal,1–0,0,0,Kevin Friend,everton,0.8625768578026318
2019-04-15,watford,arsenal,0–1,3,0,Craig Pawson,watford,0.5499707870795425
2019-04-21,arsenal,crystal palace,2–3,0,1,Jonathan Moss,crystalpalace,0.7270066494171327
2019-04-24,wolverhampton wanderers,arsenal,3–1,0,0,Stuart Attwell,wolverhamptonwanderers,0.8631166012853684
2019-04-28,leicester city,arsenal,3–0,0,0,Michael Oliver,leicestercity,0.9565589961884093
2019-05-05,arsenal,brighton hove albion,1–1,1,1,Anthony Taylor,brightonhovealbion,0.6283393150265698
2019-05-12,burnley,arsenal,1–3,3,0,Mike Dean,burnley,0.7108199093008374
2019-08-11,newcastle united,arsenal,0–1,3,0,Martin Atkinson,newcastleunited,0.7149987480176946
2019-08-17,arsenal,burnley,2–1,3,1,Mike Dean,burnley,0.7108199093008374
2019-08-24,liverpool,arsenal,3–1,0,0,Anthony Taylor,liverpool,1.3341791169351471
2019-09-01,arsenal,tottenham hotspur,2–2,1,1,Martin Atkinson,tottenhamhotspur,1.0267924213337782
2019-09-15,watford,arsenal,2–2,1,0,Anthony Taylor,watford,0.5499707870795425
2019-09-22,arsenal,aston villa,3–2,3,1,Jonathan Moss,astonvilla,0.6966864201652615
2019-09-30,manchester united,arsenal,1–1,1,0,Kevin Friend,manchesterunited,1.09668085579946
2019-10-06,arsenal,bournemouth,1–0,3,1,Martin Atkinson,bournemouth,0.5499707870795425
2019-10-21,sheffield united,arsenal,1–0,0,0,Mike Dean,sheffieldunited,0.34593105750772046
2019-10-27,arsenal,crystal palace,2–2,1,1,Martin Atkinson,crystalpalace,0.7270066494171327
2019-11-02,arsenal,wolverhampton wanderers,1–1,1,1,Michael Oliver,wolverhamptonwanderers,0.8631166012853684
2019-11-09,leicester city,arsenal,2–0,0,0,Chris Kavanagh,leicestercity,0.9565589961884093
2019-11-23,arsenal,southampton,2–2,1,1,Stuart Attwell,southampton,0.714486826363965
2019-12-01,norwich city,arsenal,2–2,1,0,Paul Tierney,norwichcity,0.339687839078541
2019-12-05,arsenal,brighton hove albion,1–2,0,1,Graham Scott,brightonhovealbion,0.6283393150265698
2019-12-09,west ham united,arsenal,1–3,3,0,Mike Dean,westhamunited,0.8275324819853656
2019-12-15,arsenal,manchester city,0–3,0,1,Paul Tierney,manchestercity,1.3102245221600866
2019-12-21,everton,arsenal,0–0,1,0,Kevin Friend,everton,0.8625768578026318
2019-12-26,bournemouth,arsenal,1–1,1,0,Stuart Attwell,bournemouth,0.5499707870795425
2019-12-29,arsenal,chelsea,1–2,0,1,Craig Pawson,chelsea,1.095206298862087
2020-01-01,arsenal,manchester united,2–0,3,1,Chris Kavanagh,manchesterunited,1.09668085579946
2020-01-11,crystal palace,arsenal,1–1,1,0,Paul Tierney,crystalpalace,0.7270066494171327
2020-01-18,arsenal,sheffield united,1–1,1,1,Mike Dean,sheffieldunited,0.34593105750772046
2020-01-21,chelsea,arsenal,2–2,1,0,Stuart Attwell,chelsea,1.095206298862087
2020-02-02,burnley,arsenal,0–0,1,0,Chris Kavanagh,burnley,0.7108199093008374
2020-02-16,arsenal,newcastle united,4–0,3,1,Lee Mason,newcastleunited,0.7149987480176946
2020-02-23,arsenal,everton,3–2,3,1,Stuart Attwell,everton,0.8625768578026318
2020-03-07,arsenal,west ham united,1–0,3,1,Martin Atkinson,westhamunited,0.8275324819853656
2020-06-17,manchester city,arsenal,3–0,0,0,Anthony Taylor,manchestercity,1.3102245221600866
2020-06-20,brighton hove albion,arsenal,2–1,0,0,Martin Atkinson,brightonhovealbion,0.6283393150265698
2020-06-25,southampton,arsenal,0–2,3,0,Graham Scott,southampton,0.714486826363965
2020-07-01,arsenal,norwich city,4–0,3,1,Peter Bankes,norwichcity,0.339687839078541
2020-07-04,wolverhampton wanderers,arsenal,0–2,3,0,Michael Oliver,wolverhamptonwanderers,0.8631166012853684
2020-07-07,arsenal,leicester city,1–1,1,1,Chris Kavanagh,leicestercity,0.9565589961884093
2020-07-12,tottenham hotspur,arsenal,2–1,0,0,Michael Oliver,tottenhamhotspur,1.0267924213337782
2020-07-15,arsenal,liverpool,2–1,3,1,Paul Tierney,liverpool,1.3341791169351471
2020-07-21,aston villa,arsenal,1–0,0,0,Chris Kavanagh,astonvilla,0.6966864201652615
2020-07-26,arsenal,watford,3–2,3,1,Mike Dean,watford,0.5499707870795425
2020-09-12,fulham,arsenal,0–3,3,0,Chris Kavanagh,fulham,0.4290960687755612
2020-09-19,arsenal,west ham united,2–1,3,1,Michael Oliver,westhamunited,0.8275324819853656
2020-09-28,liverpool,arsenal,3–1,0,0,Craig Pawson,liverpool,1.3341791169351471
2020-10-04,arsenal,sheffield united,2–1,3,1,Lee Mason,sheffieldunited,0.34593105750772046
2020-10-17,manchester city,arsenal,1–0,0,0,Chris Kavanagh,manchestercity,1.3102245221600866
2020-10-25,arsenal,leicester city,0–1,0,1,Craig Pawson,leicestercity,0.9565589961884093
2020-11-01,manchester united,arsenal,0–1,3,0,Mike Dean,manchesterunited,1.09668085579946
2020-11-08,arsenal,aston villa,0–3,0,1,Martin Atkinson,astonvilla,0.6966864201652615
2020-11-22,leeds united,arsenal,0–0,1,0,Anthony Taylor,leedsunited,0.8873883649111092
2020-11-29,arsenal,wolverhampton wanderers,1–2,0,1,Michael Oliver,wolverhamptonwanderers,0.8631166012853684
2020-12-06,tottenham hotspur,arsenal,2–0,0,0,Martin Atkinson,tottenhamhotspur,1.0267924213337782
2020-12-13,arsenal,burnley,0–1,0,1,Graham Scott,burnley,0.7108199093008374
2020-12-16,arsenal,southampton,1–1,1,1,Paul Tierney,southampton,0.714486826363965
2020-12-19,everton,arsenal,2–1,0,0,Andre Marriner,everton,0.8625768578026318
2020-12-26,arsenal,chelsea,3–1,3,1,Michael Oliver,chelsea,1.095206298862087
2020-12-29,brighton hove albion,arsenal,0–1,3,0,Martin Atkinson,brightonhovealbion,0.6283393150265698
2021-01-02,west bromwich albion,arsenal,0–4,3,0,Martin Atkinson,westbromwichalbion,0.39105249979133616
2021-01-14,arsenal,crystal palace,0–0,1,1,Andre Marriner,crystalpalace,0.7270066494171327
2021-01-18,arsenal,newcastle united,3–0,3,1,David Coote,newcastleunited,0.7149987480176946
2021-01-26,southampton,arsenal,1–3,3,0,Kevin Friend,southampton,0.714486826363965
2021-01-30,arsenal,manchester united,0–0,1,1,Michael Oliver,manchesterunited,1.09668085579946
2021-02-02,wolverhampton wanderers,arsenal,2–1,0,0,Craig Pawson,wolverhamptonwanderers,0.8631166012853684
2021-02-06,aston villa,arsenal,1–0,0,0,Chris Kavanagh,astonvilla,0.6966864201652615
2021-02-14,arsenal,leeds united,4–2,3,1,Stuart Attwell,leedsunited,0.8873883649111092
2021-02-21,arsenal,manchester city,0–1,0,1,Jonathan Moss,manchestercity,1.3102245221600866
2021-02-28,leicester city,arsenal,1–3,3,0,Paul Tierney,leicestercity,0.9565589961884093
2021-03-06,burnley,arsenal,1–1,1,0,Andre Marriner,burnley,0.7108199093008374
2021-03-14,arsenal,tottenham hotspur,2–1,3,1,Michael Oliver,tottenhamhotspur,1.0267924213337782
2021-03-21,west ham united,arsenal,3–3,1,0,Jonathan Moss,westhamunited,0.8275324819853656
2021-04-03,arsenal,liverpool,0–3,0,1,Stuart Attwell,liverpool,1.3341791169351471
2021-04-11,sheffield united,arsenal,0–3,3,0,Peter Bankes,sheffieldunited,0.34593105750772046
2021-04-18,arsenal,fulham,1–1,1,1,Craig Pawson,fulham,0.4290960687755612
2021-04-23,arsenal,everton,0–1,0,1,Jonathan Moss,everton,0.8625768578026318
2021-05-02,newcastle united,arsenal,0–2,3,0,Mike Dean,newcastleunited,0.7149987480176946
2021-05-09,arsenal,west bromwich albion,3–1,3,1,Peter Bankes,westbromwichalbion,0.39105249979133616
2021-05-12,chelsea,arsenal,0–1,3,0,Andre Marriner,chelsea,1.095206298862087
2021-05-19,crystal palace,arsenal,1–3,3,0,Anthony Taylor,crystalpalace,0.7270066494171327
2021-05-23,arsenal,brighton hove albion,2–0,3,1,Jonathan Moss,brightonhovealbion,0.6283393150265698
