Pos,Team  T,Matches  M,Points  P,Rating  R
1,England  ENG,28,7786,278
2,India  IND,28,7456,266
3,Pakistan  PAK,34,8883,261
4,New Zealand  NZ,28,7192,257
5,South Africa  SA,30,7489,250
6,Bangladesh  BAN,26,6259,241
7,Australia  AUS,33,7923,240
8,Afghanistan  AFG,12,2826,236
9,West Indies  WI,29,6792,234
10,Sri Lanka  SL,22,5048,229
11,Zimbabwe  ZIM,30,5751,192
12,Ireland  IRE,26,4930,190
13,Nepal  NEP,19,3556,187
14,UAE  UAE,11,2023,184
15,Scotland  SCO,14,2553,182
16,Papua New Guinea  PNG,14,2501,179
17,Netherlands  NED,20,3504,175
18,Oman  OMA,10,1732,173
19,Namibia  NAM,14,2204,157
20,Singapore  SIN,12,1678,140
21,Qatar  QAT,11,1422,129
22,Canada  CAN,10,1263,126
23,Hong Kong  HK,13,1572,121
24,Jersey  JSY,13,1481,114
25,Kenya  KEN,8,894,112
26,Italy  ITA,6,663,111
27,Kuwait  KUW,8,866,108
28,Saudi Arabia  SDA,4,428,107
29,Bermuda  BRM,6,568,95
30,Denmark  DEN,9,849,94
31,Germany  GER,14,1232,88
32,Malaysia  MAS,20,1723,86
33,Uganda  UGA,10,847,85
34,United States  USA,8,644,81
35,Botswana  BOT,10,786,79
36,Nigeria  NGR,5,375,75
37,Guernsey  GSY,9,645,72
38,Romania  ROM,17,1158,68
39,Norway  NOR,10,667,67
40,Belgium  BEL,17,1048,62
41,Austria  AUT,13,775,60
42,Spain  ESP,8,457,57
43,Bahrain  BRN,4,227,57
44,Tanzania  TAN,3,167,56
45,Sweden  SWE,10,536,54
46,Philippines  PHI,5,241,48
47,France  FRA,7,333,48
48,Mexico  MEX,7,313,45
49,Cayman Islands  CAY,3,132,44
50,Vanuatu  VAN,10,435,44
51,Belize  BIZ,5,209,42
52,Portugal  POR,9,374,42
53,Argentina  ARG,5,206,41
54,Luxembourg  LUX,16,607,38
55,Peru  PER,5,179,36
56,Fiji  FIJ,3,105,35
57,Finland  FIN,9,313,35
58,Malawi  MAW,9,312,35
59,Panama  PAN,5,162,32
60,Samoa  SAM,5,159,32
61,Hungary  HUN,5,159,32
62,Japan  JPN,4,126,32
63,Costa Rica  CRC,4,126,32
64,Ghana  GHA,7,209,30
65,Thailand  THA,7,175,25
66,Malta  MLT,20,436,22
67,Czech Republic  CZE,19,396,21
68,South Korea  SK,4,78,20
69,Mozambique  MOZ,9,175,19
70,Isle of Man  IOM,4,77,19
71,Greece  GRE,5,94,19
72,Bulgaria  BUL,16,233,15
73,Bhutan  BHU,4,47,12
74,Maldives  MDV,7,65,9
75,Saint Helena  STH,6,55,9
76,Rwanda  RWA,8,70,9
77,Brazil  BRA,5,39,8
78,Chile  CHI,5,19,4
79,Myanmar  MYA,3,1,0
80,Indonesia  INA,3,0,0
81,Lesotho  LES,3,0,0
82,Eswatini  SWZ,3,0,0
83,Turkey  TUR,3,0,0
84,China  CHN,4,0,0
85,Serbia  SER,5,0,0
86,Gibraltar  GIB,9,0,0
