sample,Subtype
TCGA-3M-AB46,0
TCGA-BR-6454,0
TCGA-BR-6456,0
TCGA-BR-6564,0
TCGA-BR-6565,0
TCGA-BR-7197,0
TCGA-BR-7715,0
TCGA-BR-7716,0
TCGA-BR-7717,0
TCGA-BR-7722,0
TCGA-BR-7901,0
TCGA-BR-7957,0
TCGA-BR-8077,0
TCGA-BR-8080,0
TCGA-BR-8289,0
TCGA-BR-8291,0
TCGA-BR-8297,0
TCGA-BR-8365,0
TCGA-BR-8369,0
TCGA-BR-8483,0
TCGA-BR-8484,0
TCGA-BR-8486,0
TCGA-BR-8588,0
TCGA-BR-8590,0
TCGA-BR-8677,0
TCGA-BR-8678,0
TCGA-BR-8682,0
TCGA-BR-8687,0
TCGA-BR-A44U,0
TCGA-BR-A452,0
TCGA-BR-A4CR,0
TCGA-BR-A4CS,0
TCGA-BR-A4IY,0
TCGA-BR-A4J1,0
TCGA-BR-A4J6,0
TCGA-BR-A4J7,0
TCGA-BR-A4J8,0
TCGA-BR-A4PD,0
TCGA-BR-A4PE,0
TCGA-BR-A4PF,0
TCGA-BR-A4QI,0
TCGA-CD-5799,0
TCGA-CD-5800,0
TCGA-CD-5804,0
TCGA-CD-8526,0
TCGA-CD-8530,0
TCGA-CD-8532,0
TCGA-CD-8535,0
TCGA-CD-A486,0
TCGA-CD-A487,0
TCGA-CD-A489,0
TCGA-CD-A48C,0
TCGA-CD-A4MH,0
TCGA-CG-4301,0
TCGA-CG-4304,0
TCGA-CG-4438,0
TCGA-CG-4443,0
TCGA-CG-4444,0
TCGA-CG-4475,0
TCGA-CG-4476,0
TCGA-CG-4477,0
TCGA-D7-6518,0
TCGA-D7-6519,0
TCGA-D7-6520,0
TCGA-D7-6526,0
TCGA-D7-6815,0
TCGA-D7-6817,0
TCGA-D7-6818,0
TCGA-D7-6820,0
TCGA-D7-6822,0
TCGA-D7-8575,0
TCGA-D7-8576,0
TCGA-D7-8578,0
TCGA-D7-A4YT,0
TCGA-D7-A4YU,0
TCGA-D7-A6EX,0
TCGA-D7-A6F0,0
TCGA-D7-A6F2,0
TCGA-D7-A747,0
TCGA-D7-A74A,0
TCGA-F1-6875,0
TCGA-F1-A72C,0
TCGA-FP-7735,0
TCGA-FP-7829,0
TCGA-FP-8099,0
TCGA-FP-8211,0
TCGA-FP-8631,0
TCGA-FP-A4BF,0
TCGA-FP-A9TM,0
TCGA-HF-7133,0
TCGA-HF-7136,0
TCGA-HU-8249,0
TCGA-HU-8604,0
TCGA-HU-A4GD,0
TCGA-HU-A4GF,0
TCGA-HU-A4GY,0
TCGA-HU-A4H5,0
TCGA-HU-A4H6,0
TCGA-IN-7806,0
TCGA-IN-7808,0
TCGA-IP-7968,0
TCGA-KB-A6F7,0
TCGA-KB-A93J,0
TCGA-MX-A663,0
TCGA-MX-A666,0
TCGA-R5-A7O7,0
TCGA-R5-A7ZE,0
TCGA-R5-A7ZF,0
TCGA-R5-A7ZR,0
TCGA-RD-A7BW,0
TCGA-RD-A7C1,0
TCGA-RD-A8MV,0
TCGA-RD-A8MW,0
TCGA-RD-A8N1,0
TCGA-RD-A8N5,0
TCGA-RD-A8N6,0
TCGA-RD-A8N9,0
TCGA-SW-A7EB,0
TCGA-VQ-A8DU,0
TCGA-VQ-A8DV,0
TCGA-VQ-A8DZ,0
TCGA-VQ-A8E0,0
TCGA-VQ-A8E2,0
TCGA-VQ-A8E7,0
TCGA-VQ-A8PC,0
TCGA-VQ-A8PE,0
TCGA-VQ-A8PH,0
TCGA-VQ-A8PJ,0
TCGA-VQ-A8PK,0
TCGA-VQ-A8PM,0
TCGA-VQ-A8PU,0
TCGA-VQ-A91A,0
TCGA-VQ-A91N,0
TCGA-VQ-A91Q,0
TCGA-VQ-A91S,0
TCGA-VQ-A91U,0
TCGA-VQ-A91V,0
TCGA-VQ-A91Y,0
TCGA-VQ-A91Z,0
TCGA-VQ-A925,0
TCGA-VQ-A94O,0
TCGA-VQ-A94P,0
TCGA-VQ-A94U,0
TCGA-VQ-AA64,0
TCGA-VQ-AA68,0
TCGA-VQ-AA6A,0
TCGA-VQ-AA6B,0
TCGA-VQ-AA6F,0
TCGA-VQ-AA6G,0
TCGA-VQ-AA6I,0
TCGA-VQ-AA6J,0
TCGA-VQ-AA6K,0
TCGA-ZA-A8F6,0
TCGA-BR-6455,1
TCGA-BR-6706,1
TCGA-BR-6707,1
TCGA-BR-7196,1
TCGA-BR-7958,1
TCGA-BR-8366,1
TCGA-BR-8381,1
TCGA-BR-8589,1
TCGA-BR-8686,1
TCGA-CD-5801,1
TCGA-D7-5577,1
TCGA-D7-8570,1
TCGA-D7-A4YX,1
TCGA-D7-A6EZ,1
TCGA-FP-7916,1
TCGA-FP-7998,1
TCGA-HU-8608,1
TCGA-HU-A4G2,1
TCGA-HU-A4G6,1
TCGA-HU-A4H0,1
TCGA-VQ-A8PF,1
TCGA-VQ-A923,1
TCGA-VQ-AA69,1
TCGA-BR-6453,2
TCGA-BR-6457,2
TCGA-BR-6563,2
TCGA-BR-6803,2
TCGA-BR-8367,2
TCGA-BR-8371,2
TCGA-BR-8384,2
TCGA-BR-8592,2
TCGA-BR-A44T,2
TCGA-BR-A453,2
TCGA-BR-A4IU,2
TCGA-BR-A4IV,2
TCGA-BR-A4IZ,2
TCGA-BR-A4J2,2
TCGA-BR-A4J5,2
TCGA-BR-A4J9,2
TCGA-CD-5798,2
TCGA-CD-8531,2
TCGA-CD-8534,2
TCGA-CG-4441,2
TCGA-CG-4462,2
TCGA-CG-4474,2
TCGA-D7-6522,2
TCGA-D7-6524,2
TCGA-D7-8572,2
TCGA-D7-8574,2
TCGA-D7-8579,2
TCGA-D7-A4Z0,2
TCGA-D7-A748,2
TCGA-FP-8209,2
TCGA-FP-8210,2
TCGA-HU-8610,2
TCGA-HU-A4G3,2
TCGA-MX-A5UG,2
TCGA-RD-A7BS,2
TCGA-RD-A8N0,2
TCGA-RD-A8N2,2
TCGA-RD-A8N4,2
TCGA-VQ-A8DT,2
TCGA-VQ-A8P3,2
TCGA-VQ-A8P8,2
TCGA-VQ-A8PD,2
TCGA-VQ-A8PQ,2
TCGA-VQ-A927,2
TCGA-VQ-A928,2
TCGA-B7-5816,3
TCGA-BR-6452,3
TCGA-BR-6566,3
TCGA-BR-6802,3
TCGA-BR-6852,3
TCGA-BR-7703,3
TCGA-BR-7707,3
TCGA-BR-7851,3
TCGA-BR-8059,3
TCGA-BR-8081,3
TCGA-BR-8363,3
TCGA-BR-8368,3
TCGA-BR-8372,3
TCGA-BR-8382,3
TCGA-BR-8487,3
TCGA-BR-8591,3
TCGA-CD-8536,3
TCGA-CD-A4MG,3
TCGA-CD-A4MI,3
TCGA-CD-A4MJ,3
TCGA-CG-4305,3
TCGA-CG-4306,3
TCGA-CG-4442,3
TCGA-CG-4465,3
TCGA-D7-A4YV,3
TCGA-D7-A4YY,3
TCGA-D7-A6EY,3
TCGA-F1-6177,3
TCGA-F1-6874,3
TCGA-F1-A448,3
TCGA-HF-7132,3
TCGA-HF-A5NB,3
TCGA-HU-A4G8,3
TCGA-HU-A4G9,3
TCGA-HU-A4GN,3
TCGA-HU-A4GQ,3
TCGA-HU-A4GT,3
TCGA-HU-A4GU,3
TCGA-HU-A4GX,3
TCGA-HU-A4H8,3
TCGA-MX-A5UJ,3
TCGA-R5-A7ZI,3
TCGA-RD-A8NB,3
TCGA-SW-A7EA,3
TCGA-VQ-A8E3,3
TCGA-VQ-A8P2,3
TCGA-VQ-A8PB,3
TCGA-VQ-A8PO,3
TCGA-VQ-A8PP,3
TCGA-VQ-A8PX,3
TCGA-VQ-A91D,3
TCGA-VQ-A91K,3
TCGA-VQ-A924,3
TCGA-VQ-AA6D,3
