Name,Roll,District,Upazila_Thana,Required Device Availability (Access to the required device needed to reach for the online classes),Broadband Connection,"Two Month Net (If you don't have broadband connection, will you be able to buy mobile data for two months)",Cellular Quality,Net Speed,Hall,Books,Class System Preference,Prefered Assessment Method,Comments
Abu Noman Md. Sakib,1607058,Dhaka,Mirpur,Yes,Yes,Yes,3G,1 - 5 Mbps,Resident,At hall,"Recorded Video, Online Conference Platforms, Uploaded Lecture Notes (PPT, Word or PDF), Facebook/Youtube Live",Both of these as per requirement,
Md.Mushfiqur Rahman Fakir ,1607116,Narsingdi ,Shibpur ,Yes,No,No,2G,< 1 Mbps,Attached,At hall,Recorded Video,After resuming the offline classes,"We are in rural area, so it is difficult to get net speed properly for attend the  online class   "
Md. Firoz Ahmed,1607118,Sirajganj ,Ullapara,Yes,No,No,2G,< 1 Mbps,Resident,At hall,"Uploaded Lecture Notes (PPT, Word or PDF)",After resuming the offline classes,It is not easy for me to attend Online class because  i live in village Where  net connection is very slow.    
Md. Shahriar Karim,1607051,Dhaka,Mirpur,Yes,Yes,Yes,3G,< 1 Mbps,Attached,At hall,"Recorded Video, Uploaded Lecture Notes (PPT, Word or PDF)",Both of these as per requirement,I don't think it's a good idea to start online classes at this situation.
Quazi Rakibul Islam,1607001,Narail,Lohagora,Yes,No,No,3G,< 1 Mbps,Attached,At hall,"Recorded Video, Uploaded Lecture Notes (PPT, Word or PDF)",Both of these as per requirement,Classes 
Md. Tasnimul Khair Tousif,1607015,Khulna,Khulna Sadar,Yes,Yes,Yes,3G,> 5 Mbps,Attached,with you,"Recorded Video, Online Conference Platforms, Uploaded Lecture Notes (PPT, Word or PDF)",Both of these as per requirement,Please start the classes as soon as possible. 
Md.Monarul Islam,1607104,Gaibandha ,Gobindogong ,Yes,No,No,3G,< 1 Mbps,Resident,At hall,Recorded Video,After resuming the offline classes,"I have  no experience to  attend in online classes.So,I have no fully concept about data cost .Besides ,I agree to be attended in online class.If university pay for data to poor students it will  be more helpful. "
Kazi Nasim Imtiaz Hasan,1607097,Jashore,Abhoynagar,Yes,Yes,No,3G,< 1 Mbps,Attached,At hall,"Recorded Video, Uploaded Lecture Notes (PPT, Word or PDF)",After resuming the offline classes,
Md. Asfi Raiyan,1607119,Dhaka,Mirpur,Yes,Yes,No,3G,1 - 5 Mbps,Attached,At hall,"Recorded Video, Uploaded Lecture Notes (PPT, Word or PDF)",After resuming the offline classes,public university students will be having hard time doing online class
Yousuf,1607102,Kishorganj ,Katiadi,Yes,No,No,3G,< 1 Mbps,Resident,At hall,Online Conference Platforms,After resuming the offline classes,
Abdullah Al Zobayer,1607008,Tangail,Madhupur,Yes,No,No,3G,< 1 Mbps,Attached,At hall,Online Conference Platforms,Both of these as per requirement,"Because of the lack of net coverage, I may not attend the online classes...
In my area, broadband internet service is not available now...  "
Md. Mejanur Rahman Mezan,1607105,Dinajpur,Chirirbandar,No,No,No,3G,< 1 Mbps,Resident,At hall,"Recorded Video, Online Conference Platforms, Uploaded Lecture Notes (PPT, Word or PDF), Facebook/Youtube Live","After resuming the offline classes, Through online platforms, Both of these as per requirement",
Abdullah Al Noman,1607031,Chandpur,Faridgonj ,Yes,No,Yes,3G,< 1 Mbps,Resident,At hall,Online Conference Platforms,Both of these as per requirement,
Nipa Anjum,1607055,Dhaka,Mirpur,Yes,Yes,Yes,4G,> 5 Mbps,Resident,with you,"Online Conference Platforms, Uploaded Lecture Notes (PPT, Word or PDF)",Both of these as per requirement,
Md. Noyan Ali,1607021,Rajshahi,Charghat,Yes,No,No,3G,< 1 Mbps,Resident,At hall,"Recorded Video, Online Conference Platforms, Uploaded Lecture Notes (PPT, Word or PDF)",Both of these as per requirement,
Projapoti Roy,1607041,Dinajpur ,Parbatipur,Yes,No,No,4G,1 - 5 Mbps,Attached,At hall,"Recorded Video, Uploaded Lecture Notes (PPT, Word or PDF)",After resuming the offline classes,Online classes will not be effective at this pandemic. :)  
sayma sultana,1607025,joypurhat,joypurhat,Yes,Yes,Yes,3G,1 - 5 Mbps,Attached,At hall,"Recorded Video, Uploaded Lecture Notes (PPT, Word or PDF)",Through online platforms,
Noushin Gauhar,1607063,Dhaka,Dhaka,Yes,Yes,Yes,3G,> 5 Mbps,Resident,At hall,"Uploaded Lecture Notes (PPT, Word or PDF)",After resuming the offline classes,"Certain kicchu class online korte icchuk. R shobar online class korar dorkar nai. Jader net ase and bashay boshe kisu korar partese na, tader class nik. Human brain requires to be occupied with something."
Jalal Uddin,1607084,Chittagong,Raozan,Yes,No,No,3G,< 1 Mbps,Attached,At hall,Recorded Video,After resuming the offline classes,It will be difficult for me attend in online class. Besides there are many who will not attend in class. So it will be wise to postpone the decision of online class
Satyajit Paul,1607115,Jashore ,Abhaynagar ,Yes,No,Yes,2G,< 1 Mbps,Resident,At hall,"Recorded Video, Uploaded Lecture Notes (PPT, Word or PDF)",After resuming the offline classes,"Internet speed is very slow in my area. So, it’s very difficult for me to attend the live classe!! 🙂🙂🙂   "
Rifat,1607059,Bogura,Bogura Sadar,Yes,No,Yes,3G,< 1 Mbps,Resident,At hall,"Recorded Video, Uploaded Lecture Notes (PPT, Word or PDF)",After resuming the offline classes,No comments
MD. GOLAM KAOCHHAR,1607100,RAJSHAHI,PABA,Yes,No,No,3G,< 1 Mbps,Resident,At hall,"Recorded Video, Uploaded Lecture Notes (PPT, Word or PDF)",Both of these as per requirement,data finish so fast so it cost much to buy more mb
Nowrose Irab Poll,1607029,Narsingdi,Shibpur,Yes,No,Yes,3G,< 1 Mbps,Attached,At hall,"Recorded Video, Uploaded Lecture Notes (PPT, Word or PDF)",Both of these as per requirement,
Sourav Mandol Dipto,1607044,Pabna,Ahommodpur,No,No,No,2G,< 1 Mbps,Resident,At hall,"Uploaded Lecture Notes (PPT, Word or PDF)",Both of these as per requirement,
Zunayed Ahmed Rafi,1607076,Gazipur,Tongi,Yes,No,Yes,3G,1 - 5 Mbps,Resident,At hall,"Uploaded Lecture Notes (PPT, Word or PDF)",After resuming the offline classes,sorol mone answer disi. eita jodi authority ke online class korte inspire kore seta konovabei kamyo na
Sayeed Raihan,1607039,Dhaka,Demra,No,Yes,No,3G,1 - 5 Mbps,Resident,At hall,"Uploaded Lecture Notes (PPT, Word or PDF)",Both of these as per requirement,
Ashikur Rahaman,1607098,Dhaka,Zatrabari,Yes,Yes,No,3G,< 1 Mbps,Resident,At hall,"Recorded Video, Uploaded Lecture Notes (PPT, Word or PDF), Facebook/Youtube Live","After resuming the offline classes, Both of these as per requirement",Online class is not a bad idea. If we don't have to give ct and the marks will add up with online assignment. Then it will be a great news for us and also the semester will go peacefully.wi won't lag behind. As we most of us learn everything in PL/SPL.class lecture is not so helpful.But i hope online video will not so boring like class.
Toufique Imam,1607040,Dhaka,Motijheel,Yes,Yes,No,3G,< 1 Mbps,Attached,At hall,"Recorded Video, Uploaded Lecture Notes (PPT, Word or PDF)",Both of these as per requirement,
Fahamida Yeasmin Nishat,1607085,Dhaka,tejgao,Yes,Yes,Yes,2G,< 1 Mbps,Attached,At hall,"Uploaded Lecture Notes (PPT, Word or PDF)",Both of these as per requirement,no need of online class
Md. Nazirul Hasan Shawon,1607037,Dhaka,Mirpur,Yes,No,No,4G,< 1 Mbps,Attached,At hall,Online Conference Platforms,After resuming the offline classes,
tanvir ahamad,1607088,mymensingh,muktagacha,Yes,No,No,2G,< 1 Mbps,Attached,At hall,"Recorded Video, Online Conference Platforms, Uploaded Lecture Notes (PPT, Word or PDF)",Both of these as per requirement,
Pranto Sarker,1607024,Dhaka,Sobujbaag,Yes,Yes,No,3G,1 - 5 Mbps,Attached,At hall,"Recorded Video, Online Conference Platforms, Uploaded Lecture Notes (PPT, Word or PDF)","After resuming the offline classes, Through online platforms, Both of these as per requirement",
Sazid karim,1607092,Dhaka,Khilgaon Thana,Yes,No,Yes,3G,1 - 5 Mbps,Attached,At hall,"Recorded Video, Uploaded Lecture Notes (PPT, Word or PDF), Facebook/Youtube Live",Both of these as per requirement,
Md. Mostafijur Rahman ,1607117,Thakurgaon,Thakurgaon,No,No,Yes,3G,< 1 Mbps,Attached,At hall,"Recorded Video, Online Conference Platforms, Uploaded Lecture Notes (PPT, Word or PDF)",After resuming the offline classes,
Tanusree Das Tithy,1607120,Gazipur,Gazipur Sadar,Yes,No,No,3G,1 - 5 Mbps,Resident,At hall,"Recorded Video, Uploaded Lecture Notes (PPT, Word or PDF)",After resuming the offline classes,
Tashrif Ahmad ,1607027,Chattagram ,Sitakunda,Yes,Yes,Yes,3G,1 - 5 Mbps,Attached,At hall,Recorded Video,After resuming the offline classes,
Mahmudur Rahman ,1607049,khulna,Dumuria,Yes,No,No,3G,< 1 Mbps,Attached,At hall,"Recorded Video, Uploaded Lecture Notes (PPT, Word or PDF)",After resuming the offline classes,
Shourav Paul,1607007,Dhaka,Dhaka,Yes,Yes,Yes,4G,< 1 Mbps,Resident,At hall,"Recorded Video, Online Conference Platforms, Uploaded Lecture Notes (PPT, Word or PDF), Facebook/Youtube Live",After resuming the offline classes,"Everyone should accept online classes, this is the solution now"
Sharia Wasika Aditi,1607109,Nilphamari,Saidpur,Yes,Yes,No,3G,1 - 5 Mbps,Resident,At hall,"Uploaded Lecture Notes (PPT, Word or PDF)",After resuming the offline classes,
Md. Badiuzzaman Shuvo,1607043,Patuakhali,Bauphal,Yes,Yes,Yes,3G,1 - 5 Mbps,Resident,At hall,"Online Conference Platforms, Uploaded Lecture Notes (PPT, Word or PDF), Facebook/Youtube Live",After resuming the offline classes,No comments.
