{"id": "5mii-56rx", "name": "Technology Privacy Impact Assessments", "assetType": "dataset", "attribution": "City of Seattle", "averageRating": 0, "category": "City Business", "createdAt": 1519351819, "description": "A Privacy Impact Assessment (PIA) is a method for conducting an in-depth review of how data is collected and managed for a program or project. This is a list of all available PIAs to date. For more information please visit seattle.gov/privacy", "displayType": "table", "downloadCount": 1382, "hideFromCatalog": false, "hideFromDataJson": false, "indexUpdatedAt": 1557517577, "licenseId": "PUBLIC_DOMAIN", "locale": "en_US", "newBackend": true, "numberOfComments": 0, "oid": 30175203, "provenance": "official", "publicationAppendEnabled": false, "publicationDate": 1542654501, "publicationGroup": 14897062, "publicationStage": "published", "rowsUpdatedAt": 1542654485, "rowsUpdatedBy": "iaia-a328", "tableId": 15699286, "totalTimesRated": 0, "viewCount": 537, "viewLastModified": 1557954978, "viewType": "tabular", "approvals": [{"reviewedAt": 1542654501, "reviewedAutomatically": true, "state": "approved", "submissionId": 331520, "submissionObject": "public_audience_request", "submissionOutcome": "change_audience", "submittedAt": 1542654501, "workflowId": 623, "submissionDetails": {"permissionType": "READ"}, "submissionOutcomeApplication": {"failureCount": 0, "status": "success"}, "submitter": {"id": "iaia-a328", "displayName": "City of Seattle Privacy Office"}}], "columns": [{"id": 384701798, "name": "Privacy Assessment Number", "dataTypeName": "text", "description": "Privacy Assessment Number", "fieldName": "privacy_assessment_number", "position": 1, "renderTypeName": "text", "tableColumnId": 61620478, "width": 400, "cachedContents": {"non_null": 0, "null": 11}, "format": {"displayStyle": "plain", "align": "left"}}, {"id": 384701799, "name": "Department", "dataTypeName": "text", "description": "Associated City Department", "fieldName": "department", "position": 2, "renderTypeName": "text", "tableColumnId": 61620479, "width": 220, "cachedContents": {"largest": "SPR", "non_null": 11, "null": 0, "top": [{"item": "SCL", "count": 20}, {"item": "HSD", "count": 19}, {"item": "SPR", "count": 18}, {"item": "CEN", "count": 17}, {"item": "SPD", "count": 16}, {"item": "OIRA", "count": 15}, {"item": "OSE", "count": 14}, {"item": "SDOT", "count": 13}], "smallest": "CEN"}, "format": {"displayStyle": "plain", "align": "left"}}, {"id": 384701800, "name": "Technology", "dataTypeName": "text", "description": "Name of the Technology or Project", "fieldName": "technology", "position": 3, "renderTypeName": "text", "tableColumnId": 61620480, "width": 220, "cachedContents": {"largest": "Volunteer Management System Project", "non_null": 11, "null": 0, "top": [{"item": "Advanced Metering Initiative (AMI)", "count": 20}, {"item": "Child Care Nutrition Program", "count": 19}, {"item": "Downtown Parks Pedestrian Counters", "count": 18}, {"item": "Online Monthly Sales Project", "count": 17}, {"item": "Real Time Crime Center Project", "count": 16}, {"item": "Volunteer Management System Project", "count": 15}, {"item": "Building Tune Ups", "count": 14}, {"item": "Axon Capture", "count": 13}, {"item": "Pay Station Replacement Project", "count": 12}, {"item": "ePACT Network", "count": 11}, {"item": "Bikeshare Program", "count": 10}], "smallest": "Advanced Metering Initiative (AMI)"}, "format": {"displayStyle": "plain", "align": "left"}}, {"id": 384701801, "name": "Vendor", "dataTypeName": "text", "description": "Name of Vendor", "fieldName": "vendor", "position": 4, "renderTypeName": "text", "tableColumnId": 61620481, "width": 172, "cachedContents": {"largest": "Omni Park, Inc", "non_null": 11, "null": 0, "top": [{"item": "Landis+Gyr", "count": 20}, {"item": "Minute Menu", "count": 19}, {"item": "MotionLoft", "count": 18}, {"item": "Omni Park, Inc", "count": 17}, {"item": "N/A", "count": 16}, {"item": "CERVIS", "count": 15}, {"item": "Axon", "count": 14}, {"item": "IPS Group", "count": 13}, {"item": "ePact ", "count": 12}], "smallest": "Axon"}, "format": {"displayStyle": "plain", "align": "left"}}, {"id": 384701802, "name": "Date PIA Approved", "dataTypeName": "calendar_date", "description": "Date the Privacy Impact Assessment (PIA) was approved", "fieldName": "date_pia_approved", "position": 5, "renderTypeName": "calendar_date", "tableColumnId": 61620482, "width": 304, "cachedContents": {"largest": "2018-10-05T00:00:00", "non_null": 11, "null": 0, "top": [{"item": "2017-04-12T00:00:00", "count": 20}, {"item": "2017-06-01T00:00:00", "count": 19}, {"item": "2017-09-28T00:00:00", "count": 18}, {"item": "2017-01-01T00:00:00", "count": 17}, {"item": "2017-12-06T00:00:00", "count": 16}, {"item": "2017-04-04T00:00:00", "count": 15}, {"item": "2018-03-01T00:00:00", "count": 14}, {"item": "2018-08-09T00:00:00", "count": 13}, {"item": "2018-08-27T00:00:00", "count": 12}, {"item": "2018-09-17T00:00:00", "count": 11}, {"item": "2018-10-05T00:00:00", "count": 10}], "smallest": "2017-01-01T00:00:00"}, "format": {"view": "date_time", "align": "left"}}, {"id": 384701803, "name": "URL Link to PIA", "dataTypeName": "url", "description": "Link to PIA", "fieldName": "url_link_to_pia", "position": 6, "renderTypeName": "url", "tableColumnId": 61620483, "width": 280, "cachedContents": {"largest": {"url": "http://wwwqa.seattle.gov/Documents/Departments/Tech/ePACT%20-%202018%20Privacy%20Impact%20Assessment%20-%20FINAL.pdf"}, "non_null": 11, "null": 0, "top": [{"item": {"url": "http://www.seattle.gov/Documents/Departments/Tech/AMI-PIA-FINAL-Rev2.pdf"}, "count": 20}, {"item": {"url": "http://www.seattle.gov/Documents/Departments/Tech/Child-Care-Nutrition-Program-PIA-FINAL.pdf"}, "count": 19}, {"item": {"url": "http://www.seattle.gov/Documents/Departments/Tech/Downtown-Parks-Pedestrian-Counters-FINAL.pdf"}, "count": 18}, {"item": {"url": "http://www.seattle.gov/Documents/Departments/Tech/Online-Monthly-Sales-Project-PIA-FINAL.pdf"}, "count": 17}, {"item": {"url": "http://www.seattle.gov/Documents/Departments/Tech/Real-Time-Crime-Center-Project-PIA-FINAL.pdf"}, "count": 16}, {"item": {"url": "http://www.seattle.gov/Documents/Departments/Tech/Volunteer-Management-System-Project-PIA-FINAL.pdf"}, "count": 15}, {"item": {"url": "http://www.seattle.gov/Documents/Departments/Tech/Building-Tune-Ups-Project-PIA_Final.pdf"}, "count": 14}, {"item": {"url": "http://www.seattle.gov/Documents/Departments/Tech/Axon%20Capture%20PIA.pdf"}, "count": 13}, {"item": {"url": "http://www.seattle.gov/Documents/Departments/Tech/Paystation%20Replacement%20Privacy%20Impact%20Assessment%20FINAL.pdf"}, "count": 12}, {"item": {"url": "http://wwwqa.seattle.gov/Documents/Departments/Tech/ePACT%20-%202018%20Privacy%20Impact%20Assessment%20-%20FINAL.pdf"}, "count": 11}, {"item": {"url": "http://wwwqa.seattle.gov/Documents/Departments/Tech/Bike%20Share%202018%20Privacy%20Impact%20Assessment%20-%20FINAL.pdf"}, "count": 10}], "smallest": {"url": "http://www.seattle.gov/Documents/Departments/Tech/AMI-PIA-FINAL-Rev2.pdf"}}, "format": {"align": "left"}, "subColumnTypes": ["url", "description"]}, {"id": 384701804, "name": "Attachment 1 Name", "dataTypeName": "text", "description": "Name of Attachment 1", "fieldName": "attachment_1_name", "position": 7, "renderTypeName": "text", "tableColumnId": 61620484, "width": 304, "cachedContents": {"largest": "AMI PIA - Question 3 Attachment", "non_null": 1, "null": 10, "top": [{"item": "AMI PIA - Question 3 Attachment", "count": 20}], "smallest": "AMI PIA - Question 3 Attachment"}, "format": {"displayStyle": "plain", "align": "left"}}, {"id": 384701805, "name": "Attachment 1 URL", "dataTypeName": "url", "description": "Link to Attachment 1", "fieldName": "attachment_1_url", "position": 8, "renderTypeName": "url", "tableColumnId": 61620485, "width": 292, "cachedContents": {"largest": {"url": "http://www.seattle.gov/Documents/Departments/Tech/AMI%20PIA%20-%20Question%203%20attachment%20-%20Data%20categories.pdf"}, "non_null": 1, "null": 10, "top": [{"item": {"url": "http://www.seattle.gov/Documents/Departments/Tech/AMI%20PIA%20-%20Question%203%20attachment%20-%20Data%20categories.pdf"}, "count": 20}], "smallest": {"url": "http://www.seattle.gov/Documents/Departments/Tech/AMI%20PIA%20-%20Question%203%20attachment%20-%20Data%20categories.pdf"}}, "format": {"align": "left"}, "subColumnTypes": ["url", "description"]}, {"id": 384701806, "name": "Attachment 2 Name", "dataTypeName": "text", "description": "Name of Attachment 2", "fieldName": "attachment_2_name", "position": 9, "renderTypeName": "text", "tableColumnId": 61620486, "width": 304, "cachedContents": {"largest": "AMI - PIA Considerations", "non_null": 1, "null": 10, "top": [{"item": "AMI - PIA Considerations", "count": 20}], "smallest": "AMI - PIA Considerations"}, "format": {"displayStyle": "plain", "align": "left"}}, {"id": 384701807, "name": "Attachment 2 URL", "dataTypeName": "url", "description": "Link to attachment 2", "fieldName": "attachment_2_url", "position": 10, "renderTypeName": "url", "tableColumnId": 61620487, "width": 292, "cachedContents": {"largest": {"url": "http://www.seattle.gov/Documents/Departments/Tech/AMI-PIA-Considerations-June-30.pdf"}, "non_null": 1, "null": 10, "top": [{"item": {"url": "http://www.seattle.gov/Documents/Departments/Tech/AMI-PIA-Considerations-June-30.pdf"}, "count": 20}], "smallest": {"url": "http://www.seattle.gov/Documents/Departments/Tech/AMI-PIA-Considerations-June-30.pdf"}}, "format": {"align": "left"}, "subColumnTypes": ["url", "description"]}], "grants": [{"inherited": false, "type": "viewer", "flags": ["public"]}], "license": {"name": "Public Domain"}, "metadata": {"rdfSubject": "0", "custom_fields": {"Department": {"Department": "Seattle Information Technology"}, "Refresh Frequency": {"Frequency": "Other"}}, "rowLabel": "Technology", "availableDisplayTypes": ["table", "fatrow", "page"], "renderTypeConfig": {"visible": {"table": true}}}, "owner": {"id": "iaia-a328", "displayName": "City of Seattle Privacy Office", "screenName": "City of Seattle Privacy Office", "type": "interactive"}, "query": {}, "rights": ["read"], "tableAuthor": {"id": "iaia-a328", "displayName": "City of Seattle Privacy Office", "screenName": "City of Seattle Privacy Office", "type": "interactive"}, "tags": ["technology", "privacy"], "flags": ["default", "ownerMayBeContacted", "restorable", "restorePossibleForType"]}