Privacy Assessment Number,Department,Technology,Vendor,Date PIA Approved,URL Link to PIA,Attachment 1 Name,Attachment 1 URL,Attachment 2 Name,Attachment 2 URL
,SCL,Advanced Metering Initiative (AMI),Landis+Gyr,2017-04-12T00:00:00.000,{'url': 'http://www.seattle.gov/Documents/Departments/Tech/AMI-PIA-FINAL-Rev2.pdf'},AMI PIA - Question 3 Attachment,{'url': 'http://www.seattle.gov/Documents/Departments/Tech/AMI%20PIA%20-%20Question%203%20attachment%20-%20Data%20categories.pdf'},AMI - PIA Considerations,{'url': 'http://www.seattle.gov/Documents/Departments/Tech/AMI-PIA-Considerations-June-30.pdf'}
,HSD,Child Care Nutrition Program,Minute Menu,2017-06-01T00:00:00.000,{'url': 'http://www.seattle.gov/Documents/Departments/Tech/Child-Care-Nutrition-Program-PIA-FINAL.pdf'},,,,
,SPR,Downtown Parks Pedestrian Counters,MotionLoft,2017-09-28T00:00:00.000,{'url': 'http://www.seattle.gov/Documents/Departments/Tech/Downtown-Parks-Pedestrian-Counters-FINAL.pdf'},,,,
,CEN,Online Monthly Sales Project,"Omni Park, Inc",2017-01-01T00:00:00.000,{'url': 'http://www.seattle.gov/Documents/Departments/Tech/Online-Monthly-Sales-Project-PIA-FINAL.pdf'},,,,
,SPD,Real Time Crime Center Project,N/A,2017-12-06T00:00:00.000,{'url': 'http://www.seattle.gov/Documents/Departments/Tech/Real-Time-Crime-Center-Project-PIA-FINAL.pdf'},,,,
,OIRA,Volunteer Management System Project,CERVIS,2017-04-04T00:00:00.000,{'url': 'http://www.seattle.gov/Documents/Departments/Tech/Volunteer-Management-System-Project-PIA-FINAL.pdf'},,,,
,OSE,Building Tune Ups,N/A,2018-03-01T00:00:00.000,{'url': 'http://www.seattle.gov/Documents/Departments/Tech/Building-Tune-Ups-Project-PIA_Final.pdf'},,,,
,SPD,Axon Capture,Axon,2018-08-09T00:00:00.000,{'url': 'http://www.seattle.gov/Documents/Departments/Tech/Axon%20Capture%20PIA.pdf'},,,,
,SDOT,Pay Station Replacement Project,IPS Group,2018-08-27T00:00:00.000,{'url': 'http://www.seattle.gov/Documents/Departments/Tech/Paystation%20Replacement%20Privacy%20Impact%20Assessment%20FINAL.pdf'},,,,
,SPR,ePACT Network,ePact ,2018-09-17T00:00:00.000,{'url': 'http://wwwqa.seattle.gov/Documents/Departments/Tech/ePACT%20-%202018%20Privacy%20Impact%20Assessment%20-%20FINAL.pdf'},,,,
,SDOT,Bikeshare Program,N/A,2018-10-05T00:00:00.000,{'url': 'http://wwwqa.seattle.gov/Documents/Departments/Tech/Bike%20Share%202018%20Privacy%20Impact%20Assessment%20-%20FINAL.pdf'},,,,
