iso,Perc
ABW,52.5
AFG,48.5
AGO,51
ALB,49.5
AND,0
ARB,48.2
ARE,27.2
ARG,51.1
ARM,53
ASM,0
ATG,52
AUS,50.2
AUT,51
AZE,50.2
BDI,50.8
BEL,50.8
BEN,50.1
BFA,50.2
BGD,49.6
BGR,51.4
BHR,37.9
BHS,51
BIH,50.9
BLR,53.5
BLZ,50.2
BMU,0
BOL,49.9
BRA,50.8
BRB,52.1
BRN,48.5
BTN,46.9
BWA,50.6
CAF,50.7
CAN,50.4
CEB,51.7
CHE,50.5
CHI,50.4
CHL,50.5
CHN,48.5
CIV,49.3
CMR,50
COD,50.1
COG,50
COL,50.8
COM,49.6
CPV,50.2
CRI,50
CSS,50.4
CUB,50
CUW,54.2
CYM,0
CYP,49.9
CZE,50.9
DEU,50.8
DJI,49.8
DMA,0
DNK,50.3
DOM,50.2
DZA,49.5
EAP,49
EAR,49.1
EAS,49.2
ECA,52.2
ECS,51.5
ECU,50
EGY,49.4
EMU,51
ERI,0
ESP,51
EST,53.2
ETH,50.1
EUU,51
FCS,50
FIN,50.8
FJI,49.2
FRA,50.8
FRO,0
FSM,48.8
GAB,48.6
GBR,50.7
GEO,52.3
GHA,50.2
GIB,0
GIN,49.9
GMB,50.5
GNB,50.8
GNQ,44.7
GRC,50.8
GRD,49.8
GRL,0
GTM,50.8
GUM,49.3
GUY,49.6
HIC,50.2
HKG,53.9
HND,50.1
HPC,50.1
HRV,51.8
HTI,50.5
HUN,52.4
IBD,49.3
IBT,49.4
IDA,49.9
IDB,49.3
IDN,49.6
IDX,50.1
IMN,0
IND,48.2
INX,0
IRL,50.4
IRN,49.7
IRQ,49.4
ISL,49.8
ISR,50.4
ITA,51.3
JAM,50.2
JOR,49.4
JPN,51.2
KAZ,51.6
KEN,50.3
KGZ,50.4
KHM,51.2
KIR,50.7
KNA,0
KOR,50
KWT,42.6
LAC,50.5
LAO,50.1
LBN,49.8
LBR,49.6
LBY,49.6
LCA,51
LCN,50.6
LDC,50.2
LIC,50.3
LIE,0
LKA,51.9
LMC,49.1
LMY,49.4
LSO,51.5
LTE,49.4
LTU,53.9
LUX,49.8
LVA,54.1
MAC,52
MAF,0
MAR,50.5
MCO,0
MDA,52
MDG,50.1
MDV,43.3
MEA,48.3
MEX,50.2
MHL,0
MIC,49.3
MKD,50
MLI,50
MLT,49.8
MMR,51.2
MNA,49.6
MNE,50.7
MNG,50.5
MNP,0
MOZ,51.2
MRT,49.6
MUS,50.5
MWI,50.5
MYS,48.3
NAC,50.5
NAM,51.4
NCL,49.6
NER,49.9
NGA,49.3
NIC,50.7
NLD,50.3
NOR,49.6
NPL,51.5
NRU,0
NZL,50.8
OED,50.7
OMN,34.6
OSS,47.3
PAK,48.6
PAN,49.9
PER,50.1
PHL,49.7
PLW,0
PNG,49.1
POL,51.7
PRE,49.9
PRI,51.9
PRK,51.1
PRT,52.7
PRY,49.3
PSE,49.3
PSS,49.2
PST,50.9
PYF,49
QAT,24.8
ROU,51.5
RUS,53.5
RWA,51
SAS,48.5
SAU,43.1
SDN,50
SEN,50.9
SGP,50.6
SLB,49.2
SLE,50.5
SLV,53
SMR,0
SOM,50.2
SRB,51.1
SSA,50.1
SSD,49.9
SSF,50.1
SST,48
STP,50.2
SUR,49.8
SVK,51.4
SVN,50.4
SWE,50
SWZ,51.6
SXM,0
SYC,50.6
SYR,49.4
TCA,0
TCD,49.9
TEA,49
TEC,52.1
TGO,50.2
THA,51.2
TJK,49.8
TKM,50.8
TLA,50.6
TLS,49.2
TMN,49.6
TON,49.8
TSA,48.5
TSS,50.1
TTO,50.7
TUN,50.6
TUR,50.8
TUV,0
TZA,50.6
UGA,50.3
UKR,53.8
UMC,49.6
URY,51.7
USA,50.5
UZB,50.2
VCT,49.6
VEN,50.2
VGB,0
VIR,52.3
VNM,50.5
VUT,49.4
WLD,49.6
WSM,48.4
XKX,0
YEM,49.5
ZAF,50.9
ZMB,50.4
ZWE,51.3
