Edition of the Olympic Games,City,Stadium
Greece old Athens 1896,No football tournament,
France 1794 Paris 1900,Paris,Vélodrome de Vincennes
United States 1896 Saint Louis 1904,"St. Louis, Missouri",Francis Field
United Kingdom London 1908,London,White City Stadium
Sweden Stockholm 1912,Stockholm,Stockholms Olympiastadion
Sweden Stockholm 1912,Stockholm,Råsunda Stadium
Sweden Stockholm 1912,Stockholm,Tranebergs Idrottsplats
Belgium Antwerp 1920,Antwerp,Olympisch Stadion
Belgium Antwerp 1920,Antwerp,Stadion Broodstraat
Belgium Antwerp 1920,Brussels,Stade de l'Union St. Gilloise
Belgium Antwerp 1920,Ghent,Stade d'A.A. La Gantoise
France 1794 Paris 1924,Paris,"Stade Olympique , Colombes"
France 1794 Paris 1924,Paris,Stade Bergeyre
France 1794 Paris 1924,Paris,"Stade de Paris , Saint-Ouen"
France 1794 Paris 1924,Paris,"Stade Pershing , Vincennes"
Netherlands Amsterdam 1928,Amsterdam,Olympisch Stadion
Netherlands Amsterdam 1928,Amsterdam,Harry Elte Stadium
United States 1912 Los Angeles 1932,No football tournament,
Germany 1935 Berlin 1936,Berlin,Olympiastadion
Germany 1935 Berlin 1936,Berlin,"Poststadion , Tiergarten"
Germany 1935 Berlin 1936,Berlin,"Mommsenstadion , Charlottenburg"
Germany 1935 Berlin 1936,Berlin,Hertha-BSC-Platz
United Kingdom London 1948,London,"Empire Stadium, Wembley"
United Kingdom London 1948,London,"White Hart Lane , Tottenham"
United Kingdom London 1948,London,"Selhurst Park , Crystal Palace"
United Kingdom London 1948,London,"Craven Cottage , Fulham"
United Kingdom London 1948,London,"Griffin Park , Brentford"
United Kingdom London 1948,London,"Arsenal Stadium , Highbury"
United Kingdom London 1948,London,"Lynn Road Stadium , Ilford"
United Kingdom London 1948,London,"Green Pond Road Stadium , Walthamstow"
United Kingdom London 1948,London,"Champion Hill , Dulwich"
United Kingdom London 1948,Brighton,Goldstone Ground
United Kingdom London 1948,Portsmouth,Fratton Park
Finland Helsinki 1952,Helsinki,Olympiastadion
Finland Helsinki 1952,Helsinki,Töölö Football Grounds
Finland Helsinki 1952,Turku,Kupittaa Stadium
Finland Helsinki 1952,Tampere,Ratina Stadion
Finland Helsinki 1952,Lahti,Kisapuisto
Finland Helsinki 1952,Kotka,Kotka Stadion
Australia Melbourne 1956,Melbourne,Melbourne Cricket Ground
Australia Melbourne 1956,Melbourne,Olympic Park Stadium
Italy Rome 1960,Rome,Stadio Flaminio
Italy Rome 1960,Florence,Stadio Comunale
Italy Rome 1960,Grosseto,Stadio Comunale
Italy Rome 1960,Livorno,Stadio Ardenza
Italy Rome 1960,Pescara,Stadio Adriatico
Italy Rome 1960,L'Aquila,Stadio Comunale
Italy Rome 1960,Naples,Stadio Fuorigrotta
Japan 1947 Tokyo 1964,Tokyo,National Olympic Stadium
Japan 1947 Tokyo 1964,Tokyo,Prince Chichibu Memorial Field
Japan 1947 Tokyo 1964,Tokyo,Komazawa Stadium
Japan 1947 Tokyo 1964,Ōmiya,Omiya Soccer Stadium
Japan 1947 Tokyo 1964,Yokohama,Mitsuzawa Football Stadium
Mexico Mexico City 1968,Mexico City,Estadio Azteca
Mexico Mexico City 1968,Puebla,Estadio Cuauhtémoc
Mexico Mexico City 1968,Guadalajara,Estadio Jalisco
Mexico Mexico City 1968,León,Estadio León
West Germany Munich 1972,Munich,Olympiastadion
West Germany Munich 1972,Augsburg,Rosenaustadion
West Germany Munich 1972,Ingolstadt,ESV-Stadion
West Germany Munich 1972,Regensburg,Jahnstadion
West Germany Munich 1972,Nuremberg,Städtisches Stadion
West Germany Munich 1972,Passau,Drei Flüsse Stadion
Canada Montreal 1976,Montreal,Olympic Stadium
Canada Montreal 1976,Sherbrooke,Municipal Stadium
Canada Montreal 1976,Toronto,Varsity Stadium
Canada Montreal 1976,Ottawa,Lansdowne Stadium
Soviet Union Moscow 1980,Moscow,Lenin Stadium
Soviet Union Moscow 1980,Moscow,Dynamo Stadium
Soviet Union Moscow 1980,Leningrad,Kirov Stadium
Soviet Union Moscow 1980,Kiev,Republican Stadium
Soviet Union Moscow 1980,Minsk,Dinamo Stadium
United States Los Angeles 1984,"Pasadena, California",Rose Bowl
United States Los Angeles 1984,"Boston, Massachusetts <!--Although the core of Harvard's campus is in Cambridge, Harvard Stadium is in Boston.-->",Harvard Stadium
United States Los Angeles 1984,"Annapolis, Maryland",Navy–Marine Corps Memorial Stadium
United States Los Angeles 1984,"Stanford, California",Stanford Stadium
South Korea 1984 Seoul 1988,Seoul,Seoul Olympic Stadium
South Korea 1984 Seoul 1988,Seoul,Dongdaemun Stadium
South Korea 1984 Seoul 1988,Busan,Busan Stadium
South Korea 1984 Seoul 1988,Daegu,Daegu Stadium
South Korea 1984 Seoul 1988,Daejeon,Daejeon Stadium
South Korea 1984 Seoul 1988,Gwangju,Gwangju Stadium
Spain Barcelona 1992,Barcelona,Camp Nou
Spain Barcelona 1992,Barcelona,Estadi de Sarrià
Spain Barcelona 1992,Sabadell,Estadi de la Nova Creu Alta
Spain Barcelona 1992,Zaragoza,Estadio La Romareda
Spain Barcelona 1992,Valencia,Estadio Luis Casanova
United States Atlanta 1996,"Athens, Georgia",Sanford Stadium
United States Atlanta 1996,"Orlando, Florida",Citrus Bowl
United States Atlanta 1996,"Birmingham, Alabama",Legion Field
United States Atlanta 1996,"Miami, Florida",Miami Orange Bowl
United States Atlanta 1996,"Washington, D.C.",Robert F. Kennedy Memorial Stadium
Australia Sydney 2000,Sydney,Olympic Stadium
Australia Sydney 2000,Sydney,Sydney Football Stadium
Australia Sydney 2000,Brisbane,Brisbane Cricket Ground
Australia Sydney 2000,Adelaide,Hindmarsh Stadium
Australia Sydney 2000,Canberra,Bruce Stadium
Australia Sydney 2000,Melbourne,Melbourne Cricket Ground (MCG)
Greece Athens 2004,Athens,Athens Olympic Stadium
Greece Athens 2004,Athens,Karaiskakis Stadium
Greece Athens 2004,Patras,Pampeloponnisiako Stadium
Greece Athens 2004,Volos,Panthessaliko Stadium
Greece Athens 2004,Thessaloniki,Kaftanzoglio Stadium
Greece Athens 2004,Heraklion,Pankritio Stadium
China Beijing 2008,Beijing,Beijing National Stadium
China Beijing 2008,Beijing,Workers Stadium
China Beijing 2008,Tianjin,Tianjin Olympic Center Stadium
China Beijing 2008,Shanghai,Shanghai Stadium
China Beijing 2008,Qinhuangdao,Qinhuangdao Olympic Sports Center Stadium
China Beijing 2008,Shenyang,Shenyang Olympic Sports Center Stadium
United Kingdom London 2012,London,Wembley Stadium
United Kingdom London 2012,Glasgow,Hampden Park
United Kingdom London 2012,Cardiff,Millennium Stadium
United Kingdom London 2012,Coventry,City of Coventry Stadium *
United Kingdom London 2012,Manchester,Old Trafford
United Kingdom London 2012,Newcastle upon Tyne,St James' Park *
Brazil Rio 2016,Rio de Janeiro,Estádio do Maracanã
Brazil Rio 2016,Rio de Janeiro,Estádio Olímpico João Havelange
Brazil Rio 2016,São Paulo,Arena Corinthians
Brazil Rio 2016,Brasília,Estádio Nacional Mané Garrincha
Brazil Rio 2016,Salvador,Arena Fonte Nova *
Brazil Rio 2016,Belo Horizonte,Estádio Mineirão
Brazil Rio 2016,Manaus,Arena da Amazônia
Japan Tokyo 2020,Tokyo,Olympic Stadium
Japan Tokyo 2020,Tokyo,Tokyo Stadium
Japan Tokyo 2020,Yokohama,International Stadium Yokohama
Japan Tokyo 2020,Saitama,Saitama Stadium 2002
Japan Tokyo 2020,Miyagi,Miyagi Stadium
Japan Tokyo 2020,Sapporo,Sapporo Dome
