Hubei,湖北,1859万公顷,38.4%,713.86万公顷
Jiangsu,江苏,1026万公顷,15.8%,162.1万公顷
Chongqing,重庆,823万公顷,38.43%,316.44万公顷
Shandong,山东,1538万公顷,16.73%,254.6万公顷
Jiangxi,江西,1670万公顷,60.01%,1001.81万公顷
Shanxi,山西,1563万公顷,18.03%,282.41万公顷
Nei Mongol,内蒙古自治区,11830万公顷,21.03%,2487.9万公顷
Fujian,福建,1213万公顷,65.95%,801.27万公顷
Henan,河南,1670万公顷,21.5%,359.07万公顷
Hebei,河北,1877万公顷,23.41%,439.33万公顷
Anhui,安徽,1397万公顷,27.53%,380.42万公顷
Sichuan,四川,4814万公顷,35.22%,1703.74万公顷
Jilin,吉林,1874万公顷,40.38%,763.87万公顷
Shaanxi,陕西,2056万公顷,41.42%,853.24万公顷
Heilongjiang,黑龙江省,4730万公顷,43.16%,1962.13万公顷
Hunan,湖南,2118万公顷,47.77%,1011.94万公顷
Yunnan,云南,3833万公顷,50.03%,1914.19万公顷
Guangdong,广东,1800万公顷,51.26%,906.13万公顷
Hainan,海南,340万公顷,55.38%,187.77万公顷
Guangxi,广西壮族自治区,2360万公顷,56.51%,1342.7万公顷
Zhejiang,浙江,1020万公顷,59.07%,601.36万公顷
Beijing,北京,168万公顷,35.84%,58.81万公顷
Xinjiang Uygur,新疆维吾尔自治区,16600万公顷,4.24%,698.25万公顷
Qinghai,青海,7223万公顷,5.63%,406.39万公顷
Tianjin,天津,113万公顷,9.87%,11.16万公顷
Shanghai,上海,63万公顷,10.74%,6.81万公顷
Gansu,甘肃,4544万公顷,11.28%,507.45万公顷
Ningxia Hui,宁夏回族自治区,664万公顷,11.89%,61.8万公顷
Xizang,西藏自治区,12280万公顷,11.98%,1471.56万公顷
Guizhou,贵州,1760万公顷,37.09%,653.35万公顷
Liaoning,辽宁,1459万公顷,38.24%,557.31万公顷
Taiwan,台湾,360万公顷,48%,172.8万公顷
