,food_group,servings_per_day,servings_per_week,serving_size,original_units,serving_example,total_daily_consumption(original_units),units_to_grams,total_daily_consumption(grams),total_yearly_consumption(kg),servings_per_year,serving_weight (grams)
0,Vegetables,5.0,,0.5,cups,1/2 cup cut-up vegetables,2.5,120,300.0,109.5,1825.0,60.0
1,Fruits,4.0,,0.5,cups,1/2 cup cut-up fruit,2.0,120,240.0,87.6,1460.0,60.0
2,Grains,6.0,,0.5,cups,"1/2 cup cooked rice, pasta, or cereal",3.0,240,720.0,262.8,2190.0,120.00000000000001
3,Dairy,3.0,,1.0,cups,1 cup milk or yogurt,3.0,240,720.0,262.8,1095.0,240.00000000000003
4,"Poultry, meat and eggs",,9.0,3.0,oz,3 oz cooked meat or poultry,3.857142857142857,28,108.0,39.42,468.0,84.23076923076924
5,Fish and other seafood,,3.0,3.0,oz,3 oz cooked fish or seafood,1.2857142857142858,28,36.0,13.14,156.0,84.23076923076924
6,"Nuts, seeds, beans and legumes",,5.0,0.5,oz,1/2 cup cooked beans or peas,0.35714285714285715,28,10.0,3.65,260.0,14.038461538461538
7,Fats and oils,3.0,,1.0,Tbsp,"1 Tbsp vegetable oil (canola, corn, olive, soybean, safflower)",3.0,15,45.0,16.425,1095.0,15.000000000000002
