id,psgcCode,provDesc,regCode,provCode
1,12800000,Ilocos Norte,1,128
2,12900000,Ilocos Sur,1,129
3,13300000,La Union,1,133
4,15500000,Pangasinan,1,155
5,20900000,Batanes,2,209
6,21500000,Cagayan,2,215
7,23100000,Isabela,2,231
8,25000000,Nueva Vizcaya,2,250
9,25700000,Quirino,2,257
10,30800000,Bataan,3,308
11,31400000,Bulacan,3,314
12,34900000,Nueva Ecija,3,349
13,35400000,Pampanga,3,354
14,36900000,Tarlac,3,369
15,37100000,Zambales,3,371
16,37700000,Aurora,3,377
17,41000000,Batangas,4,410
18,42100000,Cavite,4,421
19,43400000,Laguna,4,434
20,45600000,Quezon,4,456
21,45800000,Rizal,4,458
22,174000000,Marinduque,17,1740
23,175100000,Occidental Mindoro,17,1751
24,175200000,Oriental Mindoro,17,1752
25,175300000,Palawan,17,1753
26,175900000,Romblon,17,1759
27,50500000,Albay,5,505
28,51600000,Camarines Norte,5,516
29,51700000,Camarines Sur,5,517
30,52000000,Catanduanes,5,520
31,54100000,Masbate,5,541
32,56200000,Sorsogon,5,562
33,60400000,Aklan,6,604
34,60600000,Antique,6,606
35,61900000,Capiz,6,619
36,63000000,Iloilo,6,630
37,64500000,Negros Occidental,6,645
38,67900000,Guimaras,6,679
39,71200000,Bohol,7,712
40,72200000,Cebu,7,722
41,74600000,Negros Oriental,7,746
42,76100000,Siquijor,7,761
43,82600000,Eastern Samar,8,826
44,83700000,Leyte,8,837
45,84800000,Northern Samar,8,848
46,86000000,Samar (Western Samar),8,860
47,86400000,Southern Leyte,8,864
48,87800000,Biliran,8,878
49,97200000,Zamboanga Del Norte,9,972
50,97300000,Zamboanga Del Sur,9,973
51,98300000,Zamboanga Sibugay,9,983
52,99700000,City Of Isabela,9,997
53,101300000,Bukidnon,10,1013
54,101800000,Camiguin,10,1018
55,103500000,Lanao Del Norte,10,1035
56,104200000,Misamis Occidental,10,1042
57,104300000,Misamis Oriental,10,1043
58,112300000,Davao Del Norte,11,1123
59,112400000,Davao Del Sur,11,1124
60,112500000,Davao Oriental,11,1125
61,118200000,Compostela Valley,11,1182
62,118600000,Davao Occidental,11,1186
63,124700000,Cotabato (North Cotabato),12,1247
64,126300000,South Cotabato,12,1263
65,126500000,Sultan Kudarat,12,1265
66,128000000,Sarangani,12,1280
67,129800000,Cotabato City,12,1298
68,133900000,"Ncr, City Of Manila, First District",13,1339
69,133900000,City Of Manila,13,1339
70,137400000,"Ncr, Second District",13,1374
71,137500000,"Ncr, Third District",13,1375
72,137600000,"Ncr, Fourth District",13,1376
73,140100000,Abra,14,1401
74,141100000,Benguet,14,1411
75,142700000,Ifugao,14,1427
76,143200000,Kalinga,14,1432
77,144400000,Mountain Province,14,1444
78,148100000,Apayao,14,1481
79,150700000,Basilan,15,1507
80,153600000,Lanao Del Sur,15,1536
81,153800000,Maguindanao,15,1538
82,156600000,Sulu,15,1566
83,157000000,Tawi-Tawi,15,1570
84,160200000,Agusan Del Norte,16,1602
85,160300000,Agusan Del Sur,16,1603
86,166700000,Surigao Del Norte,16,1667
87,166800000,Surigao Del Sur,16,1668
88,168500000,Dinagat Islands,16,1685
