﻿Publication Date,Fiscal Year,Fundind Source Name,FPS Group,FPS Group Name,Agency Number,Agency Name,Revenue Category,Revenue Category Name,Revenue Class Code,Revenue Class Name,Budget Code,Revenue Source,Revenue Source Name,Revenue Structure Description,Adopted Budget Amount,Current Modified Budget Amount,Yr1_FY,Year 1 Revenue Amount,Year 2 Revenue Amount,Year 3 Revenue Amount,Year 4 Revenue Amount,Year 5 Revenue Amount
2016 04 26,2017,City Funds,1,Real Property,2,Mayoralty,20,TAXES,1,GENERAL PROPERTY TAXES,421,49,ACCRUED REAL ESTATE TAX REVENUE,REAL ESTATE TX REV-NON-CASH,260000000,295000000,2016,295000000,300000000,305000000,310000000,320000000
2016 04 26,2017,City Funds,1,Real Property,2,Mayoralty,20,TAXES,1,GENERAL PROPERTY TAXES,421,21,REAL ESTATE TAX REFUNDS,GEN PROPERTY TAXES REFUNDS,-395000000,-275000000,2016,-275000000,-400000000,-400000000,-400000000,-400000000
2016 04 26,2017,City Funds,1,Real Property,2,Mayoralty,20,TAXES,1,GENERAL PROPERTY TAXES,421,1,REAL PROP TAX 1ST QUART,REAL PROP TAX 1ST QUART,9462447000,9827756000,2016,9811756000,10367155000,10976702000,11623746000,12165584000
2016 04 26,2017,City Funds,1,Real Property,2,Mayoralty,20,TAXES,1,GENERAL PROPERTY TAXES,421,2,REAL PROP TAX 2ND QUART,REAL PROP TAX 2ND QUART,1779139000,1805238000,2016,1722238000,1819727000,1926719000,2040293000,2135401000
2016 04 26,2017,City Funds,1,Real Property,2,Mayoralty,20,TAXES,1,GENERAL PROPERTY TAXES,421,3,REAL PROP TAX 3RD QUART,REAL ESTATE TAXES 3RD QUARTER,9454230000,9066315000,2016,9605315000,10149029000,10745751000,11379179000,11909618000
2016 04 26,2017,City Funds,1,Real Property,2,Mayoralty,20,TAXES,1,GENERAL PROPERTY TAXES,421,4,REAL PROP TAX 4TH QUART,REAL PROP TAX 4TH QUART,1760376000,1756883000,2016,1575883000,1665086000,1762987000,1866908000,1953933000
2016 04 26,2017,City Funds,1,Real Property,2,Mayoralty,20,TAXES,1,GENERAL PROPERTY TAXES,421,34,REAL PROPERTY TAX LIEN SALES,REAL PROPERTY TAX LIEN SALES,63000000,80000000,2016,80000000,80000000,80000000,80000000,80000000
2016 04 26,2017,City Funds,2,Personal Income,2,Mayoralty,20,TAXES,4,INCOME TAXES,421,90,PERSONAL INCOME TAX,PERSONAL INCOME TAX,11996000000,12308000000,2016,12234000000,12347000000,12683000000,13145000000,13660000000
2016 04 26,2017,City Funds,2,Personal Income,2,Mayoralty,20,TAXES,4,INCOME TAXES,421,91,REFUNDS OF PERSONAL INCOME TAX,REFUNDS OF PERSONAL INCOME TAX,-1402000000,-1275000000,2016,-1340000000,-1357000000,-1382000000,-1425000000,-1475000000
2016 04 26,2017,City Funds,3,General Corporation,2,Mayoralty,20,TAXES,4,INCOME TAXES,421,93,GENERAL CORPORATION TAX,GENERAL CORPORATION TAX,4500000000,4131161000,2016,4064161000,4426000000,4671000000,4673000000,4719000000
2016 04 26,2017,City Funds,3,General Corporation,2,Mayoralty,20,TAXES,4,INCOME TAXES,421,94,REFUNDS OF GENERAL CORP TAX,REFUNDS OF GENERAL CORP TAX,-477000000,-477000000,2016,-477000000,-477000000,-477000000,-477000000,-477000000
2016 04 26,2017,City Funds,4,Banking Corporation,2,,20,TAXES,4,INCOME TAXES,421,95,FINANCIAL CORPORATION TAX,FINANCIAL CORPORATION TAX,77000000,316839000,2016,316839000,0,0,,
2016 04 26,2017,City Funds,5,Unincorporated Business,2,,20,TAXES,4,INCOME TAXES,421,100,REFUNDS OF UNICORP BUSN TAX,REFUNDS OF UNICORP BUSN TAX,-95000000,-110000000,2016,-110000000,-98000000,-101000000,-101000000,-101000000
2016 04 26,2017,City Funds,5,Unincorporated Business,2,,20,TAXES,4,INCOME TAXES,421,99,UNINCORPORATED BUSINESS INC TX,UNINCORPORATED BUSINESS TAX,2129000000,2117000000,2016,2137000000,2158000000,2251000000,2347000000,2455000000
2016 04 26,2017,City Funds,6,Sale and Use,2,,20,TAXES,2,GENERAL SALES TAX,421,50,GENERAL SALES TAX,SALES TAX,7026000000,7070000000,2016,7018000000,7266000000,7557000000,7880000000,8216000000
2016 04 26,2017,City Funds,7,Commercial Rent,2,,20,TAXES,5,OTHER TAXES,421,113,TX ON COMMERCIAL RENTS - OCCUP,TAX ON COMMERCIAL RENTS-OCCUP,770000000,770000000,2016,770000000,805000000,840000000,875000000,910000000
2016 04 26,2017,City Funds,8,Real Property Transfer,2,Mayoralty,20,TAXES,5,OTHER TAXES,421,122,CONVEYANCE OF REAL PROPERTY TX,CONVEYANCE OF REAL PROPERTY TX,1418000000,1569000000,2016,1716000000,1602000000,1603000000,1656000000,1705000000
2016 04 26,2017,City Funds,9,Mortgage Recording,2,Mayoralty,20,TAXES,3,OTHER SALES AND USE TAX,421,77,MORTGAGE TAX,MORTGAGE TAX,915000000,1028000000,2016,1192000000,1079000000,1075000000,1104000000,1131000000
2016 04 26,2017,City Funds,10,Utility,2,Mayoralty,20,TAXES,4,INCOME TAXES,421,103,UTILITY TAX,UTILITY TAX,398000000,390000000,2016,370000000,381000000,394000000,407000000,419000000
2016 04 26,2017,City Funds,11,Cigarette,2,Mayoralty,20,TAXES,3,OTHER SALES AND USE TAX,421,70,CIGARETTE TAX,CIGARETTE TAX,48000000,48000000,2016,45000000,43000000,42000000,41000000,40000000
2016 04 26,2017,City Funds,12,Hotel,2,Mayoralty,20,TAXES,5,OTHER TAXES,421,112,TAX ON OCCUPANCY OF HOTEL ROOM,TAX ON OCCUPANCY OF HOTEL ROOM,539000000,548000000,2016,565000000,541000000,563000000,587000000,613000000
2016 04 26,2017,City Funds,13,All Other,2,Mayoralty,20,TAXES,3,OTHER SALES AND USE TAX,421,79,AUTO USE TAX,AUTO USE TAX,29000000,29000000,2016,29000000,29000000,29000000,29000000,29000000
2016 04 26,2017,City Funds,13,All Other,2,Mayoralty,20,TAXES,5,OTHER TAXES,421,124,BEER + LIQUOR EXCISE TAX,BEER & LIQUOR TAX,24000000,24000000,2016,24000000,24000000,24000000,24000000,24000000
2016 04 26,2017,City Funds,13,All Other,2,Mayoralty,20,TAXES,3,OTHER SALES AND USE TAX,421,73,COMMERCIAL MOTOR VEHICLE TAX,COMMERCIAL MOTOR VEHICLE TAX,50000000,55000000,2016,55000000,55000000,55000000,55000000,55000000
2016 04 26,2017,City Funds,13,All Other,2,Mayoralty,20,TAXES,6,PENALTIES & INT ON DELINQ TAX,421,33,INTEREST ON TAX RECEIVABLE,PROPERTY TAX PRIOR YEAR,36000000,36000000,2016,36000000,35000000,35000000,35000000,35000000
2016 04 26,2017,City Funds,13,All Other,2,Mayoralty,20,TAXES,5,OTHER TAXES,421,121,OFF TRACK BETTING - SURTAX,OFF TRACK BETTING - SURCHARGE,1250000,1220000,2016,1220000,1220000,1220000,1220000,1220000
2016 04 26,2017,City Funds,13,All Other,2,Mayoralty,20,TAXES,5,OTHER TAXES,421,110,PAYMENT IN LIEU OF TAXES,PAYMENT IN LIEU OF TAXES,246200000,276200000,2016,314200000,292200000,292200000,292200000,292200000
2016 04 26,2017,City Funds,13,All Other,2,Mayoralty,20,TAXES,6,PENALTIES & INT ON DELINQ TAX,421,130,PEN & INT-GEN PROP TAX,PEN & INT-GEN PROP TAX,19000000,19000000,2016,19000000,18000000,18000000,18000000,18000000
2016 04 26,2017,City Funds,,All Other,2,Mayoralty,20,TAXES,4,INCOME TAXES,421,102,PERS INC TAX  CTY EMP NON-RES,PERS INC TAX CTY EMP NON-RES,130000000,140000000,2016,156000000,156000000,156000000,156000000,156000000
2016 04 26,2017,City Funds,,All Other,2,Mayoralty,20,TAXES,5,OTHER TAXES,421,114,REFUNDS OF ALL OTHER TAXES,REFUNDS OF ALL OTHER TAXES,-29000000,-29000000,2016,-29000000,-29000000,-29000000,-29000000,-29000000
2016 04 26,2017,City Funds,13,All Other,2,Mayoralty,20,TAXES,6,PENALTIES & INT ON DELINQ TAX,421,134,REFUNDS ON PEN & INT-OTHER TAX,REFUND ON PEN & INT OTHER TAX,-3000000,-3000000,2016,-3000000,-3000000,-3000000,-3000000,-3000000
2016 04 26,2017,City Funds,13,All Other,2,Mayoralty,20,TAXES,5,OTHER TAXES,421,126,SURCHARGE ON LIQUOR LICENSES,LIQUOR SURCHARGE,5000000,5000000,2016,5000000,5000000,5000000,5000000,5000000
2016 04 26,2017,City Funds,13,All Other,2,Mayoralty,20,TAXES,5,OTHER TAXES,421,115,TAX ON HORSE RACE ADMISSIONS,TAX ON HORSE RACE ADMISSIONS,20000,50000,2016,50000,50000,50000,50000,50000
2016 04 26,2017,City Funds,13,All Other,2,Mayoralty,20,TAXES,5,OTHER TAXES,421,125,TAXI MEDALION TRANSFER TAX,TAXI MEDALLION TAX,8000000,4000000,2016,2000000,2000000,2000000,2000000,2000000
2016 04 26,2017,City Funds,14,Tax Audit Revenue,2,Mayoralty,20,TAXES,6,PENALTIES & INT ON DELINQ TAX,421,135,TAX AUDIT REVENUE,TAX AUDIT REVENUE,711113519,995060000,2016,1060060000,713839000,713871000,713889000,713903000
2016 04 26,2017,City Funds,15,NYS Action - Sales Tax Intercept,2,Mayoralty,90,ANTICIPATED REVENUE INCREASES,90,ANTICIPATED REVENUE INCREASES,421,99993,NYS Action-Sales Tax Intercept,NYS ACTION-SALES TAX INTERCEPT,0,0,2016,-50000000,-150000000,0,0,0
2016 04 26,2017,City Funds,16,State Tax Relief Program - STAR,2,Mayoralty,20,TAXES,4,INCOME TAXES,421,88,STATE AID PIT RELIEF SCHOOLAID,STATE AID PIT RELIEF SCHOOL AD,560000000,607000000,2016,607000000,587000000,585000000,584000000,584000000
2016 04 26,2017,City Funds,16,State Tax Relief Program - STAR,2,Mayoralty,20,TAXES,1,GENERAL PROPERTY TAXES,421,26,STATE AID SCHOOL TAX RELIEF,STATE AID SCHOOL TAX RELIEF,205000000,205000000,2016,205000000,210000000,215000000,220000000,224000000
2016 04 26,2017,City Funds,17,"Licenses, Permits & Franchises",829,Business Integrity Commission,21,"LICENS. PERM. PRIV, FRANCHISES",7,LICENSES,1001,200,LICENSES - GENERAL,PRIVATE CARTER LICENSES,3875294,3875294,2016,4800000,5000000,4200000,5000000,4200000
2016 04 26,2017,City Funds,17,"Licenses, Permits & Franchises",103,City Clerk,21,"LICENS. PERM. PRIV, FRANCHISES",7,LICENSES,101,201,MARRIAGE LICENSES,MARRIAGE LICENSES,2889000,2889000,2016,2889000,2889000,2889000,2889000,2889000
2016 04 26,2017,City Funds,17,"Licenses, Permits & Franchises",810,Department of Buildings,21,"LICENS. PERM. PRIV, FRANCHISES",8,PERMITS,5111,251,CONSTRUCTION PERMITS,CONSTRUCTION PERMITS,139000000,139578000,2016,149225000,149225000,146826000,144172000,142885000
2016 04 26,2017,City Funds,17,"Licenses, Permits & Franchises",810,Department of Buildings,21,"LICENS. PERM. PRIV, FRANCHISES",7,LICENSES,5111,200,LICENSES - GENERAL,LICENSES FOR TRADESMEN,2940000,2940000,2016,2940000,2140000,2140000,2940000,2140000
2016 04 26,2017,City Funds,17,"Licenses, Permits & Franchises",810,Department of Buildings,21,"LICENS. PERM. PRIV, FRANCHISES",8,PERMITS,5111,250,PERMITS - GENERAL,BUILDING PERMITS,15085000,15085000,2016,32100000,19952000,14000000,13000000,13000000
2016 04 26,2017,City Funds,17,"Licenses, Permits & Franchises",810,Department of Buildings,21,"LICENS. PERM. PRIV, FRANCHISES",8,PERMITS,5211,250,PERMITS - GENERAL,ILLUMINATED SIGNS,2236000,2236000,2016,2236000,2236000,2236000,2236000,2236000
2016 04 26,2017,City Funds,17,"Licenses, Permits & Franchises",866,Department of Consumer Affairs,21,"LICENS. PERM. PRIV, FRANCHISES",9,FRANCHISES AND PRIVILEGES,2201,320,FRANCHISES - OTHER,FEES ON SIDEWALK CAFES,9116000,9116000,2016,11600000,9116000,9116000,9116000,9116000
2016 04 26,2017,City Funds,17,"Licenses, Permits & Franchises",866,Department of Consumer Affairs,21,"LICENS. PERM. PRIV, FRANCHISES",7,LICENSES,2201,200,LICENSES - GENERAL,CONSUMER AFFAIRS LICENSES,8012000,8012000,2016,8012000,7466000,8012000,7466000,8012000
2016 04 26,2017,City Funds,17,"Licenses, Permits & Franchises",866,Department of Consumer Affairs,21,"LICENS. PERM. PRIV, FRANCHISES",9,FRANCHISES AND PRIVILEGES,2401,325,PRIVILEGES - OTHER,BINGO AND GAMES OF CHANCE,50000,50000,2016,50000,50000,50000,50000,50000
2016 04 26,2017,City Funds,17,"Licenses, Permits & Franchises",72,Department of Correction,21,"LICENS. PERM. PRIV, FRANCHISES",9,FRANCHISES AND PRIVILEGES,401,325,PRIVILEGES - OTHER,VENDING MACHINE COMMISSIONS,660000,660000,2016,660000,660000,660000,660000,660000
2016 04 26,2017,City Funds,17,"Licenses, Permits & Franchises",826,Department of Environmental Protection,21,"LICENS. PERM. PRIV, FRANCHISES",8,PERMITS,51,250,PERMITS - GENERAL,ASBESTOS PROGRAM,6300000,6300000,2016,6300000,6300000,6300000,6300000,6300000
2016 04 26,2017,City Funds,17,"Licenses, Permits & Franchises",826,Department of Environmental Protection,21,"LICENS. PERM. PRIV, FRANCHISES",8,PERMITS,61,250,PERMITS - GENERAL,AIR QUALITY PERMITS,5900000,5900000,2016,5900000,5900000,5900000,5900000,5900000