<?xml version="1.0"?>
<DATASET><ROW1><STATEUTS>Andhra Pradesh</STATEUTS><GEOGRAPHICAL_AREA>275069</GEOGRAPHICAL_AREA><RECORDED_FOREST_AREA_AS_IN_SFR_2005>63821</RECORDED_FOREST_AREA_AS_IN_SFR_2005><RECORDED_FOREST_AREA_-_RESERVED_FORESTS>61210</RECORDED_FOREST_AREA_-_RESERVED_FORESTS><RECORDED_FOREST_AREA_-_PROTECTED_FORESTS>1967</RECORDED_FOREST_AREA_-_PROTECTED_FORESTS><RECORDED_FOREST_AREA_-_UNCLASSED_FORESTS>637</RECORDED_FOREST_AREA_-_UNCLASSED_FORESTS><RECORDED_FOREST_AREA_-_TOTAL>63814</RECORDED_FOREST_AREA_-_TOTAL><PERCENTAGE_OF_GEOGRAPHICAL_AREA>23</PERCENTAGE_OF_GEOGRAPHICAL_AREA></ROW1><ROW2><STATEUTS>Arunachal Pradesh</STATEUTS><GEOGRAPHICAL_AREA>83743</GEOGRAPHICAL_AREA><RECORDED_FOREST_AREA_AS_IN_SFR_2005>51540</RECORDED_FOREST_AREA_AS_IN_SFR_2005><RECORDED_FOREST_AREA_-_RESERVED_FORESTS>10546</RECORDED_FOREST_AREA_-_RESERVED_FORESTS><RECORDED_FOREST_AREA_-_PROTECTED_FORESTS>9528</RECORDED_FOREST_AREA_-_PROTECTED_FORESTS><RECORDED_FOREST_AREA_-_UNCLASSED_FORESTS>31466</RECORDED_FOREST_AREA_-_UNCLASSED_FORESTS><RECORDED_FOREST_AREA_-_TOTAL>51540</RECORDED_FOREST_AREA_-_TOTAL><PERCENTAGE_OF_GEOGRAPHICAL_AREA>62</PERCENTAGE_OF_GEOGRAPHICAL_AREA></ROW2><ROW3><STATEUTS>Assam</STATEUTS><GEOGRAPHICAL_AREA>78438</GEOGRAPHICAL_AREA><RECORDED_FOREST_AREA_AS_IN_SFR_2005>26832</RECORDED_FOREST_AREA_AS_IN_SFR_2005><RECORDED_FOREST_AREA_-_RESERVED_FORESTS>17864</RECORDED_FOREST_AREA_-_RESERVED_FORESTS><RECORDED_FOREST_AREA_-_PROTECTED_FORESTS>NA</RECORDED_FOREST_AREA_-_PROTECTED_FORESTS><RECORDED_FOREST_AREA_-_UNCLASSED_FORESTS>8968</RECORDED_FOREST_AREA_-_UNCLASSED_FORESTS><RECORDED_FOREST_AREA_-_TOTAL>26832</RECORDED_FOREST_AREA_-_TOTAL><PERCENTAGE_OF_GEOGRAPHICAL_AREA>34</PERCENTAGE_OF_GEOGRAPHICAL_AREA></ROW3><ROW4><STATEUTS>Bihar</STATEUTS><GEOGRAPHICAL_AREA>94163</GEOGRAPHICAL_AREA><RECORDED_FOREST_AREA_AS_IN_SFR_2005>6473</RECORDED_FOREST_AREA_AS_IN_SFR_2005><RECORDED_FOREST_AREA_-_RESERVED_FORESTS>693</RECORDED_FOREST_AREA_-_RESERVED_FORESTS><RECORDED_FOREST_AREA_-_PROTECTED_FORESTS>5779</RECORDED_FOREST_AREA_-_PROTECTED_FORESTS><RECORDED_FOREST_AREA_-_UNCLASSED_FORESTS>1</RECORDED_FOREST_AREA_-_UNCLASSED_FORESTS><RECORDED_FOREST_AREA_-_TOTAL>6473</RECORDED_FOREST_AREA_-_TOTAL><PERCENTAGE_OF_GEOGRAPHICAL_AREA>7</PERCENTAGE_OF_GEOGRAPHICAL_AREA></ROW4><ROW5><STATEUTS>Chhattisgarh</STATEUTS><GEOGRAPHICAL_AREA>135191</GEOGRAPHICAL_AREA><RECORDED_FOREST_AREA_AS_IN_SFR_2005>59772</RECORDED_FOREST_AREA_AS_IN_SFR_2005><RECORDED_FOREST_AREA_-_RESERVED_FORESTS>25782</RECORDED_FOREST_AREA_-_RESERVED_FORESTS><RECORDED_FOREST_AREA_-_PROTECTED_FORESTS>24036</RECORDED_FOREST_AREA_-_PROTECTED_FORESTS><RECORDED_FOREST_AREA_-_UNCLASSED_FORESTS>9954</RECORDED_FOREST_AREA_-_UNCLASSED_FORESTS><RECORDED_FOREST_AREA_-_TOTAL>59772</RECORDED_FOREST_AREA_-_TOTAL><PERCENTAGE_OF_GEOGRAPHICAL_AREA>44</PERCENTAGE_OF_GEOGRAPHICAL_AREA></ROW5><ROW6><STATEUTS>Delhi</STATEUTS><GEOGRAPHICAL_AREA>1483</GEOGRAPHICAL_AREA><RECORDED_FOREST_AREA_AS_IN_SFR_2005>85</RECORDED_FOREST_AREA_AS_IN_SFR_2005><RECORDED_FOREST_AREA_-_RESERVED_FORESTS>78</RECORDED_FOREST_AREA_-_RESERVED_FORESTS><RECORDED_FOREST_AREA_-_PROTECTED_FORESTS>7</RECORDED_FOREST_AREA_-_PROTECTED_FORESTS><RECORDED_FOREST_AREA_-_UNCLASSED_FORESTS>NA</RECORDED_FOREST_AREA_-_UNCLASSED_FORESTS><RECORDED_FOREST_AREA_-_TOTAL>85</RECORDED_FOREST_AREA_-_TOTAL><PERCENTAGE_OF_GEOGRAPHICAL_AREA>6</PERCENTAGE_OF_GEOGRAPHICAL_AREA></ROW6><ROW7><STATEUTS>Goa</STATEUTS><GEOGRAPHICAL_AREA>3702</GEOGRAPHICAL_AREA><RECORDED_FOREST_AREA_AS_IN_SFR_2005>1224</RECORDED_FOREST_AREA_AS_IN_SFR_2005><RECORDED_FOREST_AREA_-_RESERVED_FORESTS>253</RECORDED_FOREST_AREA_-_RESERVED_FORESTS><RECORDED_FOREST_AREA_-_PROTECTED_FORESTS>845</RECORDED_FOREST_AREA_-_PROTECTED_FORESTS><RECORDED_FOREST_AREA_-_UNCLASSED_FORESTS>126</RECORDED_FOREST_AREA_-_UNCLASSED_FORESTS><RECORDED_FOREST_AREA_-_TOTAL>1224</RECORDED_FOREST_AREA_-_TOTAL><PERCENTAGE_OF_GEOGRAPHICAL_AREA>33</PERCENTAGE_OF_GEOGRAPHICAL_AREA></ROW7><ROW8><STATEUTS>Gujarat</STATEUTS><GEOGRAPHICAL_AREA>196022</GEOGRAPHICAL_AREA><RECORDED_FOREST_AREA_AS_IN_SFR_2005>18962</RECORDED_FOREST_AREA_AS_IN_SFR_2005><RECORDED_FOREST_AREA_-_RESERVED_FORESTS>14122</RECORDED_FOREST_AREA_-_RESERVED_FORESTS><RECORDED_FOREST_AREA_-_PROTECTED_FORESTS>479</RECORDED_FOREST_AREA_-_PROTECTED_FORESTS><RECORDED_FOREST_AREA_-_UNCLASSED_FORESTS>4326</RECORDED_FOREST_AREA_-_UNCLASSED_FORESTS><RECORDED_FOREST_AREA_-_TOTAL>18927</RECORDED_FOREST_AREA_-_TOTAL><PERCENTAGE_OF_GEOGRAPHICAL_AREA>10</PERCENTAGE_OF_GEOGRAPHICAL_AREA></ROW8><ROW9><STATEUTS>Haryana</STATEUTS><GEOGRAPHICAL_AREA>44212</GEOGRAPHICAL_AREA><RECORDED_FOREST_AREA_AS_IN_SFR_2005>1559</RECORDED_FOREST_AREA_AS_IN_SFR_2005><RECORDED_FOREST_AREA_-_RESERVED_FORESTS>249</RECORDED_FOREST_AREA_-_RESERVED_FORESTS><RECORDED_FOREST_AREA_-_PROTECTED_FORESTS>1158</RECORDED_FOREST_AREA_-_PROTECTED_FORESTS><RECORDED_FOREST_AREA_-_UNCLASSED_FORESTS>152</RECORDED_FOREST_AREA_-_UNCLASSED_FORESTS><RECORDED_FOREST_AREA_-_TOTAL>1559</RECORDED_FOREST_AREA_-_TOTAL><PERCENTAGE_OF_GEOGRAPHICAL_AREA>4</PERCENTAGE_OF_GEOGRAPHICAL_AREA></ROW9><ROW10><STATEUTS>Himachal Pradesh</STATEUTS><GEOGRAPHICAL_AREA>55673</GEOGRAPHICAL_AREA><RECORDED_FOREST_AREA_AS_IN_SFR_2005>37033</RECORDED_FOREST_AREA_AS_IN_SFR_2005><RECORDED_FOREST_AREA_-_RESERVED_FORESTS>1898</RECORDED_FOREST_AREA_-_RESERVED_FORESTS><RECORDED_FOREST_AREA_-_PROTECTED_FORESTS>33060</RECORDED_FOREST_AREA_-_PROTECTED_FORESTS><RECORDED_FOREST_AREA_-_UNCLASSED_FORESTS>2075</RECORDED_FOREST_AREA_-_UNCLASSED_FORESTS><RECORDED_FOREST_AREA_-_TOTAL>37033</RECORDED_FOREST_AREA_-_TOTAL><PERCENTAGE_OF_GEOGRAPHICAL_AREA>67</PERCENTAGE_OF_GEOGRAPHICAL_AREA></ROW10><ROW11><STATEUTS>Jammu &amp; Kashmir</STATEUTS><GEOGRAPHICAL_AREA>222236</GEOGRAPHICAL_AREA><RECORDED_FOREST_AREA_AS_IN_SFR_2005>20230</RECORDED_FOREST_AREA_AS_IN_SFR_2005><RECORDED_FOREST_AREA_-_RESERVED_FORESTS>17643</RECORDED_FOREST_AREA_-_RESERVED_FORESTS><RECORDED_FOREST_AREA_-_PROTECTED_FORESTS>2551</RECORDED_FOREST_AREA_-_PROTECTED_FORESTS><RECORDED_FOREST_AREA_-_UNCLASSED_FORESTS>36</RECORDED_FOREST_AREA_-_UNCLASSED_FORESTS><RECORDED_FOREST_AREA_-_TOTAL>20230</RECORDED_FOREST_AREA_-_TOTAL><PERCENTAGE_OF_GEOGRAPHICAL_AREA>9</PERCENTAGE_OF_GEOGRAPHICAL_AREA></ROW11><ROW12><STATEUTS>Jharkhand</STATEUTS><GEOGRAPHICAL_AREA>79714</GEOGRAPHICAL_AREA><RECORDED_FOREST_AREA_AS_IN_SFR_2005>23605</RECORDED_FOREST_AREA_AS_IN_SFR_2005><RECORDED_FOREST_AREA_-_RESERVED_FORESTS>4387</RECORDED_FOREST_AREA_-_RESERVED_FORESTS><RECORDED_FOREST_AREA_-_PROTECTED_FORESTS>19185</RECORDED_FOREST_AREA_-_PROTECTED_FORESTS><RECORDED_FOREST_AREA_-_UNCLASSED_FORESTS>33</RECORDED_FOREST_AREA_-_UNCLASSED_FORESTS><RECORDED_FOREST_AREA_-_TOTAL>23605</RECORDED_FOREST_AREA_-_TOTAL><PERCENTAGE_OF_GEOGRAPHICAL_AREA>30</PERCENTAGE_OF_GEOGRAPHICAL_AREA></ROW12><ROW13><STATEUTS>Karnataka</STATEUTS><GEOGRAPHICAL_AREA>191791</GEOGRAPHICAL_AREA><RECORDED_FOREST_AREA_AS_IN_SFR_2005>38284</RECORDED_FOREST_AREA_AS_IN_SFR_2005><RECORDED_FOREST_AREA_-_RESERVED_FORESTS>28690</RECORDED_FOREST_AREA_-_RESERVED_FORESTS><RECORDED_FOREST_AREA_-_PROTECTED_FORESTS>3931</RECORDED_FOREST_AREA_-_PROTECTED_FORESTS><RECORDED_FOREST_AREA_-_UNCLASSED_FORESTS>5663</RECORDED_FOREST_AREA_-_UNCLASSED_FORESTS><RECORDED_FOREST_AREA_-_TOTAL>38284</RECORDED_FOREST_AREA_-_TOTAL><PERCENTAGE_OF_GEOGRAPHICAL_AREA>20</PERCENTAGE_OF_GEOGRAPHICAL_AREA></ROW13><ROW14><STATEUTS>Kerala</STATEUTS><GEOGRAPHICAL_AREA>38863</GEOGRAPHICAL_AREA><RECORDED_FOREST_AREA_AS_IN_SFR_2005>11265</RECORDED_FOREST_AREA_AS_IN_SFR_2005><RECORDED_FOREST_AREA_-_RESERVED_FORESTS>11123</RECORDED_FOREST_AREA_-_RESERVED_FORESTS><RECORDED_FOREST_AREA_-_PROTECTED_FORESTS>142</RECORDED_FOREST_AREA_-_PROTECTED_FORESTS><RECORDED_FOREST_AREA_-_UNCLASSED_FORESTS>NA</RECORDED_FOREST_AREA_-_UNCLASSED_FORESTS><RECORDED_FOREST_AREA_-_TOTAL>11265</RECORDED_FOREST_AREA_-_TOTAL><PERCENTAGE_OF_GEOGRAPHICAL_AREA>29</PERCENTAGE_OF_GEOGRAPHICAL_AREA></ROW14><ROW15><STATEUTS>Madhya Pradesh</STATEUTS><GEOGRAPHICAL_AREA>308245</GEOGRAPHICAL_AREA><RECORDED_FOREST_AREA_AS_IN_SFR_2005>94689</RECORDED_FOREST_AREA_AS_IN_SFR_2005><RECORDED_FOREST_AREA_-_RESERVED_FORESTS>61886</RECORDED_FOREST_AREA_-_RESERVED_FORESTS><RECORDED_FOREST_AREA_-_PROTECTED_FORESTS>31098</RECORDED_FOREST_AREA_-_PROTECTED_FORESTS><RECORDED_FOREST_AREA_-_UNCLASSED_FORESTS>1705</RECORDED_FOREST_AREA_-_UNCLASSED_FORESTS><RECORDED_FOREST_AREA_-_TOTAL>94689</RECORDED_FOREST_AREA_-_TOTAL><PERCENTAGE_OF_GEOGRAPHICAL_AREA>31</PERCENTAGE_OF_GEOGRAPHICAL_AREA></ROW15><ROW16><STATEUTS>Maharashtra</STATEUTS><GEOGRAPHICAL_AREA>307713</GEOGRAPHICAL_AREA><RECORDED_FOREST_AREA_AS_IN_SFR_2005>61939</RECORDED_FOREST_AREA_AS_IN_SFR_2005><RECORDED_FOREST_AREA_-_RESERVED_FORESTS>49226</RECORDED_FOREST_AREA_-_RESERVED_FORESTS><RECORDED_FOREST_AREA_-_PROTECTED_FORESTS>8195</RECORDED_FOREST_AREA_-_PROTECTED_FORESTS><RECORDED_FOREST_AREA_-_UNCLASSED_FORESTS>4518</RECORDED_FOREST_AREA_-_UNCLASSED_FORESTS><RECORDED_FOREST_AREA_-_TOTAL>61939</RECORDED_FOREST_AREA_-_TOTAL><PERCENTAGE_OF_GEOGRAPHICAL_AREA>20</PERCENTAGE_OF_GEOGRAPHICAL_AREA></ROW16><ROW17><STATEUTS>Manipur</STATEUTS><GEOGRAPHICAL_AREA>22327</GEOGRAPHICAL_AREA><RECORDED_FOREST_AREA_AS_IN_SFR_2005>17418</RECORDED_FOREST_AREA_AS_IN_SFR_2005><RECORDED_FOREST_AREA_-_RESERVED_FORESTS>1467</RECORDED_FOREST_AREA_-_RESERVED_FORESTS><RECORDED_FOREST_AREA_-_PROTECTED_FORESTS>4171</RECORDED_FOREST_AREA_-_PROTECTED_FORESTS><RECORDED_FOREST_AREA_-_UNCLASSED_FORESTS>11780</RECORDED_FOREST_AREA_-_UNCLASSED_FORESTS><RECORDED_FOREST_AREA_-_TOTAL>17418</RECORDED_FOREST_AREA_-_TOTAL><PERCENTAGE_OF_GEOGRAPHICAL_AREA>78</PERCENTAGE_OF_GEOGRAPHICAL_AREA></ROW17><ROW18><STATEUTS>Meghalaya</STATEUTS><GEOGRAPHICAL_AREA>22429</GEOGRAPHICAL_AREA><RECORDED_FOREST_AREA_AS_IN_SFR_2005>9496</RECORDED_FOREST_AREA_AS_IN_SFR_2005><RECORDED_FOREST_AREA_-_RESERVED_FORESTS>1113</RECORDED_FOREST_AREA_-_RESERVED_FORESTS><RECORDED_FOREST_AREA_-_PROTECTED_FORESTS>12</RECORDED_FOREST_AREA_-_PROTECTED_FORESTS><RECORDED_FOREST_AREA_-_UNCLASSED_FORESTS>8371</RECORDED_FOREST_AREA_-_UNCLASSED_FORESTS><RECORDED_FOREST_AREA_-_TOTAL>9496</RECORDED_FOREST_AREA_-_TOTAL><PERCENTAGE_OF_GEOGRAPHICAL_AREA>42</PERCENTAGE_OF_GEOGRAPHICAL_AREA></ROW18><ROW19><STATEUTS>Mizoram</STATEUTS><GEOGRAPHICAL_AREA>21081</GEOGRAPHICAL_AREA><RECORDED_FOREST_AREA_AS_IN_SFR_2005>16717</RECORDED_FOREST_AREA_AS_IN_SFR_2005><RECORDED_FOREST_AREA_-_RESERVED_FORESTS>7909</RECORDED_FOREST_AREA_-_RESERVED_FORESTS><RECORDED_FOREST_AREA_-_PROTECTED_FORESTS>3568</RECORDED_FOREST_AREA_-_PROTECTED_FORESTS><RECORDED_FOREST_AREA_-_UNCLASSED_FORESTS>5240</RECORDED_FOREST_AREA_-_UNCLASSED_FORESTS><RECORDED_FOREST_AREA_-_TOTAL>16717</RECORDED_FOREST_AREA_-_TOTAL><PERCENTAGE_OF_GEOGRAPHICAL_AREA>79</PERCENTAGE_OF_GEOGRAPHICAL_AREA></ROW19><ROW20><STATEUTS>Nagaland</STATEUTS><GEOGRAPHICAL_AREA>16579</GEOGRAPHICAL_AREA><RECORDED_FOREST_AREA_AS_IN_SFR_2005>9222</RECORDED_FOREST_AREA_AS_IN_SFR_2005><RECORDED_FOREST_AREA_-_RESERVED_FORESTS>86</RECORDED_FOREST_AREA_-_RESERVED_FORESTS><RECORDED_FOREST_AREA_-_PROTECTED_FORESTS>508</RECORDED_FOREST_AREA_-_PROTECTED_FORESTS><RECORDED_FOREST_AREA_-_UNCLASSED_FORESTS>8628</RECORDED_FOREST_AREA_-_UNCLASSED_FORESTS><RECORDED_FOREST_AREA_-_TOTAL>9222</RECORDED_FOREST_AREA_-_TOTAL><PERCENTAGE_OF_GEOGRAPHICAL_AREA>56</PERCENTAGE_OF_GEOGRAPHICAL_AREA></ROW20><ROW21><STATEUTS>Orissa</STATEUTS><GEOGRAPHICAL_AREA>155707</GEOGRAPHICAL_AREA><RECORDED_FOREST_AREA_AS_IN_SFR_2005>58136</RECORDED_FOREST_AREA_AS_IN_SFR_2005><RECORDED_FOREST_AREA_-_RESERVED_FORESTS>26329</RECORDED_FOREST_AREA_-_RESERVED_FORESTS><RECORDED_FOREST_AREA_-_PROTECTED_FORESTS>15525</RECORDED_FOREST_AREA_-_PROTECTED_FORESTS><RECORDED_FOREST_AREA_-_UNCLASSED_FORESTS>16282</RECORDED_FOREST_AREA_-_UNCLASSED_FORESTS><RECORDED_FOREST_AREA_-_TOTAL>58136</RECORDED_FOREST_AREA_-_TOTAL><PERCENTAGE_OF_GEOGRAPHICAL_AREA>37</PERCENTAGE_OF_GEOGRAPHICAL_AREA></ROW21><ROW22><STATEUTS>Punjab</STATEUTS><GEOGRAPHICAL_AREA>50362</GEOGRAPHICAL_AREA><RECORDED_FOREST_AREA_AS_IN_SFR_2005>3084</RECORDED_FOREST_AREA_AS_IN_SFR_2005><RECORDED_FOREST_AREA_-_RESERVED_FORESTS>44</RECORDED_FOREST_AREA_-_RESERVED_FORESTS><RECORDED_FOREST_AREA_-_PROTECTED_FORESTS>1153</RECORDED_FOREST_AREA_-_PROTECTED_FORESTS><RECORDED_FOREST_AREA_-_UNCLASSED_FORESTS>1861</RECORDED_FOREST_AREA_-_UNCLASSED_FORESTS><RECORDED_FOREST_AREA_-_TOTAL>3058</RECORDED_FOREST_AREA_-_TOTAL><PERCENTAGE_OF_GEOGRAPHICAL_AREA>6</PERCENTAGE_OF_GEOGRAPHICAL_AREA></ROW22><ROW23><STATEUTS>Rajasthan</STATEUTS><GEOGRAPHICAL_AREA>342239</GEOGRAPHICAL_AREA><RECORDED_FOREST_AREA_AS_IN_SFR_2005>32488</RECORDED_FOREST_AREA_AS_IN_SFR_2005><RECORDED_FOREST_AREA_-_RESERVED_FORESTS>12454</RECORDED_FOREST_AREA_-_RESERVED_FORESTS><RECORDED_FOREST_AREA_-_PROTECTED_FORESTS>17416</RECORDED_FOREST_AREA_-_PROTECTED_FORESTS><RECORDED_FOREST_AREA_-_UNCLASSED_FORESTS>2769</RECORDED_FOREST_AREA_-_UNCLASSED_FORESTS><RECORDED_FOREST_AREA_-_TOTAL>32639</RECORDED_FOREST_AREA_-_TOTAL><PERCENTAGE_OF_GEOGRAPHICAL_AREA>10</PERCENTAGE_OF_GEOGRAPHICAL_AREA></ROW23><ROW24><STATEUTS>Sikkim</STATEUTS><GEOGRAPHICAL_AREA>7096</GEOGRAPHICAL_AREA><RECORDED_FOREST_AREA_AS_IN_SFR_2005>5841</RECORDED_FOREST_AREA_AS_IN_SFR_2005><RECORDED_FOREST_AREA_-_RESERVED_FORESTS>5452</RECORDED_FOREST_AREA_-_RESERVED_FORESTS><RECORDED_FOREST_AREA_-_PROTECTED_FORESTS>389</RECORDED_FOREST_AREA_-_PROTECTED_FORESTS><RECORDED_FOREST_AREA_-_UNCLASSED_FORESTS>NA</RECORDED_FOREST_AREA_-_UNCLASSED_FORESTS><RECORDED_FOREST_AREA_-_TOTAL>5841</RECORDED_FOREST_AREA_-_TOTAL><PERCENTAGE_OF_GEOGRAPHICAL_AREA>82</PERCENTAGE_OF_GEOGRAPHICAL_AREA></ROW24><ROW25><STATEUTS>Tamil Nadu</STATEUTS><GEOGRAPHICAL_AREA>130058</GEOGRAPHICAL_AREA><RECORDED_FOREST_AREA_AS_IN_SFR_2005>22877</RECORDED_FOREST_AREA_AS_IN_SFR_2005><RECORDED_FOREST_AREA_-_RESERVED_FORESTS>19388</RECORDED_FOREST_AREA_-_RESERVED_FORESTS><RECORDED_FOREST_AREA_-_PROTECTED_FORESTS>2183</RECORDED_FOREST_AREA_-_PROTECTED_FORESTS><RECORDED_FOREST_AREA_-_UNCLASSED_FORESTS>1306</RECORDED_FOREST_AREA_-_UNCLASSED_FORESTS><RECORDED_FOREST_AREA_-_TOTAL>22877</RECORDED_FOREST_AREA_-_TOTAL><PERCENTAGE_OF_GEOGRAPHICAL_AREA>18</PERCENTAGE_OF_GEOGRAPHICAL_AREA></ROW25><ROW26><STATEUTS>Tripura</STATEUTS><GEOGRAPHICAL_AREA>10486</GEOGRAPHICAL_AREA><RECORDED_FOREST_AREA_AS_IN_SFR_2005>6294</RECORDED_FOREST_AREA_AS_IN_SFR_2005><RECORDED_FOREST_AREA_-_RESERVED_FORESTS>4175</RECORDED_FOREST_AREA_-_RESERVED_FORESTS><RECORDED_FOREST_AREA_-_PROTECTED_FORESTS>2</RECORDED_FOREST_AREA_-_PROTECTED_FORESTS><RECORDED_FOREST_AREA_-_UNCLASSED_FORESTS>2117</RECORDED_FOREST_AREA_-_UNCLASSED_FORESTS><RECORDED_FOREST_AREA_-_TOTAL>6294</RECORDED_FOREST_AREA_-_TOTAL><PERCENTAGE_OF_GEOGRAPHICAL_AREA>60</PERCENTAGE_OF_GEOGRAPHICAL_AREA></ROW26><ROW27><STATEUTS>Uttar Pradesh</STATEUTS><GEOGRAPHICAL_AREA>240928</GEOGRAPHICAL_AREA><RECORDED_FOREST_AREA_AS_IN_SFR_2005>16796</RECORDED_FOREST_AREA_AS_IN_SFR_2005><RECORDED_FOREST_AREA_-_RESERVED_FORESTS>11660</RECORDED_FOREST_AREA_-_RESERVED_FORESTS><RECORDED_FOREST_AREA_-_PROTECTED_FORESTS>1420</RECORDED_FOREST_AREA_-_PROTECTED_FORESTS><RECORDED_FOREST_AREA_-_UNCLASSED_FORESTS>3503</RECORDED_FOREST_AREA_-_UNCLASSED_FORESTS><RECORDED_FOREST_AREA_-_TOTAL>16583</RECORDED_FOREST_AREA_-_TOTAL><PERCENTAGE_OF_GEOGRAPHICAL_AREA>7</PERCENTAGE_OF_GEOGRAPHICAL_AREA></ROW27><ROW28><STATEUTS>Uttarakhand</STATEUTS><GEOGRAPHICAL_AREA>53483</GEOGRAPHICAL_AREA><RECORDED_FOREST_AREA_AS_IN_SFR_2005>34651</RECORDED_FOREST_AREA_AS_IN_SFR_2005><RECORDED_FOREST_AREA_-_RESERVED_FORESTS>24638</RECORDED_FOREST_AREA_-_RESERVED_FORESTS><RECORDED_FOREST_AREA_-_PROTECTED_FORESTS>9882</RECORDED_FOREST_AREA_-_PROTECTED_FORESTS><RECORDED_FOREST_AREA_-_UNCLASSED_FORESTS>131</RECORDED_FOREST_AREA_-_UNCLASSED_FORESTS><RECORDED_FOREST_AREA_-_TOTAL>34651</RECORDED_FOREST_AREA_-_TOTAL><PERCENTAGE_OF_GEOGRAPHICAL_AREA>65</PERCENTAGE_OF_GEOGRAPHICAL_AREA></ROW28><ROW29><STATEUTS>West Bengal</STATEUTS><GEOGRAPHICAL_AREA>88752</GEOGRAPHICAL_AREA><RECORDED_FOREST_AREA_AS_IN_SFR_2005>11879</RECORDED_FOREST_AREA_AS_IN_SFR_2005><RECORDED_FOREST_AREA_-_RESERVED_FORESTS>7054</RECORDED_FOREST_AREA_-_RESERVED_FORESTS><RECORDED_FOREST_AREA_-_PROTECTED_FORESTS>3772</RECORDED_FOREST_AREA_-_PROTECTED_FORESTS><RECORDED_FOREST_AREA_-_UNCLASSED_FORESTS>1053</RECORDED_FOREST_AREA_-_UNCLASSED_FORESTS><RECORDED_FOREST_AREA_-_TOTAL>11879</RECORDED_FOREST_AREA_-_TOTAL><PERCENTAGE_OF_GEOGRAPHICAL_AREA>13</PERCENTAGE_OF_GEOGRAPHICAL_AREA></ROW29><ROW30><STATEUTS>Andaman &amp; Nicobar</STATEUTS><GEOGRAPHICAL_AREA>8249</GEOGRAPHICAL_AREA><RECORDED_FOREST_AREA_AS_IN_SFR_2005>7171</RECORDED_FOREST_AREA_AS_IN_SFR_2005><RECORDED_FOREST_AREA_-_RESERVED_FORESTS>2929</RECORDED_FOREST_AREA_-_RESERVED_FORESTS><RECORDED_FOREST_AREA_-_PROTECTED_FORESTS>4242</RECORDED_FOREST_AREA_-_PROTECTED_FORESTS><RECORDED_FOREST_AREA_-_UNCLASSED_FORESTS>NA</RECORDED_FOREST_AREA_-_UNCLASSED_FORESTS><RECORDED_FOREST_AREA_-_TOTAL>7171</RECORDED_FOREST_AREA_-_TOTAL><PERCENTAGE_OF_GEOGRAPHICAL_AREA>87</PERCENTAGE_OF_GEOGRAPHICAL_AREA></ROW30><ROW31><STATEUTS>Chandigarh</STATEUTS><GEOGRAPHICAL_AREA>114</GEOGRAPHICAL_AREA><RECORDED_FOREST_AREA_AS_IN_SFR_2005>33</RECORDED_FOREST_AREA_AS_IN_SFR_2005><RECORDED_FOREST_AREA_-_RESERVED_FORESTS>31</RECORDED_FOREST_AREA_-_RESERVED_FORESTS><RECORDED_FOREST_AREA_-_PROTECTED_FORESTS>NA</RECORDED_FOREST_AREA_-_PROTECTED_FORESTS><RECORDED_FOREST_AREA_-_UNCLASSED_FORESTS>3</RECORDED_FOREST_AREA_-_UNCLASSED_FORESTS><RECORDED_FOREST_AREA_-_TOTAL>34</RECORDED_FOREST_AREA_-_TOTAL><PERCENTAGE_OF_GEOGRAPHICAL_AREA>30</PERCENTAGE_OF_GEOGRAPHICAL_AREA></ROW31><ROW32><STATEUTS>Dadra &amp; Nagar Haveli</STATEUTS><GEOGRAPHICAL_AREA>491</GEOGRAPHICAL_AREA><RECORDED_FOREST_AREA_AS_IN_SFR_2005>204</RECORDED_FOREST_AREA_AS_IN_SFR_2005><RECORDED_FOREST_AREA_-_RESERVED_FORESTS>199</RECORDED_FOREST_AREA_-_RESERVED_FORESTS><RECORDED_FOREST_AREA_-_PROTECTED_FORESTS>5</RECORDED_FOREST_AREA_-_PROTECTED_FORESTS><RECORDED_FOREST_AREA_-_UNCLASSED_FORESTS>NA</RECORDED_FOREST_AREA_-_UNCLASSED_FORESTS><RECORDED_FOREST_AREA_-_TOTAL>204</RECORDED_FOREST_AREA_-_TOTAL><PERCENTAGE_OF_GEOGRAPHICAL_AREA>42</PERCENTAGE_OF_GEOGRAPHICAL_AREA></ROW32><ROW33><STATEUTS>Daman &amp; Diu</STATEUTS><GEOGRAPHICAL_AREA>112</GEOGRAPHICAL_AREA><RECORDED_FOREST_AREA_AS_IN_SFR_2005>6</RECORDED_FOREST_AREA_AS_IN_SFR_2005><RECORDED_FOREST_AREA_-_RESERVED_FORESTS>0</RECORDED_FOREST_AREA_-_RESERVED_FORESTS><RECORDED_FOREST_AREA_-_PROTECTED_FORESTS>8</RECORDED_FOREST_AREA_-_PROTECTED_FORESTS><RECORDED_FOREST_AREA_-_UNCLASSED_FORESTS>0</RECORDED_FOREST_AREA_-_UNCLASSED_FORESTS><RECORDED_FOREST_AREA_-_TOTAL>8</RECORDED_FOREST_AREA_-_TOTAL><PERCENTAGE_OF_GEOGRAPHICAL_AREA>7</PERCENTAGE_OF_GEOGRAPHICAL_AREA></ROW33><ROW34><STATEUTS>Lakshadweep</STATEUTS><GEOGRAPHICAL_AREA>32</GEOGRAPHICAL_AREA><RECORDED_FOREST_AREA_AS_IN_SFR_2005>0</RECORDED_FOREST_AREA_AS_IN_SFR_2005><RECORDED_FOREST_AREA_-_RESERVED_FORESTS>0</RECORDED_FOREST_AREA_-_RESERVED_FORESTS><RECORDED_FOREST_AREA_-_PROTECTED_FORESTS>0</RECORDED_FOREST_AREA_-_PROTECTED_FORESTS><RECORDED_FOREST_AREA_-_UNCLASSED_FORESTS>0</RECORDED_FOREST_AREA_-_UNCLASSED_FORESTS><RECORDED_FOREST_AREA_-_TOTAL>0</RECORDED_FOREST_AREA_-_TOTAL><PERCENTAGE_OF_GEOGRAPHICAL_AREA>0</PERCENTAGE_OF_GEOGRAPHICAL_AREA></ROW34><ROW35><STATEUTS>Puducherry</STATEUTS><GEOGRAPHICAL_AREA>480</GEOGRAPHICAL_AREA><RECORDED_FOREST_AREA_AS_IN_SFR_2005>0</RECORDED_FOREST_AREA_AS_IN_SFR_2005><RECORDED_FOREST_AREA_-_RESERVED_FORESTS>4</RECORDED_FOREST_AREA_-_RESERVED_FORESTS><RECORDED_FOREST_AREA_-_PROTECTED_FORESTS>2</RECORDED_FOREST_AREA_-_PROTECTED_FORESTS><RECORDED_FOREST_AREA_-_UNCLASSED_FORESTS>7</RECORDED_FOREST_AREA_-_UNCLASSED_FORESTS><RECORDED_FOREST_AREA_-_TOTAL>13</RECORDED_FOREST_AREA_-_TOTAL><PERCENTAGE_OF_GEOGRAPHICAL_AREA>3</PERCENTAGE_OF_GEOGRAPHICAL_AREA></ROW35></DATASET>
