Name,Image,2008,2009,2010,2011,2012,2013,2014,2015,2016,2017,2018,2019,2020,Unnamed: 15,Unnamed: 16,Unnamed: 17,Unnamed: 18,Unnamed: 19,Unnamed: 20,Unnamed: 21,Unnamed: 22,Unnamed: 23,Unnamed: 24,Unnamed: 25,Unnamed: 26,Unnamed: 27,Unnamed: 28,Unnamed: 29,Unnamed: 30,Unnamed: 31,Unnamed: 32,Unnamed: 33,Unnamed: 34,Unnamed: 35,Unnamed: 36,Unnamed: 37,Unnamed: 38,Unnamed: 39,Unnamed: 40,Unnamed: 41,Unnamed: 42,Unnamed: 43,Unnamed: 44,Unnamed: 45,Unnamed: 46,Unnamed: 47,Unnamed: 48,Unnamed: 49,Unnamed: 50,Unnamed: 51,Unnamed: 52,Unnamed: 53,Unnamed: 54,Unnamed: 55,Unnamed: 56,Unnamed: 57,Unnamed: 58,Unnamed: 59,Unnamed: 60,Unnamed: 61,Unnamed: 62
NASA (USA),https://i1.sndcdn.com/avatars-000109087465-2uqbx8-t500x500.jpg,17.3,17.74,18.72,18.45,17.77,16.87,17.65,18.01,19.3,19.51,20.74,21.5,22.6,,,,,,,,,,,,,,,,,,,,,,,,,,,,,,,,,,,,,,,,,,,,,,,,
CNSA (China),https://thewritewing.in/include/top10/cnsa.jpg,1.3,1.3,2.24,2.4,4.66,6.11,2.66,3.23,4.91,5.37,5.83,11.0,,,,,,,,,,,,,,,,,,,,,,,,,,,,,,,,,,,,,,,,,,,,,,,,,
Roscosmos (Russia),https://images.fineartamerica.com/images/artworkimages/mediumlarge/2/roscosmos-rocket-or-fairing-logo-nikki.jpg,2.85,2.4,3.1,3.8,4.7,5.6,4.39,3.27,3.18,3.68,4.17,4.17,,,,,,,,,,,,,,,,,,,,,,,,,,,,,,,,,,,,,,,,,,,,,,,,,
CNES (France),https://www.airzerog.com/wp-content/uploads/2018/02/logo.png,2.43,2.43,2.5,2.4,2.5,2.42,2.17,2.48,2.79,2.7,3.16,3.16,,,,,,,,,,,,,,,,,,,,,,,,,,,,,,,,,,,,,,,,,,,,,,,,,
JAXA (Japan),https://global.jaxa.jp/common/images/module_parts/ogp/jaxa.png,1.71,1.71,2.46,2.35,2.19,2.03,1.76,2.39,3.02,1.7,3.06,3.06,,,,,,,,,,,,,,,,,,,,,,,,,,,,,,,,,,,,,,,,,,,,,,,,,
DLR (Germany),https://encrypted-tbn0.gstatic.com/images?q=tbn:ANd9GcQpxhVrJoXvml_8F5a-tzVixg1gEvKS7jRqyZXuYvAsTLHEvKva&s,0.9,0.9,2.0,1.97,1.93,1.89,1.9,2.5,1.98,4.27,2.15,2.15,,,,,,,,,,,,,,,,,,,,,,,,,,,,,,,,,,,,,,,,,,,,,,,,,
ASI (Italy),https://images.fineartamerica.com/images/artworkimages/mediumlarge/2/italian-space-agency-logo-nikki.jpg,0.92,0.92,0.92,0.92,0.92,0.92,1.8,1.8,1.8,1.8,1.8,1.8,,,,,,,,,,,,,,,,,,,,,,,,,,,,,,,,,,,,,,,,,,,,,,,,,
ISRO (India),http://animationvisarts.com/wp-content/uploads/2016/10/ISRO-Logo-Design.jpg,0.3,0.3,0.4,0.4,0.62,1.17,1.19,1.2,1.3,1.4,1.41,1.42,,,,,,,,,,,,,,,,,,,,,,,,,,,,,,,,,,,,,,,,,,,,,,,,,
ESA (Europe),http://www.esa.int/spacesolutionslogo/images/ESAsolid_logo_spacesolutions_darkblue.jpg,3.0,3.9,4.13,4.72,4.68,4.77,4.57,5.2,5.84,6.4,6.23,6.37,,,,,,,,,,,,,,,,,,,,,,,,,,,,,,,,,,,,,,,,,,,,,,,,,
