id,conversation_id,created_at,date,time,timezone,user_id,username,name,place,tweet,language,mentions,urls,photos,replies_count,retweets_count,likes_count,hashtags,cashtags,link,retweet,quote_url,video,thumbnail,near,geo,source,user_rt_id,user_rt,retweet_id,reply_to,retweet_date,translate,trans_src,trans_dest
1376601749088305152,1376601749088305152,2021-03-29 18:26:47 UTC,2021-03-29,18:26:47,+0000,1251316760722182146,derivedfromdata,Derived From Data,,See #data behind #CourseraIPO!   https://t.co/sI2yBexIRz  #Coursera $TME $VIAC $IQ $NIO $AAPL $GSX $RKT $PLTR $VIPS $BIDU $DISCA $GE $BAC $AMC $EDU $X $F $WFC $AMD $CS $ITUB $T $AAL $TSLA $NOK $PBR $PLUG $GGB $CAN $BA $FUTU $BBD $FUBO $RLX $RIOT $MSFT $CLF $FB $VALE $SNAP $ABEV $Z  https://t.co/K7HCR4GS3P,und,[],['https://dfdnews.com/2021/03/26/what-can-coursera-learn-about-online-education-ahead-of-its-ipo/'],['https://pbs.twimg.com/media/Exqq0caWYAQSDs8.jpg'],0,0,2,"['data', 'courseraipo', 'coursera']","['tme', 'viac', 'iq', 'nio', 'aapl', 'gsx', 'rkt', 'pltr', 'vips', 'bidu', 'disca', 'ge', 'bac', 'amc', 'edu', 'x', 'f', 'wfc', 'amd', 'cs', 'itub', 't', 'aal', 'tsla', 'nok', 'pbr', 'plug', 'ggb', 'can', 'ba', 'futu', 'bbd', 'fubo', 'rlx', 'riot', 'msft', 'clf', 'fb', 'vale', 'snap', 'abev', 'z']",https://twitter.com/derivedfromdata/status/1376601749088305152,False,,1,https://pbs.twimg.com/media/Exqq0caWYAQSDs8.jpg,,,,,,,[],,,,
1375880336945639424,1375880336945639424,2021-03-27 18:40:09 UTC,2021-03-27,18:40:09,+0000,1158936632386629634,ricosuaveinvest,RicoSuave IPOs,,Is the Coursera IPO a Buy? RSI Ep. 269  https://t.co/O14lb7QObH #4 on CNBC’s List of Top 50 Disruptors. #Coursera #IPO #CourseraIPO $COUR,en,[],['https://youtu.be/03hxM-rwtW0'],[],0,0,2,"['coursera', 'ipo', 'courseraipo']",['cour'],https://twitter.com/RicoSuaveInvest/status/1375880336945639424,False,,0,,,,,,,,[],,,,
1370477553413189635,1370477553413189635,2021-03-12 20:51:25 UTC,2021-03-12,20:51:25,+0000,24928817,investmentu,Investment U,,The Coursera IPO is filed after investors hoped for a 2021 offering. It brings a unique opportunity as few education-technologies go public.  Will Coursera be a good investment?  https://t.co/f3QW0AjFfo  #courseraIPO #coursera #courserastock #stockwatch #investing #smartinvesting,en,[],['https://bit.ly/3qMc6wV'],[],0,0,0,"['courseraipo', 'coursera', 'courserastock', 'stockwatch', 'investing', 'smartinvesting']",[],https://twitter.com/InvestmentU/status/1370477553413189635,False,,0,,,,,,,,[],,,,
1369375481636794380,1369375481636794380,2021-03-09 19:52:11 UTC,2021-03-09,19:52:11,+0000,370198291,cheers2wisdom,Amit Baliga,, https://t.co/clpD9DuofD Coursera's IPO filing analysis by @classcentral #edtech #courseraIPO,en,"[{'screen_name': 'classcentral', 'name': 'class central', 'id': '428802983'}]",['https://www.classcentral.com/report/coursera-s1-analysis/'],[],0,0,0,"['edtech', 'courseraipo']",[],https://twitter.com/cheers2wisdom/status/1369375481636794380,False,,0,,,,,,,,[],,,,
1368071415543435267,1368071415543435267,2021-03-06 05:30:17 UTC,2021-03-06,05:30:17,+0000,2541189847,et_cio,ETCIO,,Coursera files for US IPO as edtech booms amid the pandemic #CourseraIpo #Coursera #CourseraListing #EdtechStartups #StartupIPOs   https://t.co/omSjr4pX56,en,[],['https://cio.economictimes.indiatimes.com/news/corporate-news/coursera-files-for-us-ipo-as-edtech-booms-amid-the-pandemic/81359823'],[],0,0,1,"['courseraipo', 'coursera', 'courseralisting', 'edtechstartups', 'startupipos']",[],https://twitter.com/ET_CIO/status/1368071415543435267,False,,0,,,,,,,,[],,,,
