Rank,Country,Life expectancy
1,Monaco,89.4
2,San Marino,83.4
3,Switzerland,83.0
4,Spain,82.8
5,Liechtenstein,82.7
6,Italy,82.7
7,Norway,82.5
8,Iceland,82.5
9,Luxembourg,82.3
10,France,82.3
11,Sweden,82.2
12,Malta,81.8
13,Finland,81.8
14,Ireland,81.6
15,Netherlands,81.5
16,Portugal,81.1
17,Greece,81.0
18,United Kingdom,81.0
19,Belgium,81.0
20,Austria,80.9
21,Slovenia,80.8
22,Denmark,80.7
23,Germany,80.6
24,Cyprus,80.5
25,Albania,78.3
26,Czech Republic,78.3
27,Croatia,78.0
28,Estonia,77.7
29,Poland,77.5
30,Montenegro,77.1
31,Bosnia and Herzegovina,76.9
32,Slovakia,76.6
33,Turkey,75.8
34,North Macedonia,75.7
35,Hungary,75.6
36,Serbia,75.2
37,,75.0
38,Bulgaria,74.6
39,Latvia,74.5
40,Lithuania,74.3
41,Belarus,73.8
42,Kazakhstan,72.3
43,Moldova,71.6
44,Russia,71.6
45,Ukraine,71.5
