{"realtime_start": "2019-12-23", "realtime_end": "2019-12-23", "seriess": [{"id": "SWPT", "realtime_start": "2019-12-23", "realtime_end": "2019-12-23", "title": "Assets: Central Bank Liquidity Swaps: Central Bank Liquidity Swaps: Wednesday Level", "observation_start": "2002-12-18", "observation_end": "2019-12-18", "frequency": "Weekly, As of Wednesday", "frequency_short": "W", "units": "Millions of U.S. Dollars", "units_short": "Mil. of U.S. $", "seasonal_adjustment": "Not Seasonally Adjusted", "seasonal_adjustment_short": "NSA", "last_updated": "2019-12-19 15:46:03-06", "popularity": 45, "notes": "The FOMC has authorized temporary reciprocal currency arrangements (central bank liquidity swaps) with certain foreign central banks to help provide liquidity in U.S. dollars to overseas markets.\n\nThese swaps involve two transactions. First, when the foreign central bank draws on the swap line, it sells a specified amount of its currency to the Federal Reserve in exchange for dollars at the prevailing market exchange rate. The foreign currency that the Federal Reserve acquires is placed in an account for the Federal Reserve at the foreign central bank. This line in the statistical release reports the dollar value of the foreign currency held under these swaps.\n\nSecond, the dollars that the Federal Reserve provides are deposited in an account for the foreign central bank at the Federal Reserve Bank of New York. At the same time as the draw on the swap line, the Federal Reserve and the foreign central bank enter into a binding agreement for a second transaction in which the foreign central bank is obligated to repurchase the foreign currency at a specified future date at the same exchange rate. At the conclusion of the second transaction, the foreign central bank pays a market-based rate of interest to the Federal Reserve. Central bank liquidity swaps are of various maturities, ranging from overnight to three months."}]}