Name,OtherReference,Type,TotalPop,MalayPop,ChinesePop,IndianPop,State
Perlis,Kangar,State,231541,198710,17985,2745,Perlis
Kedah,,State,1947651,1460746,255628,136482,Kedah
Alor Setar,,District,366787,268674,81041,8509,Kedah
Kubang Pasu,,District,220740,189476,17004,4996,Kedah
Kulim,Greater Penang,District,287694,172838,47010,50875,Kedah
Sungai Petani,Greater Penang,District,456605,286325,84912,61074,Kedah
Penang,Pulau Pinang,State,1561383,636146,670400,153472,Pulau Pinang
S.P. Tengah,Bukit Mertajam,District,371975,170693,133863,35158,Pulau Pinang
S.P. Utara,Butterworth,District,295979,172814,88968,22973,Pulau Pinang
S.P. Selatan,,District,171045,67245,64212,30479,Pulau Pinang
Timur Laut,George Town,District,520242,108661,321986,52877,Pulau Pinang
Barat Daya,Balik Pulau,District,202142,116733,61371,11985,Pulau Pinang
Perak,Darul Ridzuan,State,2352743,1238357,693397,281688,Perak
Batang Padang,Tapah,District,179494,95285,31455,23057,Perak
Manjung,Seri Manjung,District,232277,122500,67559,30257,Perak
Kinta,Ipoh,District,767794,300812,326408,107554,Perak
Kerian,Parit Buntar,District,179706,131663,30517,13983,Perak
Kuala Kangsar,Kuala Kangsar,District,159505,91902,34796,21028,Perak
Larut dan Matang,Taiping,District,334073,202861,85172,36105,Perak
Hilir Perak,Teluk Intan,District,208570,103934,56230,35982,Perak
Ulu Perak,Herik,District,91218,65925,8628,1658,Perak
Perak Tengah,Seri Iskandar,District,101128,92096,1291,1426,Perak
Kampar,Kampar,District,98978,31379,51341,10638,Perak
Kelantan,,State,1539601,1426373,51614,3849,Kelantan
Bachok,,District,133152,130428,1347,31,Kelantan
Kota Bharu,,District,491237,454060,23773,1382,Kelantan
Machang,,District,93087,88957,2602,416,Kelantan
Pasir Mas,,District,189292,181108,3768,28,Kelantan
Pasir Puteh,,District,117383,114671,855,18,Kelantan
Tanah Merah,,District,121319,111944,4268,444,Kelantan
Tumpat,,District,153976,140443,6594,127,Kelantan
Gua Masang,,District,90057,67249,4086,373,Kelantan
Kuala Krai,,District,109461,98990,4220,967,Kelantan
Jeli,,District,40637,38523,101,63,Kelantan
Ketereh,,District,153474,142187,5145,384,Kelantan
Terengganu,,State,1035977,985011,26429,2397,Terengganu
Besuit,,District,140952,136482,1761,185,Terengganu
Dungun,,District,154932,148070,3563,307,Terengganu
Kemaman,,District,171383,157778,6937,743,Terengganu
Kuala Terengganu,,District,343284,325805,11851,886,Terengganu
Murang,,District,97857,94184,1874,167,Terengganu
Hulu Terengganu,,District,72052,69138,318,97,Terengganu
Setiu,,District,55517,54214,125,12,Terengganu
Pahang,,State,1500817,1052774,230798,63065,Pahang
Bentong,,District,119817,61303,37798,10153,Pahang
Cameron Highlands,,District,38471,7321,13099,6988,Pahang
Jerantut,,District,91096,71056,10056,2930,Pahang
Kuantan,,District,461906,347101,77482,14470,Pahang
Lipis,,District,89730,61918,7630,2872,Pahang
Pekan,,District,110633,89699,1373,392,Pahang
Raub,,District,95506,53938,27684,5871,Pahang
Temerloh,,District,165451,112371,24944,12305,Pahang
Rompin,,District,114901,88574,2815,1126,Pahang
Maran,,District,115424,104872,3406,1219,Pahang
Bera,,District,97882,54531,24511,4739,Pahang
Selangor,Darul Ehsan,State,5462141,2814597,1441774,679130,Selangor
Gombak,Ampang Jaya,District,682226,390660,147488,76773,Selangor
Klang,,District,861189,376606,225425,165382,Selangor
Kuala Langat,,District,224648,134343,38804,34150,Selangor
Kuala Selangor,,District,209590,149054,18867,30996,Selangor
Petaling,PJ,District,1812633,853356,580639,193044,Selangor
Sebak Bernam,,District,105777,78390,20432,4097,Selangor
Sepang,,District,211361,126620,30880,28421,Selangor
Ulu Langat,Kajang,District,1156585,575484,355741,113808,Selangor
Ulu Selangor,Hulu Selangor,District,198132,130083,23498,32459,Selangor
Subang Jaya,USJ,District,700000,333000,227000,75000,Selangor
Kuala Lumpur,KL,State,1674621,679236,655413,156316,Kuala Lumpur
Putrajaya,Putrajaya,District,72413,68475,479,869,Kuala Lumpur
Negeri Sembilan,,State,1021064,572006,223271,146214,Negeri Sembilan
Jelebu,,District,39200,23369,9581,1738,Negeri Sembilan
Kuala Pilah,,District,66092,49297,9205,3745,Negeri Sembilan
Port Dickson,,District,115361,55583,28878,23008,Negeri Sembilan
Rembau,,District,43011,34746,2229,3613,Negeri Sembilan
Seremban,,District,555935,284564,134572,87663,Negeri Sembilan
Tampin,,District,84889,49462,19331,11946,Negeri Sembilan
Jempoi,,District,116576,74985,19475,14501,Negeri Sembilan
Melaka,Malacca,State,821110,517441,207401,49037,Melaka
Alor Gajah,,District,182666,135204,25339,13816,Melaka
Jasin,,District,135317,98006,17220,14359,Melaka
Melaka City,Melaka Tengah,District,503127,284231,164842,20862,Melaka
Johor,,State,3348283,1759537,1034713,217058,Johor
Batu Pahat,,District,417458,263651,124009,6694,Johor
Iskandar Puteri,Iskandar Malaysia,District,1386569,627363,473584,125347,Johor
Johor Bahru,Iskandar Malaysia,District,1386569,627363,473584,125347,Johor
Kluang,,District,298332,142697,89805,24933,Johor
Kulai,Iskandar Malaysia,District,251650,110724,84058,24208,Johor
Muar,,District,247957,137165,88657,5886,Johor
Sarawak,,State,2471140,568113,577646,7411,Sarawak
Bintulu,,District,189146,20380,32078,444,Sarawak
Kuching,Padawan,District,617887,220333,225998,3184,Sarawak
Miri,,District,300543,54688,80945,1217,Sarawak
Sibu,,District,247995,24937,116958,749,Sarawak
Sabah,,State,3206742,844062,295674,7453,Sabah
Tawau,,District,412375,151176,41567,865,Sabah
Lahad Datu,,District,206861,61430,12649,477,Sabah
Semporna,,District,137868,14263,1096,77,Sabah
Sandakan,,District,409056,126333,66233,1014,Sabah
Kinabatangan,,District,150327,24113,520,137,Sabah
Berluran,,District,106632,32775,902,93,Sabah
Kota Kinabalu,,District,462963,97430,96852,2291,Sabah
Ranau,,District,95800,4827,1582,62,Sabah
Kota Belud,,District,93180,14286,1207,75,Sabah
Tuaran,,District,105435,12628,4645,183,Sabah
Penampang,,District,125913,19093,28636,652,Sabah
Papar,,District,128434,46722,6649,220,Sabah
Kudat,,District,85404,49191,5132,67,Sabah
Kota Marudu,,District,68289,10965,1795,71,Sabah
Pitas,,District,38764,26858,350,28,Sabah
Beaufort,,District,66406,40549,3820,145,Sabah
Kuala Penyu,,District,19426,9864,279,64,Sabah
Sipitang,,District,35764,19480,1265,59,Sabah
Tenom,,District,56597,9550,4860,40,Sabah
Nabawan,,District,32309,923,294,7,Sabah
Keningau,,District,177735,17365,11001,388,Sabah
Tambunan,,District,36297,1670,390,12,Sabah
Kunak,,District,62851,14287,564,71,Sabah
Tengod,,District,36192,15652,408,24,Sabah
Putatan,,District,55864,21632,2978,331,Sabah
Labuan,Victoria,State,86908,30001,10014,641,Labuan
