Country,Region,Book-title,Author,Author Gender,Date Published,Publisher,Date of Meeting,Venue,Time (UT+2h)
Zimbabwe,Southern,We Need New Names,NoViolet Bulawayo,F,21.05.13,Reagan Arthur Books,18.05.18,The Munich Readery,18h00
Kenya,Eastern,Decolonising the Mind ,Ngugi wa Thiong'o,M,16.07.86,Heinemann Educational Books,22.06.18,The Munich Readery,18h00
Ghana,Western,Homecoming,Yaa Gyasi,F,15.06.16,Alfred A. Knopf,27.07.18,The Munich Readery,18h00
South Africa,Southern,Born a Crime,Trevor Noah ,M,15.11.16,Doubleday Canada,17.08.18,Café Jasmin,18h00
Nigeria,Western,Binti,Nnedi Okarafor,F,22.09.15,Tor.com,21.09.18,The Munich Readery,18h00
Nigeria,Western,The Secret Lives of Baba Segi's Wives ,Lola Shoneyin,F,29.06.10,William Morrow,19.10.18,The Munich Readery,18h00
Guinea,Western,The Dark Child (L'Enfant Noir),Camara Laye,M,01.01.54,Farrar Straus and Giroux,16.11.18,The Munich Readery,19h00
Nigeria,Western,Americanah,Chimamanda N. Adichie ,F,14.05.13,Alfred A. Knopf,12.01.19,Ostpark,16h00
Ethiopia,Eastern,The Wife's Tale: A Personal History,Aida Eidemariam,F,20.03.18,Harper,15.02.19,The Munich Readery,19h00
Mozambique,Southern,Confession of the Lioness,Mia Couto,F,14.07.15,Farrar Straus and Giroux,15.03.19,The Munich Readery,19h00
Angola,Southern,Good Morning Comrades,Ondjaki,M,15.03.08,Biblioasis,12.04.19,The Munich Readery,18h00
Egypt,Northern,Woman at Point Zero,Nawal El Saadawi,F,01.12.84,Zed Books,10.05.19,Greg's House,18h30
Nigeria,Western,Stay with me,Adebayo Ayobami,F,26.11.17,Cb,14.06.20,The Munich Readery,19h00
Ghana,Western,Confessions of a Ghanaian Girl ,Nana Kesewaa Dankwa,F,01.07.16,Createspace Independent Publishing Platform,13.07.19,Thomas' House,15h00
Mauritius,Island,Eve out of her Ruins,Ananda Devi,F,13.09.16,Deep Vellum Publishing,10.08.19,Thomas' House,16h00
Congo (Brazaville),Central,Johnny Mad Dog,Emmanuel Dongala,M,16.05.06,St. Martins Press-3PL,21.09.19,Thomas' House,16h00
Zimbabwe,Southern,These bones will rise again,Panashe Chigumadzi,F,14.06.18,The Indigo Press,12.10.19,Thomas' House,17h00
Senegal,Western,So Long A Letter ,Mariama Bâ,F,29.06.89,Heinemann Educational Books,16.11.19,Thomas' House,17h00
Nigeria,Western,Things Fall Apart,Chinua Achebe,M,17.06.58,Heinemann   ,30.11.19,Thomas' House,17h00
Nigeria,Western,My Sister the Serial Killer,Oyinkan Braithwaite,F,20.11.18,Doubleday Books,15.02.20,Thomas' House,17h00
Sierra Leone,Western,The Memory of Love,Aminatta Forna,F,01.05.10,Bloomsbury,21.03.20,Online,17h00
Botswana,Southern,The Scattering,Lauri Kubuitsile,F,01.05.16,Penguin Random House South Africa,18.04.20,Online,17h00
Zambia,Southern,Patchwork,Ellen Bandu Aku,F,31.08.11,Penguin,23.05.20,Online,17h00
Côte d'Ivoire,Western,Allah is not obliged,Ahmadou Kourouma,M,01.06.11,Anchor,20.06.20,Online,17h00
Morocco,Northern,The Moor’s Account,Laila Lalami,F,09.09.14,Pantheon,18.07.20,Online,17h00
Uganda,Eastern,Kintu,Jennifer Nansubuga Makumbi,F,18.06.14,Kwani Trust,22.08.20,Online,17h00
Cameroon,Western,Houseboy,Feridanand Oyono,M,15.08.91,Heinemann Educational Books,17.10.20,Online,17h00
Rwanda,Eastern,Small Country,Gaël Faye,M,24.08.16,Hogarth Press,14.11.20,Online,17h00
Ghana,Western,Changes: A Love Story,Ama Ata Aidoo,F,1.11.1993,The Feminist Press at CUNY,5.12.2020,Online,17h00
Nigeria,Western,Zikora,Chimamanda N. Adichie ,F,27.10.2020,Amazon Original Stories,5.12.2020,Online,17h00
Nigeria,Western,Skinned,Lesley Nneka Arimah,F,21.8.2021,American literary journal McSweeney's Quarterly Concern (Issue 53),23.1.2021,Online,17h00
Kenya,Eastern,Wizard of the Crow,Ngugi wa Thiong’o,M,8.8.2006,Pantheon,27.3.2021,Online,17h00
Sudan,Eastern,Thirteen Months of Sunrise,Rania Mamoun,F,9.5.2019,Comma Press,24.5.2021,Online,17h00
Tanzania,Eastern,Afterlives,Abdulrazak Gurnah,M,29.9.2020,Bloomsbury,29.5.2021,Online,17h00
Algeria,Northern,Women of Algiers in Their Apartment,Assia Djebar,F,29.7.1999,University of Virginia Press,26.6.2021,Online,17h00
The Gambia,Western,Reading the Ceiling ,Dayo Forster,F,8.5.2007,Simon & Schuster Ltd,31.7.2021,Online,17h00
Kenya,Eastern,The River Between,Ngugi wa Thiong’o,M,11.8.2008,Heinemann,28.8.2021,Online,17h00
South Africa,Southern,July’s People,Nadine Gordimer,F,29.7.1982,Penguin Books,25.9.2021,Online,17h00
Nigeria,Western,The Death of Vivek Oji,Akwaeke Emezi,NB,4.8.2020,Riverhead Books,30.10.2021,Online,17h00
