Symbol,Name,Last price in Sep 21,Change,% change,Volume
TATACONSUM.NS,Tata Consumer Products Limited,823.45,0.75,0.09%,"21,56,079"
ITC.NS,ITC Limited,238.1,0.35,0.15%,"1,54,36,225"
WIPRO.NS,Wipro Limited,640.75,1.15,0.18%,"88,37,829"
NESTLEIND.NS,Nestl� India Limited,"19,506.75",-38,-0.19%,"46,254"
BAJAJ-AUTO.NS,Bajaj Auto Limited,"3,899.25",-9.45,-0.24%,"3,79,892"
BHARTIARTL.NS,Bharti Airtel Limited,694.1,-2.05,-0.29%,"1,67,28,605"
TCS.NS,Tata Consultancy Services Limited,"3,791.90",12.75,0.34%,"24,88,934"
BAJFINANCE.NS,Bajaj Finance Limited,"7,515.40",-27.9,-0.37%,"9,45,604"
SHREECEM.NS,Shree Cement Limited,"29,382.40",139.45,0.48%,"20,609"
MARUTI.NS,Maruti Suzuki India Limited,"7,384.05",-39.8,-0.54%,"6,43,429"
BAJAJFINSV.NS,Bajaj Finserv Ltd.,"17,433.75",-116.6,-0.66%,"3,09,688"
BRITANNIA.NS,Britannia Industries Limited,"3,972.75",-30.9,-0.77%,"3,32,178"
RELIANCE.NS,Reliance Industries Limited,"2,527.85",-20.2,-0.79%,"44,84,649"
TITAN.NS,Titan Company Limited,"2,147.50",18.2,0.85%,"9,12,871"
LT.NS,Larsen & Toubro Limited,"1,721.00",-16.15,-0.93%,"16,98,241"
INDUSINDBK.NS,IndusInd Bank Limited,"1,123.20",-11.55,-1.02%,"55,73,294"
ICICIBANK.NS,ICICI Bank Limited,709.5,-7.65,-1.07%,"1,14,49,689"
TATASTEEL.NS,Tata Steel Limited,"1,295.55",14.6,1.14%,"94,90,809"
HEROMOTOCO.NS,Hero MotoCorp Limited,"2,886.15",-34.4,-1.18%,"6,13,625"
HDFCLIFE.NS,HDFC Life Insurance Company Limited,734.75,8.95,1.23%,"51,99,642"
GRASIM.NS,Grasim Industries Limited,"1,669.90",21.15,1.28%,"8,18,419"
TECHM.NS,Tech Mahindra Limited,"1,395.35",-18.7,-1.32%,"79,47,648"
ULTRACEMCO.NS,UltraTech Cement Limited,"7,464.55",-123.75,-1.63%,"4,90,427"
CIPLA.NS,Cipla Limited,987.6,16.6,1.71%,"40,52,644"
ONGC.NS,Oil and Natural Gas Corporation Limited,144.75,2.55,1.79%,"6,79,93,286"
KOTAKBANK.NS,Kotak Mahindra Bank Limited,"2,030.45",-37.75,-1.83%,"34,19,077"
HINDALCO.NS,Hindalco Industries Limited,494.15,16,3.35%,"95,01,515"
COALINDIA.NS,Coal India Limited,185.7,11.15,6.39%,"10,09,68,177"
MM.NS,MM.NS,,,,
NTPC.NS,NTPC Limited,140.65,8.7,6.59%,"7,58,51,487"
