Domain_id;Domain_type;Node_id;Node_type;Cpu_capacity;Ram_capacity;Server_domain
1;DC;1;Switch;50;300;CCP
2;DC;2;Switch;50;300;CCO
3;DC;3;Switch;50;300;CCO
4;DC;4;Switch;50;300;CCO
5;DC;5;Switch;50;300;CCO
6;DC;6;Switch;50;300;CCO
7;DC;7;Switch;50;300;MCO
8;DC;8;Switch;50;300;MCO
9;DC;9;Switch;50;300;MCO
10;DC;10;Switch;50;300;MCO
11;DC;11;Switch;50;300;MCO
12;DC;12;Switch;50;300;MCO
13;DC;13;Switch;50;300;MCO
14;DC;14;Switch;50;300;MCO
15;DC;15;Switch;50;300;MCO
16;DC;16;Switch;50;300;MCO
17;DC;17;Switch;50;300;MCO
18;DC;18;Switch;50;300;MCO
19;DC;19;Switch;50;300;MCO
20;DC;20;Switch;50;300;MCO
21;DC;21;Switch;50;300;MCO
0;Transport;22;Router;50;300;N
0;Transport;23;Router;50;300;N
0;Transport;24;Router;50;300;N
0;Transport;25;Router;50;300;N
0;Transport;26;Router;50;300;N
0;Transport;27;Router;50;300;N
0;Transport;28;Router;50;300;N
0;Transport;29;Router;50;300;N
0;Transport;30;Router;50;300;N
0;Transport;31;Router;50;300;N
0;Transport;32;Router;50;300;N
0;Transport;33;Router;50;300;N
0;Transport;34;Router;50;300;N
0;Transport;35;Router;50;300;N
0;Transport;36;Router;50;300;N
0;Transport;37;Router;50;300;N
0;Transport;38;Router;50;300;N
0;Transport;39;Router;50;300;N
0;Transport;40;Router;50;300;N
0;Transport;41;Router;50;300;N
0;Transport;42;Router;50;300;N
0;Transport;43;Router;50;300;N
0;Transport;44;Router;50;300;N
0;Transport;45;Router;50;300;N
0;Transport;46;Router;50;300;N
1;DC;47;Server;50;300;CCP
1;DC;48;Server;50;300;CCP
1;DC;49;Server;50;300;CCP
1;DC;50;Server;50;300;CCP
1;DC;51;Server;50;300;CCP
1;DC;52;Server;50;300;CCP
1;DC;53;Server;50;300;CCP
1;DC;54;Server;50;300;CCP
1;DC;55;Server;50;300;CCP
1;DC;56;Server;50;300;CCP
1;DC;57;Server;50;300;CCP
1;DC;58;Server;50;300;CCP
1;DC;59;Server;50;300;CCP
1;DC;60;Server;50;300;CCP
1;DC;61;Server;50;300;CCP
1;DC;62;Server;50;300;CCP
2;DC;63;Server;50;300;CCO
2;DC;64;Server;50;300;CCO
2;DC;65;Server;50;300;CCO
2;DC;66;Server;50;300;CCO
2;DC;67;Server;50;300;CCO
2;DC;68;Server;50;300;CCO
2;DC;69;Server;50;300;CCO
2;DC;70;Server;50;300;CCO
2;DC;71;Server;50;300;CCO
2;DC;72;Server;50;300;CCO
3;DC;73;Server;50;300;CCO
3;DC;74;Server;50;300;CCO
3;DC;75;Server;50;300;CCO
3;DC;76;Server;50;300;CCO
3;DC;77;Server;50;300;CCO
3;DC;78;Server;50;300;CCO
3;DC;79;Server;50;300;CCO
3;DC;80;Server;50;300;CCO
3;DC;81;Server;50;300;CCO
3;DC;82;Server;50;300;CCO
4;DC;83;Server;50;300;CCO
4;DC;84;Server;50;300;CCO
4;DC;85;Server;50;300;CCO
4;DC;86;Server;50;300;CCO
4;DC;87;Server;50;300;CCO
4;DC;88;Server;50;300;CCO
4;DC;89;Server;50;300;CCO
4;DC;90;Server;50;300;CCO
4;DC;91;Server;50;300;CCO
4;DC;92;Server;50;300;CCO
5;DC;93;Server;50;300;CCO
5;DC;94;Server;50;300;CCO
5;DC;95;Server;50;300;CCO
5;DC;96;Server;50;300;CCO
5;DC;97;Server;50;300;CCO
5;DC;98;Server;50;300;CCO
5;DC;99;Server;50;300;CCO
5;DC;100;Server;50;300;CCO
5;DC;101;Server;50;300;CCO
5;DC;102;Server;50;300;CCO
6;DC;103;Server;50;300;CCO
6;DC;104;Server;50;300;CCO
6;DC;105;Server;50;300;CCO
6;DC;106;Server;50;300;CCO
6;DC;107;Server;50;300;CCO
6;DC;108;Server;50;300;CCO
6;DC;109;Server;50;300;CCO
6;DC;110;Server;50;300;CCO
6;DC;111;Server;50;300;CCO
6;DC;112;Server;50;300;CCO
7;DC;113;Server;50;300;MCO
7;DC;114;Server;50;300;MCO
7;DC;115;Server;50;300;MCO
7;DC;116;Server;50;300;MCO
8;DC;117;Server;50;300;MCO
8;DC;118;Server;50;300;MCO
8;DC;119;Server;50;300;MCO
8;DC;120;Server;50;300;MCO
9;DC;121;Server;50;300;MCO
9;DC;122;Server;50;300;MCO
9;DC;123;Server;50;300;MCO
9;DC;124;Server;50;300;MCO
10;DC;125;Server;50;300;MCO
10;DC;126;Server;50;300;MCO
10;DC;127;Server;50;300;MCO
10;DC;128;Server;50;300;MCO
11;DC;129;Server;50;300;MCO
11;DC;130;Server;50;300;MCO
11;DC;131;Server;50;300;MCO
11;DC;132;Server;50;300;MCO
12;DC;133;Server;50;300;MCO
12;DC;134;Server;50;300;MCO
12;DC;135;Server;50;300;MCO
12;DC;136;Server;50;300;MCO
13;DC;137;Server;50;300;MCO
13;DC;138;Server;50;300;MCO
13;DC;139;Server;50;300;MCO
13;DC;140;Server;50;300;MCO
14;DC;141;Server;50;300;MCO
14;DC;142;Server;50;300;MCO
14;DC;143;Server;50;300;MCO
14;DC;144;Server;50;300;MCO
15;DC;145;Server;50;300;MCO
15;DC;146;Server;50;300;MCO
15;DC;147;Server;50;300;MCO
15;DC;148;Server;50;300;MCO
16;DC;149;Server;50;300;MCO
16;DC;150;Server;50;300;MCO
16;DC;151;Server;50;300;MCO
16;DC;152;Server;50;300;MCO
17;DC;153;Server;50;300;MCO
17;DC;154;Server;50;300;MCO
17;DC;155;Server;50;300;MCO
17;DC;156;Server;50;300;MCO
18;DC;157;Server;50;300;MCO
18;DC;158;Server;50;300;MCO
18;DC;159;Server;50;300;MCO
18;DC;160;Server;50;300;MCO
19;DC;161;Server;50;300;MCO
19;DC;162;Server;50;300;MCO
19;DC;163;Server;50;300;MCO
19;DC;164;Server;50;300;MCO
20;DC;165;Server;50;300;MCO
20;DC;166;Server;50;300;MCO
20;DC;167;Server;50;300;MCO
20;DC;168;Server;50;300;MCO
21;DC;169;Server;50;300;MCO
21;DC;170;Server;50;300;MCO
21;DC;171;Server;50;300;MCO
21;DC;172;Server;50;300;MCO
