,Rank,Title,Rating,Episodes,Dates
0,1,Fullmetal Alchemist: Brotherhood,9.17,TV (64 eps),Apr 2009 - Jul 2010
1,2,Shingeki no Kyojin Season 3 Part 2,9.11,TV (10 eps),Apr 2019 - Jul 2019
2,3,Steins;Gate,9.10,TV (24 eps),Apr 2011 - Sep 2011
3,4,Gintama°,9.09,TV (51 eps),Apr 2015 - Mar 2016
4,5,Hunter x Hunter (2011),9.07,TV (148 eps),Oct 2011 - Sep 2014
5,6,Ginga Eiyuu Densetsu,9.06,OVA (110 eps),Jan 1988 - Mar 1997
6,7,Gintama',9.06,TV (51 eps),Apr 2011 - Mar 2012
7,8,Gintama': Enchousen,9.04,TV (13 eps),Oct 2012 - Mar 2013
8,9,Shingeki no Kyojin: The Final Season,9.00,TV (16 eps),Dec 2020 - Mar 2021
9,10,3-gatsu no Lion 2nd Season,8.99,TV (22 eps),Oct 2017 - Mar 2018
10,11,Gintama.,8.98,TV (12 eps),Jan 2017 - Mar 2017
11,12,Koe no Katachi,8.98,Movie (1 eps),Sep 2016 - Sep 2016
12,13,Clannad: After Story,8.95,TV (24 eps),Oct 2008 - Mar 2009
13,14,Fruits Basket: The Final,8.95,TV (13 eps),Apr 2021 - Jun 2021
14,15,Gintama,8.95,TV (201 eps),Apr 2006 - Mar 2010
15,16,Gintama Movie 2: Kanketsu-hen - Yorozuya yo Eien Nare,8.95,Movie (1 eps),Jul 2013 - Jul 2013
16,17,Kimi no Na wa.,8.92,Movie (1 eps),Aug 2016 - Aug 2016
17,18,Owarimonogatari 2nd Season,8.92,TV (7 eps),Aug 2017 - Aug 2017
18,19,Code Geass: Hangyaku no Lelouch R2,8.91,TV (25 eps),Apr 2008 - Sep 2008
19,20,Gintama.: Shirogane no Tamashii-hen - Kouhan-sen,8.87,TV (14 eps),Jul 2018 - Oct 2018
20,21,Haikyuu!!: Karasuno Koukou vs. Shiratorizawa Gakuen Koukou,8.83,TV (10 eps),Oct 2016 - Dec 2016
21,22,Mob Psycho 100 II,8.82,TV (13 eps),Jan 2019 - Apr 2019
22,23,Fate/stay night Movie: Heaven's Feel - III. Spring Song,8.81,Movie (1 eps),Aug 2020 - Aug 2020
23,24,Gintama.: Shirogane no Tamashii-hen,8.81,TV (12 eps),Jan 2018 - Mar 2018
24,25,Kizumonogatari III: Reiketsu-hen,8.81,Movie (1 eps),Jan 2017 - Jan 2017
25,26,Sen to Chihiro no Kamikakushi,8.81,Movie (1 eps),Jul 2001 - Jul 2001
26,27,Gintama: The Final,8.80,Movie (1 eps),Jan 2021 - Jan 2021
27,28,Violet Evergarden Movie,8.79,Movie (1 eps),Sep 2020 - Sep 2020
28,29,Jujutsu Kaisen (TV),8.78,TV (24 eps),Oct 2020 - Mar 2021
29,30,Monogatari Series: Second Season,8.78,TV (26 eps),Jul 2013 - Dec 2013
30,31,Monster,8.78,TV (74 eps),Apr 2004 - Sep 2005
31,32,Cowboy Bebop,8.77,TV (26 eps),Apr 1998 - Apr 1999
32,33,Kimetsu no Yaiba Movie: Mugen Ressha-hen,8.77,Movie (1 eps),Oct 2020 - Oct 2020
33,34,Shouwa Genroku Rakugo Shinjuu: Sukeroku Futatabi-hen,8.77,TV (12 eps),Jan 2017 - Mar 2017
34,35,Mushishi Zoku Shou 2nd Season,8.76,TV (10 eps),Oct 2014 - Dec 2014
35,36,Hajime no Ippo,8.74,TV (75 eps),Oct 2000 - Mar 2002
36,37,Made in Abyss,8.72,TV (13 eps),Jul 2017 - Sep 2017
37,38,Made in Abyss Movie 3: Fukaki Tamashii no Reimei,8.72,Movie (1 eps),Jan 2020 - Jan 2020
38,39,Mushishi Zoku Shou,8.72,TV (10 eps),Apr 2014 - Jun 2014
39,40,Rurouni Kenshin: Meiji Kenkaku Romantan - Tsuioku-hen,8.72,OVA (4 eps),Feb 1999 - Sep 1999
40,41,Shigatsu wa Kimi no Uso,8.71,TV (22 eps),Oct 2014 - Mar 2015
41,42,Vinland Saga,8.71,TV (24 eps),Jul 2019 - Dec 2019
42,43,Code Geass: Hangyaku no Lelouch,8.71,TV (25 eps),Oct 2006 - Jul 2007
43,44,Great Teacher Onizuka,8.70,TV (43 eps),Jun 1999 - Sep 2000
44,45,Mononoke Hime,8.70,Movie (1 eps),Jul 1997 - Jul 1997
45,46,Haikyuu!! Second Season,8.69,TV (25 eps),Oct 2015 - Mar 2016
46,47,Kaguya-sama wa Kokurasetai?: Tensai-tachi no Renai Zunousen,8.69,TV (12 eps),Apr 2020 - Jun 2020
47,48,Mushishi,8.69,TV (26 eps),Oct 2005 - Jun 2006
48,49,Ashita no Joe 2,8.67,TV (47 eps),Oct 1980 - Aug 1981
49,50,Hajime no Ippo: New Challenger,8.66,TV (26 eps),Jan 2009 - Jul 2009
0,51,Howl no Ugoku Shiro,8.66,Movie (1 eps),Nov 2004 - Nov 2004
1,52,Natsume Yuujinchou Shi,8.66,TV (13 eps),Jan 2012 - Mar 2012
2,53,Seishun Buta Yarou wa Yumemiru Shoujo no Yume wo Minai,8.66,Movie (1 eps),Jun 2019 - Jun 2019
3,54,Tengen Toppa Gurren Lagann,8.65,TV (27 eps),Apr 2007 - Sep 2007
4,55,Violet Evergarden,8.65,TV (13 eps),Jan 2018 - Apr 2018
5,56,Natsume Yuujinchou Roku,8.64,TV (11 eps),Apr 2017 - Jun 2017
6,57,Suzumiya Haruhi no Shoushitsu,8.64,Movie (1 eps),Feb 2010 - Feb 2010
7,58,Shingeki no Kyojin Season 3,8.63,TV (12 eps),Jul 2018 - Oct 2018
8,59,Death Note,8.63,TV (37 eps),Oct 2006 - Jun 2007
9,60,Fumetsu no Anata e,8.63,TV (20 eps),Apr 2021 -
10,61,Mushishi Zoku Shou: Suzu no Shizuku,8.62,Movie (1 eps),May 2015 - May 2015
11,62,Ookami Kodomo no Ame to Yuki,8.62,Movie (1 eps),Jul 2012 - Jul 2012
12,63,Ping Pong the Animation,8.62,TV (11 eps),Apr 2014 - Jun 2014
13,64,Yakusoku no Neverland,8.61,TV (12 eps),Jan 2019 - Mar 2019
14,65,Kizumonogatari II: Nekketsu-hen,8.61,Movie (1 eps),Aug 2016 - Aug 2016
15,66,Yojouhan Shinwa Taikei,8.60,TV (11 eps),Apr 2010 - Jul 2010
16,67,Natsume Yuujinchou San,8.59,TV (13 eps),Jul 2011 - Sep 2011
17,68,Shouwa Genroku Rakugo Shinjuu,8.59,TV (13 eps),Jan 2016 - Apr 2016
18,69,Fate/Zero 2nd Season,8.59,TV (12 eps),Apr 2012 - Jun 2012
19,70,Hajime no Ippo: Rising,8.59,TV (25 eps),Oct 2013 - Mar 2014
20,71,JoJo no Kimyou na Bouken Part 5: Ougon no Kaze,8.59,TV (39 eps),Oct 2018 - Jul 2019
21,72,Kimetsu no Yaiba,8.59,TV (26 eps),Apr 2019 - Sep 2019
22,73,Kimi no Suizou wo Tabetai,8.59,Movie (1 eps),Sep 2018 - Sep 2018
23,74,Fate/stay night Movie: Heaven's Feel - II. Lost Butterfly,8.58,Movie (1 eps),Jan 2019 - Jan 2019
24,75,Natsume Yuujinchou Go,8.58,TV (11 eps),Oct 2016 - Dec 2016
25,76,Re:Zero kara Hajimeru Isekai Seikatsu 2nd Season Part 2,8.58,TV (12 eps),Jan 2021 - Mar 2021
26,77,Mushishi: Hihamukage,8.57,Special (1 eps),Jan 2014 - Jan 2014
27,78,Tengen Toppa Gurren Lagann Movie 2: Lagann-hen,8.57,Movie (1 eps),Apr 2009 - Apr 2009
28,79,Bakuman. 3rd Season,8.57,TV (25 eps),Oct 2012 - Mar 2013
29,80,Kara no Kyoukai 5: Mujun Rasen,8.56,Movie (1 eps),Aug 2008 - Aug 2008
30,81,Sora yori mo Tooi Basho,8.56,TV (13 eps),Jan 2018 - Mar 2018
31,82,Zoku Natsume Yuujinchou,8.56,TV (13 eps),Jan 2009 - Mar 2009
32,83,One Piece,8.55,TV (? eps),Oct 1999 -
33,84,Yuru Camp△ Season 2,8.55,TV (13 eps),Jan 2021 - Apr 2021
34,85,Fruits Basket 2nd Season,8.55,TV (25 eps),Apr 2020 - Sep 2020
35,86,Haikyuu!!: To the Top 2nd Season,8.55,TV (12 eps),Oct 2020 - Dec 2020
36,87,Koukaku Kidoutai: Stand Alone Complex 2nd GIG,8.54,TV (26 eps),Jan 2004 - Jan 2005
37,88,One Punch Man,8.54,TV (12 eps),Oct 2015 - Dec 2015
38,89,Neon Genesis Evangelion: The End of Evangelion,8.53,Movie (1 eps),Jul 1997 - Jul 1997
39,90,Ansatsu Kyoushitsu 2nd Season,8.53,TV (25 eps),Jan 2016 - Jul 2016
40,91,Gintama.: Porori-hen,8.53,TV (13 eps),Oct 2017 - Dec 2017
41,92,Gintama Movie 1: Shinyaku Benizakura-hen,8.52,Movie (1 eps),Apr 2010 - Apr 2010
42,93,Holo no Graffiti,8.52,ONA (? eps),May 2019 -
43,94,Slam Dunk,8.52,TV (101 eps),Oct 1993 - Mar 1996
44,95,Uchuu Kyoudai,8.52,TV (99 eps),Apr 2012 - Mar 2014
45,96,Rainbow: Nisha Rokubou no Shichinin,8.51,TV (26 eps),Apr 2010 - Sep 2010
46,97,Shingeki no Kyojin,8.51,TV (25 eps),Apr 2013 - Sep 2013
47,98,Steins;Gate 0,8.51,TV (23 eps),Apr 2018 - Sep 2018
48,99,Vivy: Fluorite Eye's Song,8.51,TV (13 eps),Apr 2021 -
49,100,Aria the Origination,8.51,TV (13 eps),Jan 2008 - Apr 2008
