Commission / Committee / Board,Assigned Staff,Phone,E-mail Address
Commission on Aging,Tracy Jensen,(510) 238-3434,TJensen@oaklandnet.com
Budget Advisory Commission,Bradley Johnson,(510) 238-6119,BJohnson@Oaklandnet.com
Business Tax Board of Review,Phillip Lim,(510) 238-7469,PLim@oaklandnet.com
Children’s Fairyland Board,CJ Hirschfield,(510) 452-2259,CJ@fairyland.org
Children’s Fund Planning & Oversight Committee,Scott Kim,(510) 238-2209,SKim@oaklandnet.com
Citizens’ Police Review Board,Patrick Caceres,(510) 238-3325,PCaceres@oaklandnet.com
City Planning Commission,Robert Merkamp,(510) 238-6283,RMerkamp@oaklandnet.com
City / Port Liaison Committee,Laura Arreola,(510) 627-1135,LArreola@portoakland.com
Civil Service Board,Kip Walsh,(510) 238-7334,civilservice@oaklandnet.com
Commission on Persons with Disabilities,Christine Calabrese,(510) 238-4754,CCalabrese@oaklandnet.com
Community Action Partnership Administrating Board,Estelle Clemons Cecilia Garcia,(510) 238-3597 (510) 238-2331,
Community Policing Advisory Board,Joe DeVries,(510) 238-3083,JDevries@oaklandnet.com
Cultural Affairs Commission,Steven Huss,(510) 238-4949,SHuss@oaklandnet.com
Emergency Management Board,Renee Domingo,(510) 238-3939,RDomingo@oaklandnet.com
Head Start Advisory Panel,Nalungo Conley,(510) 238-6405,nconley@oaklandnet.com
"Housing, Residential Rent & Relocation Board",Connie Taylor,(510) 238-6246,CTaylor2@oaklandnet.com
Keep Oakland Beautiful,Cookie Robles-Wong,(510) 434-5126,crobles@oaklandnet.com
Landmarks Preservation Advisory Board,Joan Pavlinec,(510) 238-6344,JPavlinec@oaklandnet.com
Library Advisory Commission (Measure Q),Rosalia Romo,(510) 238-3281,RRomo@oaklandnet.com
Measure Z Cannibus Regulatory Commission,Joe DeVries,(510) 238-3083,JDeVries@oaklandnet.com
Oakland-Alameda Coliseum JPA Commission,Contact Info,(510) 382-4801,info@coliseumauthority.org
Oakland Housing Authority,Inez Garcia,(510) 874-1512,IGarcia@oakha.org
Oakland Municipal Employee’s Retirement System Board,Katano Kasaine,(510) 238-2989,KKasiane@oaklandnet.com
Oakland Museum Foundation Board of Trustees,Lori Fogarty,(510) 238-7372,LFogarty@oaklandnet.com
Paramount Theatre of the Arts Board,Leslee Stewart,(510) 893-2300,LStewart@paramounttheatre.com
Parks & Recreation Advisory Commission,Dana Riley,(510) 238-2196,DRiley@oaklandnet.com
Police & Fire Retirement System Board,Katano Kasaine,(510) 238-2989,KKasaine@oaklandnet.com
Port Commission Board,John Betterton,(510) 627-1696,JBetterton@portoakland.com
Public Art Advisory Committee,Steven Huss,(510) 238-4949,SHuss@oaklandnet.com
Public Ethics Commission,Whitney Barazato,(510) 238-6620,WBarazato@oaklandnet.com
Violence Prevention & Public Safety Oversight Committee (Measure Y),TBD,(510) 238-3301,CityManager@oaklandnet.com
Wildfire Prevention Assessment District Advisory Board,Yeda Altes,(510) 238-7396,YAltes@oaklandnet.com
Workforce Investment Board (WIB),John Bailey,(510) 238-6440,JBailey@oaklandnet.com
Youth Advisory Commission,Chantal Reynolds,(510) 238-3245,CReynolds@oaklandnet.com
