{"columns": [{"tableColumnId": 8091410, "name": "Commission / Committee / Board", "dataTypeName": "text", "id": 46443778, "cachedContents": {"null": "0", "not_null": "34", "non_null": 34, "largest": "Youth Advisory Commission", "smallest": "Budget Advisory Commission", "top": [{"item": "Children\u2019s Fairyland Board", "count": "1"}, {"item": "Police & Fire Retirement System Board", "count": "1"}, {"item": "Keep Oakland Beautiful", "count": "1"}, {"item": "Measure Z Cannibus Regulatory Commission", "count": "1"}, {"item": "Budget Advisory Commission", "count": "1"}, {"item": "Public Art Advisory Committee", "count": "1"}, {"item": "Commission on Persons with Disabilities", "count": "1"}, {"item": "Children\u2019s Fund Planning & Oversight Committee", "count": "1"}, {"item": "Youth Advisory Commission", "count": "1"}, {"item": "Head Start Advisory Panel", "count": "1"}, {"item": "Oakland Museum Foundation Board of Trustees", "count": "1"}, {"item": "Landmarks Preservation Advisory Board", "count": "1"}, {"item": "Civil Service Board", "count": "1"}, {"item": "Emergency Management Board", "count": "1"}, {"item": "Oakland Municipal Employee\u2019s Retirement System Board", "count": "1"}, {"item": "Public Ethics Commission", "count": "1"}, {"item": "Commission on Aging", "count": "1"}, {"item": "Violence Prevention & Public Safety Oversight Committee (Measure Y)", "count": "1"}, {"item": "Community Action Partnership Administrating Board", "count": "1"}, {"item": "Oakland-Alameda Coliseum JPA Commission", "count": "1"}], "cardinality": "34"}, "fieldName": "commission_committee_board", "format": {}, "width": 460, "position": 1, "renderTypeName": "text"}, {"tableColumnId": 8091411, "name": "Assigned Staff", "dataTypeName": "text", "id": 46443779, "cachedContents": {"null": "0", "not_null": "34", "non_null": 34, "largest": "Yeda Altes", "smallest": "Bradley Johnson", "top": [{"item": "Katano Kasaine", "count": "2"}, {"item": "Joe DeVries", "count": "2"}, {"item": "Steven Huss", "count": "2"}, {"item": "Bradley Johnson", "count": "1"}, {"item": "Phillip Lim", "count": "1"}, {"item": "Connie Taylor", "count": "1"}, {"item": "John Betterton", "count": "1"}, {"item": "Scott Kim", "count": "1"}, {"item": "Inez Garcia", "count": "1"}, {"item": "Whitney Barazato", "count": "1"}, {"item": "Yeda Altes", "count": "1"}, {"item": "Leslee Stewart", "count": "1"}, {"item": "Contact Info", "count": "1"}, {"item": "Joan Pavlinec", "count": "1"}, {"item": "CJ Hirschfield", "count": "1"}, {"item": "Renee Domingo", "count": "1"}, {"item": "Cookie Robles-Wong", "count": "1"}, {"item": "Rosalia Romo", "count": "1"}, {"item": "John Bailey", "count": "1"}, {"item": "Patrick Caceres", "count": "1"}], "cardinality": "31"}, "fieldName": "assigned_staff", "format": {}, "width": 268, "position": 2, "renderTypeName": "text"}, {"tableColumnId": 8091412, "name": "Phone", "dataTypeName": "text", "id": 46443780, "cachedContents": {"null": "0", "not_null": "34", "non_null": 34, "largest": "(510) 893-2300", "smallest": "(510) 238-2196", "top": [{"item": "(510) 238-3083", "count": "2"}, {"item": "(510) 238-4949", "count": "2"}, {"item": "(510) 238-2989", "count": "2"}, {"item": "(510) 627-1696", "count": "1"}, {"item": "(510) 238-4754", "count": "1"}, {"item": "(510) 238-6620", "count": "1"}, {"item": "(510) 238-6344", "count": "1"}, {"item": "(510) 434-5126", "count": "1"}, {"item": "(510) 238-3245", "count": "1"}, {"item": "(510) 238-3597\u2028(510) 238-2331", "count": "1"}, {"item": "(510) 238-6405", "count": "1"}, {"item": "(510) 238-3281", "count": "1"}, {"item": "(510) 238-2209", "count": "1"}, {"item": "(510) 627-1135", "count": "1"}, {"item": "(510) 238-3325", "count": "1"}, {"item": "(510) 238-7372", "count": "1"}, {"item": "(510) 238-3939", "count": "1"}, {"item": "(510) 452-2259", "count": "1"}, {"item": "(510) 382-4801", "count": "1"}, {"item": "(510) 238-6440", "count": "1"}], "cardinality": "31"}, "fieldName": "phone", "format": {}, "width": 160, "position": 3, "renderTypeName": "text"}, {"tableColumnId": 8091413, "name": "E-mail Address", "dataTypeName": "text", "id": 46443845, "cachedContents": {"null": "1", "not_null": "33", "non_null": 33, "largest": "YAltes@oaklandnet.com", "smallest": "BJohnson@Oaklandnet.com", "top": [{"item": "SHuss@oaklandnet.com", "count": "2"}, {"item": "CReynolds@oaklandnet.com", "count": "1"}, {"item": "JBetterton@portoakland.com", "count": "1"}, {"item": "WBarazato@oaklandnet.com", "count": "1"}, {"item": "PLim@oaklandnet.com", "count": "1"}, {"item": "TJensen@oaklandnet.com", "count": "1"}, {"item": "IGarcia@oakha.org", "count": "1"}, {"item": "JDeVries@oaklandnet.com", "count": "1"}, {"item": "JBailey@oaklandnet.com", "count": "1"}, {"item": "BJohnson@Oaklandnet.com", "count": "1"}, {"item": "RMerkamp@oaklandnet.com", "count": "1"}, {"item": "RRomo@oaklandnet.com", "count": "1"}, {"item": "KKasiane@oaklandnet.com", "count": "1"}, {"item": "RDomingo@oaklandnet.com", "count": "1"}, {"item": "CTaylor2@oaklandnet.com", "count": "1"}, {"item": "SKim@oaklandnet.com", "count": "1"}, {"item": "civilservice@oaklandnet.com", "count": "1"}, {"item": "CCalabrese@oaklandnet.com", "count": "1"}, {"item": "JDevries@oaklandnet.com", "count": "1"}, {"item": "JPavlinec@oaklandnet.com", "count": "1"}], "cardinality": "32"}, "fieldName": "e_mail_address", "format": {"displayStyle": "email", "align": "left"}, "width": 268, "position": 4, "renderTypeName": "text"}], "rowsUpdatedBy": "rwck-id6a", "publicationStage": "published", "query": {}, "flags": ["default", "restorable", "restorePossibleForType"], "totalTimesRated": 0, "viewType": "tabular", "tableId": 694595, "hideFromDataJson": false, "numberOfComments": 0, "createdAt": 1361597711, "metadata": {"availableDisplayTypes": ["table", "fatrow", "page"], "renderTypeConfig": {"visible": {"table": true}}}, "oid": 2605537, "provenance": "official", "publicationAppendEnabled": false, "viewLastModified": 1426521845, "viewCount": 357, "id": "67wz-betr", "displayType": "table", "indexUpdatedAt": 1414646097, "name": "Boards & Commissions", "rowsUpdatedAt": 1361597770, "tableAuthor": {"type": "interactive", "screenName": "City of Oakland", "id": "6tru-24hn", "displayName": "City of Oakland", "profileImageUrlSmall": "/api/users/6tru-24hn/profile_images/TINY", "profileImageUrlLarge": "/api/users/6tru-24hn/profile_images/LARGE", "flags": ["mayBeStoriesCoOwner"], "profileImageUrlMedium": "/api/users/6tru-24hn/profile_images/THUMB", "userSegment": "site_member"}, "grants": [{"type": "viewer", "inherited": false, "flags": ["public"]}], "downloadCount": 433, "owner": {"type": "interactive", "screenName": "City of Oakland", "id": "6tru-24hn", "displayName": "City of Oakland", "profileImageUrlSmall": "/api/users/6tru-24hn/profile_images/TINY", "profileImageUrlLarge": "/api/users/6tru-24hn/profile_images/LARGE", "flags": ["mayBeStoriesCoOwner"], "profileImageUrlMedium": "/api/users/6tru-24hn/profile_images/THUMB", "userSegment": "site_member"}, "newBackend": true, "hideFromCatalog": false, "averageRating": 0, "publicationDate": 1361599673, "rights": ["read"], "publicationGroup": 694595, "approvals": [{"reviewedAt": 1361599673, "submitter": {"id": "6tru-24hn", "displayName": "City of Oakland"}, "state": "approved", "submissionId": 494860, "workflowId": 1504, "reviewedAutomatically": true, "submissionOutcome": "change_audience", "submissionObject": "public_audience_request", "submissionDetails": {"permissionType": "READ"}, "submissionOutcomeApplication": {"status": "success", "failureCount": 0}, "submittedAt": 1361599673}], "category": "Public Services"}