geo,Labor Force
Allegany County,31984
Anne Arundel County,309603
Baltimore City,289758
Baltimore County,450366
Calvert County,49121
Caroline County,18028
Carroll County,94339
Cecil County,52632
Charles County,85104
Dorchester County,15347
Frederick County,130831
Garrett County,15410
Harford County,138162
Howard County,183889
Kent County,10254
Montgomery County,554989
Prince George's County,504423
Queen Anne's County,27379
St. Mary's County,55295
Somerset County,9353
Talbot County,19562
Washington County,74742
Wicomico County,51041
Worcester County,25525
