geo,Median Sale Price of a Home ($ Dollars)
Allegany County,90829
Anne Arundel County,338287
Baltimore City,139723
Baltimore County,238426
Calvert County,318471
Caroline County,181574
Carroll County,316458
Cecil County,225308
Charles County,295354
Dorchester County,169719
Frederick County,311525
Garrett County,245142
Harford County,247158
Howard County,406617
Kent County,223917
Montgomery County,438521
Prince George's County,286098
Queen Anne's County,333504
St. Mary's County,277790
Somerset County,117833
Talbot County,303771
Washington County,190088
Wicomico County,145261
Worcester County,251338
