geo,Unemployment
Allegany County,1764
Anne Arundel County,10343
Baltimore City,16454
Baltimore County,18202
Calvert County,1739
Caroline County,688
Carroll County,3062
Cecil County,2317
Charles County,3299
Dorchester County,799
Frederick County,4598
Garrett County,737
Harford County,5005
Howard County,5529
Kent County,444
Montgomery County,17560
Prince George's County,20573
Queen Anne's County,917
St. Mary's County,2102
Somerset County,644
Talbot County,733
Washington County,3249
Wicomico County,2676
Worcester County,2050
