Country,Jewish populations,Jewish history,Lists of Jews
Afghanistan,"Afghan Jews , Bukharan Jews",Afghanistan,Asian
Albania,,Albania,South-East European
Algeria,Sephardi Jews and Mizrahi Jews,Algeria,Arab World
Andorra,,Andorra,Iberian
Angola,,Angola,Sub-Saharan Africa
Antigua and Barbuda,,Antigua and Barbuda,Caribbean
Argentina,Argentine Jews (mainly Ashkenazi Jews ; Sephardi Jews ),Argentina,Argentine
Armenia,,Armenia,East European and Asian
Aruba,,Aruba,Caribbean
Australia,Australian Jews (mainly Ashkenazi Jews),Australia,Oceanian
Austria,,Austria,Austrian
Azerbaijan,Mountain Jews and Azerbaijani Jews,Azerbaijan,East European and Asian
Bahamas,,Bahamas,Caribbean
Bahrain,,Bahrain and exodus,Arab World
Bangladesh,,Bangladesh,Asian
Barbados,,Barbados,Caribbean
Belarus,,Belarus,Belarusian
Belgium,Jews in Antwerp,Belgium,West European
Belize,,Belize,Caribbean
Benin,,Benin,Sub-Saharan Africa
Bermuda,,Bermuda,Caribbean
Bhutan,,Bhutan,Asian
Bolivia,,Bolivia,Latin American
Bosnia and Herzegovina,,Bosnia and Herzegovina,South-East European
Botswana,,Botswana,Sub-Saharan Africa
Brazil,Brazilian Jews (mainly Ashkenazi Jews ; Sephardi Jews ),Brazil,Brazilian
British Virgin Islands,,British Virgin Islands,Caribbean
Brunei,,Brunei,Asian
Bulgaria,,Bulgaria,South-East European
Burkina Faso,,Burkina Faso,Sub-Saharan Africa
Burundi,,Burundi,Sub-Saharan Africa
Cambodia,,Cambodia,Asian
Cameroon,,Cameroon,Sub-Saharan Africa
Canada,,Canada,Canadian
Cape Verde,Jews of Bilad el-Sudan,Cape Verde,Sub-Saharan Africa
Central African Republic,,Central African Republic,Sub-Saharan Africa
Chad,,Chad,Sub-Saharan Africa
Chile,,Chile,Chilean
People's Republic of China,Kaifeng Jews,China,Asian
Colombia,,Colombia,Latin American
Comoros,,Comoros,Sub-Saharan Africa
Democratic Republic of the Congo,,Democratic Republic of the Congo,Sub-Saharan Africa
Republic of the Congo,,Republic of the Congo,Sub-Saharan Africa
Costa Rica,,Costa Rica,Latin American
Croatia,,Croatia,South-East European
Cuba,,Cuba,Latin American and Caribbean
Cyprus,,Cyprus,South-East European
Czech Republic,,Czech Republic and Carpathian Ruthenia,Czech
Denmark,,Denmark,North European
Djibouti,,Djibouti,Sub-Saharan Africa
Dominica,,Dominica,Caribbean
Dominican Republic,,Dominican Republic,Latin American and Caribbean
East Timor,,East Timor,Asian
Ecuador,,Ecuador,Latin American
Egypt,,Egypt and exodus,Arab World
El Salvador,,El Salvador,Latin American
England,,England,West European
Equatorial Guinea,,Equatorial Guinea,Sub-Saharan Africa
Eritrea,,Eritrea,Sub-Saharan Africa
Estonia,,Estonia,North European
Eswatini,,Eswatini,Sub-Saharan Africa
Ethiopia,Beta Israel ; Qemant people,Ethiopia,Sub-Saharan Africa
Fiji,,Fiji,Oceanian
Finland,,Finland,North European
France,,France,French
French Guiana local,,French Guiana,Caribbean
French Polynesia,,French Polynesia,Oceanian
Gabon,,Gabon,Sub-Saharan Africa
Gambia,,Gambia,Sub-Saharan Africa
Georgia,Georgian Jews,Georgia,East European and Asian
Germany,Ashkenazi Jews,Germany,German
Ghana,House of Israel (Ghana),Ghana,Sub-Saharan Africa
Gibraltar,Sephardi Jews,Gibraltar,Iberian
Greece,"Sephardi Jews , Romaniotes",Greece,South-East European
Grenada,,Grenada,Caribbean
Guatemala,,Guatemala,Latin American
Guinea,,Guinea,Sub-Saharan Africa
Guinea-Bissau,,Guinea-Bissau,Sub-Saharan Africa
Guyana,,Guyana,Caribbean
Haiti,,Haiti,Caribbean
Honduras,,Honduras,Latin American
Hong Kong,"Iraqi Jews ( Sephardi / Baghdadi Jews ), Israeli , Jewish American",Hong Kong,Asian
Hungary,"Oberlander Jews , Satmar Hasidic dynasty , and Neolog",Hungary and Carpathian Ruthenia,Hungarian
Iceland,,Iceland,North European
India,"Bene Israel and Cochin , Indian , Baghdadi and Bnei Menashe",India,Asian
Indonesia,,Indonesia,Asian
Iran,"Persian , Mizrahi , and Kurdish",Iran,Asian
Iraq,"Mizrahi Jews , Baghdadi Jews , and Kurdish Jews",Iraq and exodus,Arab World
Ireland,,Ireland,West European
Israel,Israeli Jews,Israel,Israeli
Italy,"Italian Jews , Jewish Community of Trieste",Italy,West European
Ivory Coast,,Ivory Coast,Sub-Saharan Africa
Jamaica,,Jamaica,Caribbean
Japan,,Japan,Asian
Jordan,,Jordan,Arab World
Kazakhstan,Kazakh Jews,Kazakhstan,Asian
Kenya,,Kenya,Sub-Saharan Africa
Kiribati,,Kiribati,Oceanian
North Korea,,North Korea and Radhanite s,Asian
South Korea,,South Korea and Radhanite s,Asian
Kosovo,,Kosovo,South-East European
Kuwait,,Kuwait,Arab World
Kyrgyzstan,Bukharan Jews,Kyrgyzstan,Asian
Laos,,Laos,Asian
Latvia,,Latvia,North European
Lebanon,Mizrahi Jews,Lebanon and exodus,Arab World
Lesotho,,Lesotho,Sub-Saharan Africa
Liberia,,Liberia,Sub-Saharan Africa
Libya,,Libya and exodus,Arab World
Liechtenstein,,Liechtenstein,West European
Lithuania,Lithuanian Jews,Lithuania,North European
Luxembourg,,Luxembourg,West European
Macau,,Macau,Asian
Madagascar,,Madagascar,Sub-Saharan Africa
Malawi,,Malawi,Sub-Saharan Africa
Malaysia,,Malaysia,Asian
Maldives,,Maldives,Asian
Mali,Jews of Bilad el-Sudan,Mali,Sub-Saharan Africa
Malta,,Malta,West European
Marshall Islands,,Marshall Islands,Oceanian
Martinique local,,Martinique,Caribbean
Mauritania,,Mauritania,Sub-Saharan Africa
Mauritius,,Mauritius,Sub-Saharan Africa
Mexico,,Mexico and Latin America,Mexican
Micronesia,,Micronesia,Oceanian
Moldova,Bessarabian Jews,Moldova,East European
Monaco,,Monaco,West European
Mongolia,,Mongolia,Asian
Montenegro,,Montenegro,South-East European
Morocco,"Sephardi Jews , Mizrahi Jews",Morocco,Arab World
Mozambique,,Mozambique,Sub-Saharan Africa
Myanmar,,Myanmar,Asian
Namibia,,Namibia,Sub-Saharan Africa
Nauru,,Nauru,Oceanian
Nepal,,Nepal,Asian
Netherlands,Sephardi and Ashkenazi,Netherlands and Chuts,West European
Netherlands Antilles,,Netherlands Antilles,Caribbean
New Zealand,,New Zealand,Oceanian
Nicaragua,,Nicaragua,Latin American
Niger,,Niger,Sub-Saharan Africa
Nigeria,Igbo Jews,Nigeria,Sub-Saharan Africa
North Macedonia,,North Macedonia,South-East European
Northern Ireland union,,Northern Ireland,West European
Norway,,Norway,North European
Oman,Mizrahi Jews,Oman and exodus,Arab World
Pakistan,Pakistani Jews,Pakistan,Asian
Palau,,Palau,Oceanian
Palestine,Palestinian Jews,Palestine,Arab World
Panama,,Panama,Latin American
Papua New Guinea,,Papua New Guinea,Oceanian
Paraguay,,Paraguay,Latin American
Peru,Inca Jews,"Peru , Latin America , B'nai Moshe",Latin American
Philippines,Filipino Jews,Philippines,Asian
Poland,Chronology of Jewish Polish history,Poland,Polish
Portugal,Spanish and Portuguese Jews,Portugal,Iberian
Puerto Rico,,"Puerto Rico , Latin America",Latin American and Caribbean
Qatar,,Qatar,Arab World
Romania,,Romania,Romanian
Russia,Mountain Jews,Russia,"Russia, Ukraine, and Belarus"
Rwanda,,Rwanda,Sub-Saharan Africa
Saint Kitts and Nevis,,Saint Kitts and Nevis,Caribbean
Saint Lucia,,Saint Lucia,Caribbean
Saint Vincent and the Grenadines,,Saint Vincent and the Grenadines,Caribbean
Samoa,,Samoa,Oceanian
San Marino,,San Marino,West European
São Tomé and Príncipe,,São Tomé and Príncipe,Sub-Saharan Africa
Saudi Arabia,,Saudi Arabia,Arab World
Scotland,,Scotland,Scottish
Senegal,Jews of Bilad el-Sudan,Senegal,Sub-Saharan Africa
Serbia,,Serbia,South-East European
Seychelles,,Seychelles,Sub-Saharan Africa
Sierra Leone,,Sierra Leone,Sub-Saharan Africa
Singapore,,Singapore,Asian
Slovakia,Oberlander Jews,Slovakia and Carpathian Ruthenia,East European
Slovenia,,Slovenia,South-East European
Solomon Islands,,Solomon Islands,Oceanian
Somalia,,Somalia,Sub-Saharan Africa
South Africa,,South Africa,Sub-Saharan Africa
South Sudan,,South Sudan,Sub-Saharan Africa
Soviet Union,,Soviet Union and Jewish Autonomous Oblast,"Russia, Ukraine, and Belarus"
Spain,Sephardi Jews,Spain,Iberian
Sri Lanka,,Sri Lanka,Asian
Sudan,Sudanese Jews,Sudan,Sub-Saharan Africa
Suriname,Jodensavanne,Suriname,Caribbean
Sweden,,Sweden,North European
Switzerland,,Switzerland,West European
Syria,Syrian Jews and Kurdish Jews,Syria and exodus,Arab World
Taiwan,,Taiwan,Asian
Tajikistan,Bukharian Jews,Tajikistan,Asian
Tanzania,,Tanzania,Sub-Saharan Africa
Thailand,,Thailand,Asian
Togo,,Togo,Sub-Saharan Africa
Tonga,,Tonga,Oceanian
Trinidad and Tobago,,Trinidad and Tobago,Caribbean
Tunisia,Mizrahi Jews,Tunisia,Arab World
Turkey,"Sephardi Jews , Karaite Jews , Ashkenazi Jews and Romaniotes",Turkey,Asian and South-East European
Turkmenistan,Bukharan Jews,Turkmenistan,Asian
Tuvalu,,Tuvalu,Oceanian
Uganda,Abayudaya,Uganda,Sub-Saharan Africa
Ukraine,Crimean Karaites,Ukraine and Carpathian Ruthenia,Ukrainian
United Arab Emirates,,United Arab Emirates,Arab World
United Kingdom,British Jews,United Kingdom,British
United States,American Jews,United States and Colonial era,American
United States Virgin Islands,,United States Virgin Islands,Caribbean
Uruguay,Sephardi Jews and Ashkenazi Jews,"Uruguay , Latin America",Latin American
Uzbekistan,Uzbek Jews (some of whom are Bukharan Jews ),Uzbekistan,Asian
Vanuatu,,Vanuatu,Oceanian
Venezuela,,Venezuela,Latin American
Vietnam,,Vietnam,Asian
Wales,,Wales,Welsh
Yemen,Yemenite Jews and Mizrahi Jews,Yemen and exodus,Arab World
Zambia,,Zambia,Sub-Saharan Africa
Zimbabwe,"Lemba people , Jews of Rusape",Zimbabwe,Sub-Saharan Africa
