﻿gameweek,match ,date,year,month,day,weekday,time,home ,away
1,1,Friday 13 August 2021,2021,8,13,Friday,20:00 ,Brentford,Arsenal  
1,2,Saturday 14 August 2021,2021,8,14,Saturday,12:30 ,Man Utd,Leeds  
1,3,Saturday 14 August 2021,2021,8,14,Saturday,15:00 ,Burnley,Brighton  
1,4,Saturday 14 August 2021,2021,8,14,Saturday,15:00 ,Chelsea,Crystal Palace 
1,5,Saturday 14 August 2021,2021,8,14,Saturday,15:00 ,Everton,Southampton  
1,6,Saturday 14 August 2021,2021,8,14,Saturday,15:00 ,Leicester,Wolves  
1,7,Saturday 14 August 2021,2021,8,14,Saturday,15:00 ,Watford,Aston Villa  
1,8,Saturday 14 August 2021,2021,8,14,Saturday,17:30 ,Norwich,Liverpool  
1,9,Sunday 15 August 2021,2021,8,15,Sunday,14:00 ,Newcastle,West Ham 
1,10,Sunday 15 August 2021,2021,8,15,Sunday,16:30 ,Spurs,Man City 
2,11,Saturday 21 August 2021,2021,8,21,Saturday,12:30 ,Liverpool,Burnley  
2,12,Saturday 21 August 2021,2021,8,21,Saturday,15:00 ,Aston Villa,Newcastle  
2,13,Saturday 21 August 2021,2021,8,21,Saturday,15:00 ,Crystal Palace,Brentford  
2,14,Saturday 21 August 2021,2021,8,21,Saturday,15:00 ,Leeds,Everton  
2,15,Saturday 21 August 2021,2021,8,21,Saturday,15:00 ,Man City,Norwich  
2,16,Saturday 21 August 2021,2021,8,21,Saturday,17:30 ,Brighton,Watford  
2,17,Sunday 22 August 2021,2021,8,22,Sunday,14:00 ,Southampton,Man Utd 
2,18,Sunday 22 August 2021,2021,8,22,Sunday,14:00 ,Wolves,Spurs  
2,19,Sunday 22 August 2021,2021,8,22,Sunday,16:30 ,Arsenal,Chelsea  
2,20,Monday 23 August 2021,2021,8,23,Monday,20:00 ,West Ham,Leicester  
3,21,Saturday 28 August 2021,2021,8,28,Saturday,12:30 ,Man City,Arsenal  
3,22,Saturday 28 August 2021,2021,8,28,Saturday,15:00 ,Aston Villa,Brentford  
3,23,Saturday 28 August 2021,2021,8,28,Saturday,15:00 ,Brighton,Everton  
3,24,Saturday 28 August 2021,2021,8,28,Saturday,15:00 ,Newcastle,Southampton  
3,25,Saturday 28 August 2021,2021,8,28,Saturday,15:00 ,Norwich,Leicester  
3,26,Saturday 28 August 2021,2021,8,28,Saturday,15:00 ,West Ham,Crystal Palace 
3,27,Saturday 28 August 2021,2021,8,28,Saturday,17:30 ,Liverpool,Chelsea  
3,28,Sunday 29 August 2021,2021,8,29,Sunday,14:00 ,Burnley,Leeds  
3,29,Sunday 29 August 2021,2021,8,29,Sunday,14:00 ,Spurs,Watford  
3,30,Sunday 29 August 2021,2021,8,29,Sunday,16:30 ,Wolves,Man Utd 
4,31,Saturday 11 September 2021,2021,9,11,Saturday,12:30 ,Crystal Palace,Spurs  
4,32,Saturday 11 September 2021,2021,9,11,Saturday,15:00 ,Arsenal,Norwich  
4,33,Saturday 11 September 2021,2021,9,11,Saturday,15:00 ,Brentford,Brighton  
4,34,Saturday 11 September 2021,2021,9,11,Saturday,15:00 ,Leicester,Man City 
4,35,Saturday 11 September 2021,2021,9,11,Saturday,15:00 ,Man Utd,Newcastle  
4,36,Saturday 11 September 2021,2021,9,11,Saturday,15:00 ,Southampton,West Ham 
4,37,Saturday 11 September 2021,2021,9,11,Saturday,15:00 ,Watford,Wolves  
4,38,Saturday 11 September 2021,2021,9,11,Saturday,17:30 ,Chelsea,Aston Villa  
4,39,Sunday 12 September 2021,2021,9,12,Sunday,16:30 ,Leeds,Liverpool  
4,40,Monday 13 September 2021,2021,9,13,Monday,20:00 ,Everton,Burnley  
5,41,Friday 17 September 2021,2021,9,17,Friday,20:00 ,Newcastle,Leeds  
5,42,Saturday 18 September 2021,2021,9,18,Saturday,12:30 ,Wolves,Brentford  
5,43,Saturday 18 September 2021,2021,9,18,Saturday,15:00 ,Burnley,Arsenal  
5,44,Saturday 18 September 2021,2021,9,18,Saturday,15:00 ,Liverpool,Crystal Palace 
5,45,Saturday 18 September 2021,2021,9,18,Saturday,15:00 ,Man City,Southampton  
5,46,Saturday 18 September 2021,2021,9,18,Saturday,15:00 ,Norwich,Watford  
5,47,Saturday 18 September 2021,2021,9,18,Saturday,17:30 ,Aston Villa,Everton  
5,48,Sunday 19 September 2021,2021,9,19,Sunday,14:00 ,Brighton,Leicester  
5,49,Sunday 19 September 2021,2021,9,19,Sunday,14:00 ,West Ham,Man Utd 
5,50,Sunday 19 September 2021,2021,9,19,Sunday,16:30 ,Spurs,Chelsea  
6,51,Saturday 25 September 2021,2021,9,25,Saturday,12:30 ,Chelsea,Man City 
6,52,Saturday 25 September 2021,2021,9,25,Saturday,15:00 ,Everton,Norwich  
6,53,Saturday 25 September 2021,2021,9,25,Saturday,15:00 ,Leeds,West Ham 
6,54,Saturday 25 September 2021,2021,9,25,Saturday,15:00 ,Leicester,Burnley  
6,55,Saturday 25 September 2021,2021,9,25,Saturday,15:00 ,Man Utd,Aston Villa  
6,56,Saturday 25 September 2021,2021,9,25,Saturday,15:00 ,Watford,Newcastle  
6,57,Saturday 25 September 2021,2021,9,25,Saturday,17:30 ,Brentford,Liverpool  
6,58,Sunday 26 September 2021,2021,9,26,Sunday,14:00 ,Southampton,Wolves  
6,59,Sunday 26 September 2021,2021,9,26,Sunday,16:30 ,Arsenal,Spurs  
6,60,Monday 27 September 2021,2021,9,27,Monday,20:00 ,Crystal Palace,Brighton  
7,61,Saturday 2 October 2021,2021,10,2,Saturday,12:30 ,Man Utd,Everton  
7,62,Saturday 2 October 2021,2021,10,2,Saturday,15:00 ,Burnley,Norwich  
7,63,Saturday 2 October 2021,2021,10,2,Saturday,15:00 ,Chelsea,Southampton  
7,64,Saturday 2 October 2021,2021,10,2,Saturday,15:00 ,Leeds,Watford  
7,65,Saturday 2 October 2021,2021,10,2,Saturday,15:00 ,Spurs,Aston Villa  
7,66,Saturday 2 October 2021,2021,10,2,Saturday,15:00 ,Wolves,Newcastle  
7,67,Saturday 2 October 2021,2021,10,2,Saturday,17:30 ,Brighton,Arsenal  
7,68,Sunday 3 October 2021,2021,10,3,Sunday,14:00 ,Crystal Palace,Leicester  
7,69,Sunday 3 October 2021,2021,10,3,Sunday,14:00 ,West Ham,Brentford  
7,70,Sunday 3 October 2021,2021,10,3,Sunday,16:30 ,Liverpool,Man City 
8,71,Saturday 16 October 2021,2021,10,16,Saturday,12:30 ,Watford,Liverpool  
8,72,Saturday 16 October 2021,2021,10,16,Saturday,15:00 ,Aston Villa,Wolves  
8,73,Saturday 16 October 2021,2021,10,16,Saturday,15:00 ,Leicester,Man Utd 
8,74,Saturday 16 October 2021,2021,10,16,Saturday,15:00 ,Man City,Burnley  
8,75,Saturday 16 October 2021,2021,10,16,Saturday,15:00 ,Norwich,Brighton  
8,76,Saturday 16 October 2021,2021,10,16,Saturday,15:00 ,Southampton,Leeds  
8,77,Saturday 16 October 2021,2021,10,16,Saturday,17:30 ,Brentford,Chelsea  
8,78,Sunday 17 October 2021,2021,10,17,Sunday,14:00 ,Everton,West Ham 
8,79,Sunday 17 October 2021,2021,10,17,Sunday,16:30 ,Newcastle,Spurs  
8,80,Monday 18 October 2021,2021,10,18,Monday,20:00 ,Arsenal,Crystal Palace 
9,81,Friday 22 October 2021,2021,10,22,Friday,20:00 ,Arsenal,Aston Villa  
9,82,Saturday 23 October 2021,2021,10,23,Saturday,12:30 ,Chelsea,Norwich  
9,83,Saturday 23 October 2021,2021,10,23,Saturday,15:00 ,Crystal Palace,Newcastle  
9,84,Saturday 23 October 2021,2021,10,23,Saturday,15:00 ,Everton,Watford  
9,85,Saturday 23 October 2021,2021,10,23,Saturday,15:00 ,Leeds,Wolves  
9,86,Saturday 23 October 2021,2021,10,23,Saturday,15:00 ,Southampton,Burnley  
9,87,Saturday 23 October 2021,2021,10,23,Saturday,17:30 ,Brighton,Man City 
9,88,Sunday 24 October 2021,2021,10,24,Sunday,14:00 ,Brentford,Leicester  
9,89,Sunday 24 October 2021,2021,10,24,Sunday,14:00 ,West Ham,Spurs  
9,90,Sunday 24 October 2021,2021,10,24,Sunday,16:30 ,Man Utd,Liverpool  
10,91,Saturday 30 October 2021,2021,10,30,Saturday,12:30 ,Leicester,Arsenal  
10,92,Saturday 30 October 2021,2021,10,30,Saturday,15:00 ,Burnley,Brentford  
10,93,Saturday 30 October 2021,2021,10,30,Saturday,15:00 ,Liverpool,Brighton  
10,94,Saturday 30 October 2021,2021,10,30,Saturday,15:00 ,Man City,Crystal Palace 
10,95,Saturday 30 October 2021,2021,10,30,Saturday,15:00 ,Newcastle,Chelsea  
10,96,Saturday 30 October 2021,2021,10,30,Saturday,15:00 ,Watford,Southampton  
10,97,Saturday 30 October 2021,2021,10,30,Saturday,17:30 ,Spurs,Man Utd 
10,98,Sunday 31 October 2021,2021,10,31,Sunday,14:00 ,Norwich,Leeds  
10,99,Sunday 31 October 2021,2021,10,31,Sunday,16:30 ,Aston Villa,West Ham 
10,100,Monday 1 November 2021,2021,11,1,Monday,20:00 ,Wolves,Everton  
11,101,Saturday 6 November 2021,2021,11,6,Saturday,15:00 ,Arsenal,Watford  
11,102,Saturday 6 November 2021,2021,11,6,Saturday,15:00 ,Brentford,Norwich  
11,103,Saturday 6 November 2021,2021,11,6,Saturday,15:00 ,Brighton,Newcastle  
11,104,Saturday 6 November 2021,2021,11,6,Saturday,15:00 ,Chelsea,Burnley  
11,105,Saturday 6 November 2021,2021,11,6,Saturday,15:00 ,Crystal Palace,Wolves  
11,106,Saturday 6 November 2021,2021,11,6,Saturday,15:00 ,Everton,Spurs  
11,107,Saturday 6 November 2021,2021,11,6,Saturday,15:00 ,Leeds,Leicester  
11,108,Saturday 6 November 2021,2021,11,6,Saturday,15:00 ,Man Utd,Man City 
11,109,Saturday 6 November 2021,2021,11,6,Saturday,15:00 ,Southampton,Aston Villa  
11,110,Saturday 6 November 2021,2021,11,6,Saturday,15:00 ,West Ham,Liverpool  
12,111,Saturday 20 November 2021,2021,11,20,Saturday,15:00 ,Aston Villa,Brighton  
12,112,Saturday 20 November 2021,2021,11,20,Saturday,15:00 ,Burnley,Crystal Palace 
12,113,Saturday 20 November 2021,2021,11,20,Saturday,15:00 ,Leicester,Chelsea  
12,114,Saturday 20 November 2021,2021,11,20,Saturday,15:00 ,Liverpool,Arsenal  
12,115,Saturday 20 November 2021,2021,11,20,Saturday,15:00 ,Man City,Everton  
12,116,Saturday 20 November 2021,2021,11,20,Saturday,15:00 ,Newcastle,Brentford  
12,117,Saturday 20 November 2021,2021,11,20,Saturday,15:00 ,Norwich,Southampton  
12,118,Saturday 20 November 2021,2021,11,20,Saturday,15:00 ,Spurs,Leeds  
12,119,Saturday 20 November 2021,2021,11,20,Saturday,15:00 ,Watford,Man Utd 
12,120,Saturday 20 November 2021,2021,11,20,Saturday,15:00 ,Wolves,West Ham 
13,121,Saturday 27 November 2021,2021,11,27,Saturday,15:00 ,Arsenal,Newcastle  
13,122,Saturday 27 November 2021,2021,11,27,Saturday,15:00 ,Brentford,Everton  
13,123,Saturday 27 November 2021,2021,11,27,Saturday,15:00 ,Brighton,Leeds  
13,124,Saturday 27 November 2021,2021,11,27,Saturday,15:00 ,Burnley,Spurs  
13,125,Saturday 27 November 2021,2021,11,27,Saturday,15:00 ,Chelsea,Man Utd 
13,126,Saturday 27 November 2021,2021,11,27,Saturday,15:00 ,Crystal Palace,Aston Villa  
13,127,Saturday 27 November 2021,2021,11,27,Saturday,15:00 ,Leicester,Watford  
13,128,Saturday 27 November 2021,2021,11,27,Saturday,15:00 ,Liverpool,Southampton  
13,129,Saturday 27 November 2021,2021,11,27,Saturday,15:00 ,Man City,West Ham 
13,130,Saturday 27 November 2021,2021,11,27,Saturday,15:00 ,Norwich,Wolves  
14,131,Tuesday 30 November 2021,2021,11,30,Tuesday,19:45 ,Aston Villa,Man City 
14,132,Tuesday 30 November 2021,2021,11,30,Tuesday,19:45 ,Everton,Liverpool  
14,133,Tuesday 30 November 2021,2021,11,30,Tuesday,19:45 ,Leeds,Crystal Palace 
14,134,Tuesday 30 November 2021,2021,11,30,Tuesday,19:45 ,Watford,Chelsea  
14,135,Tuesday 30 November 2021,2021,11,30,Tuesday,19:45 ,West Ham,Brighton  
14,136,Tuesday 30 November 2021,2021,11,30,Tuesday,19:45 ,Wolves,Burnley  
14,137,Tuesday 30 November 2021,2021,11,30,Tuesday,20:00 ,Man Utd,Arsenal  
14,138,Wednesday 1 December 2021,2021,12,1,Wednesday,19:45 ,Newcastle,Norwich  
14,139,Wednesday 1 December 2021,2021,12,1,Wednesday,19:45 ,Southampton,Leicester  
14,140,Wednesday 1 December 2021,2021,12,1,Wednesday,19:45 ,Spurs,Brentford  
15,141,Saturday 4 December 2021,2021,12,4,Saturday,15:00 ,Aston Villa,Leicester  
15,142,Saturday 4 December 2021,2021,12,4,Saturday,15:00 ,Everton,Arsenal  
15,143,Saturday 4 December 2021,2021,12,4,Saturday,15:00 ,Leeds,Brentford  
15,144,Saturday 4 December 2021,2021,12,4,Saturday,15:00 ,Man Utd,Crystal Palace 
15,145,Saturday 4 December 2021,2021,12,4,Saturday,15:00 ,Newcastle,Burnley  
15,146,Saturday 4 December 2021,2021,12,4,Saturday,15:00 ,Southampton,Brighton  
15,147,Saturday 4 December 2021,2021,12,4,Saturday,15:00 ,Spurs,Norwich  
15,148,Saturday 4 December 2021,2021,12,4,Saturday,15:00 ,Watford,Man City 
15,149,Saturday 4 December 2021,2021,12,4,Saturday,15:00 ,West Ham,Chelsea  
15,150,Saturday 4 December 2021,2021,12,4,Saturday,15:00 ,Wolves,Liverpool  
16,151,Saturday 11 December 2021,2021,12,11,Saturday,15:00 ,Arsenal,Southampton  
16,152,Saturday 11 December 2021,2021,12,11,Saturday,15:00 ,Brentford,Watford  
16,153,Saturday 11 December 2021,2021,12,11,Saturday,15:00 ,Brighton,Spurs  
16,154,Saturday 11 December 2021,2021,12,11,Saturday,15:00 ,Burnley,West Ham 
16,155,Saturday 11 December 2021,2021,12,11,Saturday,15:00 ,Chelsea,Leeds  
16,156,Saturday 11 December 2021,2021,12,11,Saturday,15:00 ,Crystal Palace,Everton  
16,157,Saturday 11 December 2021,2021,12,11,Saturday,15:00 ,Leicester,Newcastle  
16,158,Saturday 11 December 2021,2021,12,11,Saturday,15:00 ,Liverpool,Aston Villa  
16,159,Saturday 11 December 2021,2021,12,11,Saturday,15:00 ,Man City,Wolves  
16,160,Saturday 11 December 2021,2021,12,11,Saturday,15:00 ,Norwich,Man Utd 
17,161,Tuesday 14 December 2021,2021,12,14,Tuesday,19:45 ,Arsenal,West Ham 
17,162,Tuesday 14 December 2021,2021,12,14,Tuesday,19:45 ,Brentford,Man Utd 
17,163,Tuesday 14 December 2021,2021,12,14,Tuesday,19:45 ,Brighton,Wolves  
17,164,Tuesday 14 December 2021,2021,12,14,Tuesday,19:45 ,Burnley,Watford  
17,165,Tuesday 14 December 2021,2021,12,14,Tuesday,19:45 ,Leicester,Spurs  
17,166,Tuesday 14 December 2021,2021,12,14,Tuesday,19:45 ,Norwich,Aston Villa  
17,167,Tuesday 14 December 2021,2021,12,14,Tuesday,20:00 ,Crystal Palace,Southampton  
17,168,Wednesday 15 December 2021,2021,12,15,Wednesday,20:00 ,Chelsea,Everton  
17,169,Wednesday 15 December 2021,2021,12,15,Wednesday,20:00 ,Liverpool,Newcastle  
17,170,Wednesday 15 December 2021,2021,12,15,Wednesday,20:00 ,Man City,Leeds  
18,171,Saturday 18 December 2021,2021,12,18,Saturday,15:00 ,Aston Villa,Burnley  
18,172,Saturday 18 December 2021,2021,12,18,Saturday,15:00 ,Everton,Leicester  
18,173,Saturday 18 December 2021,2021,12,18,Saturday,15:00 ,Leeds,Arsenal  
18,174,Saturday 18 December 2021,2021,12,18,Saturday,15:00 ,Man Utd,Brighton  
18,175,Saturday 18 December 2021,2021,12,18,Saturday,15:00 ,Newcastle,Man City 
18,176,Saturday 18 December 2021,2021,12,18,Saturday,15:00 ,Southampton,Brentford  
18,177,Saturday 18 December 2021,2021,12,18,Saturday,15:00 ,Spurs,Liverpool  
18,178,Saturday 18 December 2021,2021,12,18,Saturday,15:00 ,Watford,Crystal Palace 
18,179,Saturday 18 December 2021,2021,12,18,Saturday,15:00 ,West Ham,Norwich  
18,180,Saturday 18 December 2021,2021,12,18,Saturday,15:00 ,Wolves,Chelsea  
19,181,Sunday 26 December 2021,2021,12,26,Sunday,15:00 ,Aston Villa,Chelsea  
19,182,Sunday 26 December 2021,2021,12,26,Sunday,15:00 ,Brighton,Brentford  
19,183,Sunday 26 December 2021,2021,12,26,Sunday,15:00 ,Burnley,Everton  
19,184,Sunday 26 December 2021,2021,12,26,Sunday,15:00 ,Liverpool,Leeds  
19,185,Sunday 26 December 2021,2021,12,26,Sunday,15:00 ,Man City,Leicester  
19,186,Sunday 26 December 2021,2021,12,26,Sunday,15:00 ,Newcastle,Man Utd 
19,187,Sunday 26 December 2021,2021,12,26,Sunday,15:00 ,Norwich,Arsenal  
19,188,Sunday 26 December 2021,2021,12,26,Sunday,15:00 ,Spurs,Crystal Palace 
19,189,Sunday 26 December 2021,2021,12,26,Sunday,15:00 ,West Ham,Southampton  
19,190,Sunday 26 December 2021,2021,12,26,Sunday,15:00 ,Wolves,Watford  
20,191,Tuesday 28 December 2021,2021,12,28,Tuesday,15:00 ,Arsenal,Wolves  
20,192,Tuesday 28 December 2021,2021,12,28,Tuesday,15:00 ,Brentford,Man City 
20,193,Tuesday 28 December 2021,2021,12,28,Tuesday,15:00 ,Chelsea,Brighton  
20,194,Tuesday 28 December 2021,2021,12,28,Tuesday,15:00 ,Crystal Palace,Norwich  
20,195,Tuesday 28 December 2021,2021,12,28,Tuesday,15:00 ,Everton,Newcastle  
20,196,Tuesday 28 December 2021,2021,12,28,Tuesday,15:00 ,Leeds,Aston Villa  
20,197,Tuesday 28 December 2021,2021,12,28,Tuesday,15:00 ,Leicester,Liverpool  
20,198,Tuesday 28 December 2021,2021,12,28,Tuesday,15:00 ,Man Utd,Burnley  
20,199,Tuesday 28 December 2021,2021,12,28,Tuesday,15:00 ,Southampton,Spurs  
20,200,Tuesday 28 December 2021,2021,12,28,Tuesday,15:00 ,Watford,West Ham 
21,201,Saturday 1 January 2022,2022,1,1,Saturday,15:00 ,Arsenal,Man City 
21,202,Saturday 1 January 2022,2022,1,1,Saturday,15:00 ,Brentford,Aston Villa  
21,203,Saturday 1 January 2022,2022,1,1,Saturday,15:00 ,Chelsea,Liverpool  
21,204,Saturday 1 January 2022,2022,1,1,Saturday,15:00 ,Crystal Palace,West Ham 
21,205,Saturday 1 January 2022,2022,1,1,Saturday,15:00 ,Everton,Brighton  
21,206,Saturday 1 January 2022,2022,1,1,Saturday,15:00 ,Leeds,Burnley  
21,207,Saturday 1 January 2022,2022,1,1,Saturday,15:00 ,Leicester,Norwich  
21,208,Saturday 1 January 2022,2022,1,1,Saturday,15:00 ,Man Utd,Wolves  
21,209,Saturday 1 January 2022,2022,1,1,Saturday,15:00 ,Southampton,Newcastle  
21,210,Saturday 1 January 2022,2022,1,1,Saturday,15:00 ,Watford,Spurs  
22,211,Saturday 15 January 2022,2022,1,15,Saturday,15:00 ,Aston Villa,Man Utd 
22,212,Saturday 15 January 2022,2022,1,15,Saturday,15:00 ,Brighton,Crystal Palace 
22,213,Saturday 15 January 2022,2022,1,15,Saturday,15:00 ,Burnley,Leicester  
22,214,Saturday 15 January 2022,2022,1,15,Saturday,15:00 ,Liverpool,Brentford  
22,215,Saturday 15 January 2022,2022,1,15,Saturday,15:00 ,Man City,Chelsea  
22,216,Saturday 15 January 2022,2022,1,15,Saturday,15:00 ,Newcastle,Watford  
22,217,Saturday 15 January 2022,2022,1,15,Saturday,15:00 ,Norwich,Everton  
22,218,Saturday 15 January 2022,2022,1,15,Saturday,15:00 ,Spurs,Arsenal  
22,219,Saturday 15 January 2022,2022,1,15,Saturday,15:00 ,West Ham,Leeds  
22,220,Saturday 15 January 2022,2022,1,15,Saturday,15:00 ,Wolves,Southampton  
23,221,Saturday 22 January 2022,2022,1,22,Saturday,15:00 ,Arsenal,Burnley  
23,222,Saturday 22 January 2022,2022,1,22,Saturday,15:00 ,Brentford,Wolves  
23,223,Saturday 22 January 2022,2022,1,22,Saturday,15:00 ,Chelsea,Spurs  
23,224,Saturday 22 January 2022,2022,1,22,Saturday,15:00 ,Crystal Palace,Liverpool  
23,225,Saturday 22 January 2022,2022,1,22,Saturday,15:00 ,Everton,Aston Villa  
23,226,Saturday 22 January 2022,2022,1,22,Saturday,15:00 ,Leeds,Newcastle  
23,227,Saturday 22 January 2022,2022,1,22,Saturday,15:00 ,Leicester,Brighton  
23,228,Saturday 22 January 2022,2022,1,22,Saturday,15:00 ,Man Utd,West Ham 
23,229,Saturday 22 January 2022,2022,1,22,Saturday,15:00 ,Southampton,Man City 
23,230,Saturday 22 January 2022,2022,1,22,Saturday,15:00 ,Watford,Norwich  
24,231,Tuesday 8 February 2022,2022,2,8,Tuesday,19:45 ,Aston Villa,Leeds  
24,232,Tuesday 8 February 2022,2022,2,8,Tuesday,19:45 ,Brighton,Chelsea  
24,233,Tuesday 8 February 2022,2022,2,8,Tuesday,19:45 ,Burnley,Man Utd 
24,234,Tuesday 8 February 2022,2022,2,8,Tuesday,19:45 ,Norwich,Crystal Palace 
24,235,Tuesday 8 February 2022,2022,2,8,Tuesday,19:45 ,West Ham,Watford  
24,236,Tuesday 8 February 2022,2022,2,8,Tuesday,19:45 ,Wolves,Arsenal  
24,237,Wednesday 9 February 2022,2022,2,9,Wednesday,19:45 ,Newcastle,Everton  
24,238,Wednesday 9 February 2022,2022,2,9,Wednesday,19:45 ,Spurs,Southampton  
24,239,Wednesday 9 February 2022,2022,2,9,Wednesday,20:00 ,Liverpool,Leicester  
24,240,Wednesday 9 February 2022,2022,2,9,Wednesday,20:00 ,Man City,Brentford  
25,241,Saturday 12 February 2022,2022,2,12,Saturday,15:00 ,Brentford,Crystal Palace 
25,242,Saturday 12 February 2022,2022,2,12,Saturday,15:00 ,Burnley,Liverpool  
25,243,Saturday 12 February 2022,2022,2,12,Saturday,15:00 ,Chelsea,Arsenal  
25,244,Saturday 12 February 2022,2022,2,12,Saturday,15:00 ,Everton,Leeds  
25,245,Saturday 12 February 2022,2022,2,12,Saturday,15:00 ,Leicester,West Ham 
25,246,Saturday 12 February 2022,2022,2,12,Saturday,15:00 ,Man Utd,Southampton  
25,247,Saturday 12 February 2022,2022,2,12,Saturday,15:00 ,Newcastle,Aston Villa  
25,248,Saturday 12 February 2022,2022,2,12,Saturday,15:00 ,Norwich,Man City 
25,249,Saturday 12 February 2022,2022,2,12,Saturday,15:00 ,Spurs,Wolves  
25,250,Saturday 12 February 2022,2022,2,12,Saturday,15:00 ,Watford,Brighton  
26,251,Saturday 19 February 2022,2022,2,19,Saturday,15:00 ,Arsenal,Brentford  
26,252,Saturday 19 February 2022,2022,2,19,Saturday,15:00 ,Aston Villa,Watford  
26,253,Saturday 19 February 2022,2022,2,19,Saturday,15:00 ,Brighton,Burnley  
26,254,Saturday 19 February 2022,2022,2,19,Saturday,15:00 ,Crystal Palace,Chelsea  
26,255,Saturday 19 February 2022,2022,2,19,Saturday,15:00 ,Leeds,Man Utd 
26,256,Saturday 19 February 2022,2022,2,19,Saturday,15:00 ,Liverpool,Norwich  
26,257,Saturday 19 February 2022,2022,2,19,Saturday,15:00 ,Man City,Spurs  
26,258,Saturday 19 February 2022,2022,2,19,Saturday,15:00 ,Southampton,Everton  
26,259,Saturday 19 February 2022,2022,2,19,Saturday,15:00 ,West Ham,Newcastle  
26,260,Saturday 19 February 2022,2022,2,19,Saturday,15:00 ,Wolves,Leicester  
27,261,Saturday 26 February 2022,2022,2,26,Saturday,15:00 ,Arsenal,Liverpool  
27,262,Saturday 26 February 2022,2022,2,26,Saturday,15:00 ,Brentford,Newcastle  
27,263,Saturday 26 February 2022,2022,2,26,Saturday,15:00 ,Brighton,Aston Villa  
27,264,Saturday 26 February 2022,2022,2,26,Saturday,15:00 ,Chelsea,Leicester  
27,265,Saturday 26 February 2022,2022,2,26,Saturday,15:00 ,Crystal Palace,Burnley  
27,266,Saturday 26 February 2022,2022,2,26,Saturday,15:00 ,Everton,Man City 
27,267,Saturday 26 February 2022,2022,2,26,Saturday,15:00 ,Leeds,Spurs  
27,268,Saturday 26 February 2022,2022,2,26,Saturday,15:00 ,Man Utd,Watford  
27,269,Saturday 26 February 2022,2022,2,26,Saturday,15:00 ,Southampton,Norwich  
27,270,Saturday 26 February 2022,2022,2,26,Saturday,15:00 ,West Ham,Wolves  
28,271,Saturday 5 March 2022,2022,3,5,Saturday,15:00 ,Aston Villa,Southampton  
28,272,Saturday 5 March 2022,2022,3,5,Saturday,15:00 ,Burnley,Chelsea  
28,273,Saturday 5 March 2022,2022,3,5,Saturday,15:00 ,Leicester,Leeds  
28,274,Saturday 5 March 2022,2022,3,5,Saturday,15:00 ,Liverpool,West Ham 
28,275,Saturday 5 March 2022,2022,3,5,Saturday,15:00 ,Man City,Man Utd 
28,276,Saturday 5 March 2022,2022,3,5,Saturday,15:00 ,Newcastle,Brighton  
28,277,Saturday 5 March 2022,2022,3,5,Saturday,15:00 ,Norwich,Brentford  
28,278,Saturday 5 March 2022,2022,3,5,Saturday,15:00 ,Spurs,Everton  
28,279,Saturday 5 March 2022,2022,3,5,Saturday,15:00 ,Watford,Arsenal  
28,280,Saturday 5 March 2022,2022,3,5,Saturday,15:00 ,Wolves,Crystal Palace 
29,281,Saturday 12 March 2022,2022,3,12,Saturday,15:00 ,Arsenal,Leicester  
29,282,Saturday 12 March 2022,2022,3,12,Saturday,15:00 ,Brentford,Burnley  
29,283,Saturday 12 March 2022,2022,3,12,Saturday,15:00 ,Brighton,Liverpool  
29,284,Saturday 12 March 2022,2022,3,12,Saturday,15:00 ,Chelsea,Newcastle  
29,285,Saturday 12 March 2022,2022,3,12,Saturday,15:00 ,Crystal Palace,Man City 
29,286,Saturday 12 March 2022,2022,3,12,Saturday,15:00 ,Everton,Wolves  
29,287,Saturday 12 March 2022,2022,3,12,Saturday,15:00 ,Leeds,Norwich  
29,288,Saturday 12 March 2022,2022,3,12,Saturday,15:00 ,Man Utd,Spurs  
29,289,Saturday 12 March 2022,2022,3,12,Saturday,15:00 ,Southampton,Watford  
29,290,Saturday 12 March 2022,2022,3,12,Saturday,15:00 ,West Ham,Aston Villa  
30,291,Saturday 19 March 2022,2022,3,19,Saturday,15:00 ,Aston Villa,Arsenal  
30,292,Saturday 19 March 2022,2022,3,19,Saturday,15:00 ,Burnley,Southampton  
30,293,Saturday 19 March 2022,2022,3,19,Saturday,15:00 ,Leicester,Brentford  
30,294,Saturday 19 March 2022,2022,3,19,Saturday,15:00 ,Liverpool,Man Utd 
30,295,Saturday 19 March 2022,2022,3,19,Saturday,15:00 ,Man City,Brighton  
30,296,Saturday 19 March 2022,2022,3,19,Saturday,15:00 ,Newcastle,Crystal Palace 
30,297,Saturday 19 March 2022,2022,3,19,Saturday,15:00 ,Norwich,Chelsea  
30,298,Saturday 19 March 2022,2022,3,19,Saturday,15:00 ,Spurs,West Ham 
30,299,Saturday 19 March 2022,2022,3,19,Saturday,15:00 ,Watford,Everton  
30,300,Saturday 19 March 2022,2022,3,19,Saturday,15:00 ,Wolves,Leeds  
31,301,Saturday 2 April 2022,2022,4,2,Saturday,15:00 ,Brighton,Norwich  
31,302,Saturday 2 April 2022,2022,4,2,Saturday,15:00 ,Burnley,Man City 
31,303,Saturday 2 April 2022,2022,4,2,Saturday,15:00 ,Chelsea,Brentford  
31,304,Saturday 2 April 2022,2022,4,2,Saturday,15:00 ,Crystal Palace,Arsenal  
31,305,Saturday 2 April 2022,2022,4,2,Saturday,15:00 ,Leeds,Southampton  
31,306,Saturday 2 April 2022,2022,4,2,Saturday,15:00 ,Liverpool,Watford  
31,307,Saturday 2 April 2022,2022,4,2,Saturday,15:00 ,Man Utd,Leicester  
31,308,Saturday 2 April 2022,2022,4,2,Saturday,15:00 ,Spurs,Newcastle  
31,309,Saturday 2 April 2022,2022,4,2,Saturday,15:00 ,West Ham,Everton  
31,310,Saturday 2 April 2022,2022,4,2,Saturday,15:00 ,Wolves,Aston Villa  
32,311,Saturday 9 April 2022,2022,4,9,Saturday,15:00 ,Arsenal,Brighton  
32,312,Saturday 9 April 2022,2022,4,9,Saturday,15:00 ,Aston Villa,Spurs  
32,313,Saturday 9 April 2022,2022,4,9,Saturday,15:00 ,Brentford,West Ham 
32,314,Saturday 9 April 2022,2022,4,9,Saturday,15:00 ,Everton,Man Utd 
32,315,Saturday 9 April 2022,2022,4,9,Saturday,15:00 ,Leicester,Crystal Palace 
32,316,Saturday 9 April 2022,2022,4,9,Saturday,15:00 ,Man City,Liverpool  
32,317,Saturday 9 April 2022,2022,4,9,Saturday,15:00 ,Newcastle,Wolves  
32,318,Saturday 9 April 2022,2022,4,9,Saturday,15:00 ,Norwich,Burnley  
32,319,Saturday 9 April 2022,2022,4,9,Saturday,15:00 ,Southampton,Chelsea  
32,320,Saturday 9 April 2022,2022,4,9,Saturday,15:00 ,Watford,Leeds  
33,321,Saturday 16 April 2022,2022,4,16,Saturday,15:00 ,Aston Villa,Liverpool  
33,322,Saturday 16 April 2022,2022,4,16,Saturday,15:00 ,Everton,Crystal Palace 
33,323,Saturday 16 April 2022,2022,4,16,Saturday,15:00 ,Leeds,Chelsea  
33,324,Saturday 16 April 2022,2022,4,16,Saturday,15:00 ,Man Utd,Norwich  
33,325,Saturday 16 April 2022,2022,4,16,Saturday,15:00 ,Newcastle,Leicester  
33,326,Saturday 16 April 2022,2022,4,16,Saturday,15:00 ,Southampton,Arsenal  
33,327,Saturday 16 April 2022,2022,4,16,Saturday,15:00 ,Spurs,Brighton  
33,328,Saturday 16 April 2022,2022,4,16,Saturday,15:00 ,Watford,Brentford  
33,329,Saturday 16 April 2022,2022,4,16,Saturday,15:00 ,West Ham,Burnley  
33,330,Saturday 16 April 2022,2022,4,16,Saturday,15:00 ,Wolves,Man City 
34,331,Saturday 23 April 2022,2022,4,23,Saturday,15:00 ,Arsenal,Man Utd 
34,332,Saturday 23 April 2022,2022,4,23,Saturday,15:00 ,Brentford,Spurs  
34,333,Saturday 23 April 2022,2022,4,23,Saturday,15:00 ,Brighton,Southampton  
34,334,Saturday 23 April 2022,2022,4,23,Saturday,15:00 ,Burnley,Wolves  
34,335,Saturday 23 April 2022,2022,4,23,Saturday,15:00 ,Chelsea,West Ham 
34,336,Saturday 23 April 2022,2022,4,23,Saturday,15:00 ,Crystal Palace,Leeds  
34,337,Saturday 23 April 2022,2022,4,23,Saturday,15:00 ,Leicester,Aston Villa  
34,338,Saturday 23 April 2022,2022,4,23,Saturday,15:00 ,Liverpool,Everton  
34,339,Saturday 23 April 2022,2022,4,23,Saturday,15:00 ,Man City,Watford  
34,340,Saturday 23 April 2022,2022,4,23,Saturday,15:00 ,Norwich,Newcastle  
35,341,Saturday 30 April 2022,2022,4,30,Saturday,15:00 ,Aston Villa,Norwich  
35,342,Saturday 30 April 2022,2022,4,30,Saturday,15:00 ,Everton,Chelsea  
35,343,Saturday 30 April 2022,2022,4,30,Saturday,15:00 ,Leeds,Man City 
35,344,Saturday 30 April 2022,2022,4,30,Saturday,15:00 ,Man Utd,Brentford  
35,345,Saturday 30 April 2022,2022,4,30,Saturday,15:00 ,Newcastle,Liverpool  
35,346,Saturday 30 April 2022,2022,4,30,Saturday,15:00 ,Southampton,Crystal Palace 
35,347,Saturday 30 April 2022,2022,4,30,Saturday,15:00 ,Spurs,Leicester  
35,348,Saturday 30 April 2022,2022,4,30,Saturday,15:00 ,Watford,Burnley  
35,349,Saturday 30 April 2022,2022,4,30,Saturday,15:00 ,West Ham,Arsenal  
35,350,Saturday 30 April 2022,2022,4,30,Saturday,15:00 ,Wolves,Brighton  
36,351,Saturday 7 May 2022,2022,5,7,Saturday,15:00 ,Arsenal,Leeds  
36,352,Saturday 7 May 2022,2022,5,7,Saturday,15:00 ,Brentford,Southampton  
36,353,Saturday 7 May 2022,2022,5,7,Saturday,15:00 ,Brighton,Man Utd 
36,354,Saturday 7 May 2022,2022,5,7,Saturday,15:00 ,Burnley,Aston Villa  
36,355,Saturday 7 May 2022,2022,5,7,Saturday,15:00 ,Chelsea,Wolves  
36,356,Saturday 7 May 2022,2022,5,7,Saturday,15:00 ,Crystal Palace,Watford  
36,357,Saturday 7 May 2022,2022,5,7,Saturday,15:00 ,Leicester,Everton  
36,358,Saturday 7 May 2022,2022,5,7,Saturday,15:00 ,Liverpool,Spurs  
36,359,Saturday 7 May 2022,2022,5,7,Saturday,15:00 ,Man City,Newcastle  
36,360,Saturday 7 May 2022,2022,5,7,Saturday,15:00 ,Norwich,West Ham 
37,361,Sunday 15 May 2022,2022,5,15,Sunday,15:00 ,Aston Villa,Crystal Palace 
37,362,Sunday 15 May 2022,2022,5,15,Sunday,15:00 ,Everton,Brentford  
37,363,Sunday 15 May 2022,2022,5,15,Sunday,15:00 ,Leeds,Brighton  
37,364,Sunday 15 May 2022,2022,5,15,Sunday,15:00 ,Man Utd,Chelsea  
37,365,Sunday 15 May 2022,2022,5,15,Sunday,15:00 ,Newcastle,Arsenal  
37,366,Sunday 15 May 2022,2022,5,15,Sunday,15:00 ,Southampton,Liverpool  
37,367,Sunday 15 May 2022,2022,5,15,Sunday,15:00 ,Spurs,Burnley  
37,368,Sunday 15 May 2022,2022,5,15,Sunday,15:00 ,Watford,Leicester  
37,369,Sunday 15 May 2022,2022,5,15,Sunday,15:00 ,West Ham,Man City 
37,370,Sunday 15 May 2022,2022,5,15,Sunday,15:00 ,Wolves,Norwich  
38,371,Sunday 22 May 2022,2022,5,22,Sunday,16:00 ,Arsenal,Everton  
38,372,Sunday 22 May 2022,2022,5,22,Sunday,16:00 ,Brentford,Leeds  
38,373,Sunday 22 May 2022,2022,5,22,Sunday,16:00 ,Brighton,West Ham 
38,374,Sunday 22 May 2022,2022,5,22,Sunday,16:00 ,Burnley,Newcastle  
38,375,Sunday 22 May 2022,2022,5,22,Sunday,16:00 ,Chelsea,Watford  
38,376,Sunday 22 May 2022,2022,5,22,Sunday,16:00 ,Crystal Palace,Man Utd 
38,377,Sunday 22 May 2022,2022,5,22,Sunday,16:00 ,Leicester,Southampton  
38,378,Sunday 22 May 2022,2022,5,22,Sunday,16:00 ,Liverpool,Wolves  
38,379,Sunday 22 May 2022,2022,5,22,Sunday,16:00 ,Man City,Aston Villa  
38,380,Sunday 22 May 2022,2022,5,22,Sunday,16:00 ,Norwich,Spurs  
