bfsa_approve_status,approved_date,area,city,date_created,date_updated,district,division,food_type_name,image_name,location_name,name,police_station,shop_name,status,ward_no,zip_code
A,2019-01-22,Gulistan,"1/1, Bangabandhu Avenue, Gulistan, Dhaka-1000",2019-01-14,2019-01-22,Dhaka,Dhaka,Overall,no_image.jpg,Overall,New Rajdhani Hotel & Restaurant,,New Rajdhani Hotel & Restaurant,Active,,
B,2019-02-11,Motijheel,"12/A, Dilkusha, Motijheel, Dhaka",2019-01-14,2019-01-22,Dhaka,Dhaka,Overall,no_image.jpg,Overall,Hazrat Sah Chandrapuri Hotel & Restautant,,Hazrat Sah Chandrapuri Hotel & Restautant,Active,,
A,2019-01-22,Paltan ,"33 Naya Paltan VIP Road, Dhaka-1000",2019-01-16,2019-01-22,Dhaka,Dhaka,Overall,no_image.jpg,Overall,Midnight Sun-3,Paltan,Midnight Sun-3,Active,,1000.0
B,2019-02-11,Fakirapool ,"1, Fakirapool Exten. Motijheel, Dhaka-1000",2019-01-14,2019-01-22,Dhaka,Dhaka,Overall,no_image.jpg,Overall,New Al-Imam Restaurant,,New Al-Imam Restaurant,Active,,
A,2019-01-22,Paltan,"42/1/GA, Segun Bagicha",2019-01-14,2019-01-21,Dhaka,Dhaka,Overall,no_image.jpg,Overall,Bagicha Restaurant & Party Center,,Bagicha Restaurant & Party Center,Active,,
A,2019-01-22,Kakrail,"62, Pioneer Road, Kakrail, DHaka-1000",2019-01-14,2019-01-21,Dhaka,Dhaka,Overall,no_image.jpg,Overall,Sugandha Foods,,Sugandha Foods,Active,,
A,2019-01-22,Motijheel,"22, Motijheel, Dhaka-1000",2019-01-14,2019-01-21,Dhaka,Dhaka,Overall,no_image.jpg,Overall,Hirajheel Restaurant,,Hirajheel Restaurant,Active,,
A+,2019-01-22,Vatara,"Ka-9/A, Jagannathpur, Vatara, Dhaka-1229",2019-01-14,2019-01-26,Dhaka,Dhaka,Overall,no_image.jpg,Overall,Burger King (Vatara),Vatara,Burger King (Vatara),Active,,1229.0
A+,2019-01-22,Paltan,"212, Purana Paltan, Dhaka",2019-01-14,2019-01-22,Dhaka,Dhaka,Overall,no_image.jpg,Overall,FARS Hotel & Resorts,,FARS Hotel & Resorts,Active,,
A,2019-01-22,Motijheel,"38, Dilkusha, Motijheel, Dhaka-1000",2019-01-14,2019-01-22,Dhaka,Dhaka,Overall,no_image.jpg,Overall,Café Siddique,,Café Siddique,Active,,
A,2019-01-22,Motijheel,"28/1/C Toyenbee Circular Road, Motijheel, Dhaka-1000",2019-01-14,2019-01-22,Dhaka,Dhaka,Overall,no_image.jpg,Overall,Rahmania Rooftop Restaurant & Convention Hall,,Rahmania Rooftop Restaurant & Convention Hall,Active,,
A+,2019-01-21,Paltan,"8, Purana Paltan Mor, Dhaka-1000",2019-01-14,2019-01-21,Dhaka,Dhaka,Overall,,Overall,Hotel Kasturi (Pvt) Ltd.,paltan,Hotel Kasturi (Pvt) Ltd.,Active,,
A+,2019-01-22,Rampura,"2/3, D. I. T. Road, West Rampura",2019-01-16,,Dhaka,Dhaka,Overall,no_image.jpg,Overall,Al-Kaderia Resturent ,,Al-Kaderia Resturent ,Active,,1219.0
A,2019-01-22,Paltan,"345, Segun Bagicha, Dhaka-1000",2019-01-14,2019-01-21,Dhaka,Dhaka,Overall,no_image.jpg,Overall,Enjoy Restaurant & Fast Food,,Enjoy Restaurant & Fast Food,Active,,
A,2019-01-22,Motijheel,"71, Motijheel, DHaka-1000",2019-01-14,2019-01-21,Dhaka,Dhaka,Overall,no_image.jpg,Overall,New Café Jamuna Restaurant,,New Café Jamuna Restaurant,Active,,
A+,2019-01-22,Vatara,"Unit # 58, Shop # 007-9, Jamuna Future Park, Dhaka-1229",2019-01-14,2019-01-26,Dhaka,Dhaka,Overall,no_image.jpg,Overall,Burger King (Jamuna Future Park),Vatara,Burger King (Jamuna Future Park),Active,,1229.0
A+,2019-01-22,Dilkusha,"1, Dilkusha C/A, Dhaka-1000",2019-01-16,2019-01-22,Dhaka,Dhaka,Overall,no_image.jpg,Overall,Hotel Purbani International,Motijhil,Hotel Purbani International,Active,,1000.0
A,2019-01-22,Motijheel,"47, Dilkusha, Dhaka-1000",2019-01-14,2019-01-22,Dhaka,Dhaka,Overall,no_image.jpg,Overall,Jhalmukh Restora,,Jhalmukh Restora,Active,,
A,2019-01-22,Paltan,"33 Naya Palton Vip Road, Dhaka-1000",2019-01-14,2019-01-21,Dhaka,Dhaka,Overall,no_image.jpg,Overall,Dacca  Cuisine,,Dacca  Cuisine,Active,,
A,2019-01-22,Paltan,"3/4, Sabbir Tower, Purana Paltan, Dhaka-1000",2019-01-14,2019-01-21,Dhaka,Dhaka,Overall,no_image.jpg,Overall,New Zafran Restaurant ,,New Zafran Restaurant ,Active,,
A+,2019-01-21,Paltan,"210/211. Purana Paltan, Dhaka-1000",2019-01-14,2019-01-26,Dhaka,Dhaka,Overall,no_image.jpg,Overall,Handi (Purana Paltan),,Handi (Purana Paltan),Active,,1000.0
A+,2019-01-22,Gulistan,"65, Bangabandhu Avenue, Gulistan, Dhaka-1000",2019-01-14,2019-01-22,Dhaka,Dhaka,Overall,no_image.jpg,Overall,The Rajdhani Hotel & Resturent,,The Rajdhani Hotel & Resturent,Active,,
A,2019-01-22,Motijheel,"28, Rajuk Avenue, Dhaka-1000",2019-01-14,2019-01-21,Dhaka,Dhaka,Overall,no_image.jpg,Overall,Hazrat Sah Chandrapuri Hotel & Restautant,,Hazrat Sah Chandrapuri Hotel & Restautant,Active,,
A+,2019-01-17,Uttara,"Plot # 16, Shonargaon JanaPath Road, Sector # 9, Uttara, Dhaka-1230",2019-01-14,2019-01-26,Dhaka,Dhaka,Overall,no_image.jpg,Overall,Burger King (Uttara),Uttara,Burger King (Uttara),Active,,1230.0
A+,2019-01-22,Mirpur,"Plot # 1, Sectot # 2, Block # D, Sony International Ltd, Mirpur, Dhaka-1216",2019-01-14,2019-01-26,Dhaka,Dhaka,Overall,no_image.jpg,Overall,Burger King (Mirpur),Mirpur,Burger King (Mirpur),Active,,1216.0
A,2019-01-22,Fakirapool,"194 Fakirapool, Motijheel, Dhaka-1000",2019-01-14,2019-01-22,Dhaka,Dhaka,Overall,no_image.jpg,Overall,New Moon Hotel & Restaurant,,New Moon Hotel & Restaurant,Active,,
A+,2019-01-22,Paltan,"34/1, Purana Paltan, Dhaka",2019-01-14,2019-01-21,Dhaka,Dhaka,Overall,no_image.jpg,Overall,Asia Hotel & Resorts,,Asia Hotel & Resorts,Active,,
A,2019-01-22,Paltan,"54, Purana Paltan, Dhaka-1000",2019-01-14,2019-01-21,Dhaka,Dhaka,Overall,no_image.jpg,Overall,Café Bismillah Food Zone,,Café Bismillah Food Zone,Active,,
A+,2019-01-22,Paltan,"112, Purana Paltan, Dhaka",2019-01-16,2019-01-22,Dhaka,Dhaka,Overall,no_image.jpg,Overall,FARS Hotel & Resorts,Paltan,FARS Hotel & Resorts,Active,,1000.0
A,2019-01-22,Paltan,"28/A, Segun Bagicha, Dhaka-1000",2019-01-14,2019-01-21,Dhaka,Dhaka,Overall,no_image.jpg,Overall,Bhoj Banglar Shad,,Bhoj Banglar Shad,Active,,
A,2019-01-22,Paltan ,"14, Purana Paltan, Dhaka-1000",2019-01-14,2019-01-21,Dhaka,Dhaka,Overall,no_image.jpg,Overall,New Dhanshiri Restora,,New Dhanshiri Restora,Active,,
A+,2019-01-22,Banani,"House # 104, Block # C, Road # 11, Banani, Dhaka-1213",2019-01-14,2019-01-26,Dhaka,Dhaka,Overall,no_image.jpg,Overall,Burger King (Banani),Banani,Burger King (Banani),Active,,1213.0
A,2019-01-22,Gulistan,"7, Bangabandhu Avenue, Gulistan, Dhaka-1000",2019-01-14,2019-01-22,Dhaka,Dhaka,Overall,no_image.jpg,Overall,Rajdhani Hotel & Restaurent,,Rajdhani Hotel & Restaurent,Active,,
A,2019-01-22,Motijheel,"12, Dilkusha, Motijheel, Dhaka",2019-01-14,2019-01-21,Dhaka,Dhaka,Overall,no_image.jpg,Overall,New Café Motijheel,,New Café Motijheel,Active,,
A,2019-01-22,Paltan,"59/2, Purana Paltan, Dhaka-1000",2019-01-16,2019-01-21,Dhaka,Dhaka,Overall,no_image.jpg,Overall,Classic Food Lab Ltd,Paltan,Classic Food Lab Ltd,Active,,1000.0
A,2019-01-22,Paltan,"24/1, Bijoy Nagar, Dhaka-1000",2019-01-14,2019-01-21,Dhaka,Dhaka,Overall,no_image.jpg,Overall,New Café Noakhali Restaurant,,New Café Noakhali Restaurant,Active,,
A,2019-01-22,Fakirapool,"13, Fakirapool, Dhaka-1000",2019-01-16,2019-01-22,Dhaka,Dhaka,Overall,no_image.jpg,Overall,Radhuni Bilash Restora,,Radhuni Bilash Restora,Active,,1000.0
A+,2019-01-21,Kakrail,"62, Pioneer Road, Kakrail, Dhaka-1000",2019-01-14,2019-01-21,Dhaka,Dhaka,Overall,no_image.jpg,Overall,Kinnori Restaurant,,Kinnori Restaurant,Active,,1000.0
A,2019-01-22,Motijheel,"48/1, Eusuf Bhaban, Motijheel, DHaka-1000",2019-01-14,2019-01-21,Dhaka,Dhaka,Overall,no_image.jpg,Overall,Khans Hotel & Restaurant,,Khans Hotel & Restaurant,Active,,
A+,2019-01-22,Gulshan- 2,"Gulshan Tower, Plot # 1, Road # 31, Gulshan North C/A, Gulshan-2, Dhaka-1212",2019-01-14,2019-01-26,Dhaka,Dhaka,Overall,no_image.jpg,Overall,Burger King (Gulshan),Gulshan,Burger King (Gulshan),Active,,
A,2019-01-22,Paltan,"54, Purana Paltan, Dhaka-1000",2019-01-16,2019-01-21,Dhaka,Dhaka,Overall,no_image.jpg,Overall,Vojon Restaurant,Paltan,Vojon Restaurant,Active,,1000.0
A,2019-01-22,Motijheel,"22, Dilkusha, Motijheel, Dhaka-1000",2019-01-14,2019-01-22,Dhaka,Dhaka,Overall,no_image.jpg,Overall,M/S Café Dilkusha,,M/S Café Dilkusha,Active,,
A+,2019-01-22,Paltan,"1-1/1, Naya Paltan, Dhaka-1000",2019-01-14,2019-01-21,Dhaka,Dhaka,Overall,no_image.jpg,Overall,Weston Restaurant,,Weston Restaurant,Active,,
A,2019-01-22,Paltan,"213, Shohid Nazrul Islam Soroni, Purana Paltan, Dhaka-1000",2019-01-14,2019-01-21,Dhaka,Dhaka,Overall,no_image.jpg,Overall,GFC Resturent,,GFC Resturent,Active,,
A,2019-01-22,Paltan,"20, Topkhana Road, Press Club, Dhaka-1000",2019-01-14,2019-01-21,Dhaka,Dhaka,Overall,no_image.jpg,Overall,New Moghol Dorbar Restora,,New Moghol Dorbar Restora,Active,,
A,2019-01-22,Kakrail,"47, Kakrail, Ramna, Dhaka-1000",2019-01-14,2019-01-22,Dhaka,Dhaka,Overall,no_image.jpg,Overall,Bipasha Hotel & Restaurant,,Bipasha Hotel & Restaurant,Active,,
A,2019-01-22,Motijheel,"9/A, Toyenbee Circuler Road, Motijheel C/A, Dhaka-1000",2019-01-14,2019-01-21,Dhaka,Dhaka,Bangla,no_image.jpg,Overall,Café Mowla,,Café Mowla,Active,,
A+,2019-01-22,Dhanmondi,"Plot # 43, Road # 2/A, Dhanmondi, Dhaka-1209",2019-01-14,2019-01-26,Dhaka,Dhaka,Overall,no_image.jpg,Overall,Burger King (Dhanmondi),Dhanmondi,Burger King (Dhanmondi),Active,,1209.0
A,2019-01-22,Paltan,"Hossain Tower, 12th Floor, Plot # 116, Naya Palton, Dhaka-1000",2019-01-16,2019-01-21,Dhaka,Dhaka,Overall,no_image.jpg,Overall,Seagull Restaurant,Paltan,Seagull Restaurant,Active,,1000.0
A,2019-01-22,Motijheel,"28/A-2, Toyenbee Circuler Road, Motijheel C/A, Dhaka-1000",2019-01-14,2019-01-21,Dhaka,Dhaka,Overall,no_image.jpg,Overall,Bangla Restaurant,,Bangla Restaurant,Active,,
A+,2019-01-22,Paltan,"68, Purana Paltan, Dhaka",2019-01-14,2019-01-21,Dhaka,Dhaka,Overall,no_image.jpg,Overall,KFC,,KFC,Active,,
A,2019-01-22,Paltan,"59/1, Purana Paltan, Dhaka-1000",2019-01-14,2019-01-22,Dhaka,Dhaka,Overall,no_image.jpg,Overall,Khana Basmoti,,Khana Basmoti,Active,,
A,2019-01-22,Rampura,"2/3,  East Rampura, D.I.T. Road, Dhaka-1219",2019-01-16,2019-01-21,Dhaka,Dhaka,Overall,no_image.jpg,Overall,Al Kaderia Cafe Restora,Rampura,Al Kaderia Cafe Restora,Active,,1219.0
A,2019-01-22,Gulistan,"7, Bangabandhu Avenue, Gulistan, Dhaka-1000",2019-01-14,2019-01-22,Dhaka,Dhaka,Overall,no_image.jpg,Overall,Raj Hotel & Restaurant,,Raj Hotel & Restaurant,Active,,
A,2019-01-22,Motijheel,"3, D.I.T Avenue, Motijheel, Dhaka-1000",2019-01-14,2019-01-21,Dhaka,Dhaka,Overall,no_image.jpg,Overall,Dawat-E Mejban,,Dawat-E Mejban,Active,,
A,2019-01-22,Paltan,"30, Bijoy Nagar, Dhaka-1000",2019-01-16,2019-01-21,Dhaka,Dhaka,Overall,no_image.jpg,Overall,Mowri Restaurant,Paltan,Mowri Restaurant,Active,,1000.0
A,2019-01-22,Fakirapool,"6, Fakirapool, Dhaka-1000",2019-01-14,2019-01-21,Dhaka,Dhaka,Overall,no_image.jpg,Overall,The Gausia Hotel & Restaurant,,The Gausia Hotel & Restaurant,Active,,
