number,first_name,last_name,succeeded,date_start,date_end,end_reason,bool_chief,president,gender
1,John,Jay,Inaugural,10/19/1789,6/25/1795,Resigned,1,George Washington,male
2,John,Rutledge,Inaugural,2/15/1790,3/4/1791,Resigned,0,George Washington,male
3,William,Cushing,Inaugural,2/2/1790,9/13/1810,Died,0,George Washington,male
4,James,Wilson,Inaugural,10/5/1789,8/21/1798,Died,0,George Washington,male
5,John,Blair,Inaugural,2/2/1790,10/25/1795,Resigned,0,George Washington,male
6,James,Iredell,Inaugural,5/12/1790,10/20/1799,Died,0,George Washington,male
7,Thomas,Johnson,2,8/6/1792,1/16/1793,Resigned,0,George Washington,male
8,William,Paterson,7,3/11/1793,9/8/1806,Died,0,George Washington,male
2,John,Rutledge,1,8/12/1795,12/28/1795,Resigned,1,George Washington,male
9,Samuel,Chase,6,2/4/1796,6/19/1811,Died,0,George Washington,male
10,Oliver,Ellsworth,2,3/8/1796,10/15/1800,Resigned,1,George Washington,male
11,Bushrod,Washington,4,11/9/1798,11/26/1829,Died,0,John Adams,male
12,Alfred,Moore,7,4/21/1800,1/26/1804,Resigned,0,John Adams,male
13,John,Marshall,10,2/4/1801,7/6/1835,Died,1,John Adams,male
14,William,Johnson,12,5/7/1804,8/4/1834,Died,0,Thomas Jefferson,male
15,Henry,Livingston,8,10/20/1807,3/18/1823,Died,0,Thomas Jefferson,male
16,Thomas,Todd,New Seat,3/3/1807,2/7/1826,Died,0,Thomas Jefferson,male
17,Gabriel,Duvall,9,11/23/1811,1/12/1835,Resigned,0,James Madison,male
18,Joseph,Story,3,2/3/1812,9/10/1845,Died,0,James Madison,male
19,Smith,Thompson,15,9/1/1823,12/18/1843,Died,0,James Monroe,male
20,Robert,Trimble,16,6/16/1826,8/25/1828,Died,0,John Quincy Adams,male
21,John,McLean,20,1/11/1830,4/4/1861,Died,0,Andrew Jackson,male
22,Henry,Baldwin,11,1/18/1830,4/21/1844,Died,0,Andrew Jackson,male
23,James,Wayne,14,1/14/1835,7/5/1867,Died,0,Andrew Jackson,male
24,Roger,Taney,13,3/28/1836,10/12/1864,Died,1,Andrew Jackson,male
25,Philip,Barbour,17,5/12/1836,2/25/1841,Died,0,Andrew Jackson,male
26,John,Catron,New Seat,5/1/1837,5/30/1865,Died,0,Andrew Jackson,male
27,John,McKinley,New Seat,1/9/1838,7/19/1852,Died,0,Martin Van Buren,male
28,Peter,Daniel,New Seat,1/10/1842,5/31/1860,Died,0,Martin Van Buren,male
29,Samuel,Nelson,19,2/27/1845,11/28/1872,Retired,0,John Tyler,male
30,Levi,Woodbury,18,9/23/1845,9/4/1851,Died,0,James K. Polk,male
31,Robert,Grier,22,8/10/1846,1/31/1870,Retired,0,James K. Polk,male
32,Benjamin,Curtis,30,10/10/1851,9/30/1857,Resigned,0,Millard Fillmore,male
33,John,Campbell,27,4/11/1853,4/30/1861,Resigned,0,Franklin Pierce,male
34,Nathan,Clifford,32,1/21/1858,7/25/1881,Died,0,James Buchanan,male
35,Noah,Swayne,21,1/27/1862,1/24/1881,Retired,0,Abraham Lincoln,male
36,Samuel,Miller,28,7/21/1862,10/13/1890,Died,0,Abraham Lincoln,male
37,David,Davis,33,12/10/1862,3/4/1877,Resigned,0,Abraham Lincoln,male
38,Stephen,Field,New Seat,5/10/1863,12/1/1897,Retired,0,Abraham Lincoln,male
39,Salmon,Chase,24,12/15/1864,5/7/1873,Died,1,Abraham Lincoln,male
40,William,Strong,31,4/14/1870,12/14/1880,Retired,0,Ulysses S. Grant,male
41,Joseph,Bradley,New Seat,3/23/1870,1/22/1892,Died,0,Ulysses S. Grant,male
42,Ward,Hunt,29,1/9/1873,1/27/1882,Retired,0,Ulysses S. Grant,male
43,Morrison,Waite,39,3/4/1874,3/23/1888,Died,1,Ulysses S. Grant,male
44,John,Harlan,37,12/10/1877,10/14/1911,Died,0,Rutherford B. Hayes,male
45,William,Woods,40,1/5/1881,5/14/1887,Died,0,Rutherford B. Hayes,male
46,Stanley,Matthews,35,5/17/1881,3/22/1889,Died,0,James A. Garfield,male
47,Horace,Gray,34,1/9/1882,9/15/1902,Died,0,Chester A. Arthur,male
48,Samuel,Blatchford,42,4/3/1882,7/7/1893,Died,0,Chester A. Arthur,male
49,Lucius,Lamar,45,1/18/1888,1/23/1893,Died,0,Grover Cleveland,male
50,Melville,Fuller,43,10/8/1888,7/4/1910,Died,1,Grover Cleveland,male
51,David,Brewer,46,1/6/1890,3/28/1910,Died,0,Benjamin Harrison,male
52,Henry,Brown,36,1/5/1891,5/28/1906,Retired,0,Benjamin Harrison,male
53,George,Shiras,41,10/10/1892,2/23/1903,Retired,0,Benjamin Harrison,male
54,Howell,Jackson,49,3/4/1893,8/8/1895,Died,0,Benjamin Harrison,male
55,Edward,White,48,3/12/1894,12/18/1910,Continued as Chief,0,Grover Cleveland,male
56,Rufus,Peckham,54,1/6/1896,10/24/1909,Died,0,Grover Cleveland,male
57,Joseph,McKenna,38,1/26/1898,1/5/1925,Retired,0,William McKinley,male
58,Oliver,Holmes,47,12/8/1902,1/12/1932,Retired,0,Theodore Roosevelt,male
59,William,Day,53,3/2/1903,11/13/1922,Retired,0,Theodore Roosevelt,male
60,William,Moody,52,12/17/1906,11/20/1910,Retired,0,Theodore Roosevelt,male
61,Horace,Lurton,56,1/3/1910,7/12/1914,Died,0,William Howard Taft,male
62,Charles,Hughes,51,10/10/1910,6/10/1916,Resigned,0,William Howard Taft,male
55,Edward,White,50,12/19/1910,5/19/1921,Died,1,William Howard Taft,male
63,Willis,Van Devanter,55,1/3/1911,6/2/1937,Retired,0,William Howard Taft,male
64,Joseph,Lamar,60,1/3/1911,1/2/1916,Died,0,William Howard Taft,male
65,Mahlon,Pitney,44,3/18/1912,12/31/1922,Resigned,0,William Howard Taft,male
66,James,McReynolds,61,10/12/1914,1/31/1941,Retired,0,Woodrow Wilson,male
67,Louis,Brandeis,64,6/5/1916,2/13/1939,Retired,0,Woodrow Wilson,male
68,John,Clarke,62,10/9/1916,9/18/1922,Retired,0,Woodrow Wilson,male
69,William,Taft,55,7/11/1921,2/3/1930,Retired,1,Warren G. Harding,male
70,George,Sutherland,68,10/2/1922,1/17/1938,Retired,0,Warren G. Harding,male
71,Pierce,Butler,59,1/2/1923,11/16/1939,Died,0,Warren G. Harding,male
72,Edward,Sanford,65,2/19/1923,3/8/1930,Died,0,Warren G. Harding,male
73,Harlan,Stone,57,3/2/1925,7/2/1941,Continued as Chief,0,Calvin Coolidge,male
62,Charles,Hughes,69,2/24/1930,6/30/1945,Retired,1,Herbert Hoover,male
74,Owen,Roberts,72,6/2/1930,7/31/1945,Resigned,0,Herbert Hoover,male
75,Benjamin,Cardozo,58,3/14/1932,7/9/1938,Died,0,Herbert Hoover,male
76,Hugo,Black,63,8/19/1937,9/17/1971,Retired,0,Franklin D. Roosevelt,male
77,Stanley,Reed,70,1/31/1938,2/25/1957,Retired,0,Franklin D. Roosevelt,male
78,Felix,Frankfurter,75,1/30/1939,8/28/1962,Retired,0,Franklin D. Roosevelt,male
79,William,Douglas,67,4/17/1939,11/12/1975,Retired,0,Franklin D. Roosevelt,male
80,Frank,Murphy,71,2/5/1940,7/19/1949,Died,0,Franklin D. Roosevelt,male
73,Harlan,Stone,62,7/3/1941,4/22/1946,Died,1,Franklin D. Roosevelt,male
81,James,Byrnes,66,7/8/1941,10/3/1942,Resigned,0,Franklin D. Roosevelt,male
82,Robert,Jackson,73,7/11/1941,10/9/1954,Died,0,Franklin D. Roosevelt,male
83,Wiley,Rutledge,81,2/15/1943,9/10/1949,Died,0,Franklin D. Roosevelt,male
84,Harold,Burton,74,10/1/1945,10/13/1958,Retired,0,Harry S. Truman,male
85,Fred,Vinson,73,6/24/1946,9/8/1953,Died,1,Harry S. Truman,male
86,Tom,Clark,80,8/24/1949,6/12/1967,Retired,0,Harry S. Truman,male
87,Sherman,Minton,83,10/12/1949,10/15/1956,Retired,0,Harry S. Truman,male
88,Earl,Warren,85,10/5/1953,6/23/1969,Retired,1,Dwight D. Eisenhower,male
89,John,Harlan,82,3/28/1955,9/23/1971,Retired,0,Dwight D. Eisenhower,male
90,William,Brennan,87,10/16/1956,7/20/1990,Retired,0,Dwight D. Eisenhower,male
91,Charles,Whittaker,77,3/25/1957,3/31/1962,Retired,0,Dwight D. Eisenhower,male
92,Potter,Stewart,84,10/14/1958,7/3/1981,Retired,0,Dwight D. Eisenhower,male
93,Byron,White,91,4/16/1962,6/28/1993,Retired,0,John F. Kennedy,male
94,Arthur,Goldberg,78,10/1/1962,7/25/1965,Resigned,0,John F. Kennedy,male
95,Abe,Fortas,94,10/4/1965,5/14/1969,Resigned,0,Lyndon B. Johnson,male
96,Thurgood,Marshall,86,10/2/1967,10/1/1991,Retired,0,Lyndon B. Johnson,male
97,Warren,Burger,88,6/23/1969,9/26/1986,Retired,1,Richard Nixon,male
98,Harry,Blackmun,95,6/9/1970,8/3/1994,Retired,0,Richard Nixon,male
99,Lewis,Powell,76,1/7/1972,6/26/1987,Retired,0,Richard Nixon,male
100,William,Rehnquist,89,1/7/1972,9/26/1986,Continued as Chief,0,Richard Nixon,male
101,John Paul,Stevens,79,10/19/1975,6/29/2010,Retired,0,Gerald Ford,male
102,Sandra,O'Connor,92,9/25/1981,1/31/2006,Retired,0,Ronald Reagan,female
100,William,Rehnquist,97,9/26/1986,9/3/2005,Died,1,Ronald Reagan,male
103,Antonin,Scalia,89,9/17/1986,3/13/2016,Died,0,Ronald Reagan,male
104,Anthony,Kennedy,99,2/18/1988,7/31/2018,Retired,0,Ronald Reagan,male
105,David,Souter,90,10/9/1990,6/29/2009,Retired,0,George H.W. Bush,male
106,Clarence,Thomas,96,10/23/1991,10/25/2021,Incumbent,0,George H.W. Bush,male
107,Ruth,Ginsburg,93,8/10/1993,9/18/2020,Died,0,Bill Clinton,female
108,Stephen,Breyer,98,8/3/1994,10/25/2021,Incumbent,0,Bill Clinton,male
109,John,Roberts,100,9/29/2005,10/25/2021,Incumbent,1,George W. Bush,male
110,Samuel,Alito,102,1/31/2006,10/25/2021,Incumbent,0,George W. Bush,male
111,Sonia,Sotomayor,105,8/8/2009,10/25/2021,Incumbent,0,Barack Obama,female
112,Elena,Kagan,101,8/5/2010,10/25/2021,Incumbent,0,Barack Obama,female
113,Neil,Gorsuch,103,4/10/2017,10/25/2021,Incumbent,0,Donald Trump,male
114,Brett,Kavanaugh,104,10/6/2018,10/25/2021,Incumbent,0,Donald Trump,male
115,Amy,Barrett,107,10/27/2020,10/25/2021,Incumbent,0,Donald Trump,female