State_Code,Date,cases,Province_State
.C.,2020-01-22,0,District of Columbia
.C.,2020-01-23,0,District of Columbia
.C.,2020-01-24,0,District of Columbia
.C.,2020-01-25,0,District of Columbia
.C.,2020-01-26,0,District of Columbia
.C.,2020-01-27,0,District of Columbia
.C.,2020-01-28,0,District of Columbia
.C.,2020-01-29,0,District of Columbia
.C.,2020-01-30,0,District of Columbia
.C.,2020-01-31,0,District of Columbia
.C.,2020-02-01,0,District of Columbia
.C.,2020-02-02,0,District of Columbia
.C.,2020-02-03,0,District of Columbia
.C.,2020-02-04,0,District of Columbia
.C.,2020-02-05,0,District of Columbia
.C.,2020-02-06,0,District of Columbia
.C.,2020-02-07,0,District of Columbia
.C.,2020-02-08,0,District of Columbia
.C.,2020-02-09,0,District of Columbia
.C.,2020-02-10,0,District of Columbia
.C.,2020-02-11,0,District of Columbia
.C.,2020-02-12,0,District of Columbia
.C.,2020-02-13,0,District of Columbia
.C.,2020-02-14,0,District of Columbia
.C.,2020-02-15,0,District of Columbia
.C.,2020-02-16,0,District of Columbia
.C.,2020-02-17,0,District of Columbia
.C.,2020-02-18,0,District of Columbia
.C.,2020-02-19,0,District of Columbia
.C.,2020-02-20,0,District of Columbia
.C.,2020-02-21,0,District of Columbia
.C.,2020-02-22,0,District of Columbia
.C.,2020-02-23,0,District of Columbia
.C.,2020-02-24,0,District of Columbia
.C.,2020-02-25,0,District of Columbia
.C.,2020-02-26,0,District of Columbia
.C.,2020-02-27,0,District of Columbia
.C.,2020-02-28,0,District of Columbia
.C.,2020-02-29,0,District of Columbia
.C.,2020-03-01,0,District of Columbia
.C.,2020-03-02,0,District of Columbia
.C.,2020-03-03,0,District of Columbia
.C.,2020-03-04,0,District of Columbia
.C.,2020-03-05,0,District of Columbia
.C.,2020-03-06,0,District of Columbia
.C.,2020-03-07,0,District of Columbia
.C.,2020-03-08,2,District of Columbia
.C.,2020-03-09,2,District of Columbia
AZ,2020-01-22,0,Arizona
AZ,2020-01-23,0,Arizona
AZ,2020-01-24,0,Arizona
AZ,2020-01-25,0,Arizona
AZ,2020-01-26,1,Arizona
AZ,2020-01-27,1,Arizona
AZ,2020-01-28,1,Arizona
AZ,2020-01-29,1,Arizona
AZ,2020-01-30,1,Arizona
AZ,2020-01-31,1,Arizona
AZ,2020-02-01,1,Arizona
AZ,2020-02-02,1,Arizona
AZ,2020-02-03,1,Arizona
AZ,2020-02-04,1,Arizona
AZ,2020-02-05,1,Arizona
AZ,2020-02-06,1,Arizona
AZ,2020-02-07,1,Arizona
AZ,2020-02-08,1,Arizona
AZ,2020-02-09,1,Arizona
AZ,2020-02-10,1,Arizona
AZ,2020-02-11,1,Arizona
AZ,2020-02-12,1,Arizona
AZ,2020-02-13,1,Arizona
AZ,2020-02-14,1,Arizona
AZ,2020-02-15,1,Arizona
AZ,2020-02-16,1,Arizona
AZ,2020-02-17,1,Arizona
AZ,2020-02-18,1,Arizona
AZ,2020-02-19,1,Arizona
AZ,2020-02-20,1,Arizona
AZ,2020-02-21,1,Arizona
AZ,2020-02-22,1,Arizona
AZ,2020-02-23,1,Arizona
AZ,2020-02-24,1,Arizona
AZ,2020-02-25,1,Arizona
AZ,2020-02-26,1,Arizona
AZ,2020-02-27,1,Arizona
AZ,2020-02-28,1,Arizona
AZ,2020-02-29,1,Arizona
AZ,2020-03-01,1,Arizona
AZ,2020-03-02,1,Arizona
AZ,2020-03-03,1,Arizona
AZ,2020-03-04,1,Arizona
AZ,2020-03-05,1,Arizona
AZ,2020-03-06,2,Arizona
AZ,2020-03-07,4,Arizona
AZ,2020-03-08,4,Arizona
AZ,2020-03-09,4,Arizona
CA,2020-01-22,0,California
CA,2020-01-23,0,California
CA,2020-01-24,0,California
CA,2020-01-25,0,California
CA,2020-01-26,2,California
CA,2020-01-27,2,California
CA,2020-01-28,2,California
CA,2020-01-29,2,California
CA,2020-01-30,2,California
CA,2020-01-31,3,California
CA,2020-02-01,3,California
CA,2020-02-02,3,California
CA,2020-02-03,6,California
CA,2020-02-04,6,California
CA,2020-02-05,6,California
CA,2020-02-06,6,California
CA,2020-02-07,6,California
CA,2020-02-08,6,California
CA,2020-02-09,6,California
CA,2020-02-10,6,California
CA,2020-02-11,7,California
CA,2020-02-12,7,California
CA,2020-02-13,8,California
CA,2020-02-14,8,California
CA,2020-02-15,8,California
CA,2020-02-16,8,California
CA,2020-02-17,8,California
CA,2020-02-18,8,California
CA,2020-02-19,8,California
CA,2020-02-20,8,California
CA,2020-02-21,10,California
CA,2020-02-22,10,California
CA,2020-02-23,10,California
CA,2020-02-24,10,California
CA,2020-02-25,10,California
CA,2020-02-26,10,California
CA,2020-02-27,11,California
CA,2020-02-28,11,California
CA,2020-02-29,12,California
CA,2020-03-01,12,California
CA,2020-03-02,21,California
CA,2020-03-03,25,California
CA,2020-03-04,35,California
CA,2020-03-05,51,California
CA,2020-03-06,59,California
CA,2020-03-07,81,California
CA,2020-03-08,95,California
CA,2020-03-09,101,California
CO,2020-01-22,0,Colorado
CO,2020-01-23,0,Colorado
CO,2020-01-24,0,Colorado
CO,2020-01-25,0,Colorado
CO,2020-01-26,0,Colorado
CO,2020-01-27,0,Colorado
CO,2020-01-28,0,Colorado
CO,2020-01-29,0,Colorado
CO,2020-01-30,0,Colorado
CO,2020-01-31,0,Colorado
CO,2020-02-01,0,Colorado
CO,2020-02-02,0,Colorado
CO,2020-02-03,0,Colorado
CO,2020-02-04,0,Colorado
CO,2020-02-05,0,Colorado
CO,2020-02-06,0,Colorado
CO,2020-02-07,0,Colorado
CO,2020-02-08,0,Colorado
CO,2020-02-09,0,Colorado
CO,2020-02-10,0,Colorado
CO,2020-02-11,0,Colorado
CO,2020-02-12,0,Colorado
CO,2020-02-13,0,Colorado
CO,2020-02-14,0,Colorado
CO,2020-02-15,0,Colorado
CO,2020-02-16,0,Colorado
CO,2020-02-17,0,Colorado
CO,2020-02-18,0,Colorado
CO,2020-02-19,0,Colorado
CO,2020-02-20,0,Colorado
CO,2020-02-21,0,Colorado
CO,2020-02-22,0,Colorado
CO,2020-02-23,0,Colorado
CO,2020-02-24,0,Colorado
CO,2020-02-25,0,Colorado
CO,2020-02-26,0,Colorado
CO,2020-02-27,0,Colorado
CO,2020-02-28,0,Colorado
CO,2020-02-29,0,Colorado
CO,2020-03-01,0,Colorado
CO,2020-03-02,0,Colorado
CO,2020-03-03,0,Colorado
CO,2020-03-04,0,Colorado
CO,2020-03-05,0,Colorado
CO,2020-03-06,3,Colorado
CO,2020-03-07,7,Colorado
CO,2020-03-08,7,Colorado
CO,2020-03-09,7,Colorado
FL,2020-01-22,0,Florida
FL,2020-01-23,0,Florida
FL,2020-01-24,0,Florida
FL,2020-01-25,0,Florida
FL,2020-01-26,0,Florida
FL,2020-01-27,0,Florida
FL,2020-01-28,0,Florida
FL,2020-01-29,0,Florida
FL,2020-01-30,0,Florida
FL,2020-01-31,0,Florida
FL,2020-02-01,0,Florida
FL,2020-02-02,0,Florida
FL,2020-02-03,0,Florida
FL,2020-02-04,0,Florida
FL,2020-02-05,0,Florida
FL,2020-02-06,0,Florida
FL,2020-02-07,0,Florida
FL,2020-02-08,0,Florida
FL,2020-02-09,0,Florida
FL,2020-02-10,0,Florida
FL,2020-02-11,0,Florida
FL,2020-02-12,0,Florida
FL,2020-02-13,0,Florida
FL,2020-02-14,0,Florida
FL,2020-02-15,0,Florida
FL,2020-02-16,0,Florida
FL,2020-02-17,0,Florida
FL,2020-02-18,0,Florida
FL,2020-02-19,0,Florida
FL,2020-02-20,0,Florida
FL,2020-02-21,0,Florida
FL,2020-02-22,0,Florida
FL,2020-02-23,0,Florida
FL,2020-02-24,0,Florida
FL,2020-02-25,0,Florida
FL,2020-02-26,0,Florida
FL,2020-02-27,0,Florida
FL,2020-02-28,0,Florida
FL,2020-02-29,0,Florida
FL,2020-03-01,0,Florida
FL,2020-03-02,1,Florida
FL,2020-03-03,2,Florida
FL,2020-03-04,2,Florida
FL,2020-03-05,3,Florida
FL,2020-03-06,3,Florida
FL,2020-03-07,7,Florida
FL,2020-03-08,10,Florida
FL,2020-03-09,13,Florida
GA,2020-01-22,0,Georgia
GA,2020-01-23,0,Georgia
GA,2020-01-24,0,Georgia
GA,2020-01-25,0,Georgia
GA,2020-01-26,0,Georgia
GA,2020-01-27,0,Georgia
GA,2020-01-28,0,Georgia
GA,2020-01-29,0,Georgia
GA,2020-01-30,0,Georgia
GA,2020-01-31,0,Georgia
GA,2020-02-01,0,Georgia
GA,2020-02-02,0,Georgia
GA,2020-02-03,0,Georgia
GA,2020-02-04,0,Georgia
GA,2020-02-05,0,Georgia
GA,2020-02-06,0,Georgia
GA,2020-02-07,0,Georgia
GA,2020-02-08,0,Georgia
GA,2020-02-09,0,Georgia
GA,2020-02-10,0,Georgia
GA,2020-02-11,0,Georgia
GA,2020-02-12,0,Georgia
GA,2020-02-13,0,Georgia
GA,2020-02-14,0,Georgia
GA,2020-02-15,0,Georgia
GA,2020-02-16,0,Georgia
GA,2020-02-17,0,Georgia
GA,2020-02-18,0,Georgia
GA,2020-02-19,0,Georgia
GA,2020-02-20,0,Georgia
GA,2020-02-21,0,Georgia
GA,2020-02-22,0,Georgia
GA,2020-02-23,0,Georgia
GA,2020-02-24,0,Georgia
GA,2020-02-25,0,Georgia
GA,2020-02-26,0,Georgia
GA,2020-02-27,0,Georgia
GA,2020-02-28,0,Georgia
GA,2020-02-29,0,Georgia
GA,2020-03-01,0,Georgia
GA,2020-03-02,0,Georgia
GA,2020-03-03,2,Georgia
GA,2020-03-04,2,Georgia
GA,2020-03-05,2,Georgia
GA,2020-03-06,3,Georgia
GA,2020-03-07,5,Georgia
GA,2020-03-08,5,Georgia
GA,2020-03-09,10,Georgia
HI,2020-01-22,0,Hawaii
HI,2020-01-23,0,Hawaii
HI,2020-01-24,0,Hawaii
HI,2020-01-25,0,Hawaii
HI,2020-01-26,0,Hawaii
HI,2020-01-27,0,Hawaii
HI,2020-01-28,0,Hawaii
HI,2020-01-29,0,Hawaii
HI,2020-01-30,0,Hawaii
HI,2020-01-31,0,Hawaii
HI,2020-02-01,0,Hawaii
HI,2020-02-02,0,Hawaii
HI,2020-02-03,0,Hawaii
HI,2020-02-04,0,Hawaii
HI,2020-02-05,0,Hawaii
HI,2020-02-06,0,Hawaii
HI,2020-02-07,0,Hawaii
HI,2020-02-08,0,Hawaii
HI,2020-02-09,0,Hawaii
HI,2020-02-10,0,Hawaii
HI,2020-02-11,0,Hawaii
HI,2020-02-12,0,Hawaii
HI,2020-02-13,0,Hawaii
HI,2020-02-14,0,Hawaii
HI,2020-02-15,0,Hawaii
HI,2020-02-16,0,Hawaii
HI,2020-02-17,0,Hawaii
HI,2020-02-18,0,Hawaii
HI,2020-02-19,0,Hawaii
HI,2020-02-20,0,Hawaii
HI,2020-02-21,0,Hawaii
HI,2020-02-22,0,Hawaii
HI,2020-02-23,0,Hawaii
HI,2020-02-24,0,Hawaii
HI,2020-02-25,0,Hawaii
HI,2020-02-26,0,Hawaii
HI,2020-02-27,0,Hawaii
HI,2020-02-28,0,Hawaii
HI,2020-02-29,0,Hawaii
HI,2020-03-01,0,Hawaii
HI,2020-03-02,0,Hawaii
HI,2020-03-03,0,Hawaii
HI,2020-03-04,0,Hawaii
HI,2020-03-05,0,Hawaii
HI,2020-03-06,0,Hawaii
HI,2020-03-07,1,Hawaii
HI,2020-03-08,1,Hawaii
HI,2020-03-09,1,Hawaii
IA,2020-01-22,0,Iowa
IA,2020-01-23,0,Iowa
IA,2020-01-24,0,Iowa
IA,2020-01-25,0,Iowa
IA,2020-01-26,0,Iowa
IA,2020-01-27,0,Iowa
IA,2020-01-28,0,Iowa
IA,2020-01-29,0,Iowa
IA,2020-01-30,0,Iowa
IA,2020-01-31,0,Iowa
IA,2020-02-01,0,Iowa
IA,2020-02-02,0,Iowa
IA,2020-02-03,0,Iowa
IA,2020-02-04,0,Iowa
IA,2020-02-05,0,Iowa
IA,2020-02-06,0,Iowa
IA,2020-02-07,0,Iowa
IA,2020-02-08,0,Iowa
IA,2020-02-09,0,Iowa
IA,2020-02-10,0,Iowa
IA,2020-02-11,0,Iowa
IA,2020-02-12,0,Iowa
IA,2020-02-13,0,Iowa
IA,2020-02-14,0,Iowa
IA,2020-02-15,0,Iowa
IA,2020-02-16,0,Iowa
IA,2020-02-17,0,Iowa
IA,2020-02-18,0,Iowa
IA,2020-02-19,0,Iowa
IA,2020-02-20,0,Iowa
IA,2020-02-21,0,Iowa
IA,2020-02-22,0,Iowa
IA,2020-02-23,0,Iowa
IA,2020-02-24,0,Iowa
IA,2020-02-25,0,Iowa
IA,2020-02-26,0,Iowa
IA,2020-02-27,0,Iowa
IA,2020-02-28,0,Iowa
IA,2020-02-29,0,Iowa
IA,2020-03-01,0,Iowa
IA,2020-03-02,0,Iowa
IA,2020-03-03,0,Iowa
IA,2020-03-04,0,Iowa
IA,2020-03-05,0,Iowa
IA,2020-03-06,0,Iowa
IA,2020-03-07,0,Iowa
IA,2020-03-08,0,Iowa
IA,2020-03-09,3,Iowa
IL,2020-01-22,0,Illinois
IL,2020-01-23,0,Illinois
IL,2020-01-24,1,Illinois
IL,2020-01-25,1,Illinois
IL,2020-01-26,1,Illinois
IL,2020-01-27,1,Illinois
IL,2020-01-28,1,Illinois
IL,2020-01-29,1,Illinois
IL,2020-01-30,1,Illinois
IL,2020-01-31,2,Illinois
IL,2020-02-01,2,Illinois
IL,2020-02-02,2,Illinois
IL,2020-02-03,2,Illinois
IL,2020-02-04,2,Illinois
IL,2020-02-05,2,Illinois
IL,2020-02-06,2,Illinois
IL,2020-02-07,2,Illinois
IL,2020-02-08,2,Illinois
IL,2020-02-09,2,Illinois
IL,2020-02-10,2,Illinois
IL,2020-02-11,2,Illinois
IL,2020-02-12,2,Illinois
IL,2020-02-13,2,Illinois
IL,2020-02-14,2,Illinois
IL,2020-02-15,2,Illinois
IL,2020-02-16,2,Illinois
IL,2020-02-17,2,Illinois
IL,2020-02-18,2,Illinois
IL,2020-02-19,2,Illinois
IL,2020-02-20,2,Illinois
IL,2020-02-21,2,Illinois
IL,2020-02-22,2,Illinois
IL,2020-02-23,2,Illinois
IL,2020-02-24,2,Illinois
IL,2020-02-25,2,Illinois
IL,2020-02-26,2,Illinois
IL,2020-02-27,2,Illinois
IL,2020-02-28,2,Illinois
IL,2020-02-29,2,Illinois
IL,2020-03-01,3,Illinois
IL,2020-03-02,4,Illinois
IL,2020-03-03,4,Illinois
IL,2020-03-04,4,Illinois
IL,2020-03-05,5,Illinois
IL,2020-03-06,5,Illinois
IL,2020-03-07,6,Illinois
IL,2020-03-08,7,Illinois
IL,2020-03-09,7,Illinois
IN,2020-01-22,0,Indiana
IN,2020-01-23,0,Indiana
IN,2020-01-24,0,Indiana
IN,2020-01-25,0,Indiana
IN,2020-01-26,0,Indiana
IN,2020-01-27,0,Indiana
IN,2020-01-28,0,Indiana
IN,2020-01-29,0,Indiana
IN,2020-01-30,0,Indiana
IN,2020-01-31,0,Indiana
IN,2020-02-01,0,Indiana
IN,2020-02-02,0,Indiana
IN,2020-02-03,0,Indiana
IN,2020-02-04,0,Indiana
IN,2020-02-05,0,Indiana
IN,2020-02-06,0,Indiana
IN,2020-02-07,0,Indiana
IN,2020-02-08,0,Indiana
IN,2020-02-09,0,Indiana
IN,2020-02-10,0,Indiana
IN,2020-02-11,0,Indiana
IN,2020-02-12,0,Indiana
IN,2020-02-13,0,Indiana
IN,2020-02-14,0,Indiana
IN,2020-02-15,0,Indiana
IN,2020-02-16,0,Indiana
IN,2020-02-17,0,Indiana
IN,2020-02-18,0,Indiana
IN,2020-02-19,0,Indiana
IN,2020-02-20,0,Indiana
IN,2020-02-21,0,Indiana
IN,2020-02-22,0,Indiana
IN,2020-02-23,0,Indiana
IN,2020-02-24,0,Indiana
IN,2020-02-25,0,Indiana
IN,2020-02-26,0,Indiana
IN,2020-02-27,0,Indiana
IN,2020-02-28,0,Indiana
IN,2020-02-29,0,Indiana
IN,2020-03-01,0,Indiana
IN,2020-03-02,0,Indiana
IN,2020-03-03,0,Indiana
IN,2020-03-04,0,Indiana
IN,2020-03-05,0,Indiana
IN,2020-03-06,1,Indiana
IN,2020-03-07,1,Indiana
IN,2020-03-08,2,Indiana
IN,2020-03-09,3,Indiana
KS,2020-01-22,0,Kansas
KS,2020-01-23,0,Kansas
KS,2020-01-24,0,Kansas
KS,2020-01-25,0,Kansas
KS,2020-01-26,0,Kansas
KS,2020-01-27,0,Kansas
KS,2020-01-28,0,Kansas
KS,2020-01-29,0,Kansas
KS,2020-01-30,0,Kansas
KS,2020-01-31,0,Kansas
KS,2020-02-01,0,Kansas
KS,2020-02-02,0,Kansas
KS,2020-02-03,0,Kansas
KS,2020-02-04,0,Kansas
KS,2020-02-05,0,Kansas
KS,2020-02-06,0,Kansas
KS,2020-02-07,0,Kansas
KS,2020-02-08,0,Kansas
KS,2020-02-09,0,Kansas
KS,2020-02-10,0,Kansas
KS,2020-02-11,0,Kansas
KS,2020-02-12,0,Kansas
KS,2020-02-13,0,Kansas
KS,2020-02-14,0,Kansas
KS,2020-02-15,0,Kansas
KS,2020-02-16,0,Kansas
KS,2020-02-17,0,Kansas
KS,2020-02-18,0,Kansas
KS,2020-02-19,0,Kansas
KS,2020-02-20,0,Kansas
KS,2020-02-21,0,Kansas
KS,2020-02-22,0,Kansas
KS,2020-02-23,0,Kansas
KS,2020-02-24,0,Kansas
KS,2020-02-25,0,Kansas
KS,2020-02-26,0,Kansas
KS,2020-02-27,0,Kansas
KS,2020-02-28,0,Kansas
KS,2020-02-29,0,Kansas
KS,2020-03-01,0,Kansas
KS,2020-03-02,0,Kansas
KS,2020-03-03,0,Kansas
KS,2020-03-04,0,Kansas
KS,2020-03-05,0,Kansas
KS,2020-03-06,0,Kansas
KS,2020-03-07,0,Kansas
KS,2020-03-08,1,Kansas
KS,2020-03-09,1,Kansas
KY,2020-01-22,0,Kentucky
KY,2020-01-23,0,Kentucky
KY,2020-01-24,0,Kentucky
KY,2020-01-25,0,Kentucky
KY,2020-01-26,0,Kentucky
KY,2020-01-27,0,Kentucky
KY,2020-01-28,0,Kentucky
KY,2020-01-29,0,Kentucky
KY,2020-01-30,0,Kentucky
KY,2020-01-31,0,Kentucky
KY,2020-02-01,0,Kentucky
KY,2020-02-02,0,Kentucky
KY,2020-02-03,0,Kentucky
KY,2020-02-04,0,Kentucky
KY,2020-02-05,0,Kentucky
KY,2020-02-06,0,Kentucky
KY,2020-02-07,0,Kentucky
KY,2020-02-08,0,Kentucky
KY,2020-02-09,0,Kentucky
KY,2020-02-10,0,Kentucky
KY,2020-02-11,0,Kentucky
KY,2020-02-12,0,Kentucky
KY,2020-02-13,0,Kentucky
KY,2020-02-14,0,Kentucky
KY,2020-02-15,0,Kentucky
KY,2020-02-16,0,Kentucky
KY,2020-02-17,0,Kentucky
KY,2020-02-18,0,Kentucky
KY,2020-02-19,0,Kentucky
KY,2020-02-20,0,Kentucky
KY,2020-02-21,0,Kentucky
KY,2020-02-22,0,Kentucky
KY,2020-02-23,0,Kentucky
KY,2020-02-24,0,Kentucky
KY,2020-02-25,0,Kentucky
KY,2020-02-26,0,Kentucky
KY,2020-02-27,0,Kentucky
KY,2020-02-28,0,Kentucky
KY,2020-02-29,0,Kentucky
KY,2020-03-01,0,Kentucky
KY,2020-03-02,0,Kentucky
KY,2020-03-03,0,Kentucky
KY,2020-03-04,0,Kentucky
KY,2020-03-05,0,Kentucky
KY,2020-03-06,1,Kentucky
KY,2020-03-07,1,Kentucky
KY,2020-03-08,1,Kentucky
KY,2020-03-09,4,Kentucky
LA,2020-01-22,0,Louisiana
LA,2020-01-23,0,Louisiana
LA,2020-01-24,0,Louisiana
LA,2020-01-25,0,Louisiana
LA,2020-01-26,0,Louisiana
LA,2020-01-27,0,Louisiana
LA,2020-01-28,0,Louisiana
LA,2020-01-29,0,Louisiana
LA,2020-01-30,0,Louisiana
LA,2020-01-31,0,Louisiana
LA,2020-02-01,0,Louisiana
LA,2020-02-02,0,Louisiana
LA,2020-02-03,0,Louisiana
LA,2020-02-04,0,Louisiana
LA,2020-02-05,0,Louisiana
LA,2020-02-06,0,Louisiana
LA,2020-02-07,0,Louisiana
LA,2020-02-08,0,Louisiana
LA,2020-02-09,0,Louisiana
LA,2020-02-10,0,Louisiana
LA,2020-02-11,0,Louisiana
LA,2020-02-12,0,Louisiana
LA,2020-02-13,0,Louisiana
LA,2020-02-14,0,Louisiana
LA,2020-02-15,0,Louisiana
LA,2020-02-16,0,Louisiana
LA,2020-02-17,0,Louisiana
LA,2020-02-18,0,Louisiana
LA,2020-02-19,0,Louisiana
LA,2020-02-20,0,Louisiana
LA,2020-02-21,0,Louisiana
LA,2020-02-22,0,Louisiana
LA,2020-02-23,0,Louisiana
LA,2020-02-24,0,Louisiana
LA,2020-02-25,0,Louisiana
LA,2020-02-26,0,Louisiana
LA,2020-02-27,0,Louisiana
LA,2020-02-28,0,Louisiana
LA,2020-02-29,0,Louisiana
LA,2020-03-01,0,Louisiana
LA,2020-03-02,0,Louisiana
LA,2020-03-03,0,Louisiana
LA,2020-03-04,0,Louisiana
LA,2020-03-05,0,Louisiana
LA,2020-03-06,0,Louisiana
LA,2020-03-07,0,Louisiana
LA,2020-03-08,0,Louisiana
LA,2020-03-09,1,Louisiana
MA,2020-01-22,0,Massachusetts
MA,2020-01-23,0,Massachusetts
MA,2020-01-24,0,Massachusetts
MA,2020-01-25,0,Massachusetts
MA,2020-01-26,0,Massachusetts
MA,2020-01-27,0,Massachusetts
MA,2020-01-28,0,Massachusetts
MA,2020-01-29,0,Massachusetts
MA,2020-01-30,0,Massachusetts
MA,2020-01-31,0,Massachusetts
MA,2020-02-01,1,Massachusetts
MA,2020-02-02,1,Massachusetts
MA,2020-02-03,1,Massachusetts
MA,2020-02-04,1,Massachusetts
MA,2020-02-05,1,Massachusetts
MA,2020-02-06,1,Massachusetts
MA,2020-02-07,1,Massachusetts
MA,2020-02-08,1,Massachusetts
MA,2020-02-09,1,Massachusetts
MA,2020-02-10,1,Massachusetts
MA,2020-02-11,1,Massachusetts
MA,2020-02-12,1,Massachusetts
MA,2020-02-13,1,Massachusetts
MA,2020-02-14,1,Massachusetts
MA,2020-02-15,1,Massachusetts
MA,2020-02-16,1,Massachusetts
MA,2020-02-17,1,Massachusetts
MA,2020-02-18,1,Massachusetts
MA,2020-02-19,1,Massachusetts
MA,2020-02-20,1,Massachusetts
MA,2020-02-21,1,Massachusetts
MA,2020-02-22,1,Massachusetts
MA,2020-02-23,1,Massachusetts
MA,2020-02-24,1,Massachusetts
MA,2020-02-25,1,Massachusetts
MA,2020-02-26,1,Massachusetts
MA,2020-02-27,1,Massachusetts
MA,2020-02-28,1,Massachusetts
MA,2020-02-29,1,Massachusetts
MA,2020-03-01,1,Massachusetts
MA,2020-03-02,1,Massachusetts
MA,2020-03-03,2,Massachusetts
MA,2020-03-04,2,Massachusetts
MA,2020-03-05,2,Massachusetts
MA,2020-03-06,6,Massachusetts
MA,2020-03-07,6,Massachusetts
MA,2020-03-08,22,Massachusetts
MA,2020-03-09,22,Massachusetts
MD,2020-01-22,0,Maryland
MD,2020-01-23,0,Maryland
MD,2020-01-24,0,Maryland
MD,2020-01-25,0,Maryland
MD,2020-01-26,0,Maryland
MD,2020-01-27,0,Maryland
MD,2020-01-28,0,Maryland
MD,2020-01-29,0,Maryland
MD,2020-01-30,0,Maryland
MD,2020-01-31,0,Maryland
MD,2020-02-01,0,Maryland
MD,2020-02-02,0,Maryland
MD,2020-02-03,0,Maryland
MD,2020-02-04,0,Maryland
MD,2020-02-05,0,Maryland
MD,2020-02-06,0,Maryland
MD,2020-02-07,0,Maryland
MD,2020-02-08,0,Maryland
MD,2020-02-09,0,Maryland
MD,2020-02-10,0,Maryland
MD,2020-02-11,0,Maryland
MD,2020-02-12,0,Maryland
MD,2020-02-13,0,Maryland
MD,2020-02-14,0,Maryland
MD,2020-02-15,0,Maryland
MD,2020-02-16,0,Maryland
MD,2020-02-17,0,Maryland
MD,2020-02-18,0,Maryland
MD,2020-02-19,0,Maryland
MD,2020-02-20,0,Maryland
MD,2020-02-21,0,Maryland
MD,2020-02-22,0,Maryland
MD,2020-02-23,0,Maryland
MD,2020-02-24,0,Maryland
MD,2020-02-25,0,Maryland
MD,2020-02-26,0,Maryland
MD,2020-02-27,0,Maryland
MD,2020-02-28,0,Maryland
MD,2020-02-29,0,Maryland
MD,2020-03-01,0,Maryland
MD,2020-03-02,0,Maryland
MD,2020-03-03,0,Maryland
MD,2020-03-04,0,Maryland
MD,2020-03-05,0,Maryland
MD,2020-03-06,3,Maryland
MD,2020-03-07,3,Maryland
MD,2020-03-08,5,Maryland
MD,2020-03-09,5,Maryland
MN,2020-01-22,0,Minnesota
MN,2020-01-23,0,Minnesota
MN,2020-01-24,0,Minnesota
MN,2020-01-25,0,Minnesota
MN,2020-01-26,0,Minnesota
MN,2020-01-27,0,Minnesota
MN,2020-01-28,0,Minnesota
MN,2020-01-29,0,Minnesota
MN,2020-01-30,0,Minnesota
MN,2020-01-31,0,Minnesota
MN,2020-02-01,0,Minnesota
MN,2020-02-02,0,Minnesota
MN,2020-02-03,0,Minnesota
MN,2020-02-04,0,Minnesota
MN,2020-02-05,0,Minnesota
MN,2020-02-06,0,Minnesota
MN,2020-02-07,0,Minnesota
MN,2020-02-08,0,Minnesota
MN,2020-02-09,0,Minnesota
MN,2020-02-10,0,Minnesota
MN,2020-02-11,0,Minnesota
MN,2020-02-12,0,Minnesota
MN,2020-02-13,0,Minnesota
MN,2020-02-14,0,Minnesota
MN,2020-02-15,0,Minnesota
MN,2020-02-16,0,Minnesota
MN,2020-02-17,0,Minnesota
MN,2020-02-18,0,Minnesota
MN,2020-02-19,0,Minnesota
MN,2020-02-20,0,Minnesota
MN,2020-02-21,0,Minnesota
MN,2020-02-22,0,Minnesota
MN,2020-02-23,0,Minnesota
MN,2020-02-24,0,Minnesota
MN,2020-02-25,0,Minnesota
MN,2020-02-26,0,Minnesota
MN,2020-02-27,0,Minnesota
MN,2020-02-28,0,Minnesota
MN,2020-02-29,0,Minnesota
MN,2020-03-01,0,Minnesota
MN,2020-03-02,0,Minnesota
MN,2020-03-03,0,Minnesota
MN,2020-03-04,0,Minnesota
MN,2020-03-05,0,Minnesota
MN,2020-03-06,1,Minnesota
MN,2020-03-07,1,Minnesota
MN,2020-03-08,1,Minnesota
MN,2020-03-09,2,Minnesota
MO,2020-01-22,0,Missouri
MO,2020-01-23,0,Missouri
MO,2020-01-24,0,Missouri
MO,2020-01-25,0,Missouri
MO,2020-01-26,0,Missouri
MO,2020-01-27,0,Missouri
MO,2020-01-28,0,Missouri
MO,2020-01-29,0,Missouri
MO,2020-01-30,0,Missouri
MO,2020-01-31,0,Missouri
MO,2020-02-01,0,Missouri
MO,2020-02-02,0,Missouri
MO,2020-02-03,0,Missouri
MO,2020-02-04,0,Missouri
MO,2020-02-05,0,Missouri
MO,2020-02-06,0,Missouri
MO,2020-02-07,0,Missouri
MO,2020-02-08,0,Missouri
MO,2020-02-09,0,Missouri
MO,2020-02-10,0,Missouri
MO,2020-02-11,0,Missouri
MO,2020-02-12,0,Missouri
MO,2020-02-13,0,Missouri
MO,2020-02-14,0,Missouri
MO,2020-02-15,0,Missouri
MO,2020-02-16,0,Missouri
MO,2020-02-17,0,Missouri
MO,2020-02-18,0,Missouri
MO,2020-02-19,0,Missouri
MO,2020-02-20,0,Missouri
MO,2020-02-21,0,Missouri
MO,2020-02-22,0,Missouri
MO,2020-02-23,0,Missouri
MO,2020-02-24,0,Missouri
MO,2020-02-25,0,Missouri
MO,2020-02-26,0,Missouri
MO,2020-02-27,0,Missouri
MO,2020-02-28,0,Missouri
MO,2020-02-29,0,Missouri
MO,2020-03-01,0,Missouri
MO,2020-03-02,0,Missouri
MO,2020-03-03,0,Missouri
MO,2020-03-04,0,Missouri
MO,2020-03-05,0,Missouri
MO,2020-03-06,0,Missouri
MO,2020-03-07,0,Missouri
MO,2020-03-08,1,Missouri
MO,2020-03-09,1,Missouri
NC,2020-01-22,0,North Carolina
NC,2020-01-23,0,North Carolina
NC,2020-01-24,0,North Carolina
NC,2020-01-25,0,North Carolina
NC,2020-01-26,0,North Carolina
NC,2020-01-27,0,North Carolina
NC,2020-01-28,0,North Carolina
NC,2020-01-29,0,North Carolina
NC,2020-01-30,0,North Carolina
NC,2020-01-31,0,North Carolina
NC,2020-02-01,0,North Carolina
NC,2020-02-02,0,North Carolina
NC,2020-02-03,0,North Carolina
NC,2020-02-04,0,North Carolina
NC,2020-02-05,0,North Carolina
NC,2020-02-06,0,North Carolina
NC,2020-02-07,0,North Carolina
NC,2020-02-08,0,North Carolina
NC,2020-02-09,0,North Carolina
NC,2020-02-10,0,North Carolina
NC,2020-02-11,0,North Carolina
NC,2020-02-12,0,North Carolina
NC,2020-02-13,0,North Carolina
NC,2020-02-14,0,North Carolina
NC,2020-02-15,0,North Carolina
NC,2020-02-16,0,North Carolina
NC,2020-02-17,0,North Carolina
NC,2020-02-18,0,North Carolina
NC,2020-02-19,0,North Carolina
NC,2020-02-20,0,North Carolina
NC,2020-02-21,0,North Carolina
NC,2020-02-22,0,North Carolina
NC,2020-02-23,0,North Carolina
NC,2020-02-24,0,North Carolina
NC,2020-02-25,0,North Carolina
NC,2020-02-26,0,North Carolina
NC,2020-02-27,0,North Carolina
NC,2020-02-28,0,North Carolina
NC,2020-02-29,0,North Carolina
NC,2020-03-01,0,North Carolina
NC,2020-03-02,0,North Carolina
NC,2020-03-03,1,North Carolina
NC,2020-03-04,1,North Carolina
NC,2020-03-05,1,North Carolina
NC,2020-03-06,2,North Carolina
NC,2020-03-07,2,North Carolina
NC,2020-03-08,2,North Carolina
NC,2020-03-09,2,North Carolina
NE,2020-01-22,0,Nebraska
NE,2020-01-23,0,Nebraska
NE,2020-01-24,0,Nebraska
NE,2020-01-25,0,Nebraska
NE,2020-01-26,0,Nebraska
NE,2020-01-27,0,Nebraska
NE,2020-01-28,0,Nebraska
NE,2020-01-29,0,Nebraska
NE,2020-01-30,0,Nebraska
NE,2020-01-31,0,Nebraska
NE,2020-02-01,0,Nebraska
NE,2020-02-02,0,Nebraska
NE,2020-02-03,0,Nebraska
NE,2020-02-04,0,Nebraska
NE,2020-02-05,0,Nebraska
NE,2020-02-06,0,Nebraska
NE,2020-02-07,0,Nebraska
NE,2020-02-08,0,Nebraska
NE,2020-02-09,0,Nebraska
NE,2020-02-10,0,Nebraska
NE,2020-02-11,0,Nebraska
NE,2020-02-12,0,Nebraska
NE,2020-02-13,0,Nebraska
NE,2020-02-14,0,Nebraska
NE,2020-02-15,0,Nebraska
NE,2020-02-16,0,Nebraska
NE,2020-02-17,0,Nebraska
NE,2020-02-18,0,Nebraska
NE,2020-02-19,0,Nebraska
NE,2020-02-20,0,Nebraska
NE,2020-02-21,0,Nebraska
NE,2020-02-22,0,Nebraska
NE,2020-02-23,0,Nebraska
NE,2020-02-24,0,Nebraska
NE,2020-02-25,0,Nebraska
NE,2020-02-26,0,Nebraska
NE,2020-02-27,0,Nebraska
NE,2020-02-28,0,Nebraska
NE,2020-02-29,0,Nebraska
NE,2020-03-01,0,Nebraska
NE,2020-03-02,0,Nebraska
NE,2020-03-03,0,Nebraska
NE,2020-03-04,0,Nebraska
NE,2020-03-05,0,Nebraska
NE,2020-03-06,1,Nebraska
NE,2020-03-07,1,Nebraska
NE,2020-03-08,1,Nebraska
NE,2020-03-09,3,Nebraska
NH,2020-01-22,0,New Hampshire
NH,2020-01-23,0,New Hampshire
NH,2020-01-24,0,New Hampshire
NH,2020-01-25,0,New Hampshire
NH,2020-01-26,0,New Hampshire
NH,2020-01-27,0,New Hampshire
NH,2020-01-28,0,New Hampshire
NH,2020-01-29,0,New Hampshire
NH,2020-01-30,0,New Hampshire
NH,2020-01-31,0,New Hampshire
NH,2020-02-01,0,New Hampshire
NH,2020-02-02,0,New Hampshire
NH,2020-02-03,0,New Hampshire
NH,2020-02-04,0,New Hampshire
NH,2020-02-05,0,New Hampshire
NH,2020-02-06,0,New Hampshire
NH,2020-02-07,0,New Hampshire
NH,2020-02-08,0,New Hampshire
NH,2020-02-09,0,New Hampshire
NH,2020-02-10,0,New Hampshire
NH,2020-02-11,0,New Hampshire
NH,2020-02-12,0,New Hampshire
NH,2020-02-13,0,New Hampshire
NH,2020-02-14,0,New Hampshire
NH,2020-02-15,0,New Hampshire
NH,2020-02-16,0,New Hampshire
NH,2020-02-17,0,New Hampshire
NH,2020-02-18,0,New Hampshire
NH,2020-02-19,0,New Hampshire
NH,2020-02-20,0,New Hampshire
NH,2020-02-21,0,New Hampshire
NH,2020-02-22,0,New Hampshire
NH,2020-02-23,0,New Hampshire
NH,2020-02-24,0,New Hampshire
NH,2020-02-25,0,New Hampshire
NH,2020-02-26,0,New Hampshire
NH,2020-02-27,0,New Hampshire
NH,2020-02-28,0,New Hampshire
NH,2020-02-29,0,New Hampshire
NH,2020-03-01,0,New Hampshire
NH,2020-03-02,1,New Hampshire
NH,2020-03-03,2,New Hampshire
NH,2020-03-04,2,New Hampshire
NH,2020-03-05,2,New Hampshire
NH,2020-03-06,2,New Hampshire
NH,2020-03-07,2,New Hampshire
NH,2020-03-08,4,New Hampshire
NH,2020-03-09,4,New Hampshire
NJ,2020-01-22,0,New Jersey
NJ,2020-01-23,0,New Jersey
NJ,2020-01-24,0,New Jersey
NJ,2020-01-25,0,New Jersey
NJ,2020-01-26,0,New Jersey
NJ,2020-01-27,0,New Jersey
NJ,2020-01-28,0,New Jersey
NJ,2020-01-29,0,New Jersey
NJ,2020-01-30,0,New Jersey
NJ,2020-01-31,0,New Jersey
NJ,2020-02-01,0,New Jersey
NJ,2020-02-02,0,New Jersey
NJ,2020-02-03,0,New Jersey
NJ,2020-02-04,0,New Jersey
NJ,2020-02-05,0,New Jersey
NJ,2020-02-06,0,New Jersey
NJ,2020-02-07,0,New Jersey
NJ,2020-02-08,0,New Jersey
NJ,2020-02-09,0,New Jersey
NJ,2020-02-10,0,New Jersey
NJ,2020-02-11,0,New Jersey
NJ,2020-02-12,0,New Jersey
NJ,2020-02-13,0,New Jersey
NJ,2020-02-14,0,New Jersey
NJ,2020-02-15,0,New Jersey
NJ,2020-02-16,0,New Jersey
NJ,2020-02-17,0,New Jersey
NJ,2020-02-18,0,New Jersey
NJ,2020-02-19,0,New Jersey
NJ,2020-02-20,0,New Jersey
NJ,2020-02-21,0,New Jersey
NJ,2020-02-22,0,New Jersey
NJ,2020-02-23,0,New Jersey
NJ,2020-02-24,0,New Jersey
NJ,2020-02-25,0,New Jersey
NJ,2020-02-26,0,New Jersey
NJ,2020-02-27,0,New Jersey
NJ,2020-02-28,0,New Jersey
NJ,2020-02-29,0,New Jersey
NJ,2020-03-01,0,New Jersey
NJ,2020-03-02,0,New Jersey
NJ,2020-03-03,0,New Jersey
NJ,2020-03-04,0,New Jersey
NJ,2020-03-05,2,New Jersey
NJ,2020-03-06,2,New Jersey
NJ,2020-03-07,4,New Jersey
NJ,2020-03-08,5,New Jersey
NJ,2020-03-09,5,New Jersey
NV,2020-01-22,0,Nevada
NV,2020-01-23,0,Nevada
NV,2020-01-24,0,Nevada
NV,2020-01-25,0,Nevada
NV,2020-01-26,0,Nevada
NV,2020-01-27,0,Nevada
NV,2020-01-28,0,Nevada
NV,2020-01-29,0,Nevada
NV,2020-01-30,0,Nevada
NV,2020-01-31,0,Nevada
NV,2020-02-01,0,Nevada
NV,2020-02-02,0,Nevada
NV,2020-02-03,0,Nevada
NV,2020-02-04,0,Nevada
NV,2020-02-05,0,Nevada
NV,2020-02-06,0,Nevada
NV,2020-02-07,0,Nevada
NV,2020-02-08,0,Nevada
NV,2020-02-09,0,Nevada
NV,2020-02-10,0,Nevada
NV,2020-02-11,0,Nevada
NV,2020-02-12,0,Nevada
NV,2020-02-13,0,Nevada
NV,2020-02-14,0,Nevada
NV,2020-02-15,0,Nevada
NV,2020-02-16,0,Nevada
NV,2020-02-17,0,Nevada
NV,2020-02-18,0,Nevada
NV,2020-02-19,0,Nevada
NV,2020-02-20,0,Nevada
NV,2020-02-21,0,Nevada
NV,2020-02-22,0,Nevada
NV,2020-02-23,0,Nevada
NV,2020-02-24,0,Nevada
NV,2020-02-25,0,Nevada
NV,2020-02-26,0,Nevada
NV,2020-02-27,0,Nevada
NV,2020-02-28,0,Nevada
NV,2020-02-29,0,Nevada
NV,2020-03-01,0,Nevada
NV,2020-03-02,0,Nevada
NV,2020-03-03,0,Nevada
NV,2020-03-04,0,Nevada
NV,2020-03-05,1,Nevada
NV,2020-03-06,2,Nevada
NV,2020-03-07,2,Nevada
NV,2020-03-08,4,Nevada
NV,2020-03-09,4,Nevada
NY,2020-01-22,0,New York
NY,2020-01-23,0,New York
NY,2020-01-24,0,New York
NY,2020-01-25,0,New York
NY,2020-01-26,0,New York
NY,2020-01-27,0,New York
NY,2020-01-28,0,New York
NY,2020-01-29,0,New York
NY,2020-01-30,0,New York
NY,2020-01-31,0,New York
NY,2020-02-01,0,New York
NY,2020-02-02,0,New York
NY,2020-02-03,0,New York
NY,2020-02-04,0,New York
NY,2020-02-05,0,New York
NY,2020-02-06,0,New York
NY,2020-02-07,0,New York
NY,2020-02-08,0,New York
NY,2020-02-09,0,New York
NY,2020-02-10,0,New York
NY,2020-02-11,0,New York
NY,2020-02-12,0,New York
NY,2020-02-13,0,New York
NY,2020-02-14,0,New York
NY,2020-02-15,0,New York
NY,2020-02-16,0,New York
NY,2020-02-17,0,New York
NY,2020-02-18,0,New York
NY,2020-02-19,0,New York
NY,2020-02-20,0,New York
NY,2020-02-21,0,New York
NY,2020-02-22,0,New York
NY,2020-02-23,0,New York
NY,2020-02-24,0,New York
NY,2020-02-25,0,New York
NY,2020-02-26,0,New York
NY,2020-02-27,0,New York
NY,2020-02-28,0,New York
NY,2020-02-29,0,New York
NY,2020-03-01,0,New York
NY,2020-03-02,1,New York
NY,2020-03-03,2,New York
NY,2020-03-04,11,New York
NY,2020-03-05,23,New York
NY,2020-03-06,31,New York
NY,2020-03-07,76,New York
NY,2020-03-08,106,New York
NY,2020-03-09,142,New York
OK,2020-01-22,0,Oklahoma
OK,2020-01-23,0,Oklahoma
OK,2020-01-24,0,Oklahoma
OK,2020-01-25,0,Oklahoma
OK,2020-01-26,0,Oklahoma
OK,2020-01-27,0,Oklahoma
OK,2020-01-28,0,Oklahoma
OK,2020-01-29,0,Oklahoma
OK,2020-01-30,0,Oklahoma
OK,2020-01-31,0,Oklahoma
OK,2020-02-01,0,Oklahoma
OK,2020-02-02,0,Oklahoma
OK,2020-02-03,0,Oklahoma
OK,2020-02-04,0,Oklahoma
OK,2020-02-05,0,Oklahoma
OK,2020-02-06,0,Oklahoma
OK,2020-02-07,0,Oklahoma
OK,2020-02-08,0,Oklahoma
OK,2020-02-09,0,Oklahoma
OK,2020-02-10,0,Oklahoma
OK,2020-02-11,0,Oklahoma
OK,2020-02-12,0,Oklahoma
OK,2020-02-13,0,Oklahoma
OK,2020-02-14,0,Oklahoma
OK,2020-02-15,0,Oklahoma
OK,2020-02-16,0,Oklahoma
OK,2020-02-17,0,Oklahoma
OK,2020-02-18,0,Oklahoma
OK,2020-02-19,0,Oklahoma
OK,2020-02-20,0,Oklahoma
OK,2020-02-21,0,Oklahoma
OK,2020-02-22,0,Oklahoma
OK,2020-02-23,0,Oklahoma
OK,2020-02-24,0,Oklahoma
OK,2020-02-25,0,Oklahoma
OK,2020-02-26,0,Oklahoma
OK,2020-02-27,0,Oklahoma
OK,2020-02-28,0,Oklahoma
OK,2020-02-29,0,Oklahoma
OK,2020-03-01,0,Oklahoma
OK,2020-03-02,0,Oklahoma
OK,2020-03-03,0,Oklahoma
OK,2020-03-04,0,Oklahoma
OK,2020-03-05,0,Oklahoma
OK,2020-03-06,0,Oklahoma
OK,2020-03-07,1,Oklahoma
OK,2020-03-08,1,Oklahoma
OK,2020-03-09,1,Oklahoma
OR,2020-01-22,0,Oregon
OR,2020-01-23,0,Oregon
OR,2020-01-24,0,Oregon
OR,2020-01-25,0,Oregon
OR,2020-01-26,0,Oregon
OR,2020-01-27,0,Oregon
OR,2020-01-28,0,Oregon
OR,2020-01-29,0,Oregon
OR,2020-01-30,0,Oregon
OR,2020-01-31,0,Oregon
OR,2020-02-01,0,Oregon
OR,2020-02-02,0,Oregon
OR,2020-02-03,0,Oregon
OR,2020-02-04,0,Oregon
OR,2020-02-05,0,Oregon
OR,2020-02-06,0,Oregon
OR,2020-02-07,0,Oregon
OR,2020-02-08,0,Oregon
OR,2020-02-09,0,Oregon
OR,2020-02-10,0,Oregon
OR,2020-02-11,0,Oregon
OR,2020-02-12,0,Oregon
OR,2020-02-13,0,Oregon
OR,2020-02-14,0,Oregon
OR,2020-02-15,0,Oregon
OR,2020-02-16,0,Oregon
OR,2020-02-17,0,Oregon
OR,2020-02-18,0,Oregon
OR,2020-02-19,0,Oregon
OR,2020-02-20,0,Oregon
OR,2020-02-21,0,Oregon
OR,2020-02-22,0,Oregon
OR,2020-02-23,0,Oregon
OR,2020-02-24,0,Oregon
OR,2020-02-25,0,Oregon
OR,2020-02-26,0,Oregon
OR,2020-02-27,0,Oregon
OR,2020-02-28,0,Oregon
OR,2020-02-29,1,Oregon
OR,2020-03-01,1,Oregon
OR,2020-03-02,3,Oregon
OR,2020-03-03,3,Oregon
OR,2020-03-04,3,Oregon
OR,2020-03-05,3,Oregon
OR,2020-03-06,3,Oregon
OR,2020-03-07,6,Oregon
OR,2020-03-08,14,Oregon
OR,2020-03-09,14,Oregon
PA,2020-01-22,0,Pennsylvania
PA,2020-01-23,0,Pennsylvania
PA,2020-01-24,0,Pennsylvania
PA,2020-01-25,0,Pennsylvania
PA,2020-01-26,0,Pennsylvania
PA,2020-01-27,0,Pennsylvania
PA,2020-01-28,0,Pennsylvania
PA,2020-01-29,0,Pennsylvania
PA,2020-01-30,0,Pennsylvania
PA,2020-01-31,0,Pennsylvania
PA,2020-02-01,0,Pennsylvania
PA,2020-02-02,0,Pennsylvania
PA,2020-02-03,0,Pennsylvania
PA,2020-02-04,0,Pennsylvania
PA,2020-02-05,0,Pennsylvania
PA,2020-02-06,0,Pennsylvania
PA,2020-02-07,0,Pennsylvania
PA,2020-02-08,0,Pennsylvania
PA,2020-02-09,0,Pennsylvania
PA,2020-02-10,0,Pennsylvania
PA,2020-02-11,0,Pennsylvania
PA,2020-02-12,0,Pennsylvania
PA,2020-02-13,0,Pennsylvania
PA,2020-02-14,0,Pennsylvania
PA,2020-02-15,0,Pennsylvania
PA,2020-02-16,0,Pennsylvania
PA,2020-02-17,0,Pennsylvania
PA,2020-02-18,0,Pennsylvania
PA,2020-02-19,0,Pennsylvania
PA,2020-02-20,0,Pennsylvania
PA,2020-02-21,0,Pennsylvania
PA,2020-02-22,0,Pennsylvania
PA,2020-02-23,0,Pennsylvania
PA,2020-02-24,0,Pennsylvania
PA,2020-02-25,0,Pennsylvania
PA,2020-02-26,0,Pennsylvania
PA,2020-02-27,0,Pennsylvania
PA,2020-02-28,0,Pennsylvania
PA,2020-02-29,0,Pennsylvania
PA,2020-03-01,0,Pennsylvania
PA,2020-03-02,0,Pennsylvania
PA,2020-03-03,0,Pennsylvania
PA,2020-03-04,0,Pennsylvania
PA,2020-03-05,0,Pennsylvania
PA,2020-03-06,2,Pennsylvania
PA,2020-03-07,2,Pennsylvania
PA,2020-03-08,6,Pennsylvania
PA,2020-03-09,7,Pennsylvania
RI,2020-01-22,0,Rhode Island
RI,2020-01-23,0,Rhode Island
RI,2020-01-24,0,Rhode Island
RI,2020-01-25,0,Rhode Island
RI,2020-01-26,0,Rhode Island
RI,2020-01-27,0,Rhode Island
RI,2020-01-28,0,Rhode Island
RI,2020-01-29,0,Rhode Island
RI,2020-01-30,0,Rhode Island
RI,2020-01-31,0,Rhode Island
RI,2020-02-01,0,Rhode Island
RI,2020-02-02,0,Rhode Island
RI,2020-02-03,0,Rhode Island
RI,2020-02-04,0,Rhode Island
RI,2020-02-05,0,Rhode Island
RI,2020-02-06,0,Rhode Island
RI,2020-02-07,0,Rhode Island
RI,2020-02-08,0,Rhode Island
RI,2020-02-09,0,Rhode Island
RI,2020-02-10,0,Rhode Island
RI,2020-02-11,0,Rhode Island
RI,2020-02-12,0,Rhode Island
RI,2020-02-13,0,Rhode Island
RI,2020-02-14,0,Rhode Island
RI,2020-02-15,0,Rhode Island
RI,2020-02-16,0,Rhode Island
RI,2020-02-17,0,Rhode Island
RI,2020-02-18,0,Rhode Island
RI,2020-02-19,0,Rhode Island
RI,2020-02-20,0,Rhode Island
RI,2020-02-21,0,Rhode Island
RI,2020-02-22,0,Rhode Island
RI,2020-02-23,0,Rhode Island
RI,2020-02-24,0,Rhode Island
RI,2020-02-25,0,Rhode Island
RI,2020-02-26,0,Rhode Island
RI,2020-02-27,0,Rhode Island
RI,2020-02-28,0,Rhode Island
RI,2020-02-29,0,Rhode Island
RI,2020-03-01,1,Rhode Island
RI,2020-03-02,2,Rhode Island
RI,2020-03-03,2,Rhode Island
RI,2020-03-04,2,Rhode Island
RI,2020-03-05,2,Rhode Island
RI,2020-03-06,2,Rhode Island
RI,2020-03-07,3,Rhode Island
RI,2020-03-08,3,Rhode Island
RI,2020-03-09,3,Rhode Island
SC,2020-01-22,0,South Carolina
SC,2020-01-23,0,South Carolina
SC,2020-01-24,0,South Carolina
SC,2020-01-25,0,South Carolina
SC,2020-01-26,0,South Carolina
SC,2020-01-27,0,South Carolina
SC,2020-01-28,0,South Carolina
SC,2020-01-29,0,South Carolina
SC,2020-01-30,0,South Carolina
SC,2020-01-31,0,South Carolina
SC,2020-02-01,0,South Carolina
SC,2020-02-02,0,South Carolina
SC,2020-02-03,0,South Carolina
SC,2020-02-04,0,South Carolina
SC,2020-02-05,0,South Carolina
SC,2020-02-06,0,South Carolina
SC,2020-02-07,0,South Carolina
SC,2020-02-08,0,South Carolina
SC,2020-02-09,0,South Carolina
SC,2020-02-10,0,South Carolina
SC,2020-02-11,0,South Carolina
SC,2020-02-12,0,South Carolina
SC,2020-02-13,0,South Carolina
SC,2020-02-14,0,South Carolina
SC,2020-02-15,0,South Carolina
SC,2020-02-16,0,South Carolina
SC,2020-02-17,0,South Carolina
SC,2020-02-18,0,South Carolina
SC,2020-02-19,0,South Carolina
SC,2020-02-20,0,South Carolina
SC,2020-02-21,0,South Carolina
SC,2020-02-22,0,South Carolina
SC,2020-02-23,0,South Carolina
SC,2020-02-24,0,South Carolina
SC,2020-02-25,0,South Carolina
SC,2020-02-26,0,South Carolina
SC,2020-02-27,0,South Carolina
SC,2020-02-28,0,South Carolina
SC,2020-02-29,0,South Carolina
SC,2020-03-01,0,South Carolina
SC,2020-03-02,0,South Carolina
SC,2020-03-03,0,South Carolina
SC,2020-03-04,0,South Carolina
SC,2020-03-05,0,South Carolina
SC,2020-03-06,0,South Carolina
SC,2020-03-07,2,South Carolina
SC,2020-03-08,2,South Carolina
SC,2020-03-09,3,South Carolina
TN,2020-01-22,0,Tennessee
TN,2020-01-23,0,Tennessee
TN,2020-01-24,0,Tennessee
TN,2020-01-25,0,Tennessee
TN,2020-01-26,0,Tennessee
TN,2020-01-27,0,Tennessee
TN,2020-01-28,0,Tennessee
TN,2020-01-29,0,Tennessee
TN,2020-01-30,0,Tennessee
TN,2020-01-31,0,Tennessee
TN,2020-02-01,0,Tennessee
TN,2020-02-02,0,Tennessee
TN,2020-02-03,0,Tennessee
TN,2020-02-04,0,Tennessee
TN,2020-02-05,0,Tennessee
TN,2020-02-06,0,Tennessee
TN,2020-02-07,0,Tennessee
TN,2020-02-08,0,Tennessee
TN,2020-02-09,0,Tennessee
TN,2020-02-10,0,Tennessee
TN,2020-02-11,0,Tennessee
TN,2020-02-12,0,Tennessee
TN,2020-02-13,0,Tennessee
TN,2020-02-14,0,Tennessee
TN,2020-02-15,0,Tennessee
TN,2020-02-16,0,Tennessee
TN,2020-02-17,0,Tennessee
TN,2020-02-18,0,Tennessee
TN,2020-02-19,0,Tennessee
TN,2020-02-20,0,Tennessee
TN,2020-02-21,0,Tennessee
TN,2020-02-22,0,Tennessee
TN,2020-02-23,0,Tennessee
TN,2020-02-24,0,Tennessee
TN,2020-02-25,0,Tennessee
TN,2020-02-26,0,Tennessee
TN,2020-02-27,0,Tennessee
TN,2020-02-28,0,Tennessee
TN,2020-02-29,0,Tennessee
TN,2020-03-01,0,Tennessee
TN,2020-03-02,0,Tennessee
TN,2020-03-03,0,Tennessee
TN,2020-03-04,0,Tennessee
TN,2020-03-05,1,Tennessee
TN,2020-03-06,1,Tennessee
TN,2020-03-07,1,Tennessee
TN,2020-03-08,3,Tennessee
TN,2020-03-09,3,Tennessee
TX,2020-01-22,0,Texas
TX,2020-01-23,0,Texas
TX,2020-01-24,0,Texas
TX,2020-01-25,0,Texas
TX,2020-01-26,0,Texas
TX,2020-01-27,0,Texas
TX,2020-01-28,0,Texas
TX,2020-01-29,0,Texas
TX,2020-01-30,0,Texas
TX,2020-01-31,0,Texas
TX,2020-02-01,0,Texas
TX,2020-02-02,0,Texas
TX,2020-02-03,0,Texas
TX,2020-02-04,0,Texas
TX,2020-02-05,0,Texas
TX,2020-02-06,0,Texas
TX,2020-02-07,0,Texas
TX,2020-02-08,0,Texas
TX,2020-02-09,0,Texas
TX,2020-02-10,0,Texas
TX,2020-02-11,0,Texas
TX,2020-02-12,0,Texas
TX,2020-02-13,0,Texas
TX,2020-02-14,0,Texas
TX,2020-02-15,0,Texas
TX,2020-02-16,0,Texas
TX,2020-02-17,0,Texas
TX,2020-02-18,0,Texas
TX,2020-02-19,0,Texas
TX,2020-02-20,0,Texas
TX,2020-02-21,0,Texas
TX,2020-02-22,0,Texas
TX,2020-02-23,0,Texas
TX,2020-02-24,0,Texas
TX,2020-02-25,0,Texas
TX,2020-02-26,0,Texas
TX,2020-02-27,0,Texas
TX,2020-02-28,0,Texas
TX,2020-02-29,0,Texas
TX,2020-03-01,0,Texas
TX,2020-03-02,0,Texas
TX,2020-03-03,0,Texas
TX,2020-03-04,0,Texas
TX,2020-03-05,3,Texas
TX,2020-03-06,4,Texas
TX,2020-03-07,8,Texas
TX,2020-03-08,11,Texas
TX,2020-03-09,13,Texas
UT,2020-01-22,0,Utah
UT,2020-01-23,0,Utah
UT,2020-01-24,0,Utah
UT,2020-01-25,0,Utah
UT,2020-01-26,0,Utah
UT,2020-01-27,0,Utah
UT,2020-01-28,0,Utah
UT,2020-01-29,0,Utah
UT,2020-01-30,0,Utah
UT,2020-01-31,0,Utah
UT,2020-02-01,0,Utah
UT,2020-02-02,0,Utah
UT,2020-02-03,0,Utah
UT,2020-02-04,0,Utah
UT,2020-02-05,0,Utah
UT,2020-02-06,0,Utah
UT,2020-02-07,0,Utah
UT,2020-02-08,0,Utah
UT,2020-02-09,0,Utah
UT,2020-02-10,0,Utah
UT,2020-02-11,0,Utah
UT,2020-02-12,0,Utah
UT,2020-02-13,0,Utah
UT,2020-02-14,0,Utah
UT,2020-02-15,0,Utah
UT,2020-02-16,0,Utah
UT,2020-02-17,0,Utah
UT,2020-02-18,0,Utah
UT,2020-02-19,0,Utah
UT,2020-02-20,0,Utah
UT,2020-02-21,0,Utah
UT,2020-02-22,0,Utah
UT,2020-02-23,0,Utah
UT,2020-02-24,0,Utah
UT,2020-02-25,0,Utah
UT,2020-02-26,0,Utah
UT,2020-02-27,0,Utah
UT,2020-02-28,0,Utah
UT,2020-02-29,0,Utah
UT,2020-03-01,0,Utah
UT,2020-03-02,0,Utah
UT,2020-03-03,0,Utah
UT,2020-03-04,0,Utah
UT,2020-03-05,0,Utah
UT,2020-03-06,0,Utah
UT,2020-03-07,1,Utah
UT,2020-03-08,1,Utah
UT,2020-03-09,1,Utah
VA,2020-01-22,0,Virginia
VA,2020-01-23,0,Virginia
VA,2020-01-24,0,Virginia
VA,2020-01-25,0,Virginia
VA,2020-01-26,0,Virginia
VA,2020-01-27,0,Virginia
VA,2020-01-28,0,Virginia
VA,2020-01-29,0,Virginia
VA,2020-01-30,0,Virginia
VA,2020-01-31,0,Virginia
VA,2020-02-01,0,Virginia
VA,2020-02-02,0,Virginia
VA,2020-02-03,0,Virginia
VA,2020-02-04,0,Virginia
VA,2020-02-05,0,Virginia
VA,2020-02-06,0,Virginia
VA,2020-02-07,0,Virginia
VA,2020-02-08,0,Virginia
VA,2020-02-09,0,Virginia
VA,2020-02-10,0,Virginia
VA,2020-02-11,0,Virginia
VA,2020-02-12,0,Virginia
VA,2020-02-13,0,Virginia
VA,2020-02-14,0,Virginia
VA,2020-02-15,0,Virginia
VA,2020-02-16,0,Virginia
VA,2020-02-17,0,Virginia
VA,2020-02-18,0,Virginia
VA,2020-02-19,0,Virginia
VA,2020-02-20,0,Virginia
VA,2020-02-21,0,Virginia
VA,2020-02-22,0,Virginia
VA,2020-02-23,0,Virginia
VA,2020-02-24,0,Virginia
VA,2020-02-25,0,Virginia
VA,2020-02-26,0,Virginia
VA,2020-02-27,0,Virginia
VA,2020-02-28,0,Virginia
VA,2020-02-29,0,Virginia
VA,2020-03-01,0,Virginia
VA,2020-03-02,0,Virginia
VA,2020-03-03,0,Virginia
VA,2020-03-04,0,Virginia
VA,2020-03-05,0,Virginia
VA,2020-03-06,0,Virginia
VA,2020-03-07,0,Virginia
VA,2020-03-08,2,Virginia
VA,2020-03-09,2,Virginia
VT,2020-01-22,0,Vermont
VT,2020-01-23,0,Vermont
VT,2020-01-24,0,Vermont
VT,2020-01-25,0,Vermont
VT,2020-01-26,0,Vermont
VT,2020-01-27,0,Vermont
VT,2020-01-28,0,Vermont
VT,2020-01-29,0,Vermont
VT,2020-01-30,0,Vermont
VT,2020-01-31,0,Vermont
VT,2020-02-01,0,Vermont
VT,2020-02-02,0,Vermont
VT,2020-02-03,0,Vermont
VT,2020-02-04,0,Vermont
VT,2020-02-05,0,Vermont
VT,2020-02-06,0,Vermont
VT,2020-02-07,0,Vermont
VT,2020-02-08,0,Vermont
VT,2020-02-09,0,Vermont
VT,2020-02-10,0,Vermont
VT,2020-02-11,0,Vermont
VT,2020-02-12,0,Vermont
VT,2020-02-13,0,Vermont
VT,2020-02-14,0,Vermont
VT,2020-02-15,0,Vermont
VT,2020-02-16,0,Vermont
VT,2020-02-17,0,Vermont
VT,2020-02-18,0,Vermont
VT,2020-02-19,0,Vermont
VT,2020-02-20,0,Vermont
VT,2020-02-21,0,Vermont
VT,2020-02-22,0,Vermont
VT,2020-02-23,0,Vermont
VT,2020-02-24,0,Vermont
VT,2020-02-25,0,Vermont
VT,2020-02-26,0,Vermont
VT,2020-02-27,0,Vermont
VT,2020-02-28,0,Vermont
VT,2020-02-29,0,Vermont
VT,2020-03-01,0,Vermont
VT,2020-03-02,0,Vermont
VT,2020-03-03,0,Vermont
VT,2020-03-04,0,Vermont
VT,2020-03-05,0,Vermont
VT,2020-03-06,0,Vermont
VT,2020-03-07,0,Vermont
VT,2020-03-08,1,Vermont
VT,2020-03-09,1,Vermont
WA,2020-01-22,1,Washington
WA,2020-01-23,1,Washington
WA,2020-01-24,1,Washington
WA,2020-01-25,1,Washington
WA,2020-01-26,1,Washington
WA,2020-01-27,1,Washington
WA,2020-01-28,1,Washington
WA,2020-01-29,1,Washington
WA,2020-01-30,1,Washington
WA,2020-01-31,1,Washington
WA,2020-02-01,1,Washington
WA,2020-02-02,1,Washington
WA,2020-02-03,1,Washington
WA,2020-02-04,1,Washington
WA,2020-02-05,1,Washington
WA,2020-02-06,1,Washington
WA,2020-02-07,1,Washington
WA,2020-02-08,1,Washington
WA,2020-02-09,1,Washington
WA,2020-02-10,1,Washington
WA,2020-02-11,1,Washington
WA,2020-02-12,1,Washington
WA,2020-02-13,1,Washington
WA,2020-02-14,1,Washington
WA,2020-02-15,1,Washington
WA,2020-02-16,1,Washington
WA,2020-02-17,1,Washington
WA,2020-02-18,1,Washington
WA,2020-02-19,1,Washington
WA,2020-02-20,1,Washington
WA,2020-02-21,1,Washington
WA,2020-02-22,1,Washington
WA,2020-02-23,1,Washington
WA,2020-02-24,1,Washington
WA,2020-02-25,1,Washington
WA,2020-02-26,1,Washington
WA,2020-02-27,1,Washington
WA,2020-02-28,1,Washington
WA,2020-02-29,7,Washington
WA,2020-03-01,11,Washington
WA,2020-03-02,18,Washington
WA,2020-03-03,27,Washington
WA,2020-03-04,39,Washington
WA,2020-03-05,70,Washington
WA,2020-03-06,78,Washington
WA,2020-03-07,102,Washington
WA,2020-03-08,122,Washington
WA,2020-03-09,122,Washington
