Player,Club,Shot-Creating Actions,Expected Assist
Patrick van Aanholt,Crystal Palace,2.06,0.07
Tammy Abraham,Chelsea,1.84,0.1
Che Adams,Southampton,2.01,0.26
Tosin Adarabioyo,Fulham,0.73,0.01
Ola Aina,Fulham,1.0,0.03
Toby Alderweireld,Tottenham,1.01,0.02
Trent Alexander-Arnold,Liverpool,3.0,0.15
Ezgjan Alioski,Leeds United,2.18,0.13
Allan,Everton,1.49,0.03
Miguel Almirón,Newcastle Utd,2.07,0.1
Ethan Ampadu,Sheffield Utd,0.8,0.05
Stuart Armstrong,Southampton,1.74,0.08
Pierre-Emerick Aubameyang,Arsenal,1.86,0.11
Luke Ayling,Leeds United,1.65,0.1
George Baldock,Sheffield Utd,1.31,0.08
Patrick Bamford,Leeds United,1.38,0.07
Ashley Barnes,Burnley,2.53,0.04
Harvey Barnes,Leicester City,2.37,0.02
Chris Basham,Sheffield Utd,0.81,0.03
Jan Bednarek,Southampton,0.47,0.01
Héctor Bellerín,Arsenal,1.91,0.15
Sander Berge,Sheffield Utd,1.95,0.11
Ryan Bertrand,Southampton,1.08,0.02
Yves Bissouma,Brighton,1.69,0.02
Jarrod Bowen,West Ham,3.0,0.1
Josh Brownhill,Burnley,1.36,0.04
Tom Cairney,Fulham,4.15,0.17
Dominic Calvert-Lewin,Everton,1.67,0.04
João Cancelo,Manchester City,3.4,0.19
Matty Cash,Aston Villa,1.4,0.11
Ivan Cavaleiro,Fulham,2.41,0.12
Dani Ceballos,Arsenal,2.72,0.19
Ben Chilwell,Chelsea,2.17,0.09
Nathaniel Clyne,Crystal Palace,0.46,0.03
Conor Coady,Wolves,0.4,0.01
Vladimír Coufal,West Ham,2.24,0.13
Aaron Cresswell,West Ham,2.35,0.13
Stuart Dallas,Leeds United,1.7,0.05
Kevin De Bruyne,Manchester City,6.2,0.43
Leander Dendoncker,Wolves,1.71,0.04
Grady Diangana,West Brom,1.58,0.01
Raphael Dias Belloli,Leeds United,3.74,0.25
Abdoulaye Doucouré,Everton,1.46,0.09
Lewis Dunk,Brighton,0.54,0.01
John Egan,Sheffield Utd,0.5,0.01
Mohamed Elneny,Arsenal,1.13,0.01
Jonny Evans,Leicester City,0.59,0.01
Eberechi Eze,Crystal Palace,3.26,0.07
Fabinho,Liverpool,0.75,0.03
Bruno Fernandes,Manchester Utd,5.62,0.41
Roberto Firmino,Liverpool,2.97,0.16
Wesley Fofana,Leicester City,0.82,0.01
Pablo Fornals,West Ham,1.86,0.06
Fred,Manchester Utd,2.76,0.12
Darnell Furlong,West Brom,1.15,0.1
Conor Gallagher,West Brom,1.1,0.02
Jack Grealish,Aston Villa,7.0,0.43
Pascal Groß,Brighton,3.64,0.19
Sébastien Haller,West Ham,1.54,0.12
Jack Harrison,Leeds United,4.04,0.29
Kai Havertz,Chelsea,2.91,0.07
Isaac Hayden,Newcastle Utd,0.59,0.03
Jordan Henderson,Liverpool,2.41,0.1
Jeff Hendrick,Newcastle Utd,0.88,0.07
Son Heung-min,Tottenham,3.09,0.23
Pierre Højbjerg,Tottenham,1.47,0.04
Danny Ings,Southampton,2.21,0.08
Alex Iwobi,Everton,3.23,0.18
Reece James,Chelsea,2.32,0.15
Raúl Jiménez,Wolves,2.41,0.08
Joelinton,Newcastle Utd,2.13,0.11
James Justin,Leicester City,2.62,0.08
Harry Kane,Tottenham,3.35,0.27
N'Golo Kanté,Chelsea,1.78,0.05
Michael Keane,Everton,0.61,0.03
Max Kilman,Wolves,0.37,0.05
Mateusz Klich,Leeds United,4.6,0.19
Robin Koch,Leeds United,0.79,0.02
Cheikhou Kouyaté,Crystal Palace,0.45,0.01
Alexandre Lacazette,Arsenal,1.86,0.06
Adam Lallana,Brighton,2.77,0.25
Tariq Lamptey,Brighton,2.44,0.11
Jamal Lewis,Newcastle Utd,1.5,0.08
Victor Lindelöf,Manchester Utd,0.39,0.04
Jake Livermore,West Brom,0.59,0.03
Ademola Lookman,Fulham,3.84,0.13
Matthew Lowton,Burnley,0.82,0.03
Douglas Luiz,Aston Villa,1.99,0.04
John Lundstram,Sheffield Utd,2.34,0.09
James Maddison,Leicester City,4.77,0.19
Harry Maguire,Manchester Utd,0.94,0.01
Riyad Mahrez,Manchester City,4.24,0.34
Sadio Mané,Liverpool,3.7,0.15
Solly March,Brighton,2.94,0.09
Anthony Martial,Manchester Utd,2.62,0.18
Arthur Masuaku,West Ham,3.07,0.17
Neal Maupay,Brighton,2.36,0.08
James McArthur,Crystal Palace,1.3,0.07
Oliver McBurnie,Sheffield Utd,1.85,0.07
John McGinn,Aston Villa,3.07,0.11
David McGoldrick,Sheffield Utd,1.72,0.1
Dwight McNeil,Burnley,2.08,0.14
Scott McTominay,Manchester Utd,1.86,0.07
Nampalys Mendy,Leicester City,0.81,0.02
Illan Meslier,Leeds United,0.12,0.01
Luka Milivojević,Crystal Palace,2.35,0.06
Tyrone Mings,Aston Villa,0.67,0.02
Aleksandar Mitrović,Fulham,2.5,0.16
Mason Mount,Chelsea,3.86,0.18
João Moutinho,Wolves,2.94,0.1
Tanguy Ndombele,Tottenham,2.48,0.15
Pedro Neto,Wolves,4.06,0.18
Rúben Neves,Wolves,2.2,0.06
Angelo Ogbonna,West Ham,0.3,0.06
Matheus Pereira,West Brom,4.22,0.17
Kalvin Phillips,Leeds United,2.32,0.12
Daniel Podence,Wolves,3.46,0.07
Paul Pogba,Manchester Utd,3.03,0.08
Nick Pope,Burnley,0.29,0.01
Aaron Ramsdale,Sheffield Utd,0.31,0.01
Marcus Rashford,Manchester Utd,3.04,0.1
Sergio Reguilón,Tottenham,1.74,0.08
Bobby Reid,Fulham,0.87,0.01
Declan Rice,West Ham,1.71,0.07
Richarlison,Everton,2.89,0.17
Andrew Robertson,Liverpool,2.62,0.19
Antonee Robinson,Fulham,2.5,0.08
Callum Robinson,West Brom,2.5,0.06
Rodri,Manchester City,1.98,0.02
Rodrigo,Leeds United,4.54,0.16
James Rodríguez,Everton,4.57,0.33
Oriol Romeu,Southampton,1.79,0.07
Romain Saïss,Wolves,0.56,0.01
Bukayo Saka,Arsenal,3.26,0.13
Mohamed Salah,Liverpool,3.51,0.2
Romaine Sawyers,West Brom,0.77,0.03
Jeffrey Schlupp,Crystal Palace,2.21,0.09
Nélson Semedo,Wolves,1.66,0.03
Luke Shaw,Manchester Utd,2.85,0.15
Gylfi Sigurðsson,Everton,2.84,0.18
Thiago Silva,Chelsea,0.74,0.01
Moussa Sissoko,Tottenham,0.95,0.01
Tomáš Souček,West Ham,1.06,0.03
Raheem Sterling,Manchester City,3.39,0.14
Enda Stevens,Sheffield Utd,0.77,0.02
Matt Targett,Aston Villa,1.93,0.05
James Tarkowski,Burnley,0.69,0.01
Charlie Taylor,Burnley,1.14,0.05
Youri Tielemans,Leicester City,2.02,0.01
Kieran Tierney,Arsenal,2.22,0.12
Andros Townsend,Crystal Palace,2.47,0.18
Adama Traoré,Wolves,4.28,0.18
Trézéguet,Aston Villa,2.77,0.24
Leandro Trossard,Brighton,3.65,0.2
Jamie Vardy,Leicester City,2.01,0.11
Joël Veltman,Brighton,1.4,0.01
Jannik Vestergaard,Southampton,0.8,0.03
Theo Walcott,Southampton,1.56,0.07
Kyle Walker,Manchester City,1.27,0.03
Kyle Walker-Peters,Southampton,1.31,0.02
Aaron Wan-Bissaka,Manchester Utd,1.36,0.03
James Ward-Prowse,Southampton,2.25,0.1
Ollie Watkins,Aston Villa,3.13,0.11
Adam Webster,Brighton,0.87,0.01
Timo Werner,Chelsea,2.98,0.16
Ashley Westwood,Burnley,2.6,0.16
Ben White,Brighton,0.83,0.01
Georginio Wijnaldum,Liverpool,1.5,0.07
Willian,Arsenal,3.06,0.11
Callum Wilson,Newcastle Utd,2.28,0.09
Chris Wood,Burnley,1.26,0.06
Granit Xhaka,Arsenal,0.99,0.01
Wilfried Zaha,Crystal Palace,2.52,0.12
Andre-Frank Zambo Anguissa,Fulham,2.26,0.09
