﻿Name,City,State,Owner,ABB.,Sector,Year of Commissioning,2009-10,2010-11,2011-12,2012-13,2013-14,2014-15,2015-16,2016-17,2017-18,2018-19(MMTPA),Refining Capacity (2019-2020) (MMTPA),crcu(2016-2017),crcu(2017-2018),crude refinery capacity utilization(%)(2018-2019),barrels per day,Latitude,Longitude
Digboi Refinery,Digboi,Assam,Indian Oil Corporation Limited,IOCL,PSU,1901,0.65,0.65,0.65,0.65,0.65,0.65,0.65,0.65,0.65,0.65,0.65,76.9,107.7,103.9,12000,27.38502,95.61987
Guwahati Refiney,Guwahati,Assam,Indian Oil Corporation Limited,IOCL,PSU,1962,1,1,1,1,1,1,1,1,1,1,1,90,100,86.3,20000,26.18471,91.80725
Barauni Refinery,Barauni,Bihar,Indian Oil Corporation Limited,IOCL,PSU,1964,6,6,6,6,6,6,6,6,6,6,6,108.3,96.7,111,116000,25.42778,86.06001
Koyali Refiney,Koyali,Gujarat,Indian Oil Corporation Limited,IOCL,PSU,1965,13.7,13.7,13.7,13.7,13.7,13.7,13.7,13.7,13.7,13.7,13.7,102.2,100.7,98.6,274000,22.37425,73.11948
Bongaigon Refinery,Bongaigaon,Assam,Indian Oil Corporation Limited,IOCL,PSU,1974,2.35,2.35,2.35,2.35,2.35,2.35,2.35,2.35,2.35,2.35,2.35,106.4,100,106.9,48000,26.51502,90.53294
Haldia Refiney,Haldia,West Bengal,Indian Oil Corporation Limited,IOCL,PSU,1975,7.5,7.5,7.5,7.5,7.5,7.5,7.5,7.5,7.5,7.5,7.5,102.7,102.7,106.2,116000,22.0519,88.1051
Mathura Refiney,Mathura,U.P,Indian Oil Corporation Limited,IOCL,PSU,1982,8,8,8,8,8,8,8,8,8,8,8,115,115,121.7,156000,27.377,77.686
Panipat Refinery,Panipat,Haryana,Indian Oil Corporation Limited,IOCL,PSU,1998,12,15,15,15,15,15,15,15,15,15,15,104,104.7,101.9,240000,29.4762,76.8809
Paradip Refiney,Paradip,Odisha,Indian Oil Corporation Limited,IOCL,PSU,2016,0,0,0,0,0,0,15,15,15,15,15,-,84.7,97.4,300000,20.2498,86.5975
Mumbai Refinery,Mumbai,Maharashtra,Hindustan Petroleum Corporation Limited,HPCL,PSU,1954,5.5,6.5,6.5,6.5,6.5,6.5,6.5,6.5,7.5,7.5,7.5,113.3,114.7,115.6,135000,19.01794,72.90321
Visakh Refiney,Visakhapatnam,Andhra Pradesh,Hindustan Petroleum Corporation Limited,HPCL,PSU,1957,8.3,8.3,8.3,8.3,8.3,8.3,8.3,8.3,8.3,8.3,8.3,112.1,115.7,117.7,150000,17.6882,83.252
Mumbai Refinery,Mumbai,Maharashtra,Bharat Petroleum Corporation Limited,BPCL,PSU,1955,12,12,12,12,12,12,12,12,12,12,12,112.5,117.5,123.1,135000,19.01682,72.89415
Kochi Refinery,Kochi,Kerala,Bharat Petroleum Corporation Limited,BPCL,PSU,1963,9.5,9.5,9.5,9.5,9.5,9.5,9.5,9.5,15.5,15.5,15.5,124.2,91,103.6,310000,9.9722,76.378
Manali refinery,Manali,Tamil Nadu,Chennai Petroleum Corporation Limited,CPCL,PSU,1965,10.5,10.5,10.5,10.5,10.5,10.5,10.5,10.5,10.5,10.5,10.5,93.3,98.1,97.8,185000,13.15994,80.27766
Cauvery Basin Refinery,Nagapattinam,Tamil Nadu,Chennai Petroleum Corporation Limited,CPCL,PSU,1993,1,1,1,1,1,1,1,1,1,1,1,50,50,42.3,20000,10.8251,79.829
Numaligarh Refinery,Numaligarh,Assam,Numaligarh Refinery Ltd.,NRL,PSU,2000,3,3,3,3,3,3,3,3,3,3,3,90,93.3,96.7,58000,26.5786,93.7848
Mangalore Refinery,Mangalore,Karnataka,Mangalore Refinery and Petrochemicals Limited,MRPL,PSU,1996,11.82,11.82,11.82,15,15,15,15,15,15,15,15,106.7,107.3,108.2,190000,12.9716,74.856
Tatipaka Refinery,Tatipaka,Andhra Pradesh,Oil and Natural Gas Corporation,ONGC,PSU,2001,0.066,0.066,0.066,0.066,0.066,0.066,0.066,0.066,0.066,0.066,0.066,136.4,114.3,100.2,1600,16.500354,81.89593
Bina Refinery,Bina,MP,Bharat Oman Refinery Ltd.,BORL,JV ,2011,0,0,6,6,6,6,6,6,6,6,7.8,106.7,111.7,73.3,156000,24.248,78.153
Guru Gobind Singh Refinery,Bathinda,Punjab,HPCL Mittal Energy Ltd.,HMEL,JV ,2012,0,0,0,9,9,9,9,9,11.3,11.3,11.3,116.7,77.9,110.4,225000,29.9243,74.9589
Reliance Industry Limited(Domestic Tariff Area),Jamnagar,Gujarat,Reliance Industries Limited,RIL,PRIVATE,1999,33,33,33,33,33,33,33,33,33,33,33,99.4,100.6,96.2,660000,22.34516,69.8596
Reliance Industry Limited(SEZ),Jamnagar,Gujarat,Reliance Industries Limited,RIL,PRIVATE,2008,27,27,27,27,27,27,27,27,35.2,35.2,35.2,138.5,106,106.2,580000,22.34806,69.86889
Nayara Energy Refinery,Vadinar,Gujarat,Essar Oil Limited,EOL,PRIVATE,2006,11,11,11,20,20,20,20,20,20,20,20,104.5,103.5,94.5,240000,22.33167,69.74722
