Year,Date,City and host country,Venue,Men's champion,Women's champion
1973,May 25–27,"KOR 1949 Seoul , South Korea",Kukkiwon,South Korea 1949,
1975,August 28–31,"KOR 1949 Seoul , South Korea",Jangchung Arena,South Korea 1949,
1977,September 15–17,"USA Chicago , United States",International Amphitheatre,South Korea 1949,
1979,October 26–28,"FRG Stuttgart , West Germany",Glaspalast Sindelfingen,South Korea 1949,
1982,February 24–27,"ECU 1900 Guayaquil , Ecuador",Coliseo Cerrado,South Korea 1949,
1983,October 20–23,"DEN Copenhagen , Denmark",Brøndbyhallen,South Korea 1949,
1985,September 4–8,"KOR 1984 Seoul , South Korea",Jamsil Arena,South Korea 1984,
1987,October 7–11,"ESP Barcelona , Spain",Palau dels Esports,South Korea 1984,South Korea 1984
1989,October 9–14,"KOR 1984 Seoul , South Korea",Jamsil Arena,South Korea 1984,South Korea 1984
1991,October 28 – November 3,"GRE Athens , Greece",Peace and Friendship Stadium,South Korea 1984,South Korea 1984
1993,August 19–23,"USA New York City , United States",Madison Square Garden,South Korea 1984,South Korea 1984
1995,November 17–21,"PHI 1986 Manila , Philippines",Folk Arts Theater,South Korea 1984,South Korea 1984
1997,November 19–23,HKG Hong Kong,Hong Kong Coliseum,South Korea 1997,South Korea 1997
1999,June 2–6,"CAN Edmonton , Canada",Universiade Pavilion,South Korea 1997,South Korea 1997
2001,November 1–7,"KOR 1997 Jeju , South Korea",Halla Gymnasium,South Korea 1997,South Korea 1997
2003,September 24–28,"GER Garmisch-Partenkirchen , Germany",Olympia-Eissport-Zentrum,South Korea 1997,South Korea 1997
2005,April 13–17,"ESP Madrid , Spain",Palacio de Deportes,South Korea 1997,South Korea 1997
2007,May 18–22,"CHN Beijing , China",Changping Gymnasium,South Korea 1997,South Korea 1997
2009,October 14–18,"DEN Copenhagen , Denmark",Ballerup Super Arena,South Korea 1997,China
2011,May 1–6,"KOR 1997 Gyeongju , South Korea",Gyeongju Indoor Stadium,Iran,South Korea 1997
2013,July 15–21,"MEX Puebla , Mexico",Exhibition Center of Puebla,South Korea,South Korea
2015,May 12–18,"RUS Chelyabinsk , Russia",Traktor Ice Arena,Iran,South Korea
2017,June 24–30,"KOR Muju , South Korea",Taekwondowon,South Korea,South Korea
2019,May 15–19,"GBR Manchester , United Kingdom",Manchester Arena,South Korea,South Korea
2021,,"CHN Wuxi , China",Wuxi Taihu International Expo Center,,
