date,race,site,source,marble_name,team_name,time_s,pole,points,track_length_m,number_laps,avg_time_lap,host,notes
15-Feb-20,S1Q1,Savage Speedway,https://youtu.be/JtsQ_UydjEI?t=356,Clementin,O'rangers,28.11,P1,NA,12.81,1,28.11,No,NA
15-Feb-20,S1Q1,Savage Speedway,https://youtu.be/JtsQ_UydjEI?t=356,Starry,Team Galactic,28.37,P2,NA,12.81,1,28.37,No,NA
15-Feb-20,S1Q1,Savage Speedway,https://youtu.be/JtsQ_UydjEI?t=356,Momo,Team Momo,28.4,P3,NA,12.81,1,28.4,No,NA
15-Feb-20,S1Q1,Savage Speedway,https://youtu.be/JtsQ_UydjEI?t=356,Yellow,Mellow Yellow,28.7,P4,NA,12.81,1,28.7,No,NA
15-Feb-20,S1Q1,Savage Speedway,https://youtu.be/JtsQ_UydjEI?t=356,Snowy,Snowballs,28.71,P5,NA,12.81,1,28.71,No,NA
15-Feb-20,S1Q1,Savage Speedway,https://youtu.be/JtsQ_UydjEI?t=356,Razzy,Raspberry Racers,28.72,P6,NA,12.81,1,28.72,No,NA
15-Feb-20,S1Q1,Savage Speedway,https://youtu.be/JtsQ_UydjEI?t=356,Prim,Team Primary,28.96,P7,NA,12.81,1,28.96,No,NA
15-Feb-20,S1Q1,Savage Speedway,https://youtu.be/JtsQ_UydjEI?t=356,Vespa,Hornets,29.11,P8,NA,12.81,1,29.11,No,NA
15-Feb-20,S1Q1,Savage Speedway,https://youtu.be/JtsQ_UydjEI?t=356,Hazy,Hazers,29.34,P9,NA,12.81,1,29.34,No,NA
15-Feb-20,S1Q1,Savage Speedway,https://youtu.be/JtsQ_UydjEI?t=356,Mallard,Green Ducks,29.54,P10,NA,12.81,1,29.54,No,NA
15-Feb-20,S1Q1,Savage Speedway,https://youtu.be/JtsQ_UydjEI?t=356,Wispy,Midnight Wisps,29.98,P11,NA,12.81,1,29.98,No,NA
15-Feb-20,S1Q1,Savage Speedway,https://youtu.be/JtsQ_UydjEI?t=356,Rojo Uno,Rojo Rollers,30.08,P12,NA,12.81,1,30.08,No,NA
15-Feb-20,S1Q1,Savage Speedway,https://youtu.be/JtsQ_UydjEI?t=356,Shock,Thunderbolts,30.29,P13,NA,12.81,1,30.29,No,NA
15-Feb-20,S1Q1,Savage Speedway,https://youtu.be/JtsQ_UydjEI?t=356,Sublime,Limers,30.41,P14,NA,12.81,1,30.41,No,NA
15-Feb-20,S1Q1,Savage Speedway,https://youtu.be/JtsQ_UydjEI?t=356,Clutter,Balls of Chaos,31.12,P15,NA,12.81,1,31.12,No,NA
15-Feb-20,S1Q1,Savage Speedway,https://youtu.be/JtsQ_UydjEI?t=356,Speedy,Savage Speeders,31.2,P16,NA,12.81,1,31.2,Yes,NA
16-Feb-20,S1R1,Savage Speedway,https://youtu.be/55iTYdRDG4s?t=456,Starry,Team Galactic,324.42,NA,25,12.81,10,32.44,No,NA
16-Feb-20,S1R1,Savage Speedway,https://youtu.be/55iTYdRDG4s?t=456,Hazy,Hazers,324.47,NA,18,12.81,10,32.45,No,NA
16-Feb-20,S1R1,Savage Speedway,https://youtu.be/55iTYdRDG4s?t=456,Snowy,Snowballs,324.94,NA,15,12.81,10,32.49,No,NA
16-Feb-20,S1R1,Savage Speedway,https://youtu.be/55iTYdRDG4s?t=456,Prim,Team Primary,325.83,NA,12,12.81,10,32.58,No,NA
16-Feb-20,S1R1,Savage Speedway,https://youtu.be/55iTYdRDG4s?t=456,Speedy,Savage Speeders,327.92,NA,11,12.81,10,32.79,Yes,NA
16-Feb-20,S1R1,Savage Speedway,https://youtu.be/55iTYdRDG4s?t=456,Clementin,O'rangers,328.32,NA,8,12.81,10,32.83,No,NA
16-Feb-20,S1R1,Savage Speedway,https://youtu.be/55iTYdRDG4s?t=456,Razzy,Raspberry Racers,330.61,NA,6,12.81,10,33.06,No,NA
16-Feb-20,S1R1,Savage Speedway,https://youtu.be/55iTYdRDG4s?t=456,Mallard,Green Ducks,331.42,NA,4,12.81,10,33.14,No,NA
16-Feb-20,S1R1,Savage Speedway,https://youtu.be/55iTYdRDG4s?t=456,Yellow,Mellow Yellow,334.43,NA,2,12.81,10,33.44,No,NA
16-Feb-20,S1R1,Savage Speedway,https://youtu.be/55iTYdRDG4s?t=456,Wispy,Midnight Wisps,334.46,NA,1,12.81,10,33.45,No,NA
16-Feb-20,S1R1,Savage Speedway,https://youtu.be/55iTYdRDG4s?t=456,Clutter,Balls of Chaos,335.28,NA,0,12.81,10,33.53,No,NA
16-Feb-20,S1R1,Savage Speedway,https://youtu.be/55iTYdRDG4s?t=456,Momo,Team Momo,336.5,NA,0,12.81,10,33.65,No,NA
16-Feb-20,S1R1,Savage Speedway,https://youtu.be/55iTYdRDG4s?t=456,Vespa,Hornets,336.77,NA,0,12.81,10,33.68,No,NA
16-Feb-20,S1R1,Savage Speedway,https://youtu.be/55iTYdRDG4s?t=456,Rojo Uno,Rojo Rollers,336.81,NA,0,12.81,10,33.68,No,NA
16-Feb-20,S1R1,Savage Speedway,https://youtu.be/55iTYdRDG4s?t=456,Shock,Thunderbolts,338.46,NA,0,12.81,10,33.85,No,NA
16-Feb-20,S1R1,Savage Speedway,https://youtu.be/55iTYdRDG4s?t=456,Sublime,Limers,339.98,NA,0,12.81,10,34,No,NA
22-Feb-20,S1Q2,O'raceway,https://youtu.be/_tE8yYHFLpw?t=332,Wospy,Midnight Wisps,30.05,P1,NA,14.05,1,30.05,No,NA
22-Feb-20,S1Q2,O'raceway,https://youtu.be/_tE8yYHFLpw?t=332,Smoggy,Hazers,30.37,P2,NA,14.05,1,30.37,No,NA
22-Feb-20,S1Q2,O'raceway,https://youtu.be/_tE8yYHFLpw?t=332,Rezzy,Raspberry Racers,31.02,P3,NA,14.05,1,31.02,No,NA
22-Feb-20,S1Q2,O'raceway,https://youtu.be/_tE8yYHFLpw?t=332,Limelime,Limers,31.4,P4,NA,14.05,1,31.4,No,NA
22-Feb-20,S1Q2,O'raceway,https://youtu.be/_tE8yYHFLpw?t=332,Billy,Green Ducks,31.61,P5,NA,14.05,1,31.61,No,NA
22-Feb-20,S1Q2,O'raceway,https://youtu.be/_tE8yYHFLpw?t=332,Rapidly,Savage Speeders,31.89,P6,NA,14.05,1,31.89,No,NA
22-Feb-20,S1Q2,O'raceway,https://youtu.be/_tE8yYHFLpw?t=332,Hive,Hornets,32.04,P7,NA,14.05,1,32.04,No,NA
22-Feb-20,S1Q2,O'raceway,https://youtu.be/_tE8yYHFLpw?t=332,Yellup,Mellow Yellow,32.07,P8,NA,14.05,1,32.07,No,NA
22-Feb-20,S1Q2,O'raceway,https://youtu.be/_tE8yYHFLpw?t=332,Anarchy,Balls of Chaos,32.4,P9,NA,14.05,1,32.4,No,NA
22-Feb-20,S1Q2,O'raceway,https://youtu.be/_tE8yYHFLpw?t=332,Bolt,Thunderbolts,32.52,P10,NA,14.05,1,32.52,No,NA
22-Feb-20,S1Q2,O'raceway,https://youtu.be/_tE8yYHFLpw?t=332,Mimo,Team Momo,32.67,P11,NA,14.05,1,32.67,No,NA
22-Feb-20,S1Q2,O'raceway,https://youtu.be/_tE8yYHFLpw?t=332,Pulsar,Team Galactic,33.31,P12,NA,14.05,1,33.31,No,NA
22-Feb-20,S1Q2,O'raceway,https://youtu.be/_tE8yYHFLpw?t=332,Snowflake,Snowballs,33.7,P13,NA,14.05,1,33.7,No,NA
22-Feb-20,S1Q2,O'raceway,https://youtu.be/_tE8yYHFLpw?t=332,Rojo Dos,Rojo Rollers,33.79,P14,NA,14.05,1,33.79,No,NA
22-Feb-20,S1Q2,O'raceway,https://youtu.be/_tE8yYHFLpw?t=332,Orangin,O'rangers,33.86,P15,NA,14.05,1,33.86,Yes,NA
22-Feb-20,S1Q2,O'raceway,https://youtu.be/_tE8yYHFLpw?t=332,Mary,Team Primary,35.51,P16,NA,14.05,1,35.51,No,NA
23-Feb-20,S1R2,O'raceway,https://youtu.be/KTXbB0BVLZc?t=440,Billy,Green Ducks,317.73,NA,26,14.05,9,35.3,No,NA
23-Feb-20,S1R2,O'raceway,https://youtu.be/KTXbB0BVLZc?t=440,Rapidly,Savage Speeders,320.56,NA,18,14.05,9,35.62,No,NA
23-Feb-20,S1R2,O'raceway,https://youtu.be/KTXbB0BVLZc?t=440,Smoggy,Hazers,320.95,NA,15,14.05,9,35.66,No,NA
23-Feb-20,S1R2,O'raceway,https://youtu.be/KTXbB0BVLZc?t=440,Limelime,Limers,324.11,NA,12,14.05,9,36.01,No,NA
23-Feb-20,S1R2,O'raceway,https://youtu.be/KTXbB0BVLZc?t=440,Bolt,Thunderbolts,324.44,NA,10,14.05,9,36.05,No,NA
23-Feb-20,S1R2,O'raceway,https://youtu.be/KTXbB0BVLZc?t=440,Snowflake,Snowballs,325.36,NA,8,14.05,9,36.15,No,NA
23-Feb-20,S1R2,O'raceway,https://youtu.be/KTXbB0BVLZc?t=440,Yellup,Mellow Yellow,325.46,NA,6,14.05,9,36.16,No,NA
23-Feb-20,S1R2,O'raceway,https://youtu.be/KTXbB0BVLZc?t=440,Rezzy,Raspberry Racers,325.52,NA,4,14.05,9,36.17,No,NA
23-Feb-20,S1R2,O'raceway,https://youtu.be/KTXbB0BVLZc?t=440,Hive,Hornets,325.71,NA,2,14.05,9,36.19,No,NA
23-Feb-20,S1R2,O'raceway,https://youtu.be/KTXbB0BVLZc?t=440,Anarchy,Balls of Chaos,327.24,NA,1,14.05,9,36.36,No,NA
23-Feb-20,S1R2,O'raceway,https://youtu.be/KTXbB0BVLZc?t=440,Mimo,Team Momo,328.32,NA,0,14.05,9,36.48,No,NA
23-Feb-20,S1R2,O'raceway,https://youtu.be/KTXbB0BVLZc?t=440,Pulsar,Team Galactic,329.06,NA,0,14.05,9,36.56,No,NA
23-Feb-20,S1R2,O'raceway,https://youtu.be/KTXbB0BVLZc?t=440,Rojo Dos,Rojo Rollers,330.57,NA,0,14.05,9,36.73,No,NA
23-Feb-20,S1R2,O'raceway,https://youtu.be/KTXbB0BVLZc?t=440,Orangin,O'rangers,330.92,NA,0,14.05,9,36.77,Yes,NA
23-Feb-20,S1R2,O'raceway,https://youtu.be/KTXbB0BVLZc?t=440,Mary,Team Primary,335.71,NA,0,14.05,9,37.3,No,NA
23-Feb-20,S1R2,O'raceway,https://youtu.be/KTXbB0BVLZc?t=440,Wospy,Midnight Wisps,NA,NA,0,14.05,9,NA,No,NA
29-Feb-20,S1Q3,Momotorway,https://youtu.be/c7THfJS4zXU?t=446,Prim,Team Primary,21.01,P1,NA,12.05,1,21.01,No,NA
29-Feb-20,S1Q3,Momotorway,https://youtu.be/c7THfJS4zXU?t=446,Clutter,Balls of Chaos,21.05,P2,NA,12.05,1,21.05,No,NA
29-Feb-20,S1Q3,Momotorway,https://youtu.be/c7THfJS4zXU?t=446,Hazy,Hazers,21.12,P3,NA,12.05,1,21.12,No,NA
29-Feb-20,S1Q3,Momotorway,https://youtu.be/c7THfJS4zXU?t=446,Sublime,Limers,21.12,P4,NA,12.05,1,21.12,No,NA
29-Feb-20,S1Q3,Momotorway,https://youtu.be/c7THfJS4zXU?t=446,Starry,Team Galactic,21.34,P5,NA,12.05,1,21.34,No,NA
29-Feb-20,S1Q3,Momotorway,https://youtu.be/c7THfJS4zXU?t=446,Shock,Thunderbolts,21.39,P6,NA,12.05,1,21.39,No,NA
29-Feb-20,S1Q3,Momotorway,https://youtu.be/c7THfJS4zXU?t=446,Speedy,Savage Speeders,21.41,P7,NA,12.05,1,21.41,No,NA
29-Feb-20,S1Q3,Momotorway,https://youtu.be/c7THfJS4zXU?t=446,Mallard,Green Ducks,21.59,P8,NA,12.05,1,21.59,No,NA
29-Feb-20,S1Q3,Momotorway,https://youtu.be/c7THfJS4zXU?t=446,Rojo Uno,Rojo Rollers,22.16,P9,NA,12.05,1,22.16,No,NA
29-Feb-20,S1Q3,Momotorway,https://youtu.be/c7THfJS4zXU?t=446,Yellow,Mellow Yellow,22.2,P10,NA,12.05,1,22.2,No,NA
29-Feb-20,S1Q3,Momotorway,https://youtu.be/c7THfJS4zXU?t=446,Clementin,O'rangers,22.29,P11,NA,12.05,1,22.29,No,NA
29-Feb-20,S1Q3,Momotorway,https://youtu.be/c7THfJS4zXU?t=446,Razzy,Raspberry Racers,22.76,P12,NA,12.05,1,22.76,No,NA
29-Feb-20,S1Q3,Momotorway,https://youtu.be/c7THfJS4zXU?t=446,Momo,Team Momo,22.79,P13,NA,12.05,1,22.79,Yes,NA
29-Feb-20,S1Q3,Momotorway,https://youtu.be/c7THfJS4zXU?t=446,Wispy,Midnight Wisps,22.87,P14,NA,12.05,1,22.87,No,NA
29-Feb-20,S1Q3,Momotorway,https://youtu.be/c7THfJS4zXU?t=446,Snowy,Snowballs,23.62,P15,NA,12.05,1,23.62,No,NA
29-Feb-20,S1Q3,Momotorway,https://youtu.be/c7THfJS4zXU?t=446,Vespa,Hornets,23.75,P16,NA,12.05,1,23.75,No,NA
1-Mar-20,S1R3,Momotorway,https://youtu.be/bu45pUdfp60?t=472,Clutter,Balls of Chaos,339.95,NA,25,12.05,13,26.15,No,NA
1-Mar-20,S1R3,Momotorway,https://youtu.be/bu45pUdfp60?t=472,Prim,Team Primary,340,NA,18,12.05,13,26.15,No,NA
1-Mar-20,S1R3,Momotorway,https://youtu.be/bu45pUdfp60?t=472,Hazy,Hazers,341.27,NA,15,12.05,13,26.25,No,NA
1-Mar-20,S1R3,Momotorway,https://youtu.be/bu45pUdfp60?t=472,Mallard,Green Ducks,342.79,NA,12,12.05,13,26.37,No,NA
1-Mar-20,S1R3,Momotorway,https://youtu.be/bu45pUdfp60?t=472,Clementin,O'rangers,343.11,NA,11,12.05,13,26.39,No,NA
1-Mar-20,S1R3,Momotorway,https://youtu.be/bu45pUdfp60?t=472,Speedy,Savage Speeders,343.17,NA,8,12.05,13,26.4,No,NA
1-Mar-20,S1R3,Momotorway,https://youtu.be/bu45pUdfp60?t=472,Starry,Team Galactic,344.43,NA,6,12.05,13,26.49,No,NA
1-Mar-20,S1R3,Momotorway,https://youtu.be/bu45pUdfp60?t=472,Rojo Uno,Rojo Rollers,344.69,NA,4,12.05,13,26.51,No,NA
1-Mar-20,S1R3,Momotorway,https://youtu.be/bu45pUdfp60?t=472,Snowy,Snowballs,345.19,NA,2,12.05,13,26.55,No,NA
1-Mar-20,S1R3,Momotorway,https://youtu.be/bu45pUdfp60?t=472,Sublime,Limers,347.59,NA,1,12.05,13,26.74,No,NA
1-Mar-20,S1R3,Momotorway,https://youtu.be/bu45pUdfp60?t=472,Vespa,Hornets,347.61,NA,0,12.05,13,26.74,No,NA
1-Mar-20,S1R3,Momotorway,https://youtu.be/bu45pUdfp60?t=472,Wispy,Midnight Wisps,348.89,NA,0,12.05,13,26.84,No,NA
1-Mar-20,S1R3,Momotorway,https://youtu.be/bu45pUdfp60?t=472,Shock,Thunderbolts,349.96,NA,0,12.05,13,26.92,No,NA
1-Mar-20,S1R3,Momotorway,https://youtu.be/bu45pUdfp60?t=472,Razzy,Raspberry Racers,350.28,NA,0,12.05,13,26.94,No,NA
1-Mar-20,S1R3,Momotorway,https://youtu.be/bu45pUdfp60?t=472,Yellow,Mellow Yellow,350.47,NA,0,12.05,13,26.96,No,NA
1-Mar-20,S1R3,Momotorway,https://youtu.be/bu45pUdfp60?t=472,Momo,Team Momo,351.36,NA,0,12.05,13,27.03,Yes,NA
7-Mar-20,S1Q4,Hivedrive,https://youtu.be/HfXUW0N2PPA?t=376,Snowflake,Snowballs,23.99,P1,NA,13.2,1,23.99,No,NA
7-Mar-20,S1Q4,Hivedrive,https://youtu.be/HfXUW0N2PPA?t=376,Orangin,O'rangers,24.23,P2,NA,13.2,1,24.23,No,NA
7-Mar-20,S1Q4,Hivedrive,https://youtu.be/HfXUW0N2PPA?t=376,Yellup,Mellow Yellow,25.48,P3,NA,13.2,1,25.48,No,NA
7-Mar-20,S1Q4,Hivedrive,https://youtu.be/HfXUW0N2PPA?t=376,Wospy,Midnight Wisps,25.8,P4,NA,13.2,1,25.8,No,NA
7-Mar-20,S1Q4,Hivedrive,https://youtu.be/HfXUW0N2PPA?t=376,Smoggy,Hazers,26.01,P5,NA,13.2,1,26.01,No,NA
7-Mar-20,S1Q4,Hivedrive,https://youtu.be/HfXUW0N2PPA?t=376,Rezzy,Raspberry Racers,26.03,P6,NA,13.2,1,26.03,No,NA
7-Mar-20,S1Q4,Hivedrive,https://youtu.be/HfXUW0N2PPA?t=376,Rapidly,Savage Speeders,26.07,P7,NA,13.2,1,26.07,No,NA
7-Mar-20,S1Q4,Hivedrive,https://youtu.be/HfXUW0N2PPA?t=376,Bolt,Thunderbolts,26.31,P8,NA,13.2,1,26.31,No,NA
7-Mar-20,S1Q4,Hivedrive,https://youtu.be/HfXUW0N2PPA?t=376,Pulsar,Team Galactic,27.31,P9,NA,13.2,1,27.31,No,NA
7-Mar-20,S1Q4,Hivedrive,https://youtu.be/HfXUW0N2PPA?t=376,Limelime,Limers,27.32,P10,NA,13.2,1,27.32,No,NA
7-Mar-20,S1Q4,Hivedrive,https://youtu.be/HfXUW0N2PPA?t=376,Billy,Green Ducks,27.54,P11,NA,13.2,1,27.54,No,NA
7-Mar-20,S1Q4,Hivedrive,https://youtu.be/HfXUW0N2PPA?t=376,Mary,Team Primary,27.8,P12,NA,13.2,1,27.8,No,NA
7-Mar-20,S1Q4,Hivedrive,https://youtu.be/HfXUW0N2PPA?t=376,Hive,Hornets,28,P13,NA,13.2,1,28,Yes,NA
7-Mar-20,S1Q4,Hivedrive,https://youtu.be/HfXUW0N2PPA?t=376,Anarchy,Balls of Chaos,29.01,P14,NA,13.2,1,29.01,No,NA
7-Mar-20,S1Q4,Hivedrive,https://youtu.be/HfXUW0N2PPA?t=376,Rojo Dos,Rojo Rollers,29.65,P15,NA,13.2,1,29.65,No,NA
7-Mar-20,S1Q4,Hivedrive,https://youtu.be/HfXUW0N2PPA?t=376,Mimo,Team Momo,29.97,P16,NA,13.2,1,29.97,No,NA
8-Mar-20,S1R4,Hivedrive,https://youtu.be/QSNt3hW6f7g?t=451,Pulsar,Team Galactic,333.27,NA,25,13.2,11,30.3,No,NA
8-Mar-20,S1R4,Hivedrive,https://youtu.be/QSNt3hW6f7g?t=451,Rapidly,Savage Speeders,334.07,NA,18,13.2,11,30.37,No,NA
8-Mar-20,S1R4,Hivedrive,https://youtu.be/QSNt3hW6f7g?t=451,Wospy,Midnight Wisps,334.44,NA,15,13.2,11,30.4,No,NA
8-Mar-20,S1R4,Hivedrive,https://youtu.be/QSNt3hW6f7g?t=451,Smoggy,Hazers,335.09,NA,13,13.2,11,30.46,No,NA
8-Mar-20,S1R4,Hivedrive,https://youtu.be/QSNt3hW6f7g?t=451,Yellup,Mellow Yellow,335.23,NA,10,13.2,11,30.48,No,NA
8-Mar-20,S1R4,Hivedrive,https://youtu.be/QSNt3hW6f7g?t=451,Rezzy,Raspberry Racers,336.72,NA,8,13.2,11,30.61,No,NA
8-Mar-20,S1R4,Hivedrive,https://youtu.be/QSNt3hW6f7g?t=451,Hive,Hornets,338.23,NA,6,13.2,11,30.75,Yes,NA
8-Mar-20,S1R4,Hivedrive,https://youtu.be/QSNt3hW6f7g?t=451,Orangin,O'rangers,338.26,NA,4,13.2,11,30.75,No,NA
8-Mar-20,S1R4,Hivedrive,https://youtu.be/QSNt3hW6f7g?t=451,Mimo,Team Momo,339.78,NA,2,13.2,11,30.89,No,NA
8-Mar-20,S1R4,Hivedrive,https://youtu.be/QSNt3hW6f7g?t=451,Rojo Dos,Rojo Rollers,341.49,NA,1,13.2,11,31.04,No,NA
8-Mar-20,S1R4,Hivedrive,https://youtu.be/QSNt3hW6f7g?t=451,Limelime,Limers,342.11,NA,0,13.2,11,31.1,No,NA
8-Mar-20,S1R4,Hivedrive,https://youtu.be/QSNt3hW6f7g?t=451,Bolt,Thunderbolts,343.33,NA,0,13.2,11,31.21,No,NA
8-Mar-20,S1R4,Hivedrive,https://youtu.be/QSNt3hW6f7g?t=451,Billy,Green Ducks,343.47,NA,0,13.2,11,31.22,No,NA
8-Mar-20,S1R4,Hivedrive,https://youtu.be/QSNt3hW6f7g?t=451,Snowflake,Snowballs,344.21,NA,0,13.2,11,31.29,No,NA
8-Mar-20,S1R4,Hivedrive,https://youtu.be/QSNt3hW6f7g?t=451,Anarchy,Balls of Chaos,345.76,NA,0,13.2,11,31.43,No,NA
8-Mar-20,S1R4,Hivedrive,https://youtu.be/QSNt3hW6f7g?t=451,Mary,Team Primary,NA,NA,0,13.2,11,NA,No,NA
14-Mar-20,S1Q5,Greenstone,https://youtu.be/9PiP_Z698x8?t=477,Yellup,Mellow Yellow,33.61,P1,NA,14.55,1,33.61,No,NA
14-Mar-20,S1Q5,Greenstone,https://youtu.be/9PiP_Z698x8?t=477,Orangin,O'rangers,33.76,P2,NA,14.55,1,33.76,No,NA
14-Mar-20,S1Q5,Greenstone,https://youtu.be/9PiP_Z698x8?t=477,Bolt,Thunderbolts,34.09,P3,NA,14.55,1,34.09,No,NA
14-Mar-20,S1Q5,Greenstone,https://youtu.be/9PiP_Z698x8?t=477,Momo,Team Momo,34.2,P4,NA,14.55,1,34.2,No,NA
14-Mar-20,S1Q5,Greenstone,https://youtu.be/9PiP_Z698x8?t=477,Hazy,Hazers,34.63,P5,NA,14.55,1,34.63,No,NA
14-Mar-20,S1Q5,Greenstone,https://youtu.be/9PiP_Z698x8?t=477,Wospy,Midnight Wisps,34.76,P6,NA,14.55,1,34.76,No,NA
14-Mar-20,S1Q5,Greenstone,https://youtu.be/9PiP_Z698x8?t=477,Mallard,Green Ducks,35.31,P7,NA,14.55,1,35.31,Yes,NA
14-Mar-20,S1Q5,Greenstone,https://youtu.be/9PiP_Z698x8?t=477,Rojo Uno,Rojo Rollers,35.35,P8,NA,14.55,1,35.35,No,NA
14-Mar-20,S1Q5,Greenstone,https://youtu.be/9PiP_Z698x8?t=477,Hive,Hornets,35.43,P9,NA,14.55,1,35.43,No,NA
14-Mar-20,S1Q5,Greenstone,https://youtu.be/9PiP_Z698x8?t=477,Snowflake,Snowballs,35.59,P10,NA,14.55,1,35.59,No,NA
14-Mar-20,S1Q5,Greenstone,https://youtu.be/9PiP_Z698x8?t=477,Rapidly,Savage Speeders,35.69,P11,NA,14.55,1,35.69,No,NA
14-Mar-20,S1Q5,Greenstone,https://youtu.be/9PiP_Z698x8?t=477,Rezzy,Raspberry Racers,35.71,P12,NA,14.55,1,35.71,No,NA
14-Mar-20,S1Q5,Greenstone,https://youtu.be/9PiP_Z698x8?t=477,Limelime,Limers,35.81,P13,NA,14.55,1,35.81,No,NA
14-Mar-20,S1Q5,Greenstone,https://youtu.be/9PiP_Z698x8?t=477,Starry,Team Galactic,36.15,P14,NA,14.55,1,36.15,No,NA
14-Mar-20,S1Q5,Greenstone,https://youtu.be/9PiP_Z698x8?t=477,Clutter,Balls of Chaos,36.28,P15,NA,14.55,1,36.28,No,NA
14-Mar-20,S1Q5,Greenstone,https://youtu.be/9PiP_Z698x8?t=477,Mary,Team Primary,39.49,P16,NA,14.55,1,39.49,No,NA
15-Mar-20,S1R5,Greenstone,https://youtu.be/kBWTFr3bNXQ?t=481,Orangin,O'rangers,360.16,NA,25,14.55,9,40.02,No,NA
15-Mar-20,S1R5,Greenstone,https://youtu.be/kBWTFr3bNXQ?t=481,Bolt,Thunderbolts,362.11,NA,19,14.55,9,40.23,No,NA
15-Mar-20,S1R5,Greenstone,https://youtu.be/kBWTFr3bNXQ?t=481,Yellup,Mellow Yellow,363.1,NA,15,14.55,9,40.34,No,NA
15-Mar-20,S1R5,Greenstone,https://youtu.be/kBWTFr3bNXQ?t=481,Limelime,Limers,364.35,NA,12,14.55,9,40.48,No,NA
15-Mar-20,S1R5,Greenstone,https://youtu.be/kBWTFr3bNXQ?t=481,Rojo Uno,Rojo Rollers,365.21,NA,10,14.55,9,40.58,No,NA
15-Mar-20,S1R5,Greenstone,https://youtu.be/kBWTFr3bNXQ?t=481,Momo,Team Momo,365.32,NA,8,14.55,9,40.59,No,NA
15-Mar-20,S1R5,Greenstone,https://youtu.be/kBWTFr3bNXQ?t=481,Wospy,Midnight Wisps,365.74,NA,6,14.55,9,40.64,No,NA
15-Mar-20,S1R5,Greenstone,https://youtu.be/kBWTFr3bNXQ?t=481,Starry,Team Galactic,366.7,NA,4,14.55,9,40.74,No,NA
15-Mar-20,S1R5,Greenstone,https://youtu.be/kBWTFr3bNXQ?t=481,Mallard,Green Ducks,366.72,NA,2,14.55,9,40.75,Yes,NA
15-Mar-20,S1R5,Greenstone,https://youtu.be/kBWTFr3bNXQ?t=481,Rezzy,Raspberry Racers,366.81,NA,1,14.55,9,40.76,No,NA
15-Mar-20,S1R5,Greenstone,https://youtu.be/kBWTFr3bNXQ?t=481,Hazy,Hazers,366.88,NA,0,14.55,9,40.76,No,NA
15-Mar-20,S1R5,Greenstone,https://youtu.be/kBWTFr3bNXQ?t=481,Clutter,Balls of Chaos,368.05,NA,0,14.55,9,40.89,No,NA
15-Mar-20,S1R5,Greenstone,https://youtu.be/kBWTFr3bNXQ?t=481,Snowflake,Snowballs,369.62,NA,0,14.55,9,41.07,No,NA
15-Mar-20,S1R5,Greenstone,https://youtu.be/kBWTFr3bNXQ?t=481,Hive,Hornets,371.16,NA,0,14.55,9,41.24,No,NA
15-Mar-20,S1R5,Greenstone,https://youtu.be/kBWTFr3bNXQ?t=481,Rapidly,Savage Speeders,372.86,NA,0,14.55,9,41.43,No,NA
15-Mar-20,S1R5,Greenstone,https://youtu.be/kBWTFr3bNXQ?t=481,Mary,Team Primary,374.61,NA,0,14.55,9,41.62,No,NA
21-Mar-20,S1Q6,Short Circuit,https://youtu.be/7cflXx9NsN0?t=319,Prim,Team Primary,17.76,P1,NA,11.9,1,17.76,No,NA
21-Mar-20,S1Q6,Short Circuit,https://youtu.be/7cflXx9NsN0?t=319,Speedy,Savage Speeders,17.85,P2,NA,11.9,1,17.85,No,NA
21-Mar-20,S1Q6,Short Circuit,https://youtu.be/7cflXx9NsN0?t=319,Yellow,Mellow Yellow,17.91,P3,NA,11.9,1,17.91,No,NA
21-Mar-20,S1Q6,Short Circuit,https://youtu.be/7cflXx9NsN0?t=319,Mimo,Team Momo,18.11,P4,NA,11.9,1,18.11,No,NA
21-Mar-20,S1Q6,Short Circuit,https://youtu.be/7cflXx9NsN0?t=319,Smoggy,Hazers,18.31,P5,NA,11.9,1,18.31,No,NA
21-Mar-20,S1Q6,Short Circuit,https://youtu.be/7cflXx9NsN0?t=319,Rojo Dos,Rojo Rollers,18.42,P6,NA,11.9,1,18.42,No,NA
21-Mar-20,S1Q6,Short Circuit,https://youtu.be/7cflXx9NsN0?t=319,Vespa,Hornets,18.86,P7,NA,11.9,1,18.86,No,NA
21-Mar-20,S1Q6,Short Circuit,https://youtu.be/7cflXx9NsN0?t=319,Shock,Thunderbolts,19.16,P8,NA,11.9,1,19.16,Yes,NA
21-Mar-20,S1Q6,Short Circuit,https://youtu.be/7cflXx9NsN0?t=319,Sublime,Limers,19.28,P9,NA,11.9,1,19.28,No,NA
21-Mar-20,S1Q6,Short Circuit,https://youtu.be/7cflXx9NsN0?t=319,Anarchy,Balls of Chaos,19.31,P10,NA,11.9,1,19.31,No,NA
21-Mar-20,S1Q6,Short Circuit,https://youtu.be/7cflXx9NsN0?t=319,Wispy,Midnight Wisps,19.31,P11,NA,11.9,1,19.31,No,NA
21-Mar-20,S1Q6,Short Circuit,https://youtu.be/7cflXx9NsN0?t=319,Snowy,Snowballs,19.37,P12,NA,11.9,1,19.37,No,NA
21-Mar-20,S1Q6,Short Circuit,https://youtu.be/7cflXx9NsN0?t=319,Billy,Green Ducks,19.39,P13,NA,11.9,1,19.39,No,NA
21-Mar-20,S1Q6,Short Circuit,https://youtu.be/7cflXx9NsN0?t=319,Clementin,O'rangers,19.4,P14,NA,11.9,1,19.4,No,NA
21-Mar-20,S1Q6,Short Circuit,https://youtu.be/7cflXx9NsN0?t=319,Pulsar,Team Galactic,19.59,P15,NA,11.9,1,19.59,No,NA
21-Mar-20,S1Q6,Short Circuit,https://youtu.be/7cflXx9NsN0?t=319,Razzy,Raspberry Racers,20.17,P16,NA,11.9,1,20.17,No,NA
22-Mar-20,S1R6,Short Circuit,https://youtu.be/3JJWQbWFxHc?t=446,Snowy,Snowballs,327.4,NA,25,11.9,14,23.39,No,NA
22-Mar-20,S1R6,Short Circuit,https://youtu.be/3JJWQbWFxHc?t=446,Shock,Thunderbolts,329.53,NA,18,11.9,14,23.54,Yes,NA
22-Mar-20,S1R6,Short Circuit,https://youtu.be/3JJWQbWFxHc?t=446,Speedy,Savage Speeders,330.53,NA,15,11.9,14,23.61,No,NA
22-Mar-20,S1R6,Short Circuit,https://youtu.be/3JJWQbWFxHc?t=446,Prim,Team Primary,331.82,NA,12,11.9,14,23.7,No,NA
22-Mar-20,S1R6,Short Circuit,https://youtu.be/3JJWQbWFxHc?t=446,Yellow,Mellow Yellow,331.96,NA,10,11.9,14,23.71,No,NA
22-Mar-20,S1R6,Short Circuit,https://youtu.be/3JJWQbWFxHc?t=446,Rojo Dos,Rojo Rollers,332.45,NA,8,11.9,14,23.75,No,NA
22-Mar-20,S1R6,Short Circuit,https://youtu.be/3JJWQbWFxHc?t=446,Mimo,Team Momo,332.88,NA,6,11.9,14,23.78,No,NA
22-Mar-20,S1R6,Short Circuit,https://youtu.be/3JJWQbWFxHc?t=446,Smoggy,Hazers,333.51,NA,4,11.9,14,23.82,No,NA
22-Mar-20,S1R6,Short Circuit,https://youtu.be/3JJWQbWFxHc?t=446,Billy,Green Ducks,333.57,NA,2,11.9,14,23.83,No,NA
22-Mar-20,S1R6,Short Circuit,https://youtu.be/3JJWQbWFxHc?t=446,Clementin,O'rangers,334.24,NA,2,11.9,14,23.87,No,NA
22-Mar-20,S1R6,Short Circuit,https://youtu.be/3JJWQbWFxHc?t=446,Pulsar,Team Galactic,334.54,NA,0,11.9,14,23.9,No,NA
22-Mar-20,S1R6,Short Circuit,https://youtu.be/3JJWQbWFxHc?t=446,Razzy,Raspberry Racers,334.72,NA,0,11.9,14,23.91,No,NA
22-Mar-20,S1R6,Short Circuit,https://youtu.be/3JJWQbWFxHc?t=446,Wispy,Midnight Wisps,334.82,NA,0,11.9,14,23.92,No,NA
22-Mar-20,S1R6,Short Circuit,https://youtu.be/3JJWQbWFxHc?t=446,Vespa,Hornets,334.94,NA,0,11.9,14,23.92,No,NA
22-Mar-20,S1R6,Short Circuit,https://youtu.be/3JJWQbWFxHc?t=446,Anarchy,Balls of Chaos,338.16,NA,0,11.9,14,24.15,No,NA
22-Mar-20,S1R6,Short Circuit,https://youtu.be/3JJWQbWFxHc?t=446,Sublime,Limers,NA,NA,0,11.9,14,NA,No,Note: Came to complete stop in Lap 14
28-Mar-20,S1Q7,Razzway,https://youtu.be/yUKMyeVgVb0?t=589,Mimo,Team Momo,28.72,P1,NA,14.38,1,28.72,No,NA
28-Mar-20,S1Q7,Razzway,https://youtu.be/yUKMyeVgVb0?t=589,Smoggy,Hazers,28.79,P2,NA,14.38,1,28.79,No,NA
28-Mar-20,S1Q7,Razzway,https://youtu.be/yUKMyeVgVb0?t=589,Rapidly,Savage Speeders,28.86,P3,NA,14.38,1,28.86,No,NA
28-Mar-20,S1Q7,Razzway,https://youtu.be/yUKMyeVgVb0?t=589,Orangin,O'rangers,28.92,P4,NA,14.38,1,28.92,No,NA
28-Mar-20,S1Q7,Razzway,https://youtu.be/yUKMyeVgVb0?t=589,Wispy,Midnight Wisps,29.03,P5,NA,14.38,1,29.03,No,NA
28-Mar-20,S1Q7,Razzway,https://youtu.be/yUKMyeVgVb0?t=589,Limelime,Limers,29.08,P6,NA,14.38,1,29.08,No,NA
28-Mar-20,S1Q7,Razzway,https://youtu.be/yUKMyeVgVb0?t=589,Billy,Green Ducks,29.21,P7,NA,14.38,1,29.21,No,NA
28-Mar-20,S1Q7,Razzway,https://youtu.be/yUKMyeVgVb0?t=589,Rojo Dos,Rojo Rollers,29.27,P8,NA,14.38,1,29.27,No,NA
28-Mar-20,S1Q7,Razzway,https://youtu.be/yUKMyeVgVb0?t=589,Yellow,Mellow Yellow,29.4,P9,NA,14.38,1,29.4,No,NA
28-Mar-20,S1Q7,Razzway,https://youtu.be/yUKMyeVgVb0?t=589,Shock,Thunderbolts,29.71,P10,NA,14.38,1,29.71,No,NA
28-Mar-20,S1Q7,Razzway,https://youtu.be/yUKMyeVgVb0?t=589,Vespa,Hornets,29.8,P11,NA,14.38,1,29.8,No,NA
28-Mar-20,S1Q7,Razzway,https://youtu.be/yUKMyeVgVb0?t=589,Snowflake,Snowballs,29.88,P12,NA,14.38,1,29.88,No,NA
28-Mar-20,S1Q7,Razzway,https://youtu.be/yUKMyeVgVb0?t=589,Pulsar,Team Galactic,30.32,P13,NA,14.38,1,30.32,No,NA
28-Mar-20,S1Q7,Razzway,https://youtu.be/yUKMyeVgVb0?t=589,Razzy,Raspberry Racers,30.8,P14,NA,14.38,1,30.8,Yes,NA
28-Mar-20,S1Q7,Razzway,https://youtu.be/yUKMyeVgVb0?t=589,Anarchy,Balls of Chaos,30.89,P15,NA,14.38,1,30.89,No,NA
28-Mar-20,S1Q7,Razzway,https://youtu.be/yUKMyeVgVb0?t=589,Mary,Team Primary,30.99,P16,NA,14.38,1,30.99,No,NA
29-Mar-20,S1R7,Razzway,https://youtu.be/UI4FB-QKqI8?t=551,Smoggy,Hazers,331.46,NA,25,14.38,10,33.15,No,*Note: A yellow SAFETY flag is issued due to incident in Lap 1.
29-Mar-20,S1R7,Razzway,https://youtu.be/UI4FB-QKqI8?t=551,Orangin,O'rangers,332.08,NA,19,14.38,10,33.21,No,"Shortly after, a red SUSPENDED flag is issued to restart the race, due to major blockage."
29-Mar-20,S1R7,Razzway,https://youtu.be/UI4FB-QKqI8?t=551,Mimo,Team Momo,333.06,NA,25,14.38,10,33.31,No,NA
29-Mar-20,S1R7,Razzway,https://youtu.be/UI4FB-QKqI8?t=551,Wispy,Midnight Wisps,333.47,NA,12,14.38,10,33.35,No,NA
29-Mar-20,S1R7,Razzway,https://youtu.be/UI4FB-QKqI8?t=551,Anarchy,Balls of Chaos,333.81,NA,10,14.38,10,33.38,No,"**Note: Upon the restart, another red flag is issued due to a track invasion incident by a rowdy fan"
29-Mar-20,S1R7,Razzway,https://youtu.be/UI4FB-QKqI8?t=551,Rojo Dos,Rojo Rollers,334.12,NA,8,14.38,10,33.41,No,NA
29-Mar-20,S1R7,Razzway,https://youtu.be/UI4FB-QKqI8?t=551,Rapidly,Savage Speeders,335.9,NA,6,14.38,10,33.59,No,Race resumed normally after the culprit is escorted by security marbles
29-Mar-20,S1R7,Razzway,https://youtu.be/UI4FB-QKqI8?t=551,Pulsar,Team Galactic,336.59,NA,4,14.38,10,33.66,No,NA
29-Mar-20,S1R7,Razzway,https://youtu.be/UI4FB-QKqI8?t=551,Razzy,Raspberry Racers,337.43,NA,2,14.38,10,33.74,Yes,NA
29-Mar-20,S1R7,Razzway,https://youtu.be/UI4FB-QKqI8?t=551,Yellow,Mellow Yellow,337.51,NA,1,14.38,10,33.75,No,NA
29-Mar-20,S1R7,Razzway,https://youtu.be/UI4FB-QKqI8?t=551,Billy,Green Ducks,337.87,NA,0,14.38,10,33.79,No,NA
29-Mar-20,S1R7,Razzway,https://youtu.be/UI4FB-QKqI8?t=551,Shock,Thunderbolts,337.98,NA,0,14.38,10,33.8,No,NA
29-Mar-20,S1R7,Razzway,https://youtu.be/UI4FB-QKqI8?t=551,Snowflake,Snowballs,338.55,NA,0,14.38,10,33.86,No,NA
29-Mar-20,S1R7,Razzway,https://youtu.be/UI4FB-QKqI8?t=551,Limelime,Limers,339.63,NA,0,14.38,10,33.96,No,NA
29-Mar-20,S1R7,Razzway,https://youtu.be/UI4FB-QKqI8?t=551,Vespa,Hornets,340.58,NA,0,14.38,10,34.06,No,NA
29-Mar-20,S1R7,Razzway,https://youtu.be/UI4FB-QKqI8?t=551,Mary,Team Primary,344.81,NA,0,14.38,10,34.48,No,NA
4-Apr-20,S1Q8,Midnight Bay,https://youtu.be/CIevT1HJnCk?t=496,Speedy,Savage Speeders,24.54,P1,NA,12.84,1,24.54,No,*Note: Slight incident between Speedy and Clementin
4-Apr-20,S1Q8,Midnight Bay,https://youtu.be/CIevT1HJnCk?t=496,Momo,Team Momo,24.97,P2,NA,12.84,1,24.97,No,NA
4-Apr-20,S1Q8,Midnight Bay,https://youtu.be/CIevT1HJnCk?t=496,Clutter,Balls of Chaos,25.21,P3,NA,12.84,1,25.21,No,"Ultimately, JMRC reviews and deems no action is necessary"
4-Apr-20,S1Q8,Midnight Bay,https://youtu.be/CIevT1HJnCk?t=496,Mallard,Green Ducks,25.28,P4,NA,12.84,1,25.28,No,NA
4-Apr-20,S1Q8,Midnight Bay,https://youtu.be/CIevT1HJnCk?t=496,Prim,Team Primary,25.36,P5,NA,12.84,1,25.36,No,NA
4-Apr-20,S1Q8,Midnight Bay,https://youtu.be/CIevT1HJnCk?t=496,Rezzy,Raspberry Racers,25.4,P6,NA,12.84,1,25.4,No,NA
4-Apr-20,S1Q8,Midnight Bay,https://youtu.be/CIevT1HJnCk?t=496,Wospy,Midnight Wisps,25.45,P7,NA,12.84,1,25.45,Yes,NA
4-Apr-20,S1Q8,Midnight Bay,https://youtu.be/CIevT1HJnCk?t=496,Snowy,Snowballs,25.5,P8,NA,12.84,1,25.5,No,NA
4-Apr-20,S1Q8,Midnight Bay,https://youtu.be/CIevT1HJnCk?t=496,Yellup,Mellow Yellow,25.53,P9,NA,12.84,1,25.53,No,NA
4-Apr-20,S1Q8,Midnight Bay,https://youtu.be/CIevT1HJnCk?t=496,Rojo Uno,Rojo Rollers,25.66,P10,NA,12.84,1,25.66,No,NA
4-Apr-20,S1Q8,Midnight Bay,https://youtu.be/CIevT1HJnCk?t=496,Clementin,O'rangers,25.75,P11,NA,12.84,1,25.75,No,NA
4-Apr-20,S1Q8,Midnight Bay,https://youtu.be/CIevT1HJnCk?t=496,Hive,Hornets,25.93,P12,NA,12.84,1,25.93,No,NA
4-Apr-20,S1Q8,Midnight Bay,https://youtu.be/CIevT1HJnCk?t=496,Bolt,Thunderbolts,25.94,P13,NA,12.84,1,25.94,No,NA
4-Apr-20,S1Q8,Midnight Bay,https://youtu.be/CIevT1HJnCk?t=496,Starry,Team Galactic,25.95,P14,NA,12.84,1,25.95,No,NA
4-Apr-20,S1Q8,Midnight Bay,https://youtu.be/CIevT1HJnCk?t=496,Hazy,Hazers,26.1,P15,NA,12.84,1,26.1,No,NA
4-Apr-20,S1Q8,Midnight Bay,https://youtu.be/CIevT1HJnCk?t=496,Sublime,Limers,26.22,P16,NA,12.84,1,26.22,No,NA
5-Apr-20,S1R8,Midnight Bay,https://youtu.be/QTVYLdKqxcI?t=608,Speedy,Savage Speeders,474.57,NA,25,12.84,16,29.66,No,NA
5-Apr-20,S1R8,Midnight Bay,https://youtu.be/QTVYLdKqxcI?t=608,Mallard,Green Ducks,475.12,NA,18,12.84,16,29.7,No,NA
5-Apr-20,S1R8,Midnight Bay,https://youtu.be/QTVYLdKqxcI?t=608,Snowy,Snowballs,476.88,NA,16,12.84,16,29.81,No,NA
5-Apr-20,S1R8,Midnight Bay,https://youtu.be/QTVYLdKqxcI?t=608,Prim,Team Primary,477.21,NA,12,12.84,16,29.83,No,NA
5-Apr-20,S1R8,Midnight Bay,https://youtu.be/QTVYLdKqxcI?t=608,Clutter,Balls of Chaos,477.28,NA,10,12.84,16,29.83,No,NA
5-Apr-20,S1R8,Midnight Bay,https://youtu.be/QTVYLdKqxcI?t=608,Momo,Team Momo,479.1,NA,8,12.84,16,29.94,No,NA
5-Apr-20,S1R8,Midnight Bay,https://youtu.be/QTVYLdKqxcI?t=608,Rezzy,Raspberry Racers,479.19,NA,6,12.84,16,29.95,Yes,NA
5-Apr-20,S1R8,Midnight Bay,https://youtu.be/QTVYLdKqxcI?t=608,Hazy,Hazers,479.97,NA,4,12.84,16,30,No,NA
5-Apr-20,S1R8,Midnight Bay,https://youtu.be/QTVYLdKqxcI?t=608,Bolt,Thunderbolts,481.2,NA,2,12.84,16,30.08,No,NA
5-Apr-20,S1R8,Midnight Bay,https://youtu.be/QTVYLdKqxcI?t=608,Rojo Uno,Rojo Rollers,482.43,NA,1,12.84,16,30.15,No,NA
5-Apr-20,S1R8,Midnight Bay,https://youtu.be/QTVYLdKqxcI?t=608,Wospy,Midnight Wisps,482.81,NA,0,12.84,16,30.18,No,NA
5-Apr-20,S1R8,Midnight Bay,https://youtu.be/QTVYLdKqxcI?t=608,Clementin,O'rangers,482.82,NA,0,12.84,16,30.18,No,NA
5-Apr-20,S1R8,Midnight Bay,https://youtu.be/QTVYLdKqxcI?t=608,Yellup,Mellow Yellow,482.88,NA,0,12.84,16,30.18,No,NA
5-Apr-20,S1R8,Midnight Bay,https://youtu.be/QTVYLdKqxcI?t=608,Hive,Hornets,483.57,NA,0,12.84,16,30.22,No,NA
5-Apr-20,S1R8,Midnight Bay,https://youtu.be/QTVYLdKqxcI?t=608,Starry,Team Galactic,484.77,NA,0,12.84,16,30.3,No,NA
5-Apr-20,S1R8,Midnight Bay,https://youtu.be/QTVYLdKqxcI?t=608,Sublime,Limers,492.01,NA,0,12.84,16,30.75,No,NA
