date,areaType,areaCode,areaName,newAdmissions,newCasesByPublishDate,newDeathsByPublishDate,newPeopleVaccinatedFirstDoseByPublishDate,newPeopleVaccinatedSecondDoseByPublishDate
"2021-02-09",nation,N92000002,Northern Ireland,,275,0,,
"2021-02-08",nation,N92000002,Northern Ireland,,296,0,14128,126
"2021-02-07",nation,N92000002,Northern Ireland,4,334,0,7563,256
"2021-02-06",nation,N92000002,Northern Ireland,26,390,0,6026,676
"2021-02-05",nation,N92000002,Northern Ireland,41,506,0,14657,484
"2021-02-04",nation,N92000002,Northern Ireland,34,412,0,11497,508
"2021-02-03",nation,N92000002,Northern Ireland,46,504,0,17064,384
"2021-02-02",nation,N92000002,Northern Ireland,51,447,0,13242,273
"2021-02-01",nation,N92000002,Northern Ireland,57,314,0,11620,270
"2021-01-31",nation,N92000002,Northern Ireland,37,426,0,7208,289
"2021-01-30",nation,N92000002,Northern Ireland,60,455,0,10536,177
"2021-01-29",nation,N92000002,Northern Ireland,62,669,0,7934,76
"2021-01-28",nation,N92000002,Northern Ireland,62,592,0,20847,143
"2021-01-27",nation,N92000002,Northern Ireland,57,527,0,7144,1017
"2021-01-26",nation,N92000002,Northern Ireland,71,550,0,4823,115
"2021-01-25",nation,N92000002,Northern Ireland,61,422,0,3675,82
"2021-01-24",nation,N92000002,Northern Ireland,63,433,0,3998,26
"2021-01-23",nation,N92000002,Northern Ireland,51,670,0,1278,27
"2021-01-22",nation,N92000002,Northern Ireland,78,865,0,3327,150
"2021-01-21",nation,N92000002,Northern Ireland,89,732,0,6827,184
"2021-01-20",nation,N92000002,Northern Ireland,82,905,0,5776,366
"2021-01-19",nation,N92000002,Northern Ireland,73,713,0,5579,381
"2021-01-18",nation,N92000002,Northern Ireland,77,640,0,7140,563
"2021-01-17",nation,N92000002,Northern Ireland,73,822,0,5330,842
"2021-01-16",nation,N92000002,Northern Ireland,94,705,0,2481,700
"2021-01-15",nation,N92000002,Northern Ireland,83,1052,0,3339,210
"2021-01-14",nation,N92000002,Northern Ireland,95,973,0,11866,254
"2021-01-13",nation,N92000002,Northern Ireland,79,1145,0,11284,1170
"2021-01-12",nation,N92000002,Northern Ireland,92,1205,0,7230,2552
"2021-01-11",nation,N92000002,Northern Ireland,92,759,0,6182,1339
"2021-01-10",nation,N92000002,Northern Ireland,99,1112,0,,
"2021-01-09",nation,N92000002,Northern Ireland,88,1442,0,,
"2021-01-08",nation,N92000002,Northern Ireland,109,1500,0,,
"2021-01-07",nation,N92000002,Northern Ireland,84,1410,0,,
"2021-01-06",nation,N92000002,Northern Ireland,81,1985,0,,
"2021-01-05",nation,N92000002,Northern Ireland,80,1378,0,,
"2021-01-04",nation,N92000002,Northern Ireland,77,1801,0,,
"2021-01-03",nation,N92000002,Northern Ireland,75,1662,0,,
"2021-01-02",nation,N92000002,Northern Ireland,58,3576,0,,
"2021-01-01",nation,N92000002,Northern Ireland,70,0,0,,
"2020-12-31",nation,N92000002,Northern Ireland,71,1929,0,,
"2020-12-30",nation,N92000002,Northern Ireland,73,2143,0,,
"2020-12-29",nation,N92000002,Northern Ireland,72,1566,0,,
"2020-12-28",nation,N92000002,Northern Ireland,58,1634,0,,
"2020-12-27",nation,N92000002,Northern Ireland,59,0,0,,
"2020-12-26",nation,N92000002,Northern Ireland,49,998,0,,
"2020-12-25",nation,N92000002,Northern Ireland,45,0,0,,
"2020-12-24",nation,N92000002,Northern Ireland,46,841,0,,
"2020-12-23",nation,N92000002,Northern Ireland,50,787,0,,
"2020-12-22",nation,N92000002,Northern Ireland,48,439,0,,
"2020-12-21",nation,N92000002,Northern Ireland,57,555,0,,
"2020-12-20",nation,N92000002,Northern Ireland,33,505,0,,
"2020-12-19",nation,N92000002,Northern Ireland,32,640,0,,
"2020-12-18",nation,N92000002,Northern Ireland,41,510,0,,
"2020-12-17",nation,N92000002,Northern Ireland,45,656,0,,
"2020-12-16",nation,N92000002,Northern Ireland,41,510,0,,
"2020-12-15",nation,N92000002,Northern Ireland,56,486,0,,
"2020-12-14",nation,N92000002,Northern Ireland,49,419,0,,
"2020-12-13",nation,N92000002,Northern Ireland,39,483,0,,
"2020-12-12",nation,N92000002,Northern Ireland,40,476,0,,
"2020-12-11",nation,N92000002,Northern Ireland,30,538,0,,
"2020-12-10",nation,N92000002,Northern Ireland,31,441,0,,
"2020-12-09",nation,N92000002,Northern Ireland,34,483,0,,
"2020-12-08",nation,N92000002,Northern Ireland,52,351,0,,
"2020-12-07",nation,N92000002,Northern Ireland,39,397,0,,
"2020-12-06",nation,N92000002,Northern Ireland,31,419,0,,
"2020-12-05",nation,N92000002,Northern Ireland,33,451,0,,
"2020-12-04",nation,N92000002,Northern Ireland,41,449,0,,
"2020-12-03",nation,N92000002,Northern Ireland,41,456,0,,
"2020-12-02",nation,N92000002,Northern Ireland,38,416,0,,
"2020-12-01",nation,N92000002,Northern Ireland,36,391,0,,
"2020-11-30",nation,N92000002,Northern Ireland,40,290,0,,
"2020-11-29",nation,N92000002,Northern Ireland,30,351,0,,
"2020-11-28",nation,N92000002,Northern Ireland,27,315,0,,
"2020-11-27",nation,N92000002,Northern Ireland,47,391,0,,
"2020-11-26",nation,N92000002,Northern Ireland,31,442,0,,
"2020-11-25",nation,N92000002,Northern Ireland,43,533,0,,
"2020-11-24",nation,N92000002,Northern Ireland,38,79,0,,
"2020-11-23",nation,N92000002,Northern Ireland,24,280,0,,
"2020-11-22",nation,N92000002,Northern Ireland,29,342,0,,
"2020-11-21",nation,N92000002,Northern Ireland,35,357,0,,
"2020-11-20",nation,N92000002,Northern Ireland,49,369,0,,
"2020-11-19",nation,N92000002,Northern Ireland,38,487,0,,
"2020-11-18",nation,N92000002,Northern Ireland,39,518,0,,
"2020-11-17",nation,N92000002,Northern Ireland,44,549,0,,
"2020-11-16",nation,N92000002,Northern Ireland,46,331,0,,
"2020-11-15",nation,N92000002,Northern Ireland,44,472,0,,
"2020-11-14",nation,N92000002,Northern Ireland,39,511,0,,
"2020-11-13",nation,N92000002,Northern Ireland,34,607,0,,
"2020-11-12",nation,N92000002,Northern Ireland,37,548,0,,
"2020-11-11",nation,N92000002,Northern Ireland,50,791,0,,
"2020-11-10",nation,N92000002,Northern Ireland,51,514,0,,
"2020-11-09",nation,N92000002,Northern Ireland,49,471,0,,
"2020-11-08",nation,N92000002,Northern Ireland,47,420,0,,
"2020-11-07",nation,N92000002,Northern Ireland,41,528,0,,
"2020-11-06",nation,N92000002,Northern Ireland,54,595,0,,
"2020-11-05",nation,N92000002,Northern Ireland,42,516,0,,
"2020-11-04",nation,N92000002,Northern Ireland,53,679,0,,
"2020-11-03",nation,N92000002,Northern Ireland,58,570,0,,
"2020-11-02",nation,N92000002,Northern Ireland,55,493,0,,
"2020-11-01",nation,N92000002,Northern Ireland,37,685,0,,
"2020-10-31",nation,N92000002,Northern Ireland,37,649,0,,
"2020-10-30",nation,N92000002,Northern Ireland,48,566,0,,
"2020-10-29",nation,N92000002,Northern Ireland,58,822,0,,
"2020-10-28",nation,N92000002,Northern Ireland,41,840,0,,
"2020-10-27",nation,N92000002,Northern Ireland,55,722,0,,
"2020-10-26",nation,N92000002,Northern Ireland,47,727,0,,
"2020-10-25",nation,N92000002,Northern Ireland,46,896,0,,
"2020-10-24",nation,N92000002,Northern Ireland,53,923,0,,
"2020-10-23",nation,N92000002,Northern Ireland,47,1252,0,,
"2020-10-22",nation,N92000002,Northern Ireland,54,1042,0,,
"2020-10-21",nation,N92000002,Northern Ireland,42,1039,0,,
"2020-10-20",nation,N92000002,Northern Ireland,53,913,0,,
"2020-10-19",nation,N92000002,Northern Ireland,44,820,0,,
"2020-10-18",nation,N92000002,Northern Ireland,45,1012,0,,
"2020-10-17",nation,N92000002,Northern Ireland,46,1031,0,,
"2020-10-16",nation,N92000002,Northern Ireland,48,1299,0,,
"2020-10-15",nation,N92000002,Northern Ireland,46,763,0,,
"2020-10-14",nation,N92000002,Northern Ireland,37,1217,0,,
"2020-10-13",nation,N92000002,Northern Ireland,43,863,0,,
"2020-10-12",nation,N92000002,Northern Ireland,31,877,0,,
"2020-10-11",nation,N92000002,Northern Ireland,37,1066,0,,
"2020-10-10",nation,N92000002,Northern Ireland,31,902,0,,
"2020-10-09",nation,N92000002,Northern Ireland,23,1080,0,,
"2020-10-08",nation,N92000002,Northern Ireland,29,923,1,,
"2020-10-07",nation,N92000002,Northern Ireland,30,828,1,,
"2020-10-06",nation,N92000002,Northern Ireland,27,669,1,,
"2020-10-05",nation,N92000002,Northern Ireland,25,616,0,,
"2020-10-04",nation,N92000002,Northern Ireland,17,462,1,,
"2020-10-03",nation,N92000002,Northern Ireland,23,726,1,,
"2020-10-02",nation,N92000002,Northern Ireland,9,934,1,,
"2020-10-01",nation,N92000002,Northern Ireland,16,259,2,,
"2020-09-30",nation,N92000002,Northern Ireland,16,424,1,,
"2020-09-29",nation,N92000002,Northern Ireland,9,320,0,,
"2020-09-28",nation,N92000002,Northern Ireland,21,220,0,,
"2020-09-27",nation,N92000002,Northern Ireland,12,187,0,,
"2020-09-26",nation,N92000002,Northern Ireland,11,319,1,,
"2020-09-25",nation,N92000002,Northern Ireland,6,273,0,,
"2020-09-24",nation,N92000002,Northern Ireland,8,189,0,,
"2020-09-23",nation,N92000002,Northern Ireland,13,220,0,,
"2020-09-22",nation,N92000002,Northern Ireland,8,75,0,,
"2020-09-21",nation,N92000002,Northern Ireland,11,125,2,,
"2020-09-20",nation,N92000002,Northern Ireland,6,176,0,,
"2020-09-19",nation,N92000002,Northern Ireland,4,222,0,,
"2020-09-18",nation,N92000002,Northern Ireland,3,163,2,,
"2020-09-17",nation,N92000002,Northern Ireland,4,149,0,,
"2020-09-16",nation,N92000002,Northern Ireland,3,129,2,,
"2020-09-15",nation,N92000002,Northern Ireland,4,79,1,,
"2020-09-14",nation,N92000002,Northern Ireland,8,109,2,,
"2020-09-13",nation,N92000002,Northern Ireland,5,87,0,,
"2020-09-12",nation,N92000002,Northern Ireland,4,104,0,,
"2020-09-11",nation,N92000002,Northern Ireland,7,88,0,,
"2020-09-10",nation,N92000002,Northern Ireland,7,78,1,,
"2020-09-09",nation,N92000002,Northern Ireland,2,49,0,,
"2020-09-08",nation,N92000002,Northern Ireland,9,40,2,,
"2020-09-07",nation,N92000002,Northern Ireland,1,141,1,,
"2020-09-06",nation,N92000002,Northern Ireland,4,106,0,,
"2020-09-05",nation,N92000002,Northern Ireland,1,118,0,,
"2020-09-04",nation,N92000002,Northern Ireland,2,61,1,,
"2020-09-03",nation,N92000002,Northern Ireland,3,77,1,,
"2020-09-02",nation,N92000002,Northern Ireland,0,71,2,,
"2020-09-01",nation,N92000002,Northern Ireland,4,49,0,,
"2020-08-31",nation,N92000002,Northern Ireland,5,58,0,,
"2020-08-30",nation,N92000002,Northern Ireland,3,49,0,,
"2020-08-29",nation,N92000002,Northern Ireland,2,89,0,,
"2020-08-28",nation,N92000002,Northern Ireland,5,85,0,,
"2020-08-27",nation,N92000002,Northern Ireland,4,69,1,,
"2020-08-26",nation,N92000002,Northern Ireland,0,72,0,,
"2020-08-25",nation,N92000002,Northern Ireland,2,47,0,,
"2020-08-24",nation,N92000002,Northern Ireland,6,10,0,,
"2020-08-23",nation,N92000002,Northern Ireland,3,119,0,,
"2020-08-22",nation,N92000002,Northern Ireland,3,71,0,,
"2020-08-21",nation,N92000002,Northern Ireland,2,20,0,,
"2020-08-20",nation,N92000002,Northern Ireland,6,51,0,,
"2020-08-19",nation,N92000002,Northern Ireland,6,34,0,,
"2020-08-18",nation,N92000002,Northern Ireland,6,41,1,,
"2020-08-17",nation,N92000002,Northern Ireland,6,39,0,,
"2020-08-16",nation,N92000002,Northern Ireland,2,27,0,,
"2020-08-15",nation,N92000002,Northern Ireland,2,65,0,,
"2020-08-14",nation,N92000002,Northern Ireland,2,74,1,,
"2020-08-13",nation,N92000002,Northern Ireland,4,8,0,,
"2020-08-12",nation,N92000002,Northern Ireland,3,29,0,,
"2020-08-11",nation,N92000002,Northern Ireland,2,48,0,,
"2020-08-10",nation,N92000002,Northern Ireland,0,0,1,,
"2020-08-09",nation,N92000002,Northern Ireland,2,0,0,,
"2020-08-08",nation,N92000002,Northern Ireland,5,0,0,,
"2020-08-07",nation,N92000002,Northern Ireland,0,15,0,,
"2020-08-06",nation,N92000002,Northern Ireland,3,43,0,,
"2020-08-05",nation,N92000002,Northern Ireland,1,10,0,,
"2020-08-04",nation,N92000002,Northern Ireland,1,8,0,,
"2020-08-03",nation,N92000002,Northern Ireland,3,0,0,,
"2020-08-02",nation,N92000002,Northern Ireland,1,0,0,,
"2020-08-01",nation,N92000002,Northern Ireland,3,0,0,,
"2020-07-31",nation,N92000002,Northern Ireland,1,10,0,,
"2020-07-30",nation,N92000002,Northern Ireland,1,8,0,,
"2020-07-29",nation,N92000002,Northern Ireland,2,9,0,,
"2020-07-28",nation,N92000002,Northern Ireland,1,9,0,,
"2020-07-27",nation,N92000002,Northern Ireland,2,0,0,,
"2020-07-26",nation,N92000002,Northern Ireland,0,0,0,,
"2020-07-25",nation,N92000002,Northern Ireland,1,0,0,,
"2020-07-24",nation,N92000002,Northern Ireland,3,15,0,,
"2020-07-23",nation,N92000002,Northern Ireland,0,8,0,,
"2020-07-22",nation,N92000002,Northern Ireland,2,9,0,,
"2020-07-21",nation,N92000002,Northern Ireland,0,2,0,,
"2020-07-20",nation,N92000002,Northern Ireland,1,0,0,,
"2020-07-19",nation,N92000002,Northern Ireland,1,0,0,,
"2020-07-18",nation,N92000002,Northern Ireland,2,0,0,,
"2020-07-17",nation,N92000002,Northern Ireland,0,19,0,,
"2020-07-16",nation,N92000002,Northern Ireland,2,16,0,,
"2020-07-15",nation,N92000002,Northern Ireland,1,9,0,,
"2020-07-14",nation,N92000002,Northern Ireland,0,2,0,,
"2020-07-13",nation,N92000002,Northern Ireland,1,0,2,,
"2020-07-12",nation,N92000002,Northern Ireland,0,0,0,,
"2020-07-11",nation,N92000002,Northern Ireland,1,0,0,,
"2020-07-10",nation,N92000002,Northern Ireland,0,4,0,,
"2020-07-09",nation,N92000002,Northern Ireland,2,3,0,,
"2020-07-08",nation,N92000002,Northern Ireland,3,4,0,,
"2020-07-07",nation,N92000002,Northern Ireland,1,5,0,,
"2020-07-06",nation,N92000002,Northern Ireland,1,0,0,,
"2020-07-05",nation,N92000002,Northern Ireland,0,0,0,,
"2020-07-04",nation,N92000002,Northern Ireland,3,0,0,,
"2020-07-03",nation,N92000002,Northern Ireland,1,4,2,,
"2020-07-02",nation,N92000002,Northern Ireland,2,7,1,,
"2020-07-01",nation,N92000002,Northern Ireland,0,1,0,,
"2020-06-30",nation,N92000002,Northern Ireland,2,3,0,,
"2020-06-29",nation,N92000002,Northern Ireland,0,6,1,,
"2020-06-28",nation,N92000002,Northern Ireland,3,1,1,,
"2020-06-27",nation,N92000002,Northern Ireland,0,2,1,,
"2020-06-26",nation,N92000002,Northern Ireland,2,4,1,,
"2020-06-25",nation,N92000002,Northern Ireland,2,1,0,,
"2020-06-24",nation,N92000002,Northern Ireland,1,2,1,,
"2020-06-23",nation,N92000002,Northern Ireland,3,0,1,,
"2020-06-22",nation,N92000002,Northern Ireland,2,1,0,,
"2020-06-21",nation,N92000002,Northern Ireland,4,4,0,,
"2020-06-20",nation,N92000002,Northern Ireland,3,0,1,,
"2020-06-19",nation,N92000002,Northern Ireland,1,3,1,,
"2020-06-18",nation,N92000002,Northern Ireland,0,1,0,,
"2020-06-17",nation,N92000002,Northern Ireland,1,8,1,,
"2020-06-16",nation,N92000002,Northern Ireland,1,2,1,,
"2020-06-15",nation,N92000002,Northern Ireland,0,4,0,,
"2020-06-14",nation,N92000002,Northern Ireland,0,7,0,,
"2020-06-13",nation,N92000002,Northern Ireland,2,3,2,,
"2020-06-12",nation,N92000002,Northern Ireland,2,16,1,,
"2020-06-11",nation,N92000002,Northern Ireland,5,4,1,,
"2020-06-10",nation,N92000002,Northern Ireland,5,13,0,,
"2020-06-09",nation,N92000002,Northern Ireland,6,3,0,,
"2020-06-08",nation,N92000002,Northern Ireland,2,6,0,,
"2020-06-07",nation,N92000002,Northern Ireland,1,6,0,,
"2020-06-06",nation,N92000002,Northern Ireland,3,14,1,,
"2020-06-05",nation,N92000002,Northern Ireland,3,3,1,,
"2020-06-04",nation,N92000002,Northern Ireland,3,33,1,,
"2020-06-03",nation,N92000002,Northern Ireland,3,8,8,,
"2020-06-02",nation,N92000002,Northern Ireland,4,4,2,,
"2020-06-01",nation,N92000002,Northern Ireland,3,12,1,,
"2020-05-31",nation,N92000002,Northern Ireland,4,7,1,,
"2020-05-30",nation,N92000002,Northern Ireland,5,13,1,,
"2020-05-29",nation,N92000002,Northern Ireland,7,17,3,,
"2020-05-28",nation,N92000002,Northern Ireland,6,16,2,,
"2020-05-27",nation,N92000002,Northern Ireland,6,26,2,,
"2020-05-26",nation,N92000002,Northern Ireland,9,28,0,,
"2020-05-25",nation,N92000002,Northern Ireland,9,39,8,,
"2020-05-24",nation,N92000002,Northern Ireland,4,25,1,,
"2020-05-23",nation,N92000002,Northern Ireland,4,41,1,,
"2020-05-22",nation,N92000002,Northern Ireland,5,23,3,,
"2020-05-21",nation,N92000002,Northern Ireland,8,42,7,,
"2020-05-20",nation,N92000002,Northern Ireland,5,18,5,,
"2020-05-19",nation,N92000002,Northern Ireland,10,20,7,,
"2020-05-18",nation,N92000002,Northern Ireland,11,16,6,,
"2020-05-17",nation,N92000002,Northern Ireland,12,28,3,,
"2020-05-16",nation,N92000002,Northern Ireland,7,40,4,,
"2020-05-15",nation,N92000002,Northern Ireland,11,26,15,,
"2020-05-14",nation,N92000002,Northern Ireland,13,38,5,,
"2020-05-13",nation,N92000002,Northern Ireland,16,60,2,,
"2020-05-12",nation,N92000002,Northern Ireland,10,44,9,,
"2020-05-11",nation,N92000002,Northern Ireland,22,30,3,,
"2020-05-10",nation,N92000002,Northern Ireland,18,41,5,,
"2020-05-09",nation,N92000002,Northern Ireland,19,56,4,,
"2020-05-08",nation,N92000002,Northern Ireland,7,38,4,,
"2020-05-07",nation,N92000002,Northern Ireland,12,50,4,,
"2020-05-06",nation,N92000002,Northern Ireland,17,53,14,,
"2020-05-05",nation,N92000002,Northern Ireland,11,45,17,,
"2020-05-04",nation,N92000002,Northern Ireland,13,69,6,,
"2020-05-03",nation,N92000002,Northern Ireland,10,78,5,,
"2020-05-02",nation,N92000002,Northern Ireland,12,66,11,,
"2020-05-01",nation,N92000002,Northern Ireland,19,87,18,,
"2020-04-30",nation,N92000002,Northern Ireland,27,73,9,,
"2020-04-29",nation,N92000002,Northern Ireland,17,55,9,,
"2020-04-28",nation,N92000002,Northern Ireland,11,34,20,,
"2020-04-27",nation,N92000002,Northern Ireland,22,66,10,,
"2020-04-26",nation,N92000002,Northern Ireland,11,82,5,,
"2020-04-25",nation,N92000002,Northern Ireland,19,104,16,,
"2020-04-24",nation,N92000002,Northern Ireland,22,106,15,,
"2020-04-23",nation,N92000002,Northern Ireland,23,142,13,,
"2020-04-22",nation,N92000002,Northern Ireland,27,116,30,,
"2020-04-21",nation,N92000002,Northern Ireland,31,30,13,,
"2020-04-20",nation,N92000002,Northern Ireland,33,83,13,,
"2020-04-19",nation,N92000002,Northern Ireland,22,159,1,,
"2020-04-18",nation,N92000002,Northern Ireland,15,148,17,,
"2020-04-17",nation,N92000002,Northern Ireland,32,137,18,,
"2020-04-16",nation,N92000002,Northern Ireland,33,113,18,,
"2020-04-15",nation,N92000002,Northern Ireland,23,121,6,,
"2020-04-14",nation,N92000002,Northern Ireland,22,85,10,,
"2020-04-13",nation,N92000002,Northern Ireland,16,76,6,,
"2020-04-12",nation,N92000002,Northern Ireland,22,89,11,,
"2020-04-11",nation,N92000002,Northern Ireland,22,128,15,,
"2020-04-10",nation,N92000002,Northern Ireland,20,112,10,,
"2020-04-09",nation,N92000002,Northern Ireland,33,138,4,,
"2020-04-08",nation,N92000002,Northern Ireland,32,84,5,,
"2020-04-07",nation,N92000002,Northern Ireland,39,97,3,,
"2020-04-06",nation,N92000002,Northern Ireland,42,69,7,,
"2020-04-05",nation,N92000002,Northern Ireland,29,91,7,,
"2020-04-04",nation,N92000002,Northern Ireland,41,94,8,,
"2020-04-03",nation,N92000002,Northern Ireland,44,130,12,,
"2020-04-02",nation,N92000002,Northern Ireland,44,85,6,,
"2020-04-01",nation,N92000002,Northern Ireland,45,103,2,,
"2020-03-31",nation,N92000002,Northern Ireland,43,53,6,,
"2020-03-30",nation,N92000002,Northern Ireland,35,123,1,,
"2020-03-29",nation,N92000002,Northern Ireland,34,86,6,,
"2020-03-28",nation,N92000002,Northern Ireland,37,49,2,,
"2020-03-27",nation,N92000002,Northern Ireland,30,34,3,,
"2020-03-26",nation,N92000002,Northern Ireland,28,32,3,,
"2020-03-25",nation,N92000002,Northern Ireland,29,37,2,,
"2020-03-24",nation,N92000002,Northern Ireland,15,24,2,,
"2020-03-23",nation,N92000002,Northern Ireland,18,20,1,,
"2020-03-22",nation,N92000002,Northern Ireland,10,20,0,,
"2020-03-21",nation,N92000002,Northern Ireland,15,22,1,,
"2020-03-20",nation,N92000002,Northern Ireland,12,9,0,,
"2020-03-19",nation,N92000002,Northern Ireland,5,9,0,,
"2020-03-18",nation,N92000002,Northern Ireland,8,6,0,,
"2020-03-17",nation,N92000002,Northern Ireland,5,10,0,,
"2020-03-16",nation,N92000002,Northern Ireland,4,7,0,,
"2020-03-15",nation,N92000002,Northern Ireland,1,11,0,,
"2020-03-14",nation,N92000002,Northern Ireland,2,5,0,,
"2020-03-13",nation,N92000002,Northern Ireland,2,10,0,,
"2020-03-12",nation,N92000002,Northern Ireland,3,1,0,,
"2020-03-11",nation,N92000002,Northern Ireland,4,2,0,,
"2020-03-10",nation,N92000002,Northern Ireland,4,0,0,,
"2020-03-09",nation,N92000002,Northern Ireland,1,3,0,,
"2020-03-08",nation,N92000002,Northern Ireland,0,5,0,,
"2020-03-07",nation,N92000002,Northern Ireland,0,2,0,,
"2020-03-06",nation,N92000002,Northern Ireland,3,2,0,,
"2020-03-05",nation,N92000002,Northern Ireland,1,0,0,,
"2020-03-04",nation,N92000002,Northern Ireland,0,0,0,,
"2020-03-03",nation,N92000002,Northern Ireland,0,0,0,,
"2020-03-02",nation,N92000002,Northern Ireland,1,0,0,,
"2020-03-01",nation,N92000002,Northern Ireland,,0,0,,
"2020-02-29",nation,N92000002,Northern Ireland,,0,0,,
"2020-02-28",nation,N92000002,Northern Ireland,,0,0,,
"2020-02-27",nation,N92000002,Northern Ireland,,0,0,,
"2020-02-26",nation,N92000002,Northern Ireland,,0,0,,
"2020-02-25",nation,N92000002,Northern Ireland,,0,0,,
"2020-02-24",nation,N92000002,Northern Ireland,,0,0,,
"2020-02-23",nation,N92000002,Northern Ireland,,0,0,,
"2020-02-22",nation,N92000002,Northern Ireland,,0,0,,
"2020-02-21",nation,N92000002,Northern Ireland,,0,0,,
"2020-02-20",nation,N92000002,Northern Ireland,,0,0,,
"2020-02-19",nation,N92000002,Northern Ireland,,0,0,,
"2020-02-18",nation,N92000002,Northern Ireland,,0,0,,
"2020-02-17",nation,N92000002,Northern Ireland,,0,0,,
"2020-02-16",nation,N92000002,Northern Ireland,,0,0,,
"2020-02-15",nation,N92000002,Northern Ireland,,0,0,,
"2020-02-14",nation,N92000002,Northern Ireland,,0,0,,
"2020-02-13",nation,N92000002,Northern Ireland,,0,0,,
"2020-02-12",nation,N92000002,Northern Ireland,,0,0,,
"2020-02-11",nation,N92000002,Northern Ireland,,0,0,,
"2020-02-10",nation,N92000002,Northern Ireland,,0,0,,
"2020-02-09",nation,N92000002,Northern Ireland,,0,0,,
"2020-02-08",nation,N92000002,Northern Ireland,,0,0,,
"2020-02-07",nation,N92000002,Northern Ireland,,0,0,,
"2020-02-06",nation,N92000002,Northern Ireland,,0,0,,
"2020-02-05",nation,N92000002,Northern Ireland,,0,0,,
"2020-02-04",nation,N92000002,Northern Ireland,,0,0,,
"2020-02-03",nation,N92000002,Northern Ireland,,0,0,,
"2020-02-02",nation,N92000002,Northern Ireland,,0,0,,
"2020-02-01",nation,N92000002,Northern Ireland,,0,0,,
"2020-01-31",nation,N92000002,Northern Ireland,,0,0,,
"2020-01-30",nation,N92000002,Northern Ireland,,0,0,,
"2020-01-29",nation,N92000002,Northern Ireland,,0,0,,
"2020-01-28",nation,N92000002,Northern Ireland,,0,0,,
"2020-01-27",nation,N92000002,Northern Ireland,,0,0,,
"2020-01-26",nation,N92000002,Northern Ireland,,0,0,,
"2020-01-25",nation,N92000002,Northern Ireland,,0,0,,
"2020-01-24",nation,N92000002,Northern Ireland,,0,0,,
"2020-01-23",nation,N92000002,Northern Ireland,,0,0,,
"2020-01-22",nation,N92000002,Northern Ireland,,0,0,,
"2020-01-21",nation,N92000002,Northern Ireland,,0,0,,
"2020-01-20",nation,N92000002,Northern Ireland,,0,0,,
"2020-01-19",nation,N92000002,Northern Ireland,,0,0,,
"2020-01-18",nation,N92000002,Northern Ireland,,0,0,,
"2020-01-17",nation,N92000002,Northern Ireland,,0,0,,
"2020-01-16",nation,N92000002,Northern Ireland,,0,0,,
"2020-01-15",nation,N92000002,Northern Ireland,,0,0,,
"2020-01-14",nation,N92000002,Northern Ireland,,0,0,,
"2020-01-13",nation,N92000002,Northern Ireland,,0,0,,
"2020-01-12",nation,N92000002,Northern Ireland,,0,0,,
"2020-01-11",nation,N92000002,Northern Ireland,,0,0,,
"2020-01-10",nation,N92000002,Northern Ireland,,0,0,,
"2020-01-09",nation,N92000002,Northern Ireland,,0,0,,
"2020-01-08",nation,N92000002,Northern Ireland,,0,0,,
"2020-01-07",nation,N92000002,Northern Ireland,,0,0,,
"2020-01-06",nation,N92000002,Northern Ireland,,0,0,,
"2020-01-05",nation,N92000002,Northern Ireland,,0,0,,
"2020-01-04",nation,N92000002,Northern Ireland,,0,0,,
"2020-01-03",nation,N92000002,Northern Ireland,,0,0,,