Store,Lat,Long,Addres,Rating,
Gramedia,112.741605,-7.263635,"Jl. Basuki Rahmat No.8-12, Kedungdoro, Kec. Tegalsari, Kota SBY, Jawa Timur 60261",4.6,
Gramedia,112.742061,-7.269337,"Jl. Basuki Rahmat No.93-105, Genteng, Kec. Tegalsari, Kota SBY, Jawa Timur 60271",4.6,
Gramedia,112.7651599,-7.280149254,"Jl. Manyar Kertoarjo No.16, Manyar Sabrangan, Kec. Mulyorejo, Kota SBY, Jawa Timur 60116",4.6,
Gramedia,112.7188521,-7.292742494,"Jl. Mayjen Sungkono No.89, Gunung Sari, Dukuhpakis, Surabaya City, East Java 60224",4.7,", "
Gramedia,112.6749454,-7.289553647,"Jl. Mayjen Yono Suwoyo No.2, Babatan, Kec. Wiyung, Kota SBY, Jawa Timur 60227",4.5,
Gramedia,112.7348288,-7.308248841,"Jl. Ahmad Yani No.16-18, Ketintang, Kec. Gayungan, Kota SBY, Jawa Timur 60231",4.4,
Gunung Agung,112.7507435,-7.259291992,"Jl. Walikota Mustajab No.1, Ketabang, Genteng, Surabaya City, East Java 60272",4.5,
Cahaya Ilmu,112.7567516,-7.248478738,"Jl. Kapas Krampung No.31, Tambakrejo, Kec. Simokerto, Kota SBY, Jawa Timur 60142",4.6,
Rohani Yakin,112.7390592,-7.255475437,"Jl. Genteng Besar No.85, Genteng, Kec. Genteng, Kota SBY, Jawa Timur 60275",4.4,
Sagung Seto,112.7696149,-7.263308564,"Jl. Dharmahusada No.120, Mojo, Kec. Gubeng, Kota SBY, Jawa Timur 60285",4.4,
Tabah Jaya,112.7424924,-7.275228279,"Jl. Pandegiling No.22, Keputran, Kec. Tegalsari, Kota SBY, Jawa Timur 60265",4.3,
Uranus,112.7555387,-7.289531518,"Jl. Ngagel Jaya No.89-91, Pucang Sewu, Kec. Gubeng, Kota SBY, Jawa Timur 60283",4.4,
Togamas,112.735111,-7.284593547,"Jl. Diponegoro No.93, Darmo, Kec. Wonokromo, Kota SBY, Jawa Timur 60241",4.4,
TGA Bookstore,112.7524488,-7.280677186,"Level G, Galaxy Mall 2, Jl. Dr. Ir. H. Soekarno No.35-39, Mulyorejo, Surabaya City, East Java 60115",4.5,
Periplus,112.7811163,-7.274376881,"Galaxy Mall, Level G, Jl. Dr. Ir. H. Soekarno No.35-39, Mulyorejo, Surabaya City, East Java 60115",4.7,
Toko Buku Kwan,112.7521055,-7.279144687,"Jalan raya kupang jaya b6 surabaya, Sonokwijenan, Kec. Sukomanunggal, Kota SBY, Jawa Timur 60189",4.3,
Lancar Jaya,112.7534788,-7.280506908,"Jl. Raya Sukomanunggal Jaya No.38, Sukomanunggal, Kec. Sukomanunggal, Kota SBY, Jawa Timur 60188",4.5,
Cendekia,112.72905,-7.250790805,"Jl. Semarang No.55, Tembok Dukuh, Kec. Bubutan, Kota SBY, Jawa Timur 60173",4.3,
Penyebar Ilmu,112.7314443,-7.246139671,"Blk. N - O Jl. Semarang No.103, Gundih, Kec. Bubutan, Kota SBY, Jawa Timur 60172",4.5,
