{"realtime_start": "2019-12-06", "seriess": [{"observation_end": "2012-01-01", "last_updated": "2013-09-17 15:46:26-05", "observation_start": "1999-01-01", "frequency": "Annual", "seasonal_adjustment_short": "NSA", "id": "USHICCOVPCT", "realtime_start": "2019-12-06", "units": "Percent", "units_short": "%", "seasonal_adjustment": "Not Seasonally Adjusted", "title": "Health Insurance Coverage: Coverage Rate in the United States (DISCONTINUED)", "realtime_end": "2019-12-06", "frequency_short": "A", "popularity": 20}], "realtime_end": "2019-12-06"}