Move no.,White,Black
1,Nc3,e6 
2,e3,d6 
3,d4,Nf6 
4,Nf3 Nc6 
5,a3,Be7 
6,g3,Bd7 
7,h4,h6 
8,a4,a6 
9,b3 Ra7 
10,Bh3,Rh7 
11,Ba3,Rh8 
12,e4,Ra8 
13,Qc1,Ra7 
14,e5,Nh5 
15,g4,Ng3 
16,fxg3,dxe5 
17,dxe5,Ra8 
18,g5,hxg5 
19,hxg5,Na5 
20,b4,Nc4 
21,b5,axb5 
22,axb5,c6 
23,b6,c5 
24,Ne4,Bc6 
25,Qd1,Bxe4 
26,g4,Ne3 
27,Qe2,Nxc2+ 
28,Kf2,Nxa1 
29,Qxe4,Nb3 
30,Qxb7,Rxa3 
31,Qc6+,Kf8 
32,Ke3,Na5+ 
33,Ke4,Nxc6 
34,b7,Ra4+ 
35,Ke3,Nb4 
36,g6,fxg6 
37,g5,Nc2+ 
38,Kf2,Rb4 
39,Bxe6,Rxb7 
40,Bd5,Qxd5 
41,e6,Qxe6 
42,Rd1,Rb3 
43,Rd8+,Kf7 
44,Ne5+,Qxe5 
45,Rxh8,Bxg5 
46,Rh7,Qf5+ 
47,Ke2,Nd4+ 
48,Kd1,Rd3+ 
49,Ke1,Nf3+ 
50,Kf2,Nh4+ 
51,Ke2,Rd5 
52,Rxh4,Bxh4 
53,Ke3,Qe5+ 
54,Kf3,c4 
55,Kg4,Bf6 
56,Kh3,c3 
57,Kg4,c2 
58,Kf3,c1=Q 
59,Kg4,Rd4+ 
60,Kf3,g5 
61,Kg2,g4 
62,Kf2,g6 
63,Kg2,g5 
64,Kf2,Qc2+ 
65,Kg1,g3 
66,Kf1,g4 
67,Kg1,Qee4 
68,Kf1,g2+ 
69,Kg1,g3