Move no.,White,Black
1,d4,d5 
2,e3,f5 
3,Nf3,Nc6 
4,Nc3,e6 
5,Bd3,Bd7 
6,Nb5,a6 
7,Na3,Nf6 
8,O-O,Bb4 
9,Ng5,h6 
10,Nf3,h5 
11,Nh4,g5 
12,Ng6,Rg8 
13,Ne5,Nxe5 
14,dxe5,Ng4 
15,Qe1,Bxe1 
16,Rxe1,c5 
17,h3,Nxe5 
18,c4,dxc4 
19,Bxc4,Nxc4 
20,Nxc4,h4 
21,Bd2,a5 
22,Nb6,Bb5 
23,Nxa8,Qxa8 
24,a3,a4 
25,Rac1,Bd3 
26,Rxc5,b6 
27,Rc3,Be4 
28,g4,Kf7 
29,gxf5,exf5 
30,Rc7+,Kg6 
31,Bc3,f4 
32,exf4,gxf4 
33,b4,b5 
34,Rc5,Rb8
35,Be5,f3 
36,Bxb8,Qxb8 
37,Rxe4,Qd6 
38,Rxb5,Qd1+ 
39,Kh2,Qb3 
40,Rxh4,Qxa3
41,Rg4+,Kf6 
42,Rb6+,Kf5 
43,Rg7,Qe3 
44,h4,a3 
45,h5,a2 
46,Ra6,Qxf2+ 
47,Kh3,Qf1+ 
48,Kg3,Qxa6 
49,h6,a1=Q 
50,h7,Qh6 
51,b5,f2 
52,b6,Qaxg7+ 
53,Kf3,f1=Q#