,season,round,cirquit,position,driver,driver_no,constructor,q1,q2,q3,secs_q1,secs_q2,secs_q3
0,2020,15,Bahrain International Circuit,1,HAM,44,Mercedes,1:28.343,1:27.586,1:27.264,88.343,87.586,87.264
1,2020,15,Bahrain International Circuit,2,BOT,77,Mercedes,1:28.767,1:28.063,1:27.553,88.767,88.063,87.553
2,2020,15,Bahrain International Circuit,3,VER,33,Red Bull,1:28.885,1:28.025,1:27.678,88.885,88.025,87.678
3,2020,15,Bahrain International Circuit,4,ALB,23,Red Bull,1:28.732,1:28.749,1:28.274,88.732,88.749,88.274
4,2020,15,Bahrain International Circuit,5,PER,11,Racing Point,1:29.178,1:28.894,1:28.322,89.178,88.894,88.322
5,2020,15,Bahrain International Circuit,6,RIC,3,Renault,1:29.005,1:28.648,1:28.417,89.005,88.648,88.417
6,2020,15,Bahrain International Circuit,7,OCO,31,Renault,1:29.203,1:28.937,1:28.419,89.203,88.937,88.419
7,2020,15,Bahrain International Circuit,8,GAS,10,AlphaTauri,1:28.971,1:29.008,1:28.448,88.971,89.008,88.448
8,2020,15,Bahrain International Circuit,9,NOR,4,McLaren,1:29.464,1:28.877,1:28.542,89.464,88.877,88.542
9,2020,15,Bahrain International Circuit,10,KVY,26,AlphaTauri,1:29.158,1:28.944,1:28.618,89.158,88.944,88.618
10,2020,15,Bahrain International Circuit,11,VET,5,Ferrari,1:29.142,1:29.149,,89.142,89.149,
11,2020,15,Bahrain International Circuit,12,LEC,16,Ferrari,1:29.137,1:29.165,,89.137,89.165,
12,2020,15,Bahrain International Circuit,13,STR,18,Racing Point,1:28.679,1:29.557,,88.679,89.557,
13,2020,15,Bahrain International Circuit,14,RUS,63,Williams,1:29.294,1:31.218,,89.294,91.218,
14,2020,15,Bahrain International Circuit,15,SAI,55,McLaren,1:28.975,,,88.975,,
15,2020,15,Bahrain International Circuit,16,GIO,99,Alfa Romeo,1:29.491,,,89.491,,
16,2020,15,Bahrain International Circuit,17,RAI,7,Alfa Romeo,1:29.810,,,89.81,,
17,2020,15,Bahrain International Circuit,18,MAG,20,Haas F1 Team,1:30.111,,,90.111,,
18,2020,15,Bahrain International Circuit,19,GRO,8,Haas F1 Team,1:30.138,,,90.138,,
19,2020,15,Bahrain International Circuit,20,LAT,6,Williams,1:30.182,,,90.182,,
