,season,round,cirquit,position,driver,driver_no,constructor,q1,q2,q3,secs_q1,secs_q2,secs_q3
0,2021,1,Bahrain International Circuit,1,VER,33,Red Bull,1:30.499,1:30.318,1:28.997,90.499,90.318,88.997
1,2021,1,Bahrain International Circuit,2,HAM,44,Mercedes,1:30.617,1:30.085,1:29.385,90.617,90.085,89.385
2,2021,1,Bahrain International Circuit,3,BOT,77,Mercedes,1:31.200,1:30.186,1:29.586,91.2,90.186,89.586
3,2021,1,Bahrain International Circuit,4,LEC,16,Ferrari,1:30.691,1:30.010,1:29.678,90.691,90.01,89.678
4,2021,1,Bahrain International Circuit,5,GAS,10,AlphaTauri,1:30.848,1:30.513,1:29.809,90.848,90.513,89.809
5,2021,1,Bahrain International Circuit,6,RIC,3,McLaren,1:30.795,1:30.222,1:29.927,90.795,90.222,89.927
6,2021,1,Bahrain International Circuit,7,NOR,4,McLaren,1:30.902,1:30.099,1:29.974,90.902,90.099,89.974
7,2021,1,Bahrain International Circuit,8,SAI,55,Ferrari,1:31.653,1:30.009,1:30.215,91.653,90.009,90.215
8,2021,1,Bahrain International Circuit,9,ALO,14,Alpine F1 Team,1:30.863,1:30.595,1:30.249,90.863,90.595,90.249
9,2021,1,Bahrain International Circuit,10,STR,18,Aston Martin,1:31.261,1:30.624,1:30.601,91.261,90.624,90.601
10,2021,1,Bahrain International Circuit,11,PER,11,Red Bull,1:31.165,1:30.659,,91.165,90.659,
11,2021,1,Bahrain International Circuit,12,GIO,99,Alfa Romeo,1:30.998,1:30.708,,90.998,90.708,
12,2021,1,Bahrain International Circuit,13,TSU,22,AlphaTauri,1:30.607,1:31.203,,90.607,91.203,
13,2021,1,Bahrain International Circuit,14,RAI,7,Alfa Romeo,1:31.547,1:31.238,,91.547,91.238,
14,2021,1,Bahrain International Circuit,15,RUS,63,Williams,1:31.316,1:33.430,,91.316,93.43,
15,2021,1,Bahrain International Circuit,16,OCO,31,Alpine F1 Team,1:31.724,,,91.724,,
16,2021,1,Bahrain International Circuit,17,LAT,6,Williams,1:31.936,,,91.936,,
17,2021,1,Bahrain International Circuit,18,VET,5,Aston Martin,1:32.056,,,92.056,,
18,2021,1,Bahrain International Circuit,19,MSC,47,Haas F1 Team,1:32.449,,,92.449,,
19,2021,1,Bahrain International Circuit,20,MAZ,9,Haas F1 Team,1:33.273,,,93.273,,
