website,province,town,location,name,price,area,rooms,floor,is_outer,elevator,description,publication,dealer,is_professional,insert_date
BC143FA6747D34D82A82073AAF7A42D2,Madrid,Alcobendas,Distrito Valdelacasa,Piso en venta en Valdelacasa,430000,180,3,0.0,True,True,LOFT DUPLEX CON JARDIN PRIVADO DE 40 M2. 3 habitaciones dobles.,4 horas,Keller Williams Prime,True,2020-12-10 12:00:00
BC143FA6747D34D82A82073AAF7A42D2,Sevilla,Lora del Río,Avenida Antonio Machado,Piso en venta en avenida Antonio Machado,91800,109,3,,True,False,El inmueble (PISO) se encuentra situado en el municipio de LORA DEL RÍO (SEVILLA).,15 minutos,Outlet de viviendas,True,2020-11-05 12:00:00
E05B9E7076C1DF224C1A3AB010DEF9CA,León,Ponferrada,"Calle San Antonio, 23 - Distrito Flores de Sil","Dúplex en venta en calle San Antonio, 23",97900,126,4,3.0,True,True,(Ref. 13650) Se vende duplex en Ponferrada. Posibilidad de financiación 100 % gastos incluidos.,None,Inmogestión,True,2020-10-01 00:00:00
BC143FA6747D34D82A82073AAF7A42D2,Barcelona,Sitges,Distrito Garraf,Casa o chalet independiente en venta en Garraf,480000,221,5,,,False,"Hay arquitecturas creadas para cada lugar, espacios que vuelven a su origen.",8 diciembre,Mediterránea RE,True,2020-12-10 12:00:00
E05B9E7076C1DF224C1A3AB010DEF9CA,Valencia,Paterna,Distrito La Cañada,Casa o chalet en venta en La Cañada,398576,330,6,,,False,"Chalet de diseño en La Cañada. Presentamos este espectacular chalet de diseño minimalista tipo Cube Ibiza con calidades de lujo en La Cañada, con vistas panorámicas al Parque Natural del Turia.",45 minutos,aProperties Valencia,True,2020-09-15 00:00:00
