Golfer,region,Image URL,1980,1981,1982,1983,1984,1985,1986,1987,1988,1989,1990,1991,1992,1993,1994,1995,1996,1997,1998,1999,2000,2001,2002,2003,2004,2005,2006,2007,2008,2009,2010,2011,2012,2013,2014,2015,2016,2017,2018,2019,2019.1
Sam Snead,1,https://upload.wikimedia.org/wikipedia/commons/thumb/1/1d/Sam_Snead_1967.JPG/200px-Sam_Snead_1967.JPG,82.0,82.0,82.0,82.0,82.0,82.0,82.0,82.0,82.0,82.0,82.0,82.0,82.0,82.0,82.0,82.0,82.0,82.0,82.0,82.0,82.0,82.0,82.0,82.0,82.0,82.0,82.0,82.0,82.0,82.0,82.0,82.0,82.0,82.0,82.0,82.0,82.0,82.0,82.0,82.0,82.0
Jack Nicklaus,2,https://upload.wikimedia.org/wikipedia/commons/thumb/7/7f/JackNicklaus.cropped.jpg/230px-JackNicklaus.cropped.jpg,70.0,70.0,71.0,71.0,72.0,72.0,73.0,73.0,73.0,73.0,73.0,73.0,73.0,73.0,73.0,73.0,73.0,73.0,73.0,73.0,73.0,73.0,73.0,73.0,73.0,73.0,73.0,73.0,73.0,73.0,73.0,73.0,73.0,73.0,73.0,73.0,73.0,73.0,73.0,73.0,73.0
Ben Hogan,3,https://media.golfdigest.com/photos/5b16c118c9377c6c64955680/master/pass/Ben-Hogan-portrait.jpg,64.0,64.0,64.0,64.0,64.0,64.0,64.0,64.0,64.0,64.0,64.0,64.0,64.0,64.0,64.0,64.0,64.0,64.0,64.0,64.0,64.0,64.0,64.0,64.0,64.0,64.0,64.0,64.0,64.0,64.0,64.0,64.0,64.0,64.0,64.0,64.0,64.0,64.0,64.0,64.0,64.0
Arnold Palmer,4,https://upload.wikimedia.org/wikipedia/commons/thumb/9/9a/Arnold_Palmer_%28cropped%29.jpg/220px-Arnold_Palmer_%28cropped%29.jpg,62.0,62.0,62.0,62.0,62.0,62.0,62.0,62.0,62.0,62.0,62.0,62.0,62.0,62.0,62.0,62.0,62.0,62.0,62.0,62.0,62.0,62.0,62.0,62.0,62.0,62.0,62.0,62.0,62.0,62.0,62.0,62.0,62.0,62.0,62.0,62.0,62.0,62.0,62.0,62.0,62.0
Byron Nelson,5,https://upload.wikimedia.org/wikipedia/commons/thumb/3/3a/Byron_Nelson_by_Acme%2C_1944.jpg/230px-Byron_Nelson_by_Acme%2C_1944.jpg,52.0,52.0,52.0,52.0,52.0,52.0,52.0,52.0,52.0,52.0,52.0,52.0,52.0,52.0,52.0,52.0,52.0,52.0,52.0,52.0,52.0,52.0,52.0,52.0,52.0,52.0,52.0,52.0,52.0,52.0,52.0,52.0,52.0,52.0,52.0,52.0,52.0,52.0,52.0,52.0,52.0
Billy Casper,6,https://upload.wikimedia.org/wikipedia/commons/thumb/c/c8/Billy_Casper_%28cropped%29.jpg/220px-Billy_Casper_%28cropped%29.jpg,51.0,51.0,51.0,51.0,51.0,51.0,51.0,51.0,51.0,51.0,51.0,51.0,51.0,51.0,51.0,51.0,51.0,51.0,51.0,51.0,51.0,51.0,51.0,51.0,51.0,51.0,51.0,51.0,51.0,51.0,51.0,51.0,51.0,51.0,51.0,51.0,51.0,51.0,51.0,51.0,51.0
Walter Hagen,8,https://upload.wikimedia.org/wikipedia/commons/thumb/d/d5/Walter_Hagen_1914.png/220px-Walter_Hagen_1914.png,45.0,45.0,45.0,45.0,45.0,45.0,45.0,45.0,45.0,45.0,45.0,45.0,45.0,45.0,45.0,45.0,45.0,45.0,45.0,45.0,45.0,45.0,45.0,45.0,45.0,45.0,45.0,45.0,45.0,45.0,45.0,45.0,45.0,45.0,45.0,45.0,45.0,45.0,45.0,45.0,45.0
Cary Middlecoff,7,https://upload.wikimedia.org/wikipedia/en/thumb/6/65/CaryMiddlecoffImage.jpg/220px-CaryMiddlecoffImage.jpg,40.0,40.0,40.0,40.0,40.0,40.0,40.0,40.0,40.0,40.0,40.0,40.0,40.0,40.0,40.0,40.0,40.0,40.0,40.0,40.0,40.0,40.0,40.0,40.0,40.0,40.0,40.0,40.0,40.0,40.0,40.0,40.0,40.0,40.0,40.0,40.0,40.0,40.0,40.0,40.0,40.0
Gene Sarazen,9,https://upload.wikimedia.org/wikipedia/commons/thumb/f/f7/Gene_Sarazen_1922.jpg/255px-Gene_Sarazen_1922.jpg,39.0,39.0,39.0,39.0,39.0,39.0,39.0,39.0,39.0,39.0,39.0,39.0,39.0,39.0,39.0,39.0,39.0,39.0,39.0,39.0,39.0,39.0,39.0,,,,,,,,,,,,,,,,,,
Tom Watson,10,https://www.ft.com/__origami/service/image/v2/images/raw/http%3A%2F%2Fcom.ft.imagepublish.upp-prod-us.s3.amazonaws.com%2F6a401a30-00d3-11ea-a530-16c6c29e70ca?fit=scale-down&source=next&width=700,,,,,36.0,36.0,36.0,37.0,37.0,37.0,37.0,37.0,37.0,37.0,37.0,37.0,38.0,38.0,39.0,39.0,39.0,39.0,39.0,39.0,39.0,39.0,39.0,39.0,39.0,39.0,39.0,39.0,,,,,,,,,
Tiger Woods,11,https://upload.wikimedia.org/wikipedia/commons/thumb/3/3e/Tiger_Woods_in_May_2019.jpg/220px-Tiger_Woods_in_May_2019.jpg,,,,,,,,,,,,,,,,,,,,,,,,40.0,41.0,46.0,54.0,61.0,65.0,71.0,71.0,71.0,74.0,79.0,79.0,79.0,79.0,79.0,80.0,82.0,82.0
Phil Mickelson,12,https://upload.wikimedia.org/wikipedia/commons/thumb/b/be/Phil_Mickelson_%40_2008_US_Open%2C_Torrey_Pines%2C_San_Diego%2C_CA.jpg/220px-Phil_Mickelson_%40_2008_US_Open%2C_Torrey_Pines%2C_San_Diego%2C_CA.jpg,,,,,,,,,,,,,,,,,,,,,,,,,,,,,,,,,40.0,42.0,42.0,42.0,42.0,42.0,43.0,44.0,44.0
Lloyd Mangrum,13,https://www.historicgolfphotos.com/wp-content/uploads/13930/1/0630-1014.jpg,36.0,36.0,36.0,36.0,,,,,,,,,,,,,,,,,,,,,,,,,,,,,,,,,,,,,
