﻿Timestamp,Occupation,CurrentResidence,TypeofResidence,PermanentResidence,GenerationalPermanentResidence,TypeofFamily,AverageYearlyIncomeGroup,BuildingNewHouse,YearsAfter,ManageConstruction,SaveLegalWork,WantWarranty,PreferOnlineUpdates,
05-01-2020 13:53,Self-Employed,Patiala,Own House,Patiala,Yes,Joint Family,2,Yes,2,Yes,Yes,Yes,Yes,
05-01-2020 14:07,Employee,Patiala,Own House,Patiala,Yes,Nuclear Family,2,No,4,Yes,Yes,Yes,Yes,
05-01-2020 14:13,Employee,Patiala,Own House,Patiala,Yes,Joint Family,1,No,5,Yes,Yes,Yes,Yes, 
05-01-2020 14:18,Self-Employed,Patiala ,Own House,Patiala ,No,Joint Family,1,No,5,Yes,No,Yes,Yes,
05-01-2020 14:22,Self-Employed,Patiala,Own House,Patiala,Yes,Joint Family,2,Yes,3,No,Yes,Yes,Yes,
05-01-2020 14:28,Employee,Jalandhar,Own House,Jalandhar,Yes,Joint Family,1,Yes,5,Yes,Yes,Yes,Yes,
05-01-2020 14:28,Employee,Patiala,Own House,Patiala,No,Joint Family,1,Yes,5,No,Yes,Yes,Yes,
05-01-2020 14:37,Employee,Rajpura,Own House,Rajpura,No,Joint Family,1,No,5,Yes,Yes,Yes,Yes,
05-01-2020 14:49,Self-Employed,Patiala ,Own House,Patiala ,Yes,Nuclear Family,1,No,5,No,No,No,No,
05-01-2020 14:55,Self-Employed,Nabha,Own House,Nabha,Yes,Joint Family,1,No,5,Yes,Yes,Yes,No,
05-01-2020 15:01,Self-Employed,Gurgaon,Own House,Gurgaon,No,Nuclear Family,1,Yes,1,Yes,Yes,Yes,Yes,
05-01-2020 15:15,Employee,Gurugram,Own House,Gurugram,No,Nuclear Family,1,Yes,2,Yes,Yes,Yes,Yes,
05-01-2020 15:37,Employee,Solapur,Rented,Mumbai,Yes,Bachelor/Spinster,1,No,5,Yes,Yes,Yes,Yes,
05-01-2020 15:43,Employee,Gurgaon ,Own House,Gurgaon ,No,Nuclear Family,2,Yes,5,Yes,No,Yes,Yes,
05-01-2020 15:46,Employee,Patiala ,Own House,Patiala ,Yes,Joint Family,1,No,,Yes,Yes,Yes,Yes,
05-01-2020 16:06,Employee,Mumbai,Own House,Mumbai,No,Joint Family,2,Yes,5,Yes,Yes,Yes,Yes,
05-01-2020 16:52,Self-Employed,Patiala,Own House,Patiala,Yes,Joint Family,1,Yes,5,Yes,Yes,Yes,Yes,
05-01-2020 17:08,Self-Employed,Mumbai,Own House,Mumbai,No,Joint Family,2,No,,No,No,Yes,No,
05-01-2020 21:12,Self-Employed,Patiala ,Own House,Patiala ,No,Joint Family,1,No,5,No,No,Yes,Yes,
05-01-2020 21:46,Self-Employed,Gurgaon,Own House,Gurgaon,No,Joint Family,3,Yes,5,Yes,Yes,Yes,Yes,
05-01-2020 23:20,Self-Employed,Delhi,Own House,Delhi,No,Nuclear Family,1,No,5,Yes,Yes,Yes,Yes,
05-02-2020 12:35,Investor,Delhi,Own House,Delhi,No,Nuclear Family,3,Yes,1,Yes,Yes,Yes,Yes,
05-02-2020 12:48,Self-Employed,Delhi,Rented,Delhi,No,Nuclear Family,1,No,5,No,No,No,No,
05-02-2020 13:17,Self-Employed,Delhi,Own House,Delhi,No,Nuclear Family,1,Yes,5,No,Yes,Yes,Yes,
05-02-2020 13:26,Employee,Singapore,Rented,New Delhi,No,Nuclear Family,3,Yes,5,Yes,Yes,Yes,Yes,
05-02-2020 13:27,Employee,Singapore,Rented,Nainital,Yes,Nuclear Family,2,May be,3,Yes,Yes,Yes,Yes,
05-02-2020 23:23,Self-Employed,Haryana ,Own House,Haryana,No,Joint Family,1,No,5,No,No,Yes,Yes,
05-04-2020 11:31,Employee,Patiala,Own House,Patiala,Yes,Joint Family,2,No,,Yes,Yes,Yes,Yes,
05-04-2020 11:32,Self-Employed,Delhi,Rented,Delhi,No,Bachelor/Spinster,2,Yes,1,Yes,Yes,Yes,Yes,
05-04-2020 11:33,Employee,Patiala,Own House,Patiala,Yes,Joint Family,2,No,,Yes,Yes,Yes,Yes,
05-05-2020 10:36,Employer (Business),Patiala,Own House,Patiala,Yes,Joint Family,1,Yes,4,Yes,Yes,Yes,Yes,
05-05-2020 10:48,Employee,Pune,Rented,Delhi,Yes,Nuclear Family,2,Yes,5,Yes,Yes,Yes,Yes,
05-05-2020 10:48,Employee,Pune,Rented,Delhi,Yes,Nuclear Family,2,No,5,Yes,Yes,Yes,Yes,
05-05-2020 10:49,Self-Employed,Patiala,Own House,Patiala,Yes,Joint Family,2,Yes,3,Yes,Yes,Yes,Yes,
05-05-2020 10:49,"Self-Employed, Employee",Bangalore,Rented,Delhi,No,Nuclear Family,2,No,4,Yes,Yes,Yes,Yes,
05-05-2020 10:50,Employee,Delhi,Rented,Udaipur,No,Nuclear Family,2,Yes,4,Yes,Yes,Yes,Yes,
05-05-2020 10:51,Self-Employed,Delhi,Own House,Delhi,No,Nuclear Family,3,Yes,2,Yes,Yes,Yes,Yes,
05-05-2020 10:51,Employer (Business),nabba,Rented,Patiala,Yes,Nuclear Family,2,Yes,2,Yes,Yes,Yes,Yes,
05-05-2020 11:00,Self-Employed,Dirba,Own House,Dirba,Yes,Joint Family,1,Yes,2,No,No,Yes,Yes,
05-05-2020 11:01,Investor,Patiala ,Own House,Books market,No,Joint Family,1,No,5,No,Yes,Yes,Yes,
05-05-2020 11:04,Employee,Muzaffarpur,Own House,Muzaffarpur,Yes,Joint Family,2,Yes,4,No,Yes,No,Yes,
05-05-2020 11:09,Employer (Business),delhi,Rented,Noida,Yes,Bachelor/Spinster,2,No,5,Yes,No,Yes,No,
05-05-2020 11:48,Self-Employed,Nabha,Rented,Patiala,Yes,Nuclear Family,2,Yes,4,Yes,Yes,Yes,No,
05-05-2020 11:53,Employee,Chandigarh,Rented,Chandigarh,No,Bachelor/Spinster,1,Yes,4,Yes,Yes,Yes,Yes,
05-05-2020 11:53,Self-Employed,Panchkula,Rented,Patiala,Yes,Nuclear Family,1,Yes,3,Yes,Yes,Yes,Yes,
05-05-2020 11:54,Employer (Business),Delhi,Own House,Delhi,No,Nuclear Family,2,No,,No,No,Yes,Yes,
05-05-2020 11:54,Self-Employed,Patiala,Rented,Patiala,Yes,Nuclear Family,1,Yes,5,Yes,No,Yes,Yes,
05-05-2020 11:54,Self-Employed,Patiala,Rented,Patiala,Yes,Nuclear Family,1,Yes,5,Yes,No,Yes,Yes,
05-05-2020 11:55,Employer (Business),Patiala,Own House,Patiala,Yes,Nuclear Family,2,No,1,Yes,No,Yes,No,
05-05-2020 11:55,Investor,Chandigarh,Rented,Chandigarh,Yes,Bachelor/Spinster,1,Yes,4,Yes,Yes,Yes,Yes,
05-05-2020 11:55,Employee,Patiala,Own House,Patiala,Yes,Bachelor/Spinster,2,No,,Yes,Yes,Yes,Yes,
05-05-2020 11:56,Employer (Business),Nabha,Rented,Nabha,Yes,Bachelor/Spinster,2,No,5,Yes,No,Yes,No,
05-05-2020 11:57,Employer (Business),Sangrur,Own House,Sangrur,Yes,Joint Family,3,Yes,4,Yes,Yes,Yes,Yes,
05-05-2020 11:58,Employer (Business),sunam,Own House,sunam,Yes,Bachelor/Spinster,1,Yes,5,Yes,Yes,Yes,Yes,
05-05-2020 11:59,Employer (Business),mansa,Own House,mansa,Yes,Joint Family,3,Yes,5,Yes,Yes,Yes,Yes,
05-05-2020 12:13,Employer (Business),Sangrur ,Own House,Sangrur,Yes,Joint Family,3,Yes,2,Yes,Yes,Yes,Yes,
05-05-2020 12:13,Employer (Business),Patiala,Own House,Patiala,Yes,Joint Family,2,Yes,2,Yes,Yes,Yes,Yes,
05-05-2020 12:14,Employer (Business),Nabha,Rented,Nabha,Yes,Nuclear Family,1,Yes,5,Yes,Yes,Yes,Yes,
05-05-2020 12:23,Self-Employed,Nabha,Rented,Patiala,Yes,Nuclear Family,2,Yes,4,Yes,Yes,Yes,No,
05-05-2020 16:24,Self-Employed,Patiala,Own House,Patiala,Yes,Nuclear Family,2,Yes,4,Yes,Yes,Yes,Yes,
05-05-2020 17:26,Employer (Business),Delhi,Own House,Delhi,No,Joint Family,2,No,3,Yes,No,Yes,No,
05-05-2020 17:28,Investor,Delhi ,Own House,Delhi ,No,Joint Family,3,No,2,Yes,Yes,Yes,Yes,
05-05-2020 17:29,Employee,Gurgaon,Own House,Gurgaon,No,Nuclear Family,2,Yes,5,Yes,Yes,Yes,Yes,
05-05-2020 17:31,Employee,Gurgaon,Rented,Gurgaon,No,Nuclear Family,2,Yes,2,Yes,Yes,Yes,Yes,
05-05-2020 22:18,Self-Employed,Patiala,Own House,Patiala,Yes,Nuclear Family,1,Yes,5,Yes,Yes,Yes,Yes,
05-05-2020 22:27,Self-Employed,Sunam,Own House,Sunam,Yes,Joint Family,2,No,5,Yes,Yes,Yes,Yes,
05-06-2020 06:50,Self-Employed,Patiala ,Own House,Patiala ,Yes,Joint Family,1,No,5,Yes,Yes,Yes,Yes,
05-07-2020 02:13,Self-Employed,Nabha,Rented,Patiala,No,Nuclear Family,1,Yes,1,Yes,Yes,Yes,Yes,
05-07-2020 13:33,Self-Employed,Patiaa,Own House,Patiala,Yes,Joint Family,2,Yes,5,Yes,Yes,Yes,Yes,
05-07-2020 17:33,Employee,Patiala,Rented,Patiala,No,Nuclear Family,1,Yes,1,No,No,No,Yes,
05-07-2020 21:11,Self-Employed,Sacramento California USA ,Own House,Patiala India ,Yes,Joint Family,3,No,2,Yes,Yes,Yes,Yes,
05-07-2020 21:22,Employee,Patiala,Own House,Patiala,Yes,Nuclear Family,1,Yes,1,Maybe,Yes,Yes,Yes,
05-08-2020 16:40,Employee,Patiala,Own House,Patiala,Yes,Nuclear Family,1,Yes,2,Yes,Yes,Yes,Yes,
05-08-2020 17:53,Self-Employed,Faridabad,Own House,Faridabad,Yes,Joint Family,1,Yes,3,No,Yes,Yes,Yes,
05-08-2020 18:42,Self-Employed,Delhi,Own House,Aligarh,Yes,Nuclear Family,2,No,,Yes,No,Yes,Yes,
05-08-2020 20:39,Employee,Faridabad,Rented,Faridabad,No,Nuclear Family,1,Yes,3,Yes,No,Yes,Yes,
05-09-2020 08:06,Employee,Delhi,Rented,Delhi,No,Joint Family,1,Yes,3,Yes,Yes,Yes,Yes,
05-09-2020 08:10,Employee,Delhi,Rented,Aligarh,Yes,Joint Family,1,Yes,2,Yes,No,Yes,Yes,
05-09-2020 08:12,Employee,Noida,Rented,Delhi,Yes,Bachelor/Spinster,1,Yes,4,Yes,Yes,Yes,Yes,
05-09-2020 08:38,Employee,Delhi,Rented,Delhi,No,Nuclear Family,2,Yes,3,Yes,Yes,Yes,Yes,
05-09-2020 08:39,Employer (Business),Noida,Own House,Noida,Yes,Joint Family,2,Yes,3,Yes,Yes,Yes,Yes,
