Year,Player,GSISID,Play,Role,Punting Team,Number,Position,Weight,Name,Team,Type of Hit,Velocity (m/s),G's ,Force (Newtons),Momentum 
2016,Primary,31023,538,GR,Yes,81,WR,102,Quincy Enunwa,NYJ,Helmet-body,8.14,72.78,928.2,830.28
2016,Primary,30786,905,PRW,Yes,38,RB,95,Sergio Brown,BUF,Helmet-helmet ,1.1,41.7,532,104.5
2016,Primary,32444,1045,PRT,Yes,41,OLB,103,Travis Feeney,PIT,Helmet-body,4.11,44.42,566.5,423.33
2016,Partner,31756,1045,GR,Yes,39,S,91,Ray Vinopal,PIT,Helmet-body,2.65,6.42,81.9,241.15
2016,Primary,33121,1212,PRT,Yes,93,ILB,109,BJ Goodson,NYG,Helmet-body,3.66,57.78,736.84,398.94
2016,Primary,28987,1526,PLG,Yes,89,TE,113,Phillip Supernaw,TEN,Helmet-body,2.19,186.96,2384.3,247.47
2016,Partner,30789,1526,PLW,Yes,26,RB,102,Antonio Andrews,TEN,Helmet-body,2.74,7.2,91.8,279.48
2016,Primary,32214,1976,PLG,Yes,81,TE,109,Tyler Kroft,CIN,Helmet-helmet ,5.76,54.7,697.6,627.84
2016,Partner,32807,1976,PRW,Yes,42,SS,86,Clayton Fejedelem,CIN,Helmet-helmet ,6.3,42.48,541.8,541.8
2016,Primary,32007,2341,GL,Yes,47,CB,89,Quintin Dunbar,WAS,Helmet-helmet ,4.85,63.5,809.9,431.65
2016,Partner,23259,2342,PLG,Yes,57,OLB,111,Lorenzo Alexander,BUF,Helmet-body,6.68,16.4,210.9,741.48
2016,Primary,29343,2587,GL,Yes,86,WR,100,LaRon Byrd,CAR,Helmet-helmet ,7.2,19.6,250,720
2016,Primary,32783,2667,GL,Yes,36,CB,92,LeShaun Sims,TEN,Helmet-helmet ,1.55,7.21,92,142.6
2016,Partner,32810,2667,GR,Yes,24,CB,100,Daimion Stafford,TEN,Helmet-helmet ,0.55,99.58,1270,55
2016,Partner,31844,2902,GR,Yes,22,SS,88,Deshazor Everett,WAS,Helmet-body,7.32,37.26,475.2,644.16
2016,Primary,32120,2918,PLW,Yes,87,TE,117,Neal Sterling,JAX,Helmet-body,1.28,16.51,210.6,149.76
2016,Primary,31057,3129,PLW,Yes,25,RB,94,Ka'Deem Carey,CHI,Helmet-body,6.49,2.2,28.2,610.06
2016,Primary,28620,3278,PRG,Yes,94,OLB,107,Mark Herzlich,NYG,Helmet-body,7.13,15.1,192.6,762.91
2016,Partner,31950,3509,PRG,Yes,57,OLB,106,DJ Alexander ,KC,Helmet-helmet ,8.14,91.43,1166,862.84
2016,Primary,23742,3609,P,Yes,9,P,98,Jon Ryan,SEA,Helmet-helmet ,6.3,7.68,98,617.4
2016,Partner,29629,3663,PRT,Yes,54,ILB,109,Nathan Stupar,NO,Helmet-body,1.74,23.08,294.3,189.66
2016,Primary,27654,3746,GL,Yes,17,WR,102,Arrelious Benn,JAX,Helmet-helmet ,6.13,7.19,91.8,625.26
2016,Partner,31941,538,PR,No,80,WR,78.9,Jamison Crowder,WAS,Helmet-body,3.57,22.27,284.04,281.673
2016,Partner,29815,905,PDL1,No,47,OLB,105,Zaviar Gooden,DET,Helmet-helmet ,0.72,38.7,493.5,75.6
2016,Partner,28249,1212,PR,No,10,WR,98,Jeremy Ross,NYJ,Helmet-body,2.65,49.18,627.2,259.7
2016,Partner,32998,2341,PDR3,No,52,OLB,104,Jared Norris,CAR,Helmet-helmet ,6.95,44.85,572,722.8
2016,Primary,32410,2342,VR,No,33,CB,80,Rashard Robinson,SF,Helmet-body,3.75,28.2,360,300
2016,Partner,31059,2587,PLL1,No,28,FS,84,Cody Riggs,TEN,Helmet-helmet ,6.04,47.4,604.8,507.36
2016,Primary,23564,2902,PR,No,43,RB,86,Darren Sproles ,PHI,Helmet-body,1,93.06,1186.8,86
2016,Partner,32725,2918,PDR1,No,89,TE,104,Stephen Anderson,HST,Helmet-body,6.49,7.34,93.6,674.96
2016,Partner,32482,3129,PR,No,2,WR,89,Bralon Addison,DEN,Helmet-body,6.04,0.64,8.1,537.56
2016,Partner,27860,3278,PR,No,21,CB,87,Jamar Taylor,CLV,Helmet-body,2.1,30.7,391.5,182.7
2016,Primary,27595,3509,PR,No,81,WR,86,Bryan Walters,JAX,Helmet-helmet ,4.48,74.18,946,385.28
2016,Partner,31785,3609,VLo,No,32,CB,83,Troy Hill,LA (rams),Helmet-helmet ,8.05,35.8,456.5,668.15
2016,Primary,28128,3663,PFB,No,42,SS,94,Colin Jones,CAR,Helmet-body,1.92,53.8,686.2,180.48
2016,Partner,33127,3746,PR,No,15,WR,83,Will Fuller ,HST,Helmet-helmet ,1.83,24.08,307.1,151.89
2017,Primary,33813,183,PPR,Yes,35,S,96,Jarrod Harper,JAG,Helmet-body,3.12,41.4,528,299.52
2017,Partner,33841,183,PLT,Yes,53,OLB,108,Blair Brown,JAG,Helmet-body,3.75,61.8,788.4,405
2017,Primary,33260,602,PLS,Yes,42,LS,112,Thomas Hennessy,NYJ,Helmet-helmet,1.5,7.9,100.8,168
2017,Partner,31697,602,PR,No,87,WR,95,Jordan Taylor,DEN,Helmet-helmet,2.3,67.8,864.5,218.5
2017,Primary,29793,978,PLW,Yes,85,TE,116,Brandon Williams ,IND,Helmet-helmet,0.46,12.45,158.78,53.36
2017,Partner,32114,978,PDR2,No,48,OLB,113,Shaquil Barrett,DEN,Helmet-helmet,1.01,15.95,203.4,114.13
2017,Primary,32615,1088,PLS,Yes,49,LS,113,Ryan DiSalvo,TEN,Helmet-body,2.47,7.97,101.7,279.11
2017,Partner,31999,1088,PDL1,No,51,OLB,115,Frank Zombo,KC,Helmet-body,1.37,57.7,736,157.55
2017,Primary,32403,1407,PLL,No,32,CB,96,Justin Burris ,NYJ,Helmet-helmet,5.12,6.77,86.4,491.52
2017,Partner,32891,1407,GR,Yes,26,CB,93,Daryl Worley,CAR,Helmet-helmet,3.84,3.28,41.85,357.12
2017,Primary,32894,1526,PLT,Yes,49,ILB,107,James Onwualu,LAC,Helmet-helmet,2.19,53.7,684.8,234.33
2017,Partner,31763,1526,PR,No,14,WR,86,DeAndre Carter,SF,Helmet-helmet,2.56,55.3,705,220.16
2017,Primary,32820,1683,PDL2,No,48,ILB,107,Terrance Smith,KC,Helmet-helmet,2.65,23.5,299.6,283.55
2017,Partner,25503,1683,PLS,Yes,51,LS,113,Zak DeOssie,NYG,Helmet-helmet,4.11,16.8,214.7,464.43
2017,Primary,29492,2072,PRG,Yes,49,FB,109,Jamize Olawale,OAK,Helmet-body,2.38,70.1,893.8,259.42
2017,Partner,33445,2072,PLT,Yes,53,OLB,104,NaVorro Bowman,OAK,Helmet-body,2.01,30.2,384.8,209.04
2017,Primary,33069,2208,PR,No,13,WR,93,Braxton Miller,HST,Helmet-helmet,0.27,13.13,167.4,25.11
2017,Partner,24535,2208,PPR,Yes,14,WR,88,Eric Weems,TEN,Helmet-helmet,0.82,18.63,237.6,72.16
2017,Primary,31313,2489,PLT,Yes,52,MLB,116,Clay Matthews,GB,Helmet-helmet,0.82,25.5,324.8,95.12
2017,Partner,32851,2489,PDR2,No,45,ILB,102,Pete Robertson ,WAS,Helmet-helmet,1.37,29.6,377.4,139.74
2017,Primary,32323,2764,PLG,Yes,36,ILB,90,Ladarius Gunter,GB,Helmet-helmet,4.75,6.35,81,427.5
2017,Partner,31930,2764,PDR1,No,48,OLB,93,Dare Ogunboawale,WAS,Helmet-helmet,4.85,7.3,93,451.05
2017,Primary,31950,2792,PRG,Yes,58,OLB,106,DJ Alexander,SEA,Helmet-body,3.38,45.7,583,358.28
2017,Partner,32677,2792,PDR1,No,58,ILB,103,Cory Littleton,LA (rams),Helmet-body,1.28,7.3,92.7,131.84
2017,Primary,33838,2792,PDR1,No,33,RB,101,Trey Edmunds,NO,Helmet-body,2.74,28.9,368.7,276.74
2017,Partner,31317,2792,PRG,Yes,78,DE,121,Terrence Fede,MIA,Helmet-body,4.57,17.1,217.8,552.97
2017,Primary,26035,3312,PR,No,80,WR,86,Danny Amendola,NE,Helmet-body,3.29,12.1,154.8,282.94
2017,Partner,27442,3312,PRT,Yes,51,OLB,115,Frank Zombo ,KC,Helmet-body,3.11,8.1,103.5,357.65
2017,Primary,30171,3630,PRG,Yes,86,TE,115,Chris Pantale,MIA,Helmet-body,0.46,3.4,43.7,52.9
2017,Partner,29384,3630,PR,No,"31, 38 or 43",RB,93,Bobby Rainey,BLT,Helmet-body,1.19,6.6,83.7,110.67
