{"realtime_start": "2019-12-06", "seriess": [{"observation_end": "2018-01-01", "last_updated": "2019-04-04 13:53:01-05", "observation_start": "1986-01-01", "frequency": "Annual", "seasonal_adjustment_short": "NSA", "id": "USHVAC", "realtime_start": "2019-12-06", "units": "Percent", "units_short": "%", "seasonal_adjustment": "Not Seasonally Adjusted", "title": "Home Vacancy Rate for the United States", "realtime_end": "2019-12-06", "frequency_short": "A", "popularity": 28}], "realtime_end": "2019-12-06"}