{"realtime_start": "2019-12-06", "seriess": [{"observation_end": "2019-07-01", "last_updated": "2019-10-29 09:31:02-05", "observation_start": "1956-01-01", "frequency": "Quarterly", "seasonal_adjustment_short": "NSA", "id": "RHVRUSQ156N", "realtime_start": "2019-12-06", "units": "Percent", "units_short": "%", "seasonal_adjustment": "Not Seasonally Adjusted", "title": "Homeowner Vacancy Rate for the United States", "realtime_end": "2019-12-06", "frequency_short": "Q", "notes": "The homeowner vacancy rate is the proportion of the homeowner inventory that is vacant for sale.", "popularity": 32}], "realtime_end": "2019-12-06"}