Name,Address,Zip Code,Phone Number,Website,Latitude,Longitude
Grocery store,"Federal B Area Block 16 Gulberg Town, Karachi, Karachi City, Sindh",,0300 2139037,https://website--900197553147859822208-grocerystore.business.site/?utm_source=gmb&utm_medium=referral,24.9377285,67.0807149
Bismillah Chukki Grocery Store,"X358+F9W, Sector 15-A/3 Sector 15 A 3 Buffer Zone, Karachi, Karachi City, Sindh",,,,24.9587305,67.0659402
Subhan traders and grocery store,"907, Karachi",,,,24.9569292,67.0620136
Noroze Grocery Store,"W2PV+5RH, Block G North Nazimabad Town, Karachi, Karachi City, Sindh",,,,24.9354458,67.0446174
Sewoh Grocery Mart,"Yasin Malik Rd, Block E North Nazimabad Town, Karachi, Karachi City, Sindh 74700",74700,0344 5478314,https://sewoh-grocery-mart.business.site/?utm_source=gmb&utm_medium=referral,24.9379341,67.0412915
Bhaiya Super Store,"X3F9+C9P, Sector-11-I Sector 11 I North Karachi Twp, Karachi, Karachi City, Sindh",,,,24.9735897,67.0684456
Shop Stop,"Main Dalmiya Rd, Gulshan-e-Jamal, Karachi, Sindh",,,,24.8997995,67.1079593
Omar Grocery Store,"R-24 Block K Taj Mehal Park Welfare Society, North Nazimabad Town, Karachi, 74600",,0333 2445908,,24.952551,67.0473884
Home Plus Supermarket,"Plot B, 1, Block 4 Gulshan-e-Iqbal, Karachi, Karachi City, Sindh",,(021) 34971324,https://www.facebook.com/homeplussupermarket/,24.9293686,67.0974906
Family Super Store,"No. 15 13-A, Plot # A 346, Block 13 A Gulshan-e-Iqbal, Karachi, Karachi City, Sindh",,0335 3763761,http://www.fsm.com.pk/,24.9045223,67.0765831
Masha Allah Grocery,"X3C7+QGR, Sector 11C-3 Sector 11 C 1 North Karachi Twp, Karachi, Karachi City, Sindh",,0345 3021201,,24.9719755,67.0637655
Ali Grocery Store,"38, Sector 7D/4 Sector 14 A Shadman Town, Karachi, Karachi City, Sindh",,,,24.9636332,67.0503206
Jawed Groceries,"W452+G64, Shanti Nagar Karachi, Karachi City, Sindh",,,,24.9087522,67.1005765
724 Convenience store,"B 99, Block H North Nazimabad Town, Karachi, Karachi City, Sindh",,0332 2573373,,24.9378055,67.0537722
Super Savvy Store,"Shop No.5,6&7 SC 8/1 Survey Centre, near Nasir Bakery, Karachi, 74700",,0300 9218419,https://super-savvy-store.business.site/?utm_source=gmb&utm_medium=referral,24.943852,67.0624707
Grocery Mini Mart,"X38G+MP5, Sector-11-E Sector 11 E North Karachi Twp, Karachi, Karachi City, Sindh",,0345 2643727,,24.966631,67.076855
Chicken Shop,"Plot R 664, Sector 7D-3 Sector 7 C North Karachi Twp, Karachi, Karachi City, Sindh",,0303 3842350,,24.9660613,67.0481547
Zahid Grocery store,"2334+3H9, Sector 5 A 3 New Karachi Town, Karachi, Karachi City, Sindh",,,,25.0026522,67.0564941
Grocery,"Shop No.1 Plot No, 8, Gulshan-e-Kaneez Fatima Gulshan e Kaneez Fatima Block 1 Karachi, Karachi, Karachi City, Sindh 73300",73300,0333 2130527,,24.9538936,67.1181196
The Big Buy Super Market,"Rabia Pearl Appartments, Abul Hasan Isphahani Rd, Gulzar-e-Hijri Gulzar E Hijri Scheme 33, Karachi, Karachi City, Sindh 75330",75330,,http://www.thebigbuy.pk/,24.9449192,67.0950237
Grocery store,"V2FH+GHF, Saddar Karachi, Karachi City, Sindh",,,,24.8738142,67.0289099
N,"W3VC+92P, Block 18 Gulberg Town, Karachi, Karachi City, Sindh",,0345 2814254,,24.9434671,67.0700796
BuyTime Supermarket,"Altaf Ali Barelvi Rd, Gulbahar Usmania Colony Liaquatabad, Karachi, Karachi City, Sindh 74600",74600,(021) 36606811,http://buytimesupermarket.com/,24.9020947,67.0248189
General Store,"V4P6+MM5, Faisal Cantonment, Karachi, Karachi City, Sindh",,,,24.8866442,67.1117321
MZ Store,"W3G9+RJX, Federal B Area Naseerabad Block 7 Gulberg Town, Karachi, Karachi City, Sindh",,,,24.9271104,67.0690954
1Ten Online Grocery Store,"Shop#14, Masjid e, Khair-Ul-Amal Rd, Federal B Area Ancholi Block 20 Gulberg Town, Karachi, Karachi City, Sindh 75950",75950,0344 2202222,http://1ten.pk/,24.944147,67.0807388
Grocery store,"99 C, Phase 7 Ext Defence Housing Authority, Karachi, Karachi City, Sindh",,,,24.8123772,67.0798932
Etimadonline Zee Mart Groceries G-4,"Shop No.03 Nadeem Castle, Karachi",,0318 2133109,http://www.etimadonline.com/,24.9674291,66.9833505
Safdar Groceries,"Plot L 652, Sector 4 New Karachi Town, Karachi, Karachi City, Sindh",,,,24.9872629,67.0531937
Hussaini Super Mart,"Burhani Rd, Block E North Nazimabad Town, Karachi, Karachi City, Sindh",,(021) 36638444,http://www.hussainisupermart.com/,24.9374138,67.0401795
Pak Super Store,"V38F+WXH, Karachi Memon Co-operative Housing Society Karachi Memon Society PECHS, Karachi, Karachi City, Sindh",,(021) 34534324,http://www.keryana.pk/,24.8673187,67.0749822
HM groceries,"224R+449, Saima Arabian Villas Gadap Town, Karachi, Karachi City, Sindh",,,,25.0052887,67.0403619
Salah Uddin Grocery,"North City Phase 1 North Karachi Twp, Karachi, Karachi City, Sindh, North City Phase 1 Sector 14 B North Karachi Twp, Karachi, Karachi City, Sindh",,,,24.960303,67.0621066
Rayan Groceries and General Store,"Street # 5, 44C Sector 44c korangi 6, Karachi, Karachi City, Sindh 74900",74900,,,24.8269096,67.1785658
Saveway Super Market,"A-102 Sahba Akhtar Rd, Block 13D-1 Block 13 D 1 Gulshan-e-Iqbal, Karachi, Karachi City, Sindh",,,,24.9128166,67.0802792
Naheed Supermarket,"56-157, Block 3, BYJCHS%u060C Main Shaheed-e-Millat Rd, Karachi",,(021) 111 624 333,https://www.naheed.pk/,24.8780324,67.0686896
Mehak General Store,"2335+J66, Sector 5 A 1 New Karachi Town, Karachi, Karachi City, Sindh",,,,25.0040313,67.0580122
Kareem General Store & Milk Shop,"10, B, 376, Block 10 Gulberg Town, Karachi, Karachi City, Sindh 75500",75500,,,24.9310004,67.0662596
Syed Super General Sstore and Cold Corner,"Plot LS, 70, Sector 5c/3 Sector 5 C 3 North Karachi Twp, Karachi, Karachi City, Sindh",,,,24.9864309,67.0584256
Liaqat Grocery Store,"Samnabad St, Federal B Area Block 17 Gulberg Town, Karachi, Karachi City, Sindh",,0345 2962571,,24.9434075,67.072744
Grocery market,"Baradari Bus Stop, Sector 8 North Karachi Twp, Karachi, Karachi City, Sindh",,,,24.9785204,67.0554563
Chase Department Store Nazimabad Board office,"Plot no. P, Saima Bridge View, 73, Block-B Block B North Nazimabad Town, Karachi, Karachi City, Sindh 74600",74600,(021) 36670085,http://www.chase.pk/,24.9243592,67.0321299
Neha Mart & Pharmacy,"New sareena mobile mall, Federal B Area Block 10 Gulberg Town, Karachi, Karachi City, Sindh",,0333 0310491,http://www.nehamart.pk/,24.9323944,67.0697983
ABC Grocery,"B-130, Federal B Area Azizabad Block 8 Gulberg Town, Karachi, Karachi City, Sindh 75300",75300,,,24.9150017,67.0625699
Abdullaha Grocery,"Shop no 2, st 13, 2 1 Sector 33 E Korangi, Karachi, Karachi City, Sindh 79400",79400,0311 3718931,,24.8378034,67.1427295
Pick N Save Pharmacy & Supermart,"JM 447, block 1 Jamshed Rd, Jamshed Quarters Amil Colony, Karachi, Karachi City, Sindh",,(021) 34133366,http://www.picknsave.com/,24.8821304,67.0448935
Grocery 'n' More,"D.H.A. Phase 7 Phase 2 Commercial Area Defence Housing Authority, Karachi, Karachi City, Sindh 75500",75500,0348 2490408,,24.8299426,67.069309
MashaALLAH General Store,"2335+J86, Sector 5 A 1 New Karachi Town, Karachi, Karachi City, Sindh",,,,25.0040317,67.0582586
Noor Provision Store,"Plot 55, Block 3 Nazimabad, Karachi, Karachi City, Sindh 74600",74600,,,24.9144671,67.0249439
General Store,"Plot 28, Frere Town, Karachi, Karachi City, Sindh",,,,24.8405056,67.0376029
Super Karachi Store,"V3P2+66G, Jamshed Quarters Shikarpur Colony, Karachi, Karachi City, Sindh",,,,24.8855524,67.0505817
