﻿Id,Age range,Gender,Area,Frequence,Place,Value,Type,Retail Brand,Supermarket,Online channel
C1,Under 18,Male,Northeast,Everyday,Fruit section of a large supermarket,Price,"Apple,Berry,Blackberries,Chestnut,Watermelon",Pagoda,YongHui,JD
C2,18 to 30,Female,Southwest,Not regularly,Online platform,"Price,Type","Banana,Coconut,Orange,Papaya,Watermelon",Pagoda,Freshippo,JD
C3,30 to 40,Female,East,Twice a week,Famous fruit chain,"Price,Freshness","Apple,Avocado,Banana,Cherry,Coconut,Dragon fruit,Grape,Kiwi fruit,Mango,Orange,Papaya,Peach,Pineapple,Pomegranate,Strawberry,Watermelon","Pagoda,Dole,Zespri","Carrefour,Freshippo",None or Other
C4,18 to 30,Female,Northeast,Not regularly,Famous fruit chain,"Price,Freshness","Apple,Cherry,Avocado,Watermelon","Joyvio,Goodfarmer","Walmart,Carrefour",JD
C5,Under 18,Female,Northeast,Not regularly,Retail store in the neighborhood,"Price,Type","Banana,Almond,Berry,Cherry,Mango",None or Other,YongHui,Pinduoduo
C6,18 to 30,Male,Southwest,Once a week,Retail store in the neighborhood,"Type,Freshness","Cherry,Grape,Pineapple","Pagoda,Joyvio,Dole","YongHui,Freshippo",Tmall
C7,40 to 60,Male,Northwest,Not regularly,Fruit section of a large supermarket,"Price,Freshness","Apple,Almond,Mango,Papaya,Peach",HUASHENG,"Walmart,Freshippo",None or Other
C8,18 to 30,Female,Northeast,Not regularly,Retail store in the neighborhood,"Price,Freshness","Blackberries,Chestnut,Fig,Passion-fruit,Watermelon",None or Other,Carrefour,None or Other
C9,18 to 30,Male,Northwest,Not regularly,Retail store in the neighborhood,"Type,Freshness","Blackberries,Mangosteen,Orange,Pineapple,Starfruit",None or Other,None or Other,JD
C10,18 to 30,Female,Northwest,Twice a week,Fruit section of a large supermarket,"Type,Freshness","Cherry,Watermelon","Pagoda,Guoduomei,Goodfarmer","YongHui,Freshippo","JD,Pinduoduo"
C11,18 to 30,Male,Northeast,Not regularly,Retail store in the neighborhood,Freshness,"Apple,Kiwi fruit,Orange,Tamarind,Watermelon","XianFengsg,None or Other",Walmart,JD
C12,18 to 30,Female,Northwest,Once a week,Retail store in the neighborhood,"Type,Freshness","Durian,Peach,Mango,Watermelon","Pagoda,None or Other","YongHui,Vanguard","JD,Meituan"
C13,40 to 60,Female,Northwest,Everyday,Specialized fruit market,"Type,Freshness","Apricot,Chestnut,Mango,Pear,Ugli fruit,Watermelon","Pagoda,Guoduomei,Joyvio","Vanguard,Freshippo","JD,Meituan"
C14,18 to 30,Male,Northwest,Not regularly,Online platform,"Freshness,Velocity","Avocado,Durian,Melon,Watermelon","Dole,None or Other","Vanguard,Freshippo",None or Other
C15,Under 18,Female,Northeast,Twice a week,Retail store in the neighborhood,"Price,Freshness","Banana,Cherry,Citron,Jujube,Watermelon",Goodfarmer,YongHui,None or Other
C16,18 to 30,Female,Northwest,Not regularly,Online platform,"Price,Freshness","Banana,Berry,Citron,Peach,Star apple,Starfruit,Watermelon",None or Other,Vanguard,Pinduoduo
C17,40 to 60,Male,Northwest,Twice a week,Fruit section of a large supermarket,"Price,Freshness","Cantaloupe,Durian,Orange,Watermelon","Pagoda,Joyvio,Goodfarmer","Vanguard,Freshippo","JD,Meituan"
C18,40 to 60,Male,Northwest,Twice a week,Fruit section of a large supermarket,"Price,Freshness",Sapota,"XianFengsg,HUASHENG,Joytree","YongHui,Vanguard","JD,Pinduoduo"
C19,40 to 60,Female,Northwest,Not regularly,Specialized fruit market,"Price,Freshness","Coconut,Grape,Mangosteen,Pomegranate,Watermelon",HUASHENG,Vanguard,JD
C20,Above 60,Male,North,Twice a week,Retail store in the neighborhood,"Freshness,Other","Kyoho Grapes,Honeydew melon","Pagoda,None or Other","YongHui,None or Other","Pinduoduo,Meituan"
C21,40 to 60,Male,South,Everyday,Specialized fruit market,"Price,Freshness","Banana,Durian,Watermelon",Pagoda,Walmart,None or Other
C22,18 to 30,Female,Northwest,Not regularly,Specialized fruit market,"Type,Freshness","Apple,Ambarella,Cherry,Dates,Orange,Watermelon",Pagoda,Vanguard,JD
C23,Under 18,Female,Northwest,Twice a week,Retail store in the neighborhood,"Price,Type","Avocado,Durian,Watermelon",Dole,Vanguard,"JD,Pinduoduo"
C24,18 to 30,Male,Northwest,Twice a week,Retail store in the neighborhood,Freshness,"Peach,Ugli fruit,Watermelon",None or Other,None or Other,"JD,None or Other"
C25,18 to 30,Male,Northeast,Not regularly,Fruit section of a large supermarket,"Type,Freshness","Durian,Pineapple",Guoduomei,"YongHui,Carrefour",JD
C26,Above 60,Female,Northwest,Not regularly,Retail store in the neighborhood,"Price,Freshness",Durian,None or Other,"YongHui,Freshippo","Pinduoduo,Meituan"
C27,Under 18,Female,Northwest,Everyday,Retail store in the neighborhood,"Price,Freshness","Avocado,Melon,Watermelon","Pagoda,None or Other",None or Other,None or Other
C28,18 to 30,Male,North,Twice a month,Retail store in the neighborhood,"Price,Freshness","Banana,Custard-apple",None or Other,"YongHui,Freshippo","JD,Tmall"
C29,18 to 30,Male,South,Twice a week,Retail store in the neighborhood,"Type,Freshness","Dates,Dragon fruit,Longan,Peach,Watermelon","Pagoda,Joyvio",Vanguard,JD
C30,18 to 30,Female,South,Not regularly,Online platform,Freshness,"Blackberries,Dates,Kiwi fruit","Pagoda,None or Other",Freshippo,"Meituan,None or Other"
C31,18 to 30,Male,South,Not regularly,Famous fruit chain,Type,"Dragon fruit,Peach,Papaya,Watermelon",Pagoda,"Walmart,Carrefour",JD
C32,18 to 30,Male,South,Twice a week,Retail store in the neighborhood,"Price,Type","Apple,Avocado,Banana,Papaya,Tamarind",None or Other,"Carrefour,Vanguard",Meituan
C33,18 to 30,Female,East,Not regularly,Fruit section of a large supermarket,"Price,Freshness","Banana,Fig,Longan,Watermelon",Pagoda,"Walmart,Freshippo","JD,Meituan"
C34,30 to 40,Male,Northwest,Twice a week,Retail store in the neighborhood,"Type,Velocity","Blackberries,Cherry,Grape,Grapefruit ","Pagoda,XianFengsg,Joyvio","YongHui,Walmart","JD,Tmall"
C35,40 to 60,Male,Northwest,Not regularly,Retail store in the neighborhood,"Type,Velocity","Apple,Grape,Orange","Pagoda,Guoduomei,HUASHENG","Walmart,Lotus","Tmall,Pinduoduo"
C36,Above 60,Male,Northeast,Once a week,Online platform,"Price,Velocity","Apple,Ambarella,Star apple,Orange","Pagoda,Joyvio,Joytree","Walmart,Freshippo","Tmall,Pinduoduo"
C37,30 to 40,Male,Southwest,Twice a month,Specialized fruit market,"Type,Velocity","Apple,Grapefruit,Peach","Guoduomei,Dole","Walmart,Lotus","Tmall,Pinduoduo"
C38,30 to 40,Female,Northwest,Twice a week,Fruit section of a large supermarket,"Price,Type","Banana,Custard-apple,Guava,Jujube,Persimmon,Watermelon","HUASHENG,Joywingmau","YongHui,Walmart","JD,Tmall"
C39,40 to 60,Female,North,Once a week,Fruit section of a large supermarket,"Price,Type","Blackberries,Kiwi fruit,Persimmon,Tamarind","XianFengsg,Guoduomei,HUASHENG","YongHui,Walmart","Tmall,Suning"
C40,30 to 40,Male,Northwest,Twice a week,Specialized fruit market,"Type,Freshness","Apple,Cherry,Coconut,Green almonds,Kumquat,Orange","Guoduomei,Joyvio,Zespri",None or Other,"JD,Tmall"
C41,40 to 60,Male,Northwest,Twice a week,Famous fruit chain,"Price,Velocity","Avocado,Banana,Lemon,Watermelon","Guoduomei,Dole","Lotus,Carrefour",Meituan
C42,18 to 30,Male,East,Twice a week,Retail store in the neighborhood,"Type,Freshness","Apple,Citron,Green almonds,Honeydew,Orange,Papaya,Rambutan,Star apple",None or Other,"Walmart,None or Other",Tmall
C43,30 to 40,Female,North,Once a week,Specialized fruit market,"Type,Freshness","Apple,Citron,Fig,Grapefruit,Kiwi fruit,Mandarin,Orange","Pagoda,XianFengsg","Lotus,Superspecies","JD,Tmall"
C44,40 to 60,Male,Northeast,Other,Retail store in the neighborhood,"Type,Freshness","Jackfruit,Watermelon","Joyvio,HUASHENG","YongHui,Walmart","Tmall,Pinduoduo"
C45,40 to 60,Male,Northeast,Not regularly,Retail store in the neighborhood,"Price,Type",Watermelon,"XianFengsg,Guoduomei","Lotus,Superspecies","Tmall,Suning"
C46,40 to 60,Female,Southwest,Twice a week,Specialized fruit market,"Type,Freshness","Apple,Berry,Cranberry,Grape,Orange","Pagoda,XianFengsg,Guoduomei","Walmart,Freshippo","Tmall,Pinduoduo"
C47,30 to 40,Female,Southwest,Other,Retail store in the neighborhood,"Price,Type","Cherry,Watermelon","XianFengsg,Guoduomei,HUASHENG","Walmart,Freshippo","JD,Suning"
C48,40 to 60,Female,Northeast,Twice a month,Fruit section of a large supermarket,"Price,Freshness","Apple,Peach,Plum","Guoduomei,Joyvio,HUASHENG","Walmart,Freshippo","JD,Tmall"
C49,40 to 60,Male,North,Once a week,Specialized fruit market,Other,"Blackberries,Starfruit,Strawberry","XianFengsg,Joywingmau","Walmart,Carrefour","JD,Tmall"
C50,30 to 40,Female,North,Twice a week,Retail store in the neighborhood,"Price,Type","Blackberries,Kiwi fruit,Watermelon","Pagoda,Guoduomei,Goodfarmer","Lotus,Superspecies","JD,Pinduoduo"
C51,30 to 40,Male,Northeast,Twice a week,Retail store in the neighborhood,"Price,Type","Cherry,Tamarind","Pagoda,XianFengsg,Guoduomei",None or Other,"JD,Pinduoduo"
C52,30 to 40,Female,North,Twice a week,Other,"Type,Velocity","Dragon fruit,Kiwi fruit,Mangosteen","Guoduomei,Joyvio,HUASHENG","Walmart,Lotus","Tmall,Suning"
C53,30 to 40,Male,Southwest,Everyday,Specialized fruit market,"Price,Freshness","Apple,Avocado,Watermelon","XianFengsg,Guoduomei,HUASHENG","Lotus,Superspecies","JD,Tmall"
C54,40 to 60,Male,South,Everyday,Fruit section of a large supermarket,"Type,Velocity","Fig,Kiwi fruit,Lemon,Plum,Watermelon","Joyvio,HUASHENG,None or Other","Walmart,Lotus","Pinduoduo,Suning"
C55,30 to 40,Female,East,Twice a week,Retail store in the neighborhood,"Price,Type",Kiwi fruit,"Pagoda,XianFengsg,Joyvio","Walmart,Freshippo","JD,Suning"
C56,40 to 60,Male,Northeast,Twice a month,Specialized fruit market,"Type,Velocity","Apple,Peach,Orange","Pagoda,XianFengsg,Zespri","Lotus,Superspecies","JD,Tmall"
C57,30 to 40,Female,North,Twice a week,Specialized fruit market,Other,"Coconut,Cherry,Kiwi fruit,Orange,Watermelon","Pagoda,Joyvio","Walmart,Carrefour","JD,Tmall"
C58,30 to 40,Male,Southwest,Everyday,Fruit section of a large supermarket,"Type,Velocity","Apple,Honeydew,Kumquat,Orange,Passion-fruit,Rambutan","Guoduomei,Joyvio,HUASHENG","Lotus,Superspecies","Tmall,Pinduoduo"
C59,30 to 40,Male,North,Once a week,Retail store in the neighborhood,"Price,Freshness","Grapefruit,Green almonds,Lime,Lychee,Watermelon","Guoduomei,Joyvio",None or Other,"JD,Tmall"
C60,40 to 60,Female,Northwest,Twice a week,Specialized fruit market,"Price,Freshness","Jackfruit,Jujube,Kiwi fruit,Lychee","Joyvio,Goodfarmer,None or Other","Walmart,Freshippo","Suning,Meituan"
C61,30 to 40,Male,Southwest,Twice a month,Fruit section of a large supermarket,Other,"Coconut,Guava,Jackfruit,Jujube,Kiwi fruit,Strawberry","Guoduomei,Joyvio,HUASHENG","YongHui,Walmart",Meituan
C62,40 to 60,Male,South,Twice a week,Specialized fruit market,"Type,Freshness","Apple,Cherry","Guoduomei,Joyvio,None or Other","Walmart,Freshippo","JD,Tmall"
C63,40 to 60,Female,Northeast,Once a week,Fruit section of a large supermarket,Other,"Dragon fruit,Jackfruit,Lime,Kiwi fruit,Starfruit","Guoduomei,Joyvio,None or Other","YongHui,Freshippo","JD,Tmall"
C64,Above 60,Female,North,Twice a week,Retail store in the neighborhood,"Type,Freshness","Peach,Watermelon","Guoduomei,Joyvio,Zespri","Lotus,Superspecies","Pinduoduo,Suning"
C65,40 to 60,Male,Northwest,Twice a month,Specialized fruit market,"Price,Type","Banana,Apricot,Berry,Raisin","XianFengsg,Joyvio","Lotus,Superspecies","Tmall,Suning"
C66,30 to 40,Male,Northwest,Once a week,Online platform,Other,"Apple,Granadilla","Pagoda,XianFengsg,Joyvio","Walmart,Freshippo","Pinduoduo,Suning"
C67,Above 60,Male,Northeast,Once a week,Specialized fruit market,Other,"Cherry,Kiwi fruit,Tamarind,Watermelon","XianFengsg,Guoduomei,Joyvio","Walmart,Freshippo",Meituan
C68,Above 60,Male,North,Other,Specialized fruit market,"Price,Type","Blackberries,Cherry,Strawberry","Joyvio,HUASHENG","Walmart,Lotus","JD,Suning"
C69,30 to 40,Male,Northwest,Other,Online platform,"Price,Type","Cranberry,Kiwi fruit,Kumquat,Melon,Watermelon","Joyvio,HUASHENG,None or Other","Walmart,Freshippo","JD,Tmall"
C70,30 to 40,Male,Southwest,Not regularly,Famous fruit chain,"Type,Velocity",Cherry,"Joyvio,HUASHENG,Dole","Lotus,Superspecies","JD,Tmall"
C71,30 to 40,Female,Northeast,Once a week,Specialized fruit market,Other,"Avocado,Jackfruit,Melon","Joyvio,HUASHENG","Walmart,Lotus","JD,Tmall"
C72,30 to 40,Female,East,Once a week,Famous fruit chain,Other,"Cantaloupe,Peach,Watermelon","Pagoda,XianFengsg,Dole","Walmart,Lotus",Meituan
C73,40 to 60,Male,North,Once a week,Fruit section of a large supermarket,"Price,Type",Malay apple,"Pagoda,XianFengsg","YongHui,Walmart","JD,Tmall"
C74,Above 60,Female,North,Everyday,Other,"Type,Freshness","Guava,Jackfruit,Lime,Ugli fruit,Watermelon","XianFengsg,Dole","Walmart,Lotus","JD,Suning"
C75,30 to 40,Male,North,Twice a month,Famous fruit chain,"Type,Freshness","Apple,Mangosteen,Orange","XianFengsg,Guoduomei","Walmart,Freshippo",Meituan
C76,Above 60,Male,North,Once a week,Famous fruit chain,"Price,Type","Dragon fruit,Kiwi fruit,Raisin","Guoduomei,Joyvio,HUASHENG","Walmart,Freshippo","JD,Pinduoduo"
C77,30 to 40,Female,Northwest,Once a week,Online platform,"Price,Type","Cherry,Cranberry,Jackfruit,Orange,Pomegranate","XianFengsg,Joyvio","YongHui,Freshippo","JD,Suning"
C78,30 to 40,Male,Southwest,Twice a month,Online platform,Other,"Apricot,Lychee,Watermelon","Pagoda,Guoduomei,Goodfarmer",None or Other,Meituan
C79,30 to 40,Male,Northwest,Other,Specialized fruit market,"Price,Type","Apple,Orange,Ugli fruit","XianFengsg,Guoduomei,HUASHENG","Lotus,Carrefour","Tmall,Pinduoduo"
C80,40 to 60,Male,South,Everyday,Retail store in the neighborhood,"Price,Type","Durian,Peach","XianFengsg,Joyvio,Joytree","Walmart,Freshippo","JD,Tmall"
C81,30 to 40,Male,Northeast,Everyday,Other,"Price,Type","Cranberry,Fig,Soursop,Ugli fruit","Guoduomei,Joyvio,HUASHENG","Lotus,Carrefour",Meituan
C82,30 to 40,Male,Northwest,Everyday,Specialized fruit market,"Price,Type","Cantaloupe,Jujube,Kiwi fruit,Persimmon","Pagoda,XianFengsg","Walmart,Freshippo","Pinduoduo,Suning"
C83,30 to 40,Female,Northwest,Twice a week,Fruit section of a large supermarket,Other,"Apple,Cantaloupe,Currant","Pagoda,XianFengsg,Joyvio","Lotus,Carrefour","Tmall,Suning"
C84,30 to 40,Male,Southwest,Twice a month,Online platform,Other,"Banana,Granadilla,Orange,Currant","XianFengsg,Guoduomei,Joyvio,Joywingmau","YongHui,Walmart","JD,Tmall"
C85,30 to 40,Female,North,Twice a week,Specialized fruit market,"Type,Freshness","Peach,Watermelon","Pagoda,XianFengsg,Guoduomei",None or Other,Meituan
C86,30 to 40,Female,Southwest,Once a week,Specialized fruit market,Other,"Durian,Plum,Watermelon","Pagoda,XianFengsg,Zespri","YongHui,Walmart","JD,Tmall"
C87,40 to 60,Male,Northwest,Other,Famous fruit chain,"Type,Freshness",Indian cream cobra melon,"XianFengsg,Guoduomei","YongHui,Freshippo","JD,Tmall"
C88,40 to 60,Male,East,Twice a week,Online platform,"Price,Velocity","Apple,Avocado,Mandarin,Orange,Watermelon","Joyvio,HUASHENG","YongHui,Freshippo","Tmall,Pinduoduo"
C89,30 to 40,Female,Southwest,Once a week,Fruit section of a large supermarket,"Price,Type","Ambarella,Apple,Mandarin,Orange","Joyvio,HUASHENG,Dole","Lotus,Carrefour","JD,Tmall"
C90,40 to 60,Male,South,Once a week,Retail store in the neighborhood,"Price,Type","Kiwi fruit,Soursop,Watermelon","Pagoda,XianFengsg,Joyvio","YongHui,Freshippo","JD,Tmall"
C91,30 to 40,Male,North,Twice a week,Fruit section of a large supermarket,"Price,Type","Blackberries,Custard-apple,Fig,Orange,Currant","Pagoda,Guoduomei,HUASHENG","YongHui,Vanguard","JD,Tmall"
C92,30 to 40,Male,North,Not regularly,Fruit section of a large supermarket,"Price,Type","Grapefruit,Kiwi fruit,Longan,Watermelon","Pagoda,XianFengsg,Dole","Walmart,Freshippo","Tmall,Pinduoduo"
C93,30 to 40,Male,North,Once a week,Specialized fruit market,"Price,Velocity","Apple,Grape,Passion-fruit,Orange","Pagoda,Joyvio,Joytree","Lotus,Superspecies","Tmall,Pinduoduo"
C94,30 to 40,Female,North,Everyday,Specialized fruit market,"Price,Type","Avocado,Berry,Strawberry,Watermelon","Guoduomei,Dole",None or Other,Meituan
C95,30 to 40,Male,Northeast,Once a week,Other,"Price,Freshness","Kumquat,Orange,Peach","Pagoda,Joyvio,Joytree","Walmart,Freshippo","Tmall,Suning"
C96,30 to 40,Male,Northwest,Everyday,Fruit section of a large supermarket,"Freshness,Velocity","Orange,Watermelon","Pagoda,XianFengsg,Guoduomei","YongHui,Walmart","JD,Suning"
C97,30 to 40,Male,North,Everyday,Fruit section of a large supermarket,Other,"Honeydew,Strawberry,Watermelon","Guoduomei,Dole","YongHui,Walmart","Tmall,Pinduoduo"
C98,30 to 40,Female,Northwest,Not regularly,Specialized fruit market,"Price,Type",Honeydew melon,"Pagoda,Joyvio,Goodfarmer","YongHui,Vanguard","Tmall,Pinduoduo"
C99,30 to 40,Male,North,Once a week,Famous fruit chain,Other,"Banana,Currant,Sapota","Guoduomei,Joywingmau","Lotus,Carrefour","JD,Tmall"
C100,40 to 60,Male,East,Twice a week,Online platform,"Price,Freshness","Avocado,Watermelon","Guoduomei,Joyvio","Walmart,Carrefour","Tmall,Pinduoduo"
