﻿Name,Job,Education,Gender,Marital,Age,Experience,Working Hours,Overtime Working,Salary/month(Rs.)
Aamir,Site Supervisor,High School,Male,Married,30,10,8,2,28000
Abbas,Mason,Primary,Male,Married,40,6,8,2,20000
Abdul Kareem,Helper,Primary,Male,Married,33,11,8,2,17000
Abdul Khalid,Unskilled Labour,Primary,Male,Married,47,3,10,1,17000
Abdul Rasheed,Unskilled Labour,Primary,Male,Married,29,3,8,1,17000
Abdul Razzaq,Mason,Middle,Male,Unarried,23,3,8,0,20000
Abdul Sattar,Foreman,Middle,Male,Married,40,15,8,0,23000
Abdullah,Site Supervisor,DAE,Male,Unarried,24,5,10,0,25000
Abdullah,Carpenter,Middle,Male,Married,27,7,10,0,24000
Abid,Mason,Middle,Male,Married,39,5,8,2,20000
Abid Farooq,Accountant,High School,Male,Married,32,3,8,1,22000
Abu Bakar,Unskilled Labour,Primary,Male,Married,21,1,8,2,17000
Adeel,Mason,Primary,Male,Married,39,7,8,2,20000
Adeel,Technician,DAE,Male,Married,27,4,8,2,22000
Adeel,Unskilled Labour,Primary,Male,Married,33,5,10,1,17000
Adnan,Electrician,Secondary,Male,Widowed,44,5,8,2,22000
Adnan,Helper,Middle,Male,Married,27,4,8,2,17000
Adnan,Technician,Middle,Male,Married,25,7,8,2,22000
Adnan Khurram,Electrician,Secondary,Male,Married,25,6,8,2,22000
Adnan Mayo,Site Supervisor,Secondary,Male,Married,43,13,8,0,26000
Adnan Mehmood,Electrician,Secondary,Male,Married,33,5,8,2,22000
Ahad,Mason,Middle,Male,Married,26,4,8,2,20000
Ahmad,Site Supervisor,High School,Male,Married,32,2,10,1,28000
Ahmar,Mason,Middle,Male,Married,40,12,8,2,20000
Ahmed Ali,Technician,DAE,Male,Married,33,4,8,2,22000
Ajmal,Helper,Primary,Male,Married,51,20,10,0,17000
Alamgeer,Helper,Middle,Male,Unarried,20,1,10,0,18000
Ali Abbas,Painter,Middle,Male,Married,28,3,8,2,24000
Ali Akbar,Unskilled Labour,Primary,Male,Married,41,15,8,0,17000
Amjad Ali,Accountant,High School,Male,Married,30,3,6,2,25000
Amna Muneeb,Project Supervisor,Graduation,Female,Married,27,4,8,0,50000
Anjum Saddique,Pipe Fabricator,Middle,Male,Married,29,6,8,0,22500
Anser,Mason,Middle,Male,Married,30,5,10,1,20000
Arif,Mason,Middle,Male,Married,30,6,8,2,20000
Arif,Site Supervisor,High School,Male,Married,34,15,8,2,28000
Arif,Unskilled Labour,Middle,Male,Married,33,5,10,1,17000
Arshad,Technician,DAE,Male,Married,45,4,8,2,22000
Arslan,Technician,High School,Male,Married,30,5,8,2,22000
Asad,Unskilled Labour,Primary,Male,Married,40,5,8,0,17000
Asad Abid,Painter,Middle,Male,Married,33,9,8,2,23500
Asfa Mehmood,Project Engineer,Graduation,Female,Married,40,22,8,2,36000
Asghar,Mason,Primary,Male,Married,29,3,8,2,20000
Asghar Ali,Helper,Primary,Male,Married,24,5,8,2,17000
Asghar Ali,Painter,Middle,Male,Married,35,9,8,2,23500
Ashfaq,Accountant,High School,Male,Married,52,4,8,2,23000
Asif,Mason,Middle,Male,Married,26,5,8,2,20000
Asif,Site Supervisor,High School,Male,Married,41,10,8,2,28000
Asif Shabbir,Scaffolders,Secondary,Male,Married,38,7,8,2,22000
Aslam,Carpenter,Middle,Male,Married,38,9,8,2,24000
Assad,Welder,Middle,Male,Married,30,6,10,1,22000
Attaullah,Scaffolders,Secondary,Male,Married,33,5,8,2,22000
Awais Khan,Helper,Primary,Male,Married,27,10,8,0,18000
Azhar,Unskilled Labour,Primary,Male,Married,23,1,8,0,17000
Azhar Grett,Unskilled Labour,Primary,Male,Married,33,5,8,0,17000
Bilal,Site Supervisor,High School,Male,Married,33,2,10,1,28000
Bilal,Carpenter,Middle,Male,Married,22,3,10,0,24000
Bilal Hassan,Helper,Primary,Male,Married,25,4,8,0,17000
Ch Iqrar,Painter,Middle,Male,Married,28,8,8,0,23500
Esa Sohail,Electrician,Secondary,Male,Married,25,6,8,2,22000
Faisal,Helper,Middle,Male,Unarried,20,2,10,0,18000
Faiz Ahmad,Plumber,Middle,Male,Married,35,12,8,0,23000
Farhan,Carpenter,Middle,Male,Married,24,6,10,0,24000
Farhan Aslam,Helper,Primary,Male,Married,27,5,8,2,17000
Farooq,Crane Operator,Secondary,Male,Married,30,3,8,2,20000
Faryad,Mason,Middle,Male,Married,33,8,8,2,20000
Fiaz,Mason,Middle,Male,Married,31,6,8,2,20000
Fiaz,Mason,Middle,Male,Unarried,21,2,8,2,20000
Freed,Unskilled Labour,Primary,Male,Married,37,7,10,0,17000
Ghulam Ali,Mason,Middle,Male,Married,33,12,8,2,21000
Ghulam Dastagir,Site Supervisor,High School,Male,Married,40,25,8,2,30000
Ghulam Mujtaba,Project Supervisor,Graduation,Male,Married,30,5,8,2,35000
Ghulam Rasool,Scaffolders,Secondary,Male,Married,40,9,8,2,22000
Ghulam Zaheer,Duct Fitter,Middle,Male,Married,38,15,8,2,20000
Gul Nawaz,Welder,Middle,Male,Married,33,11,8,0,22500
Gull Khan,Crane Operator,Secondary,Male,Married,38,5,8,2,23000
Habib,Mason,Middle,Male,Unarried,22,3,8,2,20000
Habib,Carpenter,Secondary,Male,Married,35,4,8,2,24000
Hafeez,Crane Operator,Secondary,Male,Married,33,4,8,2,20000
Haji Irshad,Unskilled Labour,Primary,Male,Married,33,5,8,0,17000
Hamid,QA,Graduation,Male,Married,24,7,8,2,40000
Haris,Mason,Middle,Male,Married,30,7,8,2,20000
Haris,Technician,DAE,Male,Married,25,5,8,2,22000
Hassan,Mason,Primary,Male,Married,31,5,8,2,20000
Hazrat Shoaib,Electrician,Secondary,Male,Married,21,5,8,2,22000
Ibrar Hussain,Painter,Middle,Male,Married,29,8,8,0,23500
Ijaz Ahmed,Unskilled Labour,Primary,Male,Married,35,6,8,0,17000
Ikram,Mason,Middle,Male,Married,31,4,8,2,20000
Imdad,Plumber,Middle,Male,Married,39,6,8,0,24000
Imran,Mason,Middle,Male,Unarried,25,2,8,2,20000
Imran,Electrician,Secondary,Male,Married,30,5,8,2,24000
Imran,Technician,DAE,Male,Married,32,6,8,2,22000
Imran Ali,Mason,Middle,Male,Married,32,10,8,2,21000
Imran Asim,Carpenter,Middle,Male,Married,43,10,10,0,23000
Imran Nazar,Scaffolders,Secondary,Male,Married,32,5,8,2,22000
Imtiaz Ali,Unskilled Labour,Primary,Male,Married,22,3,8,2,17000
Iqbal,Unskilled Labour,Primary,Male,Married,26,5,10,1,17000
Irfan,Unskilled Labour,Middle,Male,Married,28,5,10,1,17000
Ishaq Abbasi,Pipe Fabricator,Middle,Male,Married,34,10,8,0,22500
Israr,Helper,Primary,Male,Married,47,5,8,2,17000
Jamal,Technician,DAE,Male,Married,26,5,8,2,22000
Jameel,Unskilled Labour,Primary,Male,Married,28,5,10,0,17000
Jawad,Technician,DAE,Male,Married,30,3,8,2,22000
Kamran Luqman,Mason,Middle,Male,Married,23,3,8,0,20000
Kamran Sharif,Plumber,Middle,Male,Married,33,8,8,0,22500
Karamat Ali,Painter,Middle,Male,Married,38,8,8,2,24000
Kashif,Mason,Middle,Male,Married,29,4,8,2,20000
Kashif Khan,Unskilled Labour,Primary,Male,Married,24,4,8,0,17000
Khalid,Site Supervisor,High School,Male,Married,27,10,8,2,28000
Khalil Ahmad,Unskilled Labour,Primary,Male,Married,19,1,8,2,17000
Khawar,Mason,Middle,Male,Married,28,5,8,2,20000
Latif,Unskilled Labour,Primary,Male,Married,24,2,10,1,17000
M Ameen,Mason,Primary,Male,Married,35,6,8,0,20000
M Arslan,Unskilled Labour,Primary,Male,Married,21,3,10,0,17000
M Ashfaq,Helper,Primary,Male,Married,28,9,8,0,18000
M Bilal,Welder,Middle,Male,Married,28,8,8,0,22000
M Haneef,Project Supervisor,Graduation,Male,Married,38,10,8,2,35000
M Haseeb,Painter,Middle,Male,Married,35,5,8,2,24000
M Hashim,Scaffolders,Secondary,Male,Married,40,15,8,2,22000
M Hussain,Unskilled Labour,Primary,Male,Married,31,5,8,1,17000
M Idrees,Helper,Primary,Male,Married,35,5,8,2,17000
M Idrees,Duct Fitter,Middle,Male,Married,30,9,8,0,22500
M Irfan,Scaffolders,Secondary,Male,Married,32,5,8,2,22000
M Masood Ahmed,Duct Fitter,Middle,Male,Married,45,20,8,2,20000
M Nadeem,Helper,Primary,Male,Married,38,5,8,2,17000
M Naseer,Helper,Middle,Male,Married,30,5,10,0,17000
M Rafique,Helper,Primary,Male,Married,29,5,8,2,16000
M Riaz,Scaffolders,Secondary,Male,Married,35,5,8,2,22000
M Saddiq,Helper,Primary,Male,Married,27,4,8,2,16000
M Sadiq,Helper,Middle,Male,Married,23,4,10,0,18000
M Sajid,Painter,Middle,Male,Married,33,5,8,2,24000
M Sajjad,Painter,Middle,Male,Married,34,5,8,2,24000
M Saqlain,Scaffolders,Secondary,Male,Married,30,5,8,2,22000
M Shakeel,Duct Fitter,Middle,Male,Married,26,10,8,2,20000
M Tasleem Arshad,Foreman,Secondary,Male,Married,40,20,8,0,26000
M Wahab,Scaffolders,Secondary,Male,Married,30,6,8,2,22000
M.Haysum,Site Supervisor,High School,Male,Married,31,5,10,1,28000
Madeem,Mason,Primary,Male,Married,30,5,8,2,20000
Majid,Mason,Middle,Male,Unarried,22,3,8,2,20000
Majid,Crane Operator,Secondary,Male,Married,35,3,8,2,22000
Malik Noveed,Project Supervisor,Graduation,Male,Married,38,9,8,2,35000
Malik Shahroz,Mason,Middle,Male,Married,40,10,8,0,22000
Mehran Ali,Site Supervisor,DAE,Male,Married,25,5,8,0,30000
Mehrban Khan,Mason,Middle,Male,Married,30,3,8,0,25000
Mohsin,Mason,Primary,Male,Married,32,6,8,2,20000
Mohsin Ali,Painter,Middle,Male,Married,29,4,8,2,24000
Mohsin Zafar,Crane Operator,Primary,Male,Married,29,2,8,0,16000
Mubeen,Mason,Middle,Male,Married,33,7,8,2,20000
Muhammad,Unskilled Labour,Primary,Male,Married,26,4,8,0,17000
Muhammad Buta,Foreman,Secondary,Male,Married,32,16,8,2,22000
Muhammad Ismail,Insulator,Middle,Male,Married,37,7,8,2,20000
Muhammad Saddam,Helper,Primary,Male,Married,29,6,8,2,17000
Mumtaz,Carpenter,Middle,Male,Married,32,5,10,1,24000
Mumtaz,Unskilled Labour,Primary,Male,Married,39,8,8,1,17000
Mumtaz Khan,Project Engineer,Graduation,Female,Married,45,24,8,2,40000
Munawar,Mason,Middle,Male,Married,29,3,8,2,20000
Muneeb Rehman,Helper,Primary,Male,Married,28,7,8,2,17000
Muneer Ahmed,Helper,Primary,Male,Married,35,6,8,0,18700
Murtaza,Unskilled Labour,Middle,Male,Widowed,49,5,10,1,17000
Musif,Unskilled Labour,Primary,Male,Married,30,2,10,1,17000
Mustafa,Unskilled Labour,Primary,Male,Married,20,1,8,1,17000
Nadeem Afzal,Sweeper,Primary,Male,Married,28,7,8,2,17000
Nadir,Mason,Primary,Male,Married,40,20,8,2,20000
Naeem,Mason,Middle,Male,Unarried,25,4,8,2,20000
Naimat Ullah,Unskilled Labour,Primary,Male,Married,25,2,8,2,17000
Nasar Khan,Mason,Middle,Male,Married,27,4,10,0,20000
Naseer,Mason,Middle,Male,Married,25,2,8,2,20000
Nayar,Mason,Middle,Male,Married,25,4,8,2,20000
Nazakat Ali,Helper,Primary,Male,Married,30,5,8,2,16000
Nazam Farooq,Duct Fitter,Middle,Male,Married,25,5,8,2,20000
Noman,Mason,Middle,Male,Married,37,4,8,2,20000
Noor Zaman,Mason,Primary,Male,Married,39,8,8,0,20000
Nouman Nawaz,Unskilled Labour,Primary,Male,Widowed,50,2,8,0,16500
Osama Azhar,Welder,Middle,Male,Married,29,5,8,0,22000
Osama Raees,Technician,Secondary,Male,Married,35,15,8,0,23000
Qadeer,Mason,Middle,Male,Married,35,7,8,2,20000
Qamar,Mason,Primary,Male,Married,23,2,8,2,20000
Qaser Mahmood,Duct Fitter,Middle,Male,Married,29,6,8,0,22500
Qudrat Ullah,Unskilled Labour,Primary,Male,Married,25,7,10,0,17000
Qurban Ali,Unskilled Labour,Primary,Male,Married,18,1,8,1,17000
Rabnawaz,Mason,Primary,Male,Married,35,3,8,2,20000
Rafaqat Ali,Unskilled Labour,Primary,Male,Married,33,3,8,0,17000
Raja Abdul Hameed,Duct Fitter,Middle,Male,Married,40,10,8,2,20000
Raja Ahsan,Helper,Primary,Male,Married,31,2,8,0,18500
Rana Muhammad,Carpenter,Secondary,Male,Married,25,5,10,0,24000
Rao Kahif,Unskilled Labour,Primary,Male,Married,37,9,8,0,17000
Rauf,Mason,Middle,Male,Married,39,6,8,2,20000
Riaz,Site Supervisor,High School,Male,Married,36,1,10,1,28000
Saad,Unskilled Labour,Primary,Male,Married,25,3,10,1,17000
Saad Ameen,Electrician,Secondary,Male,Married,26,5,8,2,22000
Sabir,Plumber,Secondary,Male,Married,34,4,6,2,24000
Sabir Ali,Scaffolders,Secondary,Male,Married,37,7,8,2,22000
Sabqat Ali,Helper,Primary,Male,Married,28,4,8,2,16000
Sadaf Bibi,Sweeper,Primary,Female,Married,42,2,8,2,15000
Saddam Hussain,Unskilled Labour,Primary,Male,Married,34,2,8,0,17000
Sadiq,Mason,Primary,Male,Married,35,4,8,2,20000
Saif,Technician,DAE,Male,Married,35,4,8,2,22000
Sajjad,Mason,Middle,Male,Married,29,5,10,1,20000
Sajjad,Helper,Primary,Male,Married,20,5,10,0,17000
Sajjad Ali,Electrician,Secondary,Male,Married,28,6,8,2,22000
Samar Mayo,Unskilled Labour,Primary,Male,Married,25,5,8,0,17000
Saqlain,Unskilled Labour,Primary,Male,Married,25,5,10,1,17000
Sarwer Shahbaz,Site Supervisor,High School,Male,Married,35,20,8,2,30000
Shabab Hussain Mir,Project Engineer,High School,Male,Married,29,2,8,2,25000
Shabir,Carpenter,Secondary,Male,Married,33,4,8,2,24000
Shafiq Ahmed,Duct Fitter,Middle,Male,Married,42,6,8,2,20000
Shafqat Ali,Scaffolders,Secondary,Male,Married,31,5,8,2,22000
Shaheen,Unskilled Labour,Primary,Male,Married,34,9,10,1,17000
Shahid,Mason,Primary,Male,Married,35,9,8,2,20000
Shahid Abbas,Helper,Primary,Male,Married,29,4,8,2,16000
Shahid Hussain,Helper,Middle,Male,Married,30,8,10,0,18000
Shamal,Unskilled Labour,Primary,Male,Married,24,8,10,0,17000
Sharoz Khalid,Helper,Middle,Male,Married,23,5,10,0,17000
Shoaib,Mason,Middle,Male,Married,36,7,8,2,20000
Sikander Ali,Project Engineer,DAE,Male,Married,23,1,8,2,35000
Sohawar,Unskilled Labour,Primary,Male,Unarried,20,2,8,2,17000
Subhan,Mason,Middle,Male,Married,32,6,8,2,20000
Syed Alam Shah,Mason,Middle,Male,Married,20,1,10,0,20000
Syed Shahzad,Unskilled Labour,Primary,Male,Married,35,5,10,0,17000
Tahir,Mason,Middle,Male,Married,43,2,10,1,20000
Talha Sattar,Electrician,Secondary,Male,Married,23,3,8,2,22000
Tanveer,Mason,Middle,Male,Married,36,6,8,2,20000
Tasawar,Sweeper,Primary,Male,Married,31,8,10,1,15000
Tasleem,Unskilled Labour,Primary,Male,Married,33,2,8,0,17000
Tofail,Mason,Middle,Male,Married,23,2,10,1,20000
Touqeer,Mason,Middle,Male,Married,28,3,8,2,20000
Umair Khan,Project Engineer,Graduation,Male,Unarried,25,2,8,0,27000
Umar,Helper,Primary,Male,Married,26,7,8,2,17000
Umer,QA,Graduation,Male,Married,27,7,8,2,40000
Waheed,Mason,Middle,Male,Married,30,6,8,2,20000
Waheed,Mason,Primary,Male,Married,29,3,8,2,20000
Wajahat,Helper,Middle,Male,Married,27,7,8,2,17000
Wajid,Mason,Middle,Male,Married,39,8,8,2,20000
Wajid Ali,Unskilled Labour,Primary,Male,Married,20,2,8,2,17000
Waqas,Technician,DAE,Male,Married,25,4,8,2,22000
Waqas Ahmed,Plumber,Middle,Male,Married,30,10,8,0,23250
Waqas Elahi,Insulator,Middle,Male,Married,28,7,8,2,20000
Waris,Mason,Middle,Male,Married,40,9,8,2,20000
Wasif,Mason,Middle,Male,Unarried,26,3,8,2,20000
Wasif,Mason,Middle,Male,Married,36,4,8,2,20000
Yahya Khan,Electrician,Secondary,Male,Married,23,5,8,2,22000
Yawar,Mason,Middle,Male,Married,33,4,8,2,20000
Zaheer Abbas,Carpenter,Secondary,Male,Married,37,5,10,0,24000
Zahid,Mason,Middle,Male,Married,35,7,8,2,20000
Zahid,Project Supervisor,DAE,Male,Married,43,6,8,2,30000
Zahid Khan,Unskilled Labour,Primary,Male,Married,35,5,8,0,17000
Zahoor Khan,Mason,Primary,Male,Married,25,4,10,0,20000
Zarwar Khan,Unskilled Labour,Primary,Male,Married,27,5,8,0,17000
Zeeshan,Mason,Middle,Male,Married,29,4,8,2,20000
Zeeshan,Painter,Middle,Male,Married,36,10,8,2,23500
Zohaib,Mason,Middle,Male,Married,30,2,8,2,20000
Zohar Mohammad,Mason,Primary,Male,Married,25,4,10,0,20000
Zuhaib,Mason,Middle,Male,Married,28,5,10,1,20000
