Rank,War,First Year,# of years,Deaths,U.S. population in first year of war,Year
1,American Civil War,1861,4,750000,31443000,1860
2,World War II,1941,4,405399,133402000,1940
3,World War I,1917,2,116516,103268000,1920
4,Vietnam War,1961,14,58209,179323175,1970
5,Korean War,1950,3,54246,151325000,1950
6,American Revolutionary War,1775,8,25000,2500000,1780
7,War of 1812,1812,3,15000,8000000,1810
8,Mexican-American War,1846,2,13283,21406000,1850
9,Iraq War,2003,8,4497,294043000,2010
10,Philippine-American War,1899,3,4196,72129001,1900
11,Spanish-American War,1898,1,2246,62022250,1890
12,War in Afghanistan,2001,18,2216,294043000,2010
