Name,url,building_id,primary_use,square_feet,year_built,floor_count,year_built_scraped,floor_count_scraped,square_m2_scraped
1–19 Torrington Place,https://platform.carbonculture.net/apps/studydata/data-download?year=2016&id=1155&subject=places,148,Office,174601.0,1960.0,12.0,1960.0,12.0,17647.0
1–19 Torrington Place,https://platform.carbonculture.net/apps/studydata/data-download?year=2017&id=1155&subject=places,148,Office,174601.0,1960.0,12.0,1960.0,12.0,17647.0
1–19 Torrington Place,https://platform.carbonculture.net/apps/studydata/data-download?year=2018&id=1155&subject=places,148,Office,174601.0,1960.0,12.0,1960.0,12.0,17647.0
25 Gordon Street,https://platform.carbonculture.net/apps/studydata/data-download?year=2016&id=1110&subject=places,140,Office,50020.0,,11.0,1895.0,11.0,5174.0
25 Gordon Street,https://platform.carbonculture.net/apps/studydata/data-download?year=2017&id=1110&subject=places,140,Office,50020.0,,11.0,1895.0,11.0,5174.0
25 Gordon Street,https://platform.carbonculture.net/apps/studydata/data-download?year=2018&id=1110&subject=places,140,Office,50020.0,,11.0,1895.0,11.0,5174.0
26 Bedford Way,https://platform.carbonculture.net/apps/studydata/data-download?year=2016&id=1154&subject=places,147,Office,82548.0,1977.0,7.0,1977.0,7.0,8218.5
26 Bedford Way,https://platform.carbonculture.net/apps/studydata/data-download?year=2017&id=1154&subject=places,147,Office,82548.0,1977.0,7.0,1977.0,7.0,8218.5
26 Bedford Way,https://platform.carbonculture.net/apps/studydata/data-download?year=2018&id=1154&subject=places,147,Office,82548.0,1977.0,7.0,1977.0,7.0,8218.5
332 Grays Inn Road,https://platform.carbonculture.net/apps/studydata/data-download?year=2016&id=1202&subject=places,126,Education,21539.0,2004.0,5.0,2004.0,5.0,2213.1
332 Grays Inn Road,https://platform.carbonculture.net/apps/studydata/data-download?year=2017&id=1202&subject=places,126,Education,21539.0,2004.0,5.0,2004.0,5.0,2213.1
332 Grays Inn Road,https://platform.carbonculture.net/apps/studydata/data-download?year=2018&id=1202&subject=places,126,Education,21539.0,2004.0,5.0,2004.0,5.0,2213.1
90 Tottenham Court Road,https://platform.carbonculture.net/apps/studydata/data-download?year=2016&id=1205&subject=places,153,Office,16092.0,1965.0,3.0,1965.0,3.0,1534.5
90 Tottenham Court Road,https://platform.carbonculture.net/apps/studydata/data-download?year=2017&id=1205&subject=places,153,Office,16092.0,1965.0,3.0,1965.0,3.0,1534.5
90 Tottenham Court Road,https://platform.carbonculture.net/apps/studydata/data-download?year=2018&id=1205&subject=places,153,Office,16092.0,1965.0,3.0,1965.0,3.0,1534.5
Andrew Huxley Building,https://platform.carbonculture.net/apps/studydata/data-download?year=2016&id=1170&subject=places,117,Education,15489.0,2004.0,4.0,2004.0,4.0,1509.5
Andrew Huxley Building,https://platform.carbonculture.net/apps/studydata/data-download?year=2017&id=1170&subject=places,117,Education,15489.0,2004.0,4.0,2004.0,4.0,1509.5
Andrew Huxley Building,https://platform.carbonculture.net/apps/studydata/data-download?year=2018&id=1170&subject=places,117,Education,15489.0,2004.0,4.0,2004.0,4.0,1509.5
Archaeology and Anthropology,https://platform.carbonculture.net/apps/studydata/data-download?year=2016&id=1158&subject=places,149,Office,81881.0,1960.0,8.0,1960.0,8.0,8340.3
Archaeology and Anthropology,https://platform.carbonculture.net/apps/studydata/data-download?year=2017&id=1158&subject=places,149,Office,81881.0,1960.0,8.0,1960.0,8.0,8340.3
Archaeology and Anthropology,https://platform.carbonculture.net/apps/studydata/data-download?year=2018&id=1158&subject=places,149,Office,81881.0,1960.0,8.0,1960.0,8.0,8340.3
Ashton Building and Bath St.,https://platform.carbonculture.net/apps/studydata/data-download?year=2016&id=1181&subject=places,122,Education,83043.0,1991.0,6.0,1991.0,6.0,9878.0
Ashton Building and Bath St.,https://platform.carbonculture.net/apps/studydata/data-download?year=2017&id=1181&subject=places,122,Education,83043.0,1991.0,6.0,1991.0,6.0,9878.0
Ashton Building and Bath St.,https://platform.carbonculture.net/apps/studydata/data-download?year=2018&id=1181&subject=places,122,Education,83043.0,1991.0,6.0,1991.0,6.0,9878.0
Astor College,https://platform.carbonculture.net/apps/studydata/data-download?year=2016&id=1193&subject=places,135,Lodging/residential,66532.0,1967.0,10.0,1967.0,10.0,6674.7
Astor College,https://platform.carbonculture.net/apps/studydata/data-download?year=2017&id=1193&subject=places,135,Lodging/residential,66532.0,1967.0,10.0,1967.0,10.0,6674.7
Astor College,https://platform.carbonculture.net/apps/studydata/data-download?year=2018&id=1193&subject=places,135,Lodging/residential,66532.0,1967.0,10.0,1967.0,10.0,6674.7
Bentham House,https://platform.carbonculture.net/apps/studydata/data-download?year=2016&id=1144&subject=places,146,Office,31614.0,1956.0,8.0,1956.0,8.0,3221.0
Bentham House,https://platform.carbonculture.net/apps/studydata/data-download?year=2017&id=1144&subject=places,146,Office,31614.0,1956.0,8.0,1956.0,8.0,3221.0
Bentham House,https://platform.carbonculture.net/apps/studydata/data-download?year=2018&id=1144&subject=places,146,Office,31614.0,1956.0,8.0,1956.0,8.0,3221.0
Bloomsbury Theatre,https://platform.carbonculture.net/apps/studydata/data-download?year=2016&id=1116&subject=places,137,Entertainment/public assembly,64024.0,1967.0,6.0,1967.0,6.0,6322.0
Bloomsbury Theatre,https://platform.carbonculture.net/apps/studydata/data-download?year=2017&id=1116&subject=places,137,Entertainment/public assembly,64024.0,1967.0,6.0,1967.0,6.0,6322.0
Bloomsbury Theatre,https://platform.carbonculture.net/apps/studydata/data-download?year=2018&id=1116&subject=places,137,Entertainment/public assembly,64024.0,1967.0,6.0,1967.0,6.0,6322.0
Campbell House East,https://platform.carbonculture.net/apps/studydata/data-download?year=2016&id=1142&subject=places,127,Lodging/residential,27071.0,,6.0,1820.0,6.0,3554.2
Campbell House East,https://platform.carbonculture.net/apps/studydata/data-download?year=2017&id=1142&subject=places,127,Lodging/residential,27071.0,,6.0,1820.0,6.0,3554.2
Campbell House East,https://platform.carbonculture.net/apps/studydata/data-download?year=2018&id=1142&subject=places,127,Lodging/residential,27071.0,,6.0,1820.0,6.0,3554.2
Central House,https://platform.carbonculture.net/apps/studydata/data-download?year=2016&id=1215&subject=places,155,Office,51688.0,1930.0,8.0,,8.0,5664.8
Central House,https://platform.carbonculture.net/apps/studydata/data-download?year=2017&id=1215&subject=places,155,Office,51688.0,1930.0,8.0,,8.0,5664.8
Central House,https://platform.carbonculture.net/apps/studydata/data-download?year=2018&id=1215&subject=places,155,Office,51688.0,1930.0,8.0,,8.0,5664.8
Chadwick Building,https://platform.carbonculture.net/apps/studydata/data-download?year=2016&id=1118&subject=places,105,Education,50623.0,,5.0,1894.0,5.0,4970.0
Chadwick Building,https://platform.carbonculture.net/apps/studydata/data-download?year=2017&id=1118&subject=places,105,Education,50623.0,,5.0,1894.0,5.0,4970.0
Chadwick Building,https://platform.carbonculture.net/apps/studydata/data-download?year=2018&id=1118&subject=places,105,Education,50623.0,,5.0,1894.0,5.0,4970.0
Chandler House,https://platform.carbonculture.net/apps/studydata/data-download?year=2016&id=1183&subject=places,124,Education,38319.0,1900.0,6.0,1900.0,6.0,4047.1
Chandler House,https://platform.carbonculture.net/apps/studydata/data-download?year=2017&id=1183&subject=places,124,Education,38319.0,1900.0,6.0,1900.0,6.0,4047.1
Chandler House,https://platform.carbonculture.net/apps/studydata/data-download?year=2018&id=1183&subject=places,124,Education,38319.0,1900.0,6.0,1900.0,6.0,4047.1
Christopher Ingold Building,https://platform.carbonculture.net/apps/studydata/data-download?year=2016&id=1146&subject=places,115,Education,129716.0,1968.0,6.0,1968.0,6.0,13049.8
Christopher Ingold Building,https://platform.carbonculture.net/apps/studydata/data-download?year=2017&id=1146&subject=places,115,Education,129716.0,1968.0,6.0,1968.0,6.0,13049.8
Christopher Ingold Building,https://platform.carbonculture.net/apps/studydata/data-download?year=2018&id=1146&subject=places,115,Education,129716.0,1968.0,6.0,1968.0,6.0,13049.8
Cruciform Building,https://platform.carbonculture.net/apps/studydata/data-download?year=2016&id=1180&subject=places,121,Education,150318.0,1906.0,9.0,1906.0,9.0,16455.0
Cruciform Building,https://platform.carbonculture.net/apps/studydata/data-download?year=2017&id=1180&subject=places,121,Education,150318.0,1906.0,9.0,1906.0,9.0,16455.0
Cruciform Building,https://platform.carbonculture.net/apps/studydata/data-download?year=2018&id=1180&subject=places,121,Education,150318.0,1906.0,9.0,1906.0,9.0,16455.0
Darwin Building,https://platform.carbonculture.net/apps/studydata/data-download?year=2016&id=1134&subject=places,113,Education,100481.0,1958.0,9.0,1958.0,9.0,10512.0
Darwin Building,https://platform.carbonculture.net/apps/studydata/data-download?year=2017&id=1134&subject=places,113,Education,100481.0,1958.0,9.0,1958.0,9.0,10512.0
Darwin Building,https://platform.carbonculture.net/apps/studydata/data-download?year=2018&id=1134&subject=places,113,Education,100481.0,1958.0,9.0,1958.0,9.0,10512.0
DMS Watson Building,https://platform.carbonculture.net/apps/studydata/data-download?year=2016&id=1133&subject=places,139,Public services,56629.0,1900.0,6.0,1900.0,6.0,5530.5
DMS Watson Building,https://platform.carbonculture.net/apps/studydata/data-download?year=2017&id=1133&subject=places,139,Public services,56629.0,1900.0,6.0,1900.0,6.0,5530.5
DMS Watson Building,https://platform.carbonculture.net/apps/studydata/data-download?year=2018&id=1133&subject=places,139,Public services,56629.0,1900.0,6.0,1900.0,6.0,5530.5
Egyptology,https://platform.carbonculture.net/apps/studydata/data-download?year=2016&id=1132&subject=places,145,Office,14219.0,,4.0,1890.0,4.0,1565.0
Egyptology,https://platform.carbonculture.net/apps/studydata/data-download?year=2017&id=1132&subject=places,145,Office,14219.0,,4.0,1890.0,4.0,1565.0
Egyptology,https://platform.carbonculture.net/apps/studydata/data-download?year=2018&id=1132&subject=places,145,Office,14219.0,,4.0,1890.0,4.0,1565.0
Foster Court,https://platform.carbonculture.net/apps/studydata/data-download?year=2016&id=1131&subject=places,144,Office,57673.0,,5.0,1890.0,5.0,5865.0
Foster Court,https://platform.carbonculture.net/apps/studydata/data-download?year=2017&id=1131&subject=places,144,Office,57673.0,,5.0,1890.0,5.0,5865.0
Foster Court,https://platform.carbonculture.net/apps/studydata/data-download?year=2018&id=1131&subject=places,144,Office,57673.0,,5.0,1890.0,5.0,5865.0
Frances Gardner House,https://platform.carbonculture.net/apps/studydata/data-download?year=2016&id=1204&subject=places,136,Lodging/residential,56467.0,1960.0,9.0,1960.0,9.0,5597.2
Frances Gardner House,https://platform.carbonculture.net/apps/studydata/data-download?year=2017&id=1204&subject=places,136,Lodging/residential,56467.0,1960.0,9.0,1960.0,9.0,5597.2
Frances Gardner House,https://platform.carbonculture.net/apps/studydata/data-download?year=2018&id=1204&subject=places,136,Lodging/residential,56467.0,1960.0,9.0,1960.0,9.0,5597.2
Hawkridge,https://platform.carbonculture.net/apps/studydata/data-download?year=2016&id=1159&subject=places,130,Lodging/residential,62893.0,1960.0,16.0,1960.0,16.0,6811.1
Hawkridge,https://platform.carbonculture.net/apps/studydata/data-download?year=2017&id=1159&subject=places,130,Lodging/residential,62893.0,1960.0,16.0,1960.0,16.0,6811.1
Hawkridge,https://platform.carbonculture.net/apps/studydata/data-download?year=2018&id=1159&subject=places,130,Lodging/residential,62893.0,1960.0,16.0,1960.0,16.0,6811.1
Henry Morley,https://platform.carbonculture.net/apps/studydata/data-download?year=2016&id=1129&subject=places,106,Education,5374.0,,4.0,1890.0,4.0,534.0
Henry Morley,https://platform.carbonculture.net/apps/studydata/data-download?year=2017&id=1129&subject=places,106,Education,5374.0,,4.0,1890.0,4.0,534.0
Henry Morley,https://platform.carbonculture.net/apps/studydata/data-download?year=2018&id=1129&subject=places,106,Education,5374.0,,4.0,1890.0,4.0,534.0
ICH - Main Building,https://platform.carbonculture.net/apps/studydata/data-download?year=2016&id=1185&subject=places,150,Office,65657.0,1955.0,8.0,1955.0,8.0,13187.0
ICH - Main Building,https://platform.carbonculture.net/apps/studydata/data-download?year=2017&id=1185&subject=places,150,Office,65657.0,1955.0,8.0,1955.0,8.0,13187.0
ICH - Main Building,https://platform.carbonculture.net/apps/studydata/data-download?year=2018&id=1185&subject=places,150,Office,65657.0,1955.0,8.0,1955.0,8.0,13187.0
ICH -Wellcome Trust Building,https://platform.carbonculture.net/apps/studydata/data-download?year=2016&id=1186&subject=places,151,Office,30495.0,1997.0,8.0,1997.0,8.0,2833.1
ICH -Wellcome Trust Building,https://platform.carbonculture.net/apps/studydata/data-download?year=2017&id=1186&subject=places,151,Office,30495.0,1997.0,8.0,1997.0,8.0,2833.1
ICH -Wellcome Trust Building,https://platform.carbonculture.net/apps/studydata/data-download?year=2018&id=1186&subject=places,151,Office,30495.0,1997.0,8.0,1997.0,8.0,2833.1
Ifor Evans Hall,https://platform.carbonculture.net/apps/studydata/data-download?year=2016&id=1147&subject=places,129,Lodging/residential,102957.0,1968.0,7.0,1968.0,7.0,6555.1
Ifor Evans Hall,https://platform.carbonculture.net/apps/studydata/data-download?year=2017&id=1147&subject=places,129,Lodging/residential,102957.0,1968.0,7.0,1968.0,7.0,6555.1
Ifor Evans Hall,https://platform.carbonculture.net/apps/studydata/data-download?year=2018&id=1147&subject=places,129,Lodging/residential,102957.0,1968.0,7.0,1968.0,7.0,6555.1
ION - 12 Queen Square,https://platform.carbonculture.net/apps/studydata/data-download?year=2016&id=1192&subject=places,125,Education,16802.0,1995.0,6.0,1995.0,6.0,1880.0
ION - 12 Queen Square,https://platform.carbonculture.net/apps/studydata/data-download?year=2017&id=1192&subject=places,125,Education,16802.0,1995.0,6.0,1995.0,6.0,1880.0
ION - 12 Queen Square,https://platform.carbonculture.net/apps/studydata/data-download?year=2018&id=1192&subject=places,125,Education,16802.0,1995.0,6.0,1995.0,6.0,1880.0
IOO - 17–25 Cayton St,https://platform.carbonculture.net/apps/studydata/data-download?year=2016&id=1182&subject=places,123,Education,61204.0,1989.0,6.0,1989.0,6.0,5686.0
IOO - 17–25 Cayton St,https://platform.carbonculture.net/apps/studydata/data-download?year=2017&id=1182&subject=places,123,Education,61204.0,1989.0,6.0,1989.0,6.0,5686.0
IOO - 17–25 Cayton St,https://platform.carbonculture.net/apps/studydata/data-download?year=2018&id=1182&subject=places,123,Education,61204.0,1989.0,6.0,1989.0,6.0,5686.0
James Lighthill House,https://platform.carbonculture.net/apps/studydata/data-download?year=2016&id=1163&subject=places,134,Lodging/residential,49589.0,1998.0,8.0,1998.0,8.0,4957.5
James Lighthill House,https://platform.carbonculture.net/apps/studydata/data-download?year=2017&id=1163&subject=places,134,Lodging/residential,49589.0,1998.0,8.0,1998.0,8.0,4957.5
James Lighthill House,https://platform.carbonculture.net/apps/studydata/data-download?year=2018&id=1163&subject=places,134,Lodging/residential,49589.0,1998.0,8.0,1998.0,8.0,4957.5
John Dodgson House,https://platform.carbonculture.net/apps/studydata/data-download?year=2016&id=1162&subject=places,133,Lodging/residential,64723.0,1960.0,8.0,1960.0,8.0,6427.5
John Dodgson House,https://platform.carbonculture.net/apps/studydata/data-download?year=2017&id=1162&subject=places,133,Lodging/residential,64723.0,1960.0,8.0,1960.0,8.0,6427.5
John Dodgson House,https://platform.carbonculture.net/apps/studydata/data-download?year=2018&id=1162&subject=places,133,Lodging/residential,64723.0,1960.0,8.0,1960.0,8.0,6427.5
Kathleen Lonsdale Building,https://platform.carbonculture.net/apps/studydata/data-download?year=2016&id=1109&subject=places,108,Education,81580.0,1913.0,5.0,1913.0,5.0,8340.0
Kathleen Lonsdale Building,https://platform.carbonculture.net/apps/studydata/data-download?year=2017&id=1109&subject=places,108,Education,81580.0,1913.0,5.0,1913.0,5.0,8340.0
Kathleen Lonsdale Building,https://platform.carbonculture.net/apps/studydata/data-download?year=2018&id=1109&subject=places,108,Education,81580.0,1913.0,5.0,1913.0,5.0,8340.0
Langton Close,https://platform.carbonculture.net/apps/studydata/data-download?year=2016&id=1160&subject=places,131,Lodging/residential,66661.0,1930.0,7.0,1930.0,7.0,6793.7
Langton Close,https://platform.carbonculture.net/apps/studydata/data-download?year=2017&id=1160&subject=places,131,Lodging/residential,66661.0,1930.0,7.0,1930.0,7.0,6793.7
Langton Close,https://platform.carbonculture.net/apps/studydata/data-download?year=2018&id=1160&subject=places,131,Lodging/residential,66661.0,1930.0,7.0,1930.0,7.0,6793.7
London Centre For Nanotechnology,https://platform.carbonculture.net/apps/studydata/data-download?year=2016&id=1115&subject=places,110,Education,27814.0,2006.0,8.0,2006.0,8.0,2762.0
London Centre For Nanotechnology,https://platform.carbonculture.net/apps/studydata/data-download?year=2017&id=1115&subject=places,110,Education,27814.0,2006.0,8.0,2006.0,8.0,2762.0
London Centre For Nanotechnology,https://platform.carbonculture.net/apps/studydata/data-download?year=2018&id=1115&subject=places,110,Education,27814.0,2006.0,8.0,2006.0,8.0,2762.0
Malet Place UCL Engineering Building,https://platform.carbonculture.net/apps/studydata/data-download?year=2016&id=1203&subject=places,107,Education,97532.0,2005.0,10.0,2005.0,10.0,9589.6
Malet Place UCL Engineering Building,https://platform.carbonculture.net/apps/studydata/data-download?year=2017&id=1203&subject=places,107,Education,97532.0,2005.0,10.0,2005.0,10.0,9589.6
Malet Place UCL Engineering Building,https://platform.carbonculture.net/apps/studydata/data-download?year=2018&id=1203&subject=places,107,Education,97532.0,2005.0,10.0,2005.0,10.0,9589.6
Medawar Building,https://platform.carbonculture.net/apps/studydata/data-download?year=2016&id=1130&subject=places,112,Education,32206.0,,6.0,1870.0,6.0,3183.2
Medawar Building,https://platform.carbonculture.net/apps/studydata/data-download?year=2017&id=1130&subject=places,112,Education,32206.0,,6.0,1870.0,6.0,3183.2
Medawar Building,https://platform.carbonculture.net/apps/studydata/data-download?year=2018&id=1130&subject=places,112,Education,32206.0,,6.0,1870.0,6.0,3183.2
Medical School Building,https://platform.carbonculture.net/apps/studydata/data-download?year=2016&id=1211&subject=places,154,Office,34455.0,1907.0,8.0,1907.0,8.0,3695.7
Medical School Building,https://platform.carbonculture.net/apps/studydata/data-download?year=2017&id=1211&subject=places,154,Office,34455.0,1907.0,8.0,1907.0,8.0,3695.7
Medical School Building,https://platform.carbonculture.net/apps/studydata/data-download?year=2018&id=1211&subject=places,154,Office,34455.0,1907.0,8.0,1907.0,8.0,3695.7
Medical Sciences And Anatomy,https://platform.carbonculture.net/apps/studydata/data-download?year=2016&id=1119&subject=places,111,Education,118338.0,1909.0,7.0,1909.0,7.0,12135.7
Medical Sciences And Anatomy,https://platform.carbonculture.net/apps/studydata/data-download?year=2017&id=1119&subject=places,111,Education,118338.0,1909.0,7.0,1909.0,7.0,12135.7
Medical Sciences And Anatomy,https://platform.carbonculture.net/apps/studydata/data-download?year=2018&id=1119&subject=places,111,Education,118338.0,1909.0,7.0,1909.0,7.0,12135.7
Mullard Space Science Laboratory - Holmbury House,https://platform.carbonculture.net/apps/studydata/data-download?year=2016&id=1166&subject=places,116,Education,37265.0,,5.0,1800.0,5.0,2043.0
Mullard Space Science Laboratory - Holmbury House,https://platform.carbonculture.net/apps/studydata/data-download?year=2017&id=1166&subject=places,116,Education,37265.0,,5.0,1800.0,5.0,2043.0
Mullard Space Science Laboratory - Holmbury House,https://platform.carbonculture.net/apps/studydata/data-download?year=2018&id=1166&subject=places,116,Education,37265.0,,5.0,1800.0,5.0,2043.0
North Wing,https://platform.carbonculture.net/apps/studydata/data-download?year=2016&id=1112&subject=places,142,Office,45348.0,,4.0,1871.0,4.0,4025.0
North Wing,https://platform.carbonculture.net/apps/studydata/data-download?year=2017&id=1112&subject=places,142,Office,45348.0,,4.0,1871.0,4.0,4025.0
North Wing,https://platform.carbonculture.net/apps/studydata/data-download?year=2018&id=1112&subject=places,142,Office,45348.0,,4.0,1871.0,4.0,4025.0
Paul O'Gorman Building,https://platform.carbonculture.net/apps/studydata/data-download?year=2016&id=1173&subject=places,119,Education,91149.0,2007.0,7.0,2007.0,7.0,9397.5
Paul O'Gorman Building,https://platform.carbonculture.net/apps/studydata/data-download?year=2017&id=1173&subject=places,119,Education,91149.0,2007.0,7.0,2007.0,7.0,9397.5
Paul O'Gorman Building,https://platform.carbonculture.net/apps/studydata/data-download?year=2018&id=1173&subject=places,119,Education,91149.0,2007.0,7.0,2007.0,7.0,9397.5
Pearson Building,https://platform.carbonculture.net/apps/studydata/data-download?year=2016&id=1111&subject=places,141,Office,44789.0,1919.0,5.0,1919.0,5.0,4620.9
Pearson Building,https://platform.carbonculture.net/apps/studydata/data-download?year=2017&id=1111&subject=places,141,Office,44789.0,1919.0,5.0,1919.0,5.0,4620.9
Pearson Building,https://platform.carbonculture.net/apps/studydata/data-download?year=2018&id=1111&subject=places,141,Office,44789.0,1919.0,5.0,1919.0,5.0,4620.9
Physics Building,https://platform.carbonculture.net/apps/studydata/data-download?year=2016&id=1114&subject=places,109,Education,56995.0,1953.0,6.0,1953.0,6.0,7030.4
Physics Building,https://platform.carbonculture.net/apps/studydata/data-download?year=2017&id=1114&subject=places,109,Education,56995.0,1953.0,6.0,1953.0,6.0,7030.4
Physics Building,https://platform.carbonculture.net/apps/studydata/data-download?year=2018&id=1114&subject=places,109,Education,56995.0,1953.0,6.0,1953.0,6.0,7030.4
Ramsay Hall,https://platform.carbonculture.net/apps/studydata/data-download?year=2016&id=1143&subject=places,128,Lodging/residential,102774.0,1956.0,7.0,1956.0,7.0,9556.5
Ramsay Hall,https://platform.carbonculture.net/apps/studydata/data-download?year=2017&id=1143&subject=places,128,Lodging/residential,102774.0,1956.0,7.0,1956.0,7.0,9556.5
Ramsay Hall,https://platform.carbonculture.net/apps/studydata/data-download?year=2018&id=1143&subject=places,128,Lodging/residential,102774.0,1956.0,7.0,1956.0,7.0,9556.5
Rayne Institute,https://platform.carbonculture.net/apps/studydata/data-download?year=2016&id=1175&subject=places,120,Education,68211.0,1976.0,7.0,1976.0,7.0,5946.2
Rayne Institute,https://platform.carbonculture.net/apps/studydata/data-download?year=2017&id=1175&subject=places,120,Education,68211.0,1976.0,7.0,1976.0,7.0,5946.2
Rayne Institute,https://platform.carbonculture.net/apps/studydata/data-download?year=2018&id=1175&subject=places,120,Education,68211.0,1976.0,7.0,1976.0,7.0,5946.2
Roberts Building,https://platform.carbonculture.net/apps/studydata/data-download?year=2016&id=1135&subject=places,114,Education,139683.0,1958.0,13.0,1958.0,13.0,13878.6
Roberts Building,https://platform.carbonculture.net/apps/studydata/data-download?year=2017&id=1135&subject=places,114,Education,139683.0,1958.0,13.0,1958.0,13.0,13878.6
Roberts Building,https://platform.carbonculture.net/apps/studydata/data-download?year=2018&id=1135&subject=places,114,Education,139683.0,1958.0,13.0,1958.0,13.0,13878.6
Schafer House,https://platform.carbonculture.net/apps/studydata/data-download?year=2016&id=1161&subject=places,132,Lodging/residential,83108.0,1995.0,8.0,1995.0,8.0,8418.5
Schafer House,https://platform.carbonculture.net/apps/studydata/data-download?year=2017&id=1161&subject=places,132,Lodging/residential,83108.0,1995.0,8.0,1995.0,8.0,8418.5
Schafer House,https://platform.carbonculture.net/apps/studydata/data-download?year=2018&id=1161&subject=places,132,Lodging/residential,83108.0,1995.0,8.0,1995.0,8.0,8418.5
School Of Pharmacy,https://platform.carbonculture.net/apps/studydata/data-download?year=2016&id=1172&subject=places,118,Education,138316.0,1960.0,8.0,1960.0,8.0,15079.0
School Of Pharmacy,https://platform.carbonculture.net/apps/studydata/data-download?year=2017&id=1172&subject=places,118,Education,138316.0,1960.0,8.0,1960.0,8.0,15079.0
School Of Pharmacy,https://platform.carbonculture.net/apps/studydata/data-download?year=2018&id=1172&subject=places,118,Education,138316.0,1960.0,8.0,1960.0,8.0,15079.0
South Wing,https://platform.carbonculture.net/apps/studydata/data-download?year=2016&id=1117&subject=places,143,Office,40085.0,,4.0,1874.0,4.0,4149.6
South Wing,https://platform.carbonculture.net/apps/studydata/data-download?year=2017&id=1117&subject=places,143,Office,40085.0,,4.0,1874.0,4.0,4149.6
South Wing,https://platform.carbonculture.net/apps/studydata/data-download?year=2018&id=1117&subject=places,143,Office,40085.0,,4.0,1874.0,4.0,4149.6
Wilkins Building,https://platform.carbonculture.net/apps/studydata/data-download?year=2016&id=1113&subject=places,138,Public services,118231.0,,6.0,1827.0,6.0,12354.0
Wilkins Building,https://platform.carbonculture.net/apps/studydata/data-download?year=2017&id=1113&subject=places,138,Public services,118231.0,,6.0,1827.0,6.0,12354.0
Wilkins Building,https://platform.carbonculture.net/apps/studydata/data-download?year=2018&id=1113&subject=places,138,Public services,118231.0,,6.0,1827.0,6.0,12354.0
