Date,HomeTeam,AwayTeam,FTHG,FTAG,FTR
20200912,Fulham,Arsenal,0,3,A
20200912,Crystal Palace,Southampton,1,0,H
20200912,Liverpool,Leeds,4,3,H
20200912,West Ham,Newcastle,0,2,A
20200913,West Brom,Leicester,0,3,A
20200913,Spurs,Everton,0,1,A
20200914,Brighton,Chelsea,1,3,A
20200914,Sheffield Utd,Wolves,0,2,A
20200919,Everton,West Brom,5,2,H
20200919,Leeds,Fulham,4,3,H
20200919,Man Utd,Crystal Palace,1,3,A
20200919,Arsenal,West Ham,2,1,H
20200920,Southampton,Spurs,2,5,A
20200920,Newcastle,Brighton,0,3,A
20200920,Chelsea,Liverpool,0,2,A
20200920,Leicester,Burnley,4,2,H
20200921,Aston Villa,Sheffield Utd,1,0,H
20200921,Wolves,Man City,1,3,A
20200926,West Brom,Chelsea,3,3,D
20200926,Burnley,Southampton,0,1,A
20200926,Brighton,Man Utd,2,3,A
20200926,Crystal Palace,Everton,1,2,A
20200927,Sheffield Utd,Leeds,0,1,A
20200927,Spurs,Newcastle,1,1,D
20200927,Man City,Leicester,2,5,A
20200927,West Ham,Wolves,4,0,H
20200928,Fulham,Aston Villa,0,3,A
20200928,Liverpool,Arsenal,3,1,H
20201003,Chelsea,Crystal Palace,4,0,H
20201003,Everton,Brighton,4,2,H
20201003,Leeds,Man City,1,1,D
20201003,Newcastle,Burnley,3,1,H
20201004,Leicester,West Ham,0,3,A
20201004,Southampton,West Brom,2,0,H
20201004,Arsenal,Sheffield Utd,2,1,H
20201004,Wolves,Fulham,1,0,H
20201004,Man Utd,Spurs,1,6,A
20201004,Aston Villa,Liverpool,7,2,H
20201017,Everton,Liverpool,2,2,D
20201017,Chelsea,Southampton,3,3,D
20201017,Man City,Arsenal,1,0,H
20201017,Newcastle,Man Utd,1,4,A
20201018,Sheffield Utd,Fulham,1,1,D
20201018,Crystal Palace,Brighton,1,1,D
20201018,Spurs,West Ham,3,3,D
20201018,Leicester,Aston Villa,0,1,A
20201019,West Brom,Burnley,0,0,D
20201019,Leeds,Wolves,0,1,A
20201023,Aston Villa,Leeds,0,3,A
20201024,West Ham,Man City,1,1,D
20201024,Fulham,Crystal Palace,1,2,A
20201024,Man Utd,Chelsea,0,0,D
20201024,Liverpool,Sheffield Utd,2,1,H
20201025,Southampton,Everton,2,0,H
20201025,Wolves,Newcastle,1,1,D
20201025,Arsenal,Leicester,0,1,A
20201026,Brighton,West Brom,1,1,D
20201026,Burnley,Spurs,0,1,A
20201030,Wolves,Crystal Palace,2,0,H
20201031,Burnley,Chelsea,0,3,A
20201031,Liverpool,West Ham,2,1,H
20201031,Sheffield Utd,Man City,0,1,A
20201101,Aston Villa,Southampton,3,4,A
20201101,Newcastle,Everton,2,1,H
20201101,Man Utd,Arsenal,0,1,A
20201101,Spurs,Brighton,2,1,H
20201102,Fulham,West Brom,2,0,H
20201102,Leeds,Leicester,1,4,A
20201106,Brighton,Burnley,0,0,D
20201106,Southampton,Newcastle,2,0,H
20201107,Everton,Man Utd,1,3,A
20201107,Crystal Palace,Leeds,4,1,H
20201107,Chelsea,Sheffield Utd,4,1,H
20201107,West Ham,Fulham,1,0,H
20201108,West Brom,Spurs,0,1,A
20201108,Leicester,Wolves,1,0,H
20201108,Man City,Liverpool,1,1,D
20201108,Arsenal,Aston Villa,0,3,A
20201121,Newcastle,Chelsea,0,2,A
20201121,Aston Villa,Brighton,1,2,A
20201121,Spurs,Man City,2,0,H
20201121,Man Utd,West Brom,1,0,H
20201122,Fulham,Everton,2,3,A
20201122,Sheffield Utd,West Ham,0,1,A
20201122,Leeds,Arsenal,0,0,D
20201122,Liverpool,Leicester,3,0,H
20201123,Burnley,Crystal Palace,1,0,H
20201123,Wolves,Southampton,1,1,D
20201127,Crystal Palace,Newcastle,0,2,A
20201128,Brighton,Liverpool,1,1,D
20201128,Man City,Burnley,5,0,H
20201128,Everton,Leeds,0,1,A
20201128,West Brom,Sheffield Utd,1,0,H
20201129,Southampton,Man Utd,2,3,A
20201129,Chelsea,Spurs,0,0,D
20201129,Arsenal,Wolves,1,2,A
20201130,Leicester,Fulham,1,2,A
20201130,West Ham,Aston Villa,2,1,H
20201205,West Ham,Man Utd,1,3,A
20201205,Chelsea,Leeds,3,1,H
20201205,Burnley,Everton,1,1,D
20201205,Man City,Fulham,2,0,H
20201206,West Brom,Crystal Palace,1,5,A
20201206,Sheffield Utd,Leicester,1,2,A
20201206,Spurs,Arsenal,2,0,H
20201206,Liverpool,Wolves,4,0,H
20201207,Brighton,Southampton,1,2,A
20201211,Leeds,West Ham,1,2,A
20201212,Wolves,Aston Villa,0,1,A
20201212,Newcastle,West Brom,2,1,H
20201212,Man Utd,Man City,0,0,D
20201212,Everton,Chelsea,1,0,H
20201213,Southampton,Sheffield Utd,3,0,H
20201213,Crystal Palace,Spurs,1,1,D
20201213,Fulham,Liverpool,1,1,D
20201213,Arsenal,Burnley,0,1,A
20201213,Leicester,Brighton,3,0,H
20201215,Wolves,Chelsea,2,1,H
20201215,Man City,West Brom,1,1,D
20201216,Arsenal,Southampton,1,1,D
20201216,Leeds,Newcastle,5,2,H
20201216,Leicester,Everton,0,2,A
20201216,Fulham,Brighton,0,0,D
20201216,Liverpool,Spurs,2,1,H
20201216,West Ham,Crystal Palace,1,1,D
20201217,Aston Villa,Burnley,0,0,D
20201217,Sheffield Utd,Man Utd,2,3,A
20201219,Crystal Palace,Liverpool,0,7,A
20201219,Southampton,Man City,0,1,A
20201219,Everton,Arsenal,2,1,H
20201219,Newcastle,Fulham,1,1,D
20201220,Brighton,Sheffield Utd,1,1,D
20201220,Spurs,Leicester,0,2,A
20201220,Man Utd,Leeds,6,2,H
20201220,West Brom,Aston Villa,0,3,A
20201221,Burnley,Wolves,2,1,H
20201221,Chelsea,West Ham,3,0,H
20201226,Arsenal,Chelsea,3,1,H
20201226,Man City,Newcastle,2,0,H
20201226,Sheffield Utd,Everton,0,1,A
20201226,Leicester,Man Utd,2,2,D
20201226,Aston Villa,Crystal Palace,3,0,H
20201226,Fulham,Southampton,0,0,D
20201227,Leeds,Burnley,1,0,H
20201227,West Ham,Brighton,2,2,D
20201227,Liverpool,West Brom,1,1,D
20201227,Wolves,Spurs,1,1,D
20201228,Crystal Palace,Leicester,1,1,D
20201228,Chelsea,Aston Villa,1,1,D
20201229,Brighton,Arsenal,0,1,A
20201229,Burnley,Sheffield Utd,1,0,H
20201229,Southampton,West Ham,0,0,D
20201229,West Brom,Leeds,0,5,A
20201229,Man Utd,Wolves,1,0,H
20201230,Newcastle,Liverpool,0,0,D
20210101,Everton,West Ham,0,1,A
20210101,Man Utd,Aston Villa,2,1,H
20210102,Spurs,Leeds,3,0,H
20210102,Crystal Palace,Sheffield Utd,2,0,H
20210102,Brighton,Wolves,3,3,D
20210102,West Brom,Arsenal,0,4,A
20210103,Newcastle,Leicester,1,2,A
20210103,Chelsea,Man City,1,3,A
20210104,Southampton,Liverpool,1,0,H
20210112,Sheffield Utd,Newcastle,1,0,H
20210112,Burnley,Man Utd,0,1,A
20210112,Wolves,Everton,1,2,A
20210113,Man City,Brighton,1,0,H
20210113,Spurs,Fulham,1,1,D
20210114,Arsenal,Crystal Palace,0,0,D
20210116,Wolves,West Brom,2,3,A
20210116,Leeds,Brighton,0,1,A
20210116,West Ham,Burnley,1,0,H
20210116,Fulham,Chelsea,0,1,A
20210116,Leicester,Southampton,2,0,H
20210117,Sheffield Utd,Spurs,1,3,A
20210117,Liverpool,Man Utd,0,0,D
20210117,Man City,Crystal Palace,4,0,H
20210118,Arsenal,Newcastle,3,0,H
20210119,Leicester,Chelsea,2,0,H
20210119,West Ham,West Brom,2,1,H
20210120,Man City,Aston Villa,2,0,H
20210120,Fulham,Man Utd,1,2,A
20210121,Liverpool,Burnley,0,1,A
20210123,Aston Villa,Newcastle,2,0,H
20210126,Crystal Palace,West Ham,2,3,A
20210126,Newcastle,Leeds,1,2,A
20210126,Southampton,Arsenal,1,3,A
20210126,West Brom,Man City,0,5,A
20210127,Burnley,Aston Villa,3,2,H
20210127,Chelsea,Wolves,0,0,D
20210127,Brighton,Fulham,0,0,D
20210127,Everton,Leicester,1,1,D
20210127,Man Utd,Sheffield Utd,1,2,A
20210128,Spurs,Liverpool,1,3,A
20210130,Everton,Newcastle,0,2,A
20210130,Crystal Palace,Wolves,1,0,H
20210130,Man City,Sheffield Utd,1,0,H
20210130,West Brom,Fulham,2,2,D
20210130,Arsenal,Man Utd,0,0,D
20210130,Southampton,Aston Villa,0,1,A
20210131,Chelsea,Burnley,2,0,H
20210131,Leicester,Leeds,1,3,A
20210131,West Ham,Liverpool,1,3,A
20210131,Brighton,Spurs,1,0,H
20210202,Sheffield Utd,West Brom,2,1,H
20210202,Wolves,Arsenal,2,1,H
20210202,Man Utd,Southampton,9,0,H
20210202,Newcastle,Crystal Palace,1,2,A
20210203,Burnley,Man City,0,2,A
20210203,Fulham,Leicester,0,2,A
20210203,Leeds,Everton,1,2,A
20210203,Aston Villa,West Ham,1,3,A
20210203,Liverpool,Brighton,0,1,A
20210204,Spurs,Chelsea,0,1,A
20210206,Aston Villa,Arsenal,1,0,H
20210206,Burnley,Brighton,1,1,D
20210206,Newcastle,Southampton,3,2,H
20210206,Fulham,West Ham,0,0,D
20210206,Man Utd,Everton,3,3,D
20210207,Spurs,West Brom,2,0,H
20210207,Wolves,Leicester,0,0,D
20210207,Liverpool,Man City,1,4,A
20210207,Sheffield Utd,Chelsea,1,2,A
20210208,leeds,Crystal Palace,2,0,H
20210213,Leicester,Liverpool,3,1,H
20210213,Crystal Palace,Burnley,0,3,A
20210213,Man City,Spurs,3,0,H
20210213,Brighton,Aston Villa,0,0,D
20210214,Southampton,Wolves,1,2,A
20210214,West Brom,Man Utd,1,1,D
20210214,Arsenal,Leeds,4,2,H
20210214,Everton,Fulham,0,2,A
20210215,West Ham,Sheffield Utd,3,0,H
20210215,Chelsea,Newcastle,2,0,H
20210217,Burnley,Fulham,1,1,D
20210217,Everton,Man City,1,3,A
20210219,Wolves,Leeds,1,0,H
20210220,Southampton,Chelsea,1,1,D
20210220,Burnley,West Brom,0,0,D
20210220,Liverpool,Everton,0,2,A
20210220,Fulham,Sheffield Utd,1,0,H
20210221,West Ham,Spurs,2,1,H
20210221,Aston Villa,Leicester,1,2,A
20210221,Arsenal,Man City,0,1,A
20210221,Man Utd,Newcastle,3,1,H
20210222,Brighton,Crystal Palace,1,2,A
20210223,Leeds,Southampton,3,0,H
20210227,Man City,West Ham,2,1,H
20210227,West Brom,Brighton,1,0,H
20210227,Leeds,Aston Villa,0,1,A
20210227,Newcastle,Wolves,1,1,D
20210228,Crystal Palace,Fulham,0,0,D
20210228,Leicester,Arsenal,1,3,A
20210228,Spurs,Burnley,4,0,H
20210228,Chelsea,Man Utd,0,0,D
20210228,Sheffield Utd,Liverpool,0,2,A
20210301,Everton,Southampton,1,0,H
20210302,Man City,Wolves,4,1,H
20210303,Burnley,Leicester,1,1,D
20210303,Crystal Palace,Man Utd,0,0,D
20210303,Sheffield Utd,Aston Villa,1,0,H
20210304,Fulham,Spurs,0,1,A
20210304,West Brom,Everton,0,1,A
20210304,Liverpool,Chelsea,0,1,A
20210306,Burnley,Arsenal,1,1,D
20210306,Sheffield Utd,Southampton,0,2,A
20210306,Aston Villa,Wolves,0,0,D
20210306,Brighton,Leicester,1,2,A
20210307,West Brom,Newcastle,0,0,D
20210307,Liverpool,Fulham,0,1,A
20210307,Man City,Man Utd,0,2,A
20210307,Spurs,Crystal Palace,4,1,H
20210308,Chelsea,Everton,2,0,H
20210308,West Ham,Leeds,2,0,H
20210310,Man City,Southampton,5,2,H
20210312,Newcastle,Aston Villa,1,1,D
20210313,Leeds,Chelsea,0,0,D
20210313,Crystal Palace,West Brom,1,0,H
20210313,Everton,Burnley,1,2,A
20210313,Fulham,Man City,0,3,A
20210314,Southampton,Brighton,1,2,A
20210314,Leicester,Sheffield Utd,5,0,H
20210314,Arsenal,Spurs,2,1,H
20210314,Man Utd,West Ham,1,0,H
20210315,Wolves,Liverpool,0,1,A
20210319,Fulham,Leeds,1,2,A
20210320,Brighton,Newcastle,3,0,H
20210321,West Ham,Arsenal,3,3,D
20210321,Aston Villa,Spurs,0,2,A
20210403,Chelsea,West Brom,2,5,A
20210403,Leeds,Sheffield Utd,2,1,H
20210403,Leicester,Man City,0,2,A
20210403,Arsenal,Liverpool,0,3,A
20210404,Southampton,Burnley,3,2,H
20210404,Newcastle,Spurs,2,2,D
20210404,Aston Villa,Fulham,3,1,H
20210404,Man Utd,Brighton,2,1,H
20210405,Everton,Crystal Palace,1,1,D
20210405,Wolves,West Ham,2,3,A
20210409,Fulham,Wolves,0,1,A
20210410,Man City,Leeds,1,2,A
20210410,Liverpool,Aston Villa,2,1,H
20210410,Crystal Palace,Chelsea,1,4,A
20210411,Burnley,Newcastle,1,2,A
20210411,West Ham,Leicester,3,2,H
20210411,Spurs,Man Utd,1,3,A
20210411,Sheffield Utd,Arsenal,0,3,A
20210412,West Brom,Southampton,3,0,H
20210412,Brighton,Everton,0,0,D
20210416,Everton,Spurs,2,2,D
20210417,Newcastle,West Ham,3,2,H
20210417,Wolves,Sheffield Utd,1,0,H
20210418,Arsenal,Fulham,1,1,D
20210418,Man Utd,Burnley,3,1,H
20210419,leeds,Liverpool,1,1,D
20210420,Chelsea,Brighton,0,0,D
20210421,Spurs,Southampton,2,1,H
20210421,Aston Villa,Man City,1,2,A
20210422,Leicester,West Brom,3,0,H
20210423,Arsenal,Everton,0,1,A
20210424,Liverpool,Newcastle,1,1,D
20210424,West Ham,Chelsea,0,1,A
20210424,Sheffield Utd,Brighton,1,0,H
20210425,Wolves,Burnley,0,4,A
20210425,Leeds,Man Utd,0,0,D
20210425,Aston Villa,West Brom,2,2,D
20210426,Leicester,Crystal Palace,2,1,H
20210430,Southampton,Leicester,1,1,D
20210501,Crystal Palace,Man City,0,2,A
20210501,Brighton,Leeds,2,0,H
20210501,Chelsea,Fulham,2,0,H
20210501,Everton,Aston Villa,1,2,A
20210502,Newcastle,Arsenal,0,2,A
20210502,Spurs,Sheffield Utd,4,0,H
20210503,West Brom,Wolves,1,1,D
20210503,Burnley,West Ham,1,2,A
20210507,Leicester,Newcastle,2,4,A
20210508,Man City,Chelsea,1,2,A
20210508,Liverpool,Southampton,2,0,H
20210508,Leeds,Spurs,3,1,H
20210508,Sheffield Utd,Crystal Palace,0,2,A
20210509,Wolves,Brighton,2,1,H
20210509,Aston Villa,Man Utd,1,3,A
20210509,West Ham,Everton,0,1,A
20210509,Arsenal,West Brom,3,1,H
20210510,Fulham,Burnley,0,2,A
20210511,Man Utd,Leicester,1,2,A
20210511,Southampton,Crystal Palace,3,1,H
20210512,Chelsea,Arsenal,0,1,A
20210513,Aston Villa,Everton,0,0,D
20210513,Man Utd,Liverpool,2,4,A
20210514,Newcastle,Man City,3,4,A
20210515,Burnley,Leeds,0,4,A
20210515,Southampton,Fulham,3,1,H
20210515,Brighton,West Ham,1,1,D
20210516,Crystal Palace,Aston Villa,3,2,H
20210516,Spurs,Wolves,2,0,H
20210516,West Brom,Liverpool,1,2,A
20210516,Everton,Sheffield Utd,0,1,A
20210518,Man Utd,Fulham,1,1,D
20210518,Southampton,Leeds,0,2,A
20210518,Brighton,Man City,3,2,H
20210518,Chelsea,Leicester,2,1,H
20210519,Everton,Wolves,1,0,H
20210519,Newcastle,Sheffield Utd,1,0,H
20210519,Spurs,Aston Villa,1,2,A
20210519,Crystal Palace,Arsenal,1,3,A
20210519,Burnley,Liverpool,0,3,A
20210519,West Brom,West Ham,1,3,A
20210523,Arsenal,Brighton,2,0,H
20210523,Aston Villa,Chelsea,2,1,H
20210523,Fulham,Newcastle,0,2,A
20210523,Leeds,West Brom,3,1,H
20210523,Leicester,Spurs,2,4,A
20210523,Liverpool,Crystal Palace,2,0,H
20210523,Man City,Everton,5,0,H
20210523,Sheffield Utd,Burnley,1,0,H
20210523,West Ham,Southampton,3,0,H
20210523,Wolves,Man Utd,1,2,A
