﻿"Cube Title","Product Id","CANSIM Id",URL,"Cube Notes","Archive Status",Frequency,"Start Reference Period","End Reference Period","Total number of dimensions"
"Smartphone use and smartphone habits by gender and age group, inactive",22100115,,"https://www150.statcan.gc.ca/t1/tbl1/en/tv.action?pid=2210011501",1;2;3;6,"ARCHIVED -  a cube publicly available but no longer being updated",Occasional,2018-01-01,2018-01-01,4

"Dimension ID","Dimension name","Dimension Notes","Dimension Definitions"
1,Geography,,
2,"Smartphone use and selected smartphone habits",,
3,Gender,5,
4,"Age group",,

"Dimension ID","Member Name","Classification Code","Member ID","Parent Member ID",Terminated,"Member Notes","Member Definitions"
1,Canada,[11124],1,,,,
2,"Have a smartphone ",,1,,,4,
2,"Check the smartphone at least every 30 minutes ",,2,1,,,
2,"Before going to sleep, the last thing is to check the smartphone ",,3,1,,,
2,"Use the smartphone while watching television ",,4,1,,,
2,"Use the smartphone while eating dinner ",,5,1,,,
3,"Total, gender",,1,,,,
3,"Male gender",,2,1,,,
3,"Female gender",,3,1,,,
3,"Gender diverse",,4,1,,,
4,"Total, Internet users aged 15 years and over",,1,,,,
4,"Internet users aged 15 to 24 years",,2,1,,,
4,"Internet users aged 25 to 44 years",,3,1,,,
4,"Internet users aged 45 to 64 years",,4,1,,,
4,"Internet users aged 65 years and over",,5,1,,,

Symbol Legend
Description,Symbol
"not available for a specific reference period",..
"less than the limit of detection",<LOD
"value rounded to 0 (zero) where there is a meaningful distinction between true zero and the value that was rounded",0s
"data quality: excellent",A
"data quality: very good",B
"data quality: good",C
"data quality: acceptable",D
"use with caution",E
"too unreliable to be published",F
"not applicable",...
preliminary,p
revised,r
"suppressed to meet the confidentiality requirements of the Statistics Act",x
terminated,t

"Survey Code","Survey Name"
4432,"Canadian Internet Use Survey"

"Subject Code","Subject Name"
22,"Digital economy and society"

"Note ID",Note
1,"The target population is all persons 15 years of age and older living in the ten provinces of Canada. It excludes full-time (residing for more than six months) residents of institutions. 
"
2,"The Canadian Internet Use Survey was redesigned in 2018 and its findings should not be compared with those from previous surveys."
3,"Internet users include individuals who used the Internet for personal use, excluding business- and school-related use, from any location during the past three months."
4,"Smartphone users include Internet users who have a smartphone for personal use."
5,"Refers to current gender which may be different from sex assigned at birth and may be different from what is indicated on legal documents. Data for the category of gender diverse, as well as non-responses, have been suppressed for data quality reasons or to meet the confidentiality requirements of the Statistics Act."
6,"On June 22, 2021 this table was archived and replaced by table 22-10-0143."

"Correction ID","Correction Date","Correction Note"


