transaction id,item,rating
1,Apple,5
1,Milk,2
1,Butter,5
2,Apple,5
2,Banana,4
2,Mango,5
2,Orange,3
3,Apple,3
3,Butter,1
4,Banana,4
4,Orange,5
5,Milk,5
5,Banana,4
6,Milk,2
6,Apple,4
6,Mango,5
6,Milk,3
7,Apple,4
7,Milk,3
7,Butter,1
8,Apple,4
8,Banana,2
8,Mango,4
8,Orange,5
9,Apple,5
9,Butter,4
9,Banana,2
9,Orange,5
10,Milk,5
11,Banana,4
12,Milk,1
12,Apple,2
13,Mango,3
13,Milk,1
14,Apple,5
15,Milk,4
15,Butter,5
16,Apple,4
16,Banana,5
17,Mango,3
17,Orange,4
18,Apple,5
18,Butter,2
19,Banana,5
19,Orange,5
20,Milk,4
21,Banana,2
22,Milk,3
22,Apple,3
22,Mango,5
22,Milk,4
23,Apple,3
24,Milk,5
25,Butter,4
25,Apple,4
26,Banana,4
26,Mango,5
27,Orange,5
27,Apple,4
28,Butter,3
28,Banana,1
29,Orange,4
29,Milk,2
30,Banana,4
30,Mango,3
31,Milk,5
31,Apple,4
31,Milk,2
32,Butter,4
32,Apple,4
32,Banana,3
32,Mango,4
32,Orange,5
33,Apple,1
33,Butter,4
33,Banana,2
34,Orange,5
34,Milk,3
35,Apple,5
35,Milk,4
35,Mango,5
36,Apple,4
36,Milk,2
36,Butter,3
36,Mango,4
36,Orange,3
37,Banana,5
37,Mango,4
37,Orange,4
37,Apple,4
38,Butter,3
38,Banana,5
39,Orange,5
39,Milk,4
39,Banana,4
39,Milk,4
40,Orange,4
40,Milk,4
40,Milk,3
40,Apple,1
41,Mango,4
41,Milk,3
41,Orange,5
42,Milk,3
43,Apple,5
43,Milk,4
44,Milk,2
44,Apple,4
45,Milk,5
45,Butter,4
46,Apple,5
47,Banana,2
48,Mango,3
48,Orange,5
49,Apple,5
49,Butter,4
50,Banana,5
50,Orange,5
50,Milk,5
50,Butter,3
50,Orange,5
51,Banana,3
52,Milk,3
52,Apple,5
53,Mango,5
53,Milk,1
53,Butter,4
53,Mango,5
54,Apple,5
54,Milk,5
54,Butter,4
55,Apple,4
55,Milk,2
55,Butter,3
56,Banana,3
56,Mango,5
57,Orange,4
57,Apple,3
58,Butter,5
58,Banana,4
59,Orange,5
59,Milk,4
60,Banana,4
60,Milk,3
61,Apple,4
61,Milk,2
61,Banana,3
61,Butter,1
62,Mango,5
62,Orange,5
63,Milk,1
63,Mango,5
63,Apple,4
63,Milk,5
63,Butter,5
64,Banana,5
64,Milk,2
65,Butter,4
65,Milk,5
66,Apple,4
66,Banana,5
67,Mango,5
68,Orange,5
68,Apple,3
69,Butter,5
69,Banana,4
70,Mango,5
70,Orange,5
71,Milk,2
71,Butter,4
71,Banana,5
71,Mango,4
71,Orange,5
72,Apple,3
72,Milk,4
72,Butter,5
72,Mango,4
72,Orange,5
73,Milk,5
73,Mango,5
74,Apple,5
74,Butter,3
74,Milk,4
75,Mango,5
75,Orange,5
76,Milk,5
76,Butter,4
76,Banana,4
77,Apple,4
77,Butter,4
78,Milk,5
78,Butter,5
78,Banana,4
79,Butter,3
79,Banana,5
80,Apple,3
80,Butter,5
81,Banana,5
81,Mango,4
81,Orange,5
82,Apple,4
82,Butter,5
82,Banana,3
82,Orange,5
83,Mango,5
83,Orange,5
84,Apple,5
84,Mango,4
85,Butter,4
85,Butter,3
85,Mango,4
86,Banana,2
86,Mango,5
87,Apple,3
87,Butter,5
87,Orange,4
88,Milk,3
89,Banana,1
89,Milk,4
89,Apple,3
89,Mango,5
90,Milk,4
90,Apple,2
91,Milk,4
92,Butter,4
93,Apple,3
94,Banana,4
95,Mango,3
95,Orange,5
96,Apple,4
96,Butter,2
97,Banana,4
97,Orange,5
98,Milk,5
98,Banana,4
99,Milk,2
99,Apple,3
100,Mango,5
100,Milk,4
100,Apple,1
100,Milk,2
101,Butter,3
101,Apple,5
102,Banana,1
102,Mango,5
102,Orange,5
102,Apple,4
102,Butter,5
103,Banana,3
103,Orange,4
103,Milk,5
104,Banana,4
104,Milk,5
105,Apple,5
105,Mango,4
105,Milk,2
105,Apple,3
106,Apple,3
106,Milk,1
106,Butter,4
107,Banana,3
107,Mango,5
107,Orange,5
108,Apple,4
108,Butter,5
108,Banana,2
109,Orange,3
109,Milk,5
109,Banana,3
110,Apple,4
110,Mango,5
111,Apple,4
111,Milk,2
111,Banana,4
111,Mango,3
112,Banana,5
112,Orange,4
113,Milk,4
113,Banana,5
114,Apple,2
114,Mango,3
115,Apple,1
116,Milk,3
116,Banana,4
116,Mango,5
117,Apple,4
117,Orange,5
118,Mango,4
118,Orange,5
119,Apple,5
120,Apple,4
120,Milk,4
121,Apple,5
121,Mango,5
121,Milk,3
121,Apple,5
122,Milk,3
122,Butter,4
123,Apple,5
123,Banana,4
123,Mango,5
124,Orange,4
125,Apple,1
126,Butter,2
126,Banana,3
127,Orange,5
127,Milk,1
127,Banana,2
127,Orange,5
128,Banana,4
