"Category
","Structure
","Country
","City
","Height (meters)
","Height (feet)
","Year built
","Coordinates
"
Building,Burj Khalifa,United Arab Emirates,Dubai,829.8,"2,722",2010,25°11′50.0″N 55°16′26.6″E
Self-supporting tower,Tokyo Skytree,Japan,Tokyo,634,"2,080",2011,35°42′36.5″N 139°48′39″E
Guyed steel lattice mast,KRDK-TV mast,United States,"Galesburg, North Dakota",628.0,"2,060",1997,47°16′45″N 97°20′27″W
Mast radiator,Lualualei VLF transmitter,United States,"Lualualei, Hawaii",458,"1,503",1972,21°25′11.87″N 158°08′53.67″W
Twin building,Petronas Twin Towers,Malaysia,Kuala Lumpur,452,"1,482",1998,3°09′27.45″N 101°42′40.7″E
Chimney,Ekibastuz GRES-2 Power Station,Kazakhstan,Ekibastuz,419.7,"1,377",1987,52°1′26.3″N 75°28′34.5″E
Radar,Dimona Radar Facility,Israel,Dimona,400,"1,312",2008,30°58′6.93″N 35°05′49.64″E
Lattice tower,Kiev TV Tower,Ukraine,Kiev,385,"1,263",1973,50°28′16.49″N 30°27′11.97″E
Electricity pylon,Zhoushan Island Overhead Powerline Tie,China,Zhoushan,370,"1,214",2009,29°56′2.78″N 122°2′10.12″E
Partially guyed tower,Gerbrandy Tower,Netherlands,IJsselstein,366.8,"1,203",1961,52°00′36.24″N 05°03′12.87″E
Guyed tubular steel mast,TV Tower Vinnytsia,Ukraine,Vinnytsia,354,"1,161",1961,49°14′30.04″N 28°25′25.25″E
Bridge,Millau Viaduct,France,Millau,342,"1,122",2004,44°05′09.97″N 03°01′17.94″E
Blaw-Knox Tower,Lakihegy Tower,Hungary,Szigetszentmiklós,314,"1,031",1968,47°22′23″N 19°00′16″E
Dam,Jinping-I Dam,China,Liangshan,305,"1,001",2013,28°11′07″N 101°37′42″E
Wind turbine,GE 3.4-137,Germany,Gaildorf,246.5,809,2017,48°59′49″N 9°48′35″E
Statue,Statue of Unity,India,Narmada district,240,790,2018,21°50′17″N 73°43′09″E
Minaret,Hassan II Mosque,Morocco,Casablanca,210,689,1993,33°36′28.71″N 7°37′58.16″W
Cooling tower,Kalisindh Thermal Power Station,India,Jhalawar,202,663,2012,24°32′04.97″N 76°05′57.89″E
Monument,Gateway Arch,United States,"St. Louis, Missouri",192,630,1965,38°37′28.62″N 90°11′5.87″W
Water tower,Main tower of ,Kuwait,Kuwait City,187,614,1979,29°23′22.75″N 48°00′11.57″E
Wooden structure,ATLAS-I,United States,Albuquerque,180,600,1980,35°01′48″N 106°33′27″W
Masonry tower,Anaconda Smelter Stack,United States,"Anaconda, Montana",178.3,585,1919,46°06′36.53″N 112°54′48.8″W
Inclined structure,Olympic Stadium,Canada,Montreal,175,574,1976,45°33′33.53″N 73°33′7.61″W
Obelisk,San Jacinto Monument,United States,"La Porte, Texas",173.7,570,1939,29°44′59.46″N 95°04′50.52″W
Ferris wheel,High Roller,United States,Las Vegas,167.6,550,2014,36°07′03″N 115°10′05″W
Masonry building,Mole Antonelliana,Italy,Torino,167.5,550,1889,45°04′8.45″N 7°41′35.62″E
Flagpole,Jeddah Flagpole,Saudi Arabia,Jeddah,171,561,2014,21°30′28.23″N 39°10′11.04″E
Church tower,Ulmer Münster,Germany,Ulm,162,530,1890,48°23′55″N 9°59′30.78″E
Industrial hall,Vehicle Assembly Building,United States,"Kennedy Space Center, Florida",160,525,1966,28°35′9.64″N 80°39′2.11″W
Memorial cross,Santa Cruz del Valle de los Caídos,Spain,El Escorial,152.4,500,1957,40°38′31.46″N 4°9′19.6″W
Telescope,Arecibo Telescope,Puerto Rico,"Arecibo, Puerto Rico",150,492,1963,18°20′39″N 66°45′10″W
Roller coaster,Kingda Ka,United States,"Jackson, New Jersey",138.98,456,2005,40°08′26.54″N 74°25′59.83″W
Tomb,Great Pyramid of Giza,Egypt,Giza,138.8,455.2,2560 BCE,29°58′44.93″N 31°08′3.09″E
Air traffic control tower,Kuala Lumpur International Airport,Malaysia,Sepang,141.3,463.6,2013,
Stupa,Jetavanaramaya,Sri Lanka,Anuradhapura,122,400,273–301 CE,"
"
Wooden lattice tower,Gliwice Radio Tower,Poland,Gliwice,118,387,1935,50°18′48.12″N 18°41′20.26″E
Storage silo,Schapfen Mill Tower,Germany,Ulm,115,377,2005,48°25′57″N 9°58′58″E
Aerial tramway,Pillar of ,Austria,Kaprun,113.6,373,1966,47°11′58.62″N 12°41′16.96″E
Sphere,Ericsson Globe,Sweden,Stockholm,85,279,1989,59°17′36.92″N 18°04′58.79″E
Lighthouse,Île Vierge Lighthouse,France,Finistère,82.5,271,1902,"
"
Gopuram,Murudeshwara Temple,India,Murudeshwara,76,249,2008,14°05′39″N 74°29′07″E
