{"realtime_start": "2019-12-06", "seriess": [{"observation_end": "2012-01-01", "last_updated": "2018-12-26 15:51:19-06", "observation_start": "2005-01-01", "frequency": "Annual", "seasonal_adjustment_short": "NSA", "id": "EXPTOEEF622ALLEST", "realtime_start": "2019-12-06", "units": "Millions of Dollars", "units_short": "Mil. of $", "seasonal_adjustment": "Not Seasonally Adjusted", "title": "Total Operating Expenses for Hospitals, All Establishments, Employer Firms", "realtime_end": "2019-12-06", "frequency_short": "A", "notes": "For further information, please refer to the US Census Bureau's Annual Services release, online at http://www.census.gov/services/.", "popularity": 9}], "realtime_end": "2019-12-06"}