Country,Real child pornography,Fictional child pornography,Possession,Sale,Production,Distribution,Notes
Abkhazia Abkhazia,Uncertain,Uncertain,Uncertain,Uncertain,Uncertain,Uncertain,
Albania Albania,Illegal,Illegal,Uncertain,Illegal,Illegal,Illegal,All forms of child pornography are illegal.
Algeria Algeria,Illegal,Illegal,Illegal,Illegal,Illegal,Illegal,All forms of pornography are illegal.
Andorra Andorra,Illegal,Illegal,Illegal,Illegal,Illegal,Illegal,All forms of child pornography are illegal.
Argentina Argentina,Illegal,Illegal,Illegal,Illegal,Illegal,Illegal,
Armenia Armenia,Illegal,Illegal,Illegal,Illegal,Illegal,Illegal,
Australia Australia (including all territories),Illegal,Illegal,Illegal,Illegal,Illegal,Illegal,Child pornography is classed under extreme by the government.
Austria Austria,Illegal,Legal,Legal; Fictional only,Legal; Fictional only,Legal; Fictional only,Legal; Fictional only,"Photorealistic (lit. ""close to reality"") depictions are prohibited, and are treated as regular child pornography."
Azerbaijan Azerbaijan,Illegal,Illegal,Illegal,Illegal,Illegal,Illegal,
Bangladesh Bangladesh,Illegal,Illegal,Illegal,Illegal,Illegal,Illegal,All forms of pornography are illegal since 2012.
Country,Real child pornography,Fictional child pornography,Possession,Sale,Production,Distribution,Notes
Belarus Belarus,Illegal,Illegal,Legal,Illegal,Illegal,Illegal,"All forms of pornography are technically illegal; however, possession is not banned."
Belize Belize,Illegal,Illegal,Legal,Uncertain,Uncertain,Uncertain,
Bhutan Bhutan,Uncertain,Uncertain,Uncertain,Uncertain,Uncertain,Uncertain,
Belgium Belgium,Illegal,Legal,Legal; fictional only,Legal; fictional only,Legal; fictional only,Legal; fictional only,"All forms of child pornography are illegal in accordance with EU law (In Belgium, only pornographic art that realistically depicts underage characters is illegal)."
Benin Benin,Legal,Legal,Legal,Legal,Legal,Legal,
Botswana Botswana,Illegal,Illegal,Illegal,Illegal,Illegal,Illegal,Enforcement is very strict.
Brazil Brazil,Illegal,Legal,Legal; Fictional only,Illegal,Illegal,Illegal,
Burkina Faso Burkina Faso,Illegal,Illegal,Uncertain,Uncertain,Uncertain,Illegal,
Burundi Burundi,Illegal,Illegal,Illegal,Illegal,Illegal,Illegal,
Cameroon Cameroon,Illegal,Uncertain,Uncertain,Illegal,Illegal,Illegal,
Country,Real child pornography,Fictional child pornography,Possession,Sale,Production,Distribution,Notes
Canada Canada,Illegal,Illegal,Illegal,Illegal,Illegal,Illegal,"Regardless of whether it is real or fictional, Canada has a zero-tolerance policy towards child pornography; subject to being blocked from view."
Central African Republic Central African Republic,Legal,Legal,Legal,Legal,Legal,Legal,
China People's Republic of China,Illegal,Illegal,Illegal,Illegal,Illegal,Illegal,"All forms of pornography are theoretically illegal on the mainland, though in practice many do circulate."
Egypt Egypt,Illegal,Illegal,Illegal,Illegal,Illegal,Illegal,All forms of pornography are illegal.
Republic of Congo Republic of Congo,Illegal,Illegal,Illegal,Illegal,Illegal,Illegal,
Ivory Coast Ivory Coast,Illegal,Illegal,Illegal,Illegal,Illegal,Illegal,All forms of pornography are illegal.
Comoros Comoros,Illegal,Illegal,Illegal,Legal,Illegal,Legal,
Croatia Croatia,Illegal,Illegal,Illegal,Illegal,Illegal,Illegal,All forms of child pornography are illegal in accordance with EU law.
Czech Republic Czech Republic,Illegal,Illegal,Illegal,Illegal,Illegal,Illegal,A bill was passed in 2007 completely prohibiting possession of child pornography in accordance with EU law.
Denmark Denmark,Illegal,Legal,Legal; Fictional only,Legal; Fictional only,Legal; Fictional only,Legal; Fictional only,
Country,Real child pornography,Fictional child pornography,Possession,Sale,Production,Distribution,Notes
Djibouti Djibouti,Illegal,Illegal,Illegal,Illegal,Illegal,Illegal,All forms of pornography are illegal.
Ecuador Ecuador,Illegal,Illegal,Illegal,Illegal,Illegal,Illegal,
Equatorial Guinea Equatorial Guinea,Legal,Legal,Legal,Legal,Legal,Legal,
Eritrea Eritrea,Illegal,Illegal,Illegal,Illegal,Illegal,Illegal,
Finland Finland,Illegal,Legal,Legal; fictional only,Legal; fictional only,Legal; fictional only,Legal; fictional only,"If there is no child (defined as a real person) in child pornography, then it is legal."
France France (including all territories),Illegal,Legal; Artwork only,Illegal,Illegal,Illegal,Legal; Artwork only fr [http://bilgicagi.com/Yazilar/19184-fransadan_cocuk_pornosu_ve_terorizme_dijital_sansur.aspx Fransa’dan Çocuk Pornosu ve Terörizme Dijital Sansür],All forms of child pornography are illegal in accordance with EU law.
Gabon Gabon,Illegal,Illegal,Illegal,Illegal,Illegal,Illegal,All forms of pornography are illegal.
Gambia Gambia,Illegal,Illegal,Illegal,Illegal,Illegal,Illegal,
Georgia Georgia,Illegal,Illegal,Illegal,Illegal,Illegal,Illegal,
Germany Germany,Illegal,Legal; No real events related,Illegal,Illegal,Illegal,Legal; Fictional with no real events related only,A child pornographic script that reproduces or produces an actual event is illegal.
Country,Real child pornography,Fictional child pornography,Possession,Sale,Production,Distribution,Notes
Ghana Ghana,"Legal; not specifically prohibited, but can still be prosecuted","Legal; not specifically prohibited, but can still be prosecuted",Illegal,Illegal,Illegal,Illegal,
Greece Greece,Illegal,Illegal,Illegal,Illegal,Illegal,Illegal,All forms of child pornography are illegal in accordance with EU law.
Guinea Guinea,Illegal,Illegal,Illegal,Illegal,Illegal,Illegal,
Guinea-Bissau Guinea-Bissau,Legal,Legal,Legal,Legal,Legal,Legal,
Guyana Guyana,Legal,Legal,Legal,Legal,Legal,Illegal,
Hong Kong Hong Kong,Illegal,Illegal,Illegal,Illegal,Illegal,Illegal,
Hungary Hungary,Illegal,Illegal,Illegal,Illegal,Illegal,Illegal,All forms of child pornography are illegal in accordance with EU law.
Iceland Iceland,Illegal,Illegal,Illegal,Illegal,Illegal,Illegal,All forms of pornography are illegal.
India India,Illegal,Illegal,Illegal,Illegal,Illegal,Illegal,"Child pornography is strictly prohibited by the Indian laws of IT Act-67B . All forms of pornographic material are illegal by IP Section-292, 293 ."
Indonesia Indonesia,Illegal,Uncertain,Legal,Illegal,Illegal,Illegal,"All forms of pornography are technically illegal, but Indonesia has no laws regarding child pornography online. Indonesia is called a heaven for child pornography."
Iran Iran,Illegal,Illegal,Illegal,Illegal,Illegal,Illegal,All forms of pornography are illegal.
Country,Real child pornography,Fictional child pornography,Possession,Sale,Production,Distribution,Notes
Ireland Ireland,Illegal,Legal,Legal; Fictional only,Legal; Fictional only,Legal; Fictional only,Legal; Fictional only,
Israel Israel (excluding Palestinian territories ),Illegal,Illegal,Illegal,Illegal,Illegal,Illegal,
Italy Italy,Illegal,Illegal,Illegal,Illegal,Illegal,Illegal,All forms of child pornography are illegal in accordance with EU law.
Jamaica Jamaica,Illegal,Illegal,Illegal,Illegal,Illegal,Illegal,All forms of pornography are illegal.
Japan Japan,Illegal,Legal,Legal; fictional only,Legal; fictional only (unless [[:ja:わいせつ物頒布等の罪|obscene]]),Legal; fictional only,Legal; fictional only (unless [[:ja:わいせつ物頒布等の罪|obscene]]),"A law came into effect in 1999 that forbids the sale, production and distribution of child pornography as well as the possession of child pornography for the aforementioned purposes. Simple possession (with no intent to sell, produce, or distribute) was outlawed in 2014; Hentai was excluded to prevent abuse of the law due to its ambiguity ."
Kazakhstan Kazakhstan,Illegal,Illegal,Legal,Illegal,Illegal,Illegal,
Kenya Kenya,Illegal,Illegal,Illegal,Illegal,Illegal,Illegal,All forms of pornography are illegal.
Kosovo Kosovo,Illegal,Illegal,Illegal,Illegal,Illegal,Illegal,
Kuwait Kuwait,Illegal,Illegal,Illegal,Illegal,Illegal,Illegal,Any kind of pornography is illegal.
Lesotho Lesotho,Illegal,Illegal,Illegal,Illegal,Illegal,Illegal,
Liberia Liberia,Illegal,Illegal,Illegal,Illegal,Illegal,Illegal,
Country,Real child pornography,Fictional child pornography,Possession,Sale,Production,Distribution,Notes
Libya Libya,Illegal,Illegal,Illegal,Illegal,Illegal,Illegal,All forms of pornography are illegal.
Macau Macau,Illegal,Illegal,Uncertain,Illegal,Illegal,Illegal,
Madagascar Madagascar,Illegal,Illegal,Illegal,Illegal,Illegal,Illegal,
Malaysia Malaysia,Illegal,Illegal,Illegal,Illegal,Illegal,Illegal,"Possession, sale, production, and distribution of child pornography criminalised in section 4 to 10 of the Sexual Offences Against Children Act 2017, including materials involving ""a person appearing to be a child engaged in sexually explicit conduct"" and ""realistic or graphic images of a person appearing to be a child engaged in sexually explicit conduct""."
Maldives Maldives,Illegal,Illegal,Uncertain,Illegal,Illegal,Illegal,All forms of pornography are illegal.
Mali Mali,Illegal,Illegal,Illegal,Illegal,Illegal,Illegal,All forms of pornography are illegal on the grounds of indecency.
Mauritania Mauritania,Illegal,Illegal,Illegal,Uncertain,Uncertain,Uncertain,
Mauritius Mauritius,Illegal,Illegal,Illegal,Illegal,Illegal,Illegal,
Mexico Mexico,Illegal,Uncertain,Illegal,Illegal,Illegal,Illegal,Enforcement is very strict.
Monaco Monaco,Illegal,Illegal,Illegal,Illegal,Illegal,Illegal,All forms of child pornography are illegal.
Country,Real child pornography,Fictional child pornography,Possession,Sale,Production,Distribution,Notes
Morocco Morocco,Illegal,Illegal,Illegal,Illegal,Illegal,Illegal,All forms of pornography are illegal.
Mozambique Mozambique,"Illegal, but unenforced","Illegal, but unenforced","Illegal, but unenforced","Illegal, but unenforced","Illegal, but unenforced","Illegal, but often unforced",
Nagorno-Karabakh Republic Nagorno-Karabakh,Uncertain,Illegal,Uncertain,Uncertain,Uncertain,Uncertain,
Namibia Namibia,Illegal,Illegal,Illegal,Illegal,Illegal,Legal,
Netherlands Netherlands (including all territories),Illegal,Illegal,Illegal,Illegal,Illegal,Illegal,All forms of child pornography are illegal in accordance with EU law.
New Zealand New Zealand (including all territories),Illegal,Illegal,Illegal,Illegal,Illegal,Illegal,Child pornography is classed under extreme.
Niger Niger,Illegal,Illegal,Illegal,Illegal,Illegal,Illegal,
North Korea North Korea,Illegal,Illegal,Illegal,Illegal,Illegal,Illegal,All forms of pornography are illegal.
Northern Cyprus Northern Cyprus,Illegal,Illegal,Illegal,Illegal,Illegal,Illegal,
Norway Norway (including all territories),Illegal,Illegal,Illegal,Illegal,Illegal,Illegal,
Country,Real child pornography,Fictional child pornography,Possession,Sale,Production,Distribution,Notes
Oman Oman,Illegal,Illegal,Illegal,Illegal,Illegal,Illegal,All forms of pornography are illegal.
Pakistan Pakistan,Illegal,Illegal,Illegal,Illegal,Illegal,Illegal,All forms of pornography are illegal.
Palau Palau,Legal,Legal,Legal,Legal,Legal,Legal,
Palestine Palestine,Illegal,Illegal,Illegal,Illegal,Illegal,Illegal,
Papua New Guinea Papua New Guinea,Illegal,Illegal,Illegal,Illegal,Illegal,Illegal,All forms of pornography are illegal by the government.
Philippines Philippines,Illegal,Illegal,Illegal,Illegal,Illegal,Illegal,All forms of pornography are illegal.
Poland Poland,Illegal,Illegal,Illegal,Illegal,Illegal,Illegal,All forms of child pornography are illegal in accordance with EU law.
Portugal Portugal,Illegal,Illegal,Illegal,Illegal,Illegal,Illegal,All forms of child pornography are illegal in accordance with EU law.
Romania Romania,Illegal,Illegal,Illegal,Illegal,Illegal,Illegal,All forms of child pornography are illegal in accordance with EU law .
Russia Russia (including Crimea ),Illegal,Illegal,Illegal,Illegal,Illegal,Illegal,
Country,Real child pornography,Fictional child pornography,Possession,Sale,Production,Distribution,Notes
Rwanda Rwanda,Illegal,Illegal,Illegal,Illegal,Illegal,Illegal,
São Tomé and Príncipe São Tomé and Príncipe,Legal,Legal,Legal,Legal,Legal,Legal,
Saudi Arabia Saudi Arabia,Illegal,Illegal,Illegal,Illegal,Illegal,Illegal,All forms of pornography are illegal.
Senegal Senegal,Illegal,Illegal,Illegal,Illegal,Illegal,Illegal,All forms of pornography are illegal.
Sierra Leone Sierra Leone,Legal,Legal,Legal,Legal,Legal,Legal,
Singapore Singapore,Illegal,Illegal,Illegal,Illegal,Illegal,Illegal,ICMEC Singapore has built a voluntary Asia-Pacific Financial Coalition Against Child Pornography (APAC-FCACP) to fight online child sexual exploitation.
Slovakia Slovakia,Illegal,Illegal,Illegal,Illegal,Illegal,Illegal,All forms of child pornography are illegal in accordance with EU law.
Somalia Somalia,Illegal,Illegal,Illegal,Illegal,Illegal,Illegal,All forms of pornography are illegal.
South Africa South Africa,Illegal,Illegal,Illegal,Illegal,Illegal,Illegal,
South Korea South Korea,Illegal,Illegal,Illegal,Illegal,Illegal,Illegal,"All forms of pornography are illegal. Laws on any forms of pornography (real or fictional) are very strict; it is subject to government monitoring and censorship, and all forms of child pornography are illegal. The punishments for child pornography, that penalize even mere watchers of fictional child pornography, are some of the harshest in the world."
Country,Real child pornography,Fictional child pornography,Possession,Sale,Production,Distribution,Notes
South Ossetia South Ossetia,Uncertain,Uncertain,Uncertain,Uncertain,Uncertain,Uncertain,
South Sudan South Sudan,Legal,Legal,Legal,Legal,Legal,Legal,
Spain Spain,Illegal,Illegal,Illegal,Illegal,Illegal,Illegal,All forms of child pornography are illegal in accordance with EU law.
Sri Lanka Sri Lanka,Illegal,Illegal,Illegal,Illegal,Illegal,Illegal,All forms of pornography are illegal since 2009.
Sweden Sweden,Illegal,Legal,Legal; fictional only,Legal; fictional only,Legal; fictional only,Legal; fictional only,
Sudan Sudan,Illegal,Illegal,Illegal,Illegal,Illegal,Illegal,All forms of pornography are illegal.
Syria Syria,Illegal,Illegal,Uncertain,Illegal,Illegal,Illegal,All forms of pornography are illegal.
Taiwan Taiwan,Illegal,Illegal,Illegal,Illegal,Illegal,Illegal,
Thailand Thailand,Illegal,Illegal,Illegal,Illegal,Illegal,Illegal,All forms of pornography are illegal.
Togo Togo,Illegal,Illegal,Illegal,Illegal,Illegal,Illegal,
Country,Real child pornography,Fictional child pornography,Possession,Sale,Production,Distribution,Notes
Transnistria Transnistria,Illegal,Illegal,Illegal,Illegal,Illegal,Illegal,
Turkey Turkey,Illegal,Illegal,Illegal<ref>{{in lang|tr}} [http://www.milliyet.com.tr/ogretim-uyesine-cocuk-pornosundan-hapis-/gundem/gundemdetay/17.02.2012/1504453/default.htm Öğretim üyesine çocuk pornosundan hapis!]</ref>,Illegal,Illegal,Illegal,
Uganda Uganda,Legal,Legal,Legal,Legal,Legal,Legal,
Ukraine Ukraine,Illegal,Illegal,Illegal,Illegal,Illegal,Illegal,Any kind of pornography is illegal.
United Kingdom United Kingdom (including all territories),Illegal,Illegal,Illegal,Illegal,Illegal,Illegal,"Protection of Children Act 1978 Coroners and Justice Act 2009 Laws on child pornography (real or fictional) are very strict; it is subject to censorship and all forms of child pornography are illegal. The punishments are some of the harshest in the world. Although the UK made child pornography illegal long before the European Union did so, a Directive was also passed by the EU in 2006 that requires all forms of child pornography to be illegal in all EU member states."
United States United States (including all territories),Illegal,Legal (unless [[United States obscenity law|obscene]]),Legal; fictional only,Legal; fictional only,Legal; fictional only,Legal; fictional only,"PROTECT act of 2003 Laws on child pornography are very strict with some of the harshest penalties in the world. Fictional child nudity and erotica is protected as freedom of expression if considered art, unless it is considered obscene ."
Venezuela Venezuela,Illegal,Uncertain,Uncertain,Uncertain,Uncertain,Uncertain,"The Special Law on Computer Crimes prohibits the use of ""an image of a child or adolescent for exhibitionist or pornographic purposes by any means that involve the use of information technologies""."
Vietnam Vietnam,Illegal,Illegal,Illegal,Illegal,Illegal,Illegal,All forms of pornography are illegal.
Western Sahara Western Sahara,Uncertain,Uncertain,Uncertain,Uncertain,Uncertain,Uncertain,
Yemen Yemen,Illegal,Illegal,Illegal,Illegal,Illegal,Illegal,All forms of pornography are illegal.
Zambia Zambia,Illegal,Illegal,Illegal,Illegal,Illegal,Illegal,All forms of pornography are illegal.
Zimbabwe Zimbabwe,Legal,Legal,Illegal,Illegal,Illegal,Illegal,
Country,Real child pornography,Fictional child pornography,Possession,Sale,Production,Distribution,Notes
