Name;Number;Type;Area;EUI;LEED;URL;ucl_id
Alpha Delta Pi ;406;Residence Hall;5477;271;;https://www.oeis.ucf.edu/buildings/5;
Alpha Tau Omega ;410;Residence Hall;10;62;;https://www.oeis.ucf.edu/buildings/65;
Alpha Xi Delta ;404;Residence Hall;52;534;;https://www.oeis.ucf.edu/buildings/60;
AMPAC Research Facility ;152;Research;7432;276;;https://www.oeis.ucf.edu/buildings/45;
Ara Dr. Research Facility ;117;Research;272;375;;https://www.oeis.ucf.edu/buildings/133;
Arboretum Greenhouse ;161;Other;1013;;;https://www.oeis.ucf.edu/buildings/152;
Arboretum Portable ;525;Office;144;594;;https://www.oeis.ucf.edu/buildings/99;
Arts & Humanities Annex ;541;Classroom;5376;49;;https://www.oeis.ucf.edu/buildings/139;
Barbara Ying Center ;71;Office;5789;136;;https://www.oeis.ucf.edu/buildings/19;
Barbara Ying Center - CMMS ;81;Classroom;23685;145;;https://www.oeis.ucf.edu/buildings/90;
Biological Sciences Building ;20;Research;116607;546;;https://www.oeis.ucf.edu/buildings/123;
Biological Transgenic Greenhouse ;124;Research;6111;52;;https://www.oeis.ucf.edu/buildings/37;
Biology Field Research Center ;92;Research;8;41;;https://www.oeis.ucf.edu/buildings/61;
Brevard Hall ;30;Residence Hall;27926;58;;https://www.oeis.ucf.edu/buildings/97;
Burnett Honors College ;95;Classroom;2222;80;;https://www.oeis.ucf.edu/buildings/104;
Burnett House ;100;Residence Hall;14393;19;;https://www.oeis.ucf.edu/buildings/144;
Business Administration I ;45;Classroom;121074;128;;https://www.oeis.ucf.edu/buildings/93;
Business Administration II ;94;Classroom;60809;133;;https://www.oeis.ucf.edu/buildings/106;
Career Services & Experiential Learning ;140;Office;27;120;Gold;https://www.oeis.ucf.edu/buildings/11;
CFE Federal Credit Union Arena ;50;Stadium;370773;134;;https://www.oeis.ucf.edu/buildings/16;
Chemistry Building ;5;Research;49073;466;;https://www.oeis.ucf.edu/buildings/50;
Chi Omega ;416;Residence Hall;1389;51;Gold;https://www.oeis.ucf.edu/buildings/22;
Citrus Hall ;85;Residence Hall;371;162;;https://www.oeis.ucf.edu/buildings/107;
Classroom Building I ;79;Classroom;9938;95;;https://www.oeis.ucf.edu/buildings/63;
Classroom Building II ;98;Classroom;8625;136;Gold;https://www.oeis.ucf.edu/buildings/82;
Colbourn Hall ;18;Office;83957;104;;https://www.oeis.ucf.edu/buildings/108;
College of Sciences Building ;54;Classroom;54644;436;;https://www.oeis.ucf.edu/buildings/43;
Counseling and Psychological Services ;27;Office;1525;204;;https://www.oeis.ucf.edu/buildings/141;
Creative School for Children 1 ;24;Classroom;5751;65;;https://www.oeis.ucf.edu/buildings/127;
CREOL Building ;53;Research;111891;495;;https://www.oeis.ucf.edu/buildings/113;
Delta Delta Delta ;403;Residence Hall;947;171;;https://www.oeis.ucf.edu/buildings/33;
Duke Energy University Welcome Center ;96;Office;18717;173;;https://www.oeis.ucf.edu/buildings/95;
Early Childhood Center ;28;Classroom;3627;110;;https://www.oeis.ucf.edu/buildings/81;
Education Complex & Gym ;21;Classroom;110272;199;;https://www.oeis.ucf.edu/buildings/14;
Emergency Operation Center ;49;Office;7043;86;;https://www.oeis.ucf.edu/buildings/47;
Engine Research Lab ;76;Research;3569;66;;https://www.oeis.ucf.edu/buildings/145;
Engineering I ;40;Classroom;130885;151;;https://www.oeis.ucf.edu/buildings/83;
Engineering II ;91;Classroom;105545;186;;https://www.oeis.ucf.edu/buildings/117;
Facilities and Safety ;16;Office;103286;28;;https://www.oeis.ucf.edu/buildings/55;
Fairwinds Alumni Center ;126;Office;26953;162;Gold;https://www.oeis.ucf.edu/buildings/31;
Flagler Hall ;86;Residence Hall;592;125;;https://www.oeis.ucf.edu/buildings/86;
Fraternity and Sorority Life ;415;Residence Hall;5662;70;Silver;https://www.oeis.ucf.edu/buildings/120;
Global UCF ;139;Office;52957;73;Gold;https://www.oeis.ucf.edu/buildings/153;
Harris Corporation Engineering Center ;116;Classroom;113866;212;;https://www.oeis.ucf.edu/buildings/85;
Health & Public Affairs I ;80;Classroom;93897;146;;https://www.oeis.ucf.edu/buildings/1;
Health & Public Affairs II ;90;Classroom;61904;202;;https://www.oeis.ucf.edu/buildings/122;
Health Center ;127;Office;48392;165;;https://www.oeis.ucf.edu/buildings/70;
Hercules Building 108 ;108;Residence Hall;38686;325;;https://www.oeis.ucf.edu/buildings/12;
Hercules Building 109 ;109;Residence Hall;42731;70;;https://www.oeis.ucf.edu/buildings/28;
Hercules Building 110 ;110;Residence Hall;41617;61;;https://www.oeis.ucf.edu/buildings/10;
Hercules Building 111 ;111;Residence Hall;5313;35;;https://www.oeis.ucf.edu/buildings/105;
Hercules Building 113 ;113;Residence Hall;5313;43;;https://www.oeis.ucf.edu/buildings/69;
Housing Administration Building ;73;Office;6675;8;;https://www.oeis.ucf.edu/buildings/26;
Housing Administrative Services ;159;Office;12769;368;;https://www.oeis.ucf.edu/buildings/38;
Howard Phillips Hall ;14;Office;64619;118;;https://www.oeis.ucf.edu/buildings/35;
Jay Bergman Field ;82;Stadium;26944;113;;https://www.oeis.ucf.edu/buildings/112;
Jimmie A. Ferrell Student Services Commons ;7;Office;9386;562;;https://www.oeis.ucf.edu/buildings/3;
John C. Hitt Library ;2;Other;226506;176;;https://www.oeis.ucf.edu/buildings/64;
John T. Washington Center ;26;Retail;59071;125;;https://www.oeis.ucf.edu/buildings/77;
Kappa Alpha Theta ;411;Residence Hall;11518;68;;https://www.oeis.ucf.edu/buildings/32;
Kappa Delta ;407;Residence Hall;4969;353;;https://www.oeis.ucf.edu/buildings/13;
Kappa Kappa Gamma ;417;Residence Hall;1389;54;Gold;https://www.oeis.ucf.edu/buildings/27;
Kappa Sigma ;413;Residence Hall;6;75;;https://www.oeis.ucf.edu/buildings/124;
Kiosk ;310;Retail;283;352;;https://www.oeis.ucf.edu/buildings/54;
Knights Plaza - Retail 2 ;138;Retail;15304;2;;https://www.oeis.ucf.edu/buildings/118;
Knights Plaza - Retail 3 ;139;Retail;9045;167;;https://www.oeis.ucf.edu/buildings/94;
Knights Plaza I ;137;Retail;31666;160;;https://www.oeis.ucf.edu/buildings/135;
Laboratory and Environmental Support ;48;Other;9569;85;Gold;https://www.oeis.ucf.edu/buildings/143;
Lake Claire Building 58 ;58;Residence Hall;14652;548;;https://www.oeis.ucf.edu/buildings/17;
Lake Claire Building 65 ;65;Residence Hall;3788;1515;;https://www.oeis.ucf.edu/buildings/73;
Lake Claire Building 68 ;68;Residence Hall;14652;3;;https://www.oeis.ucf.edu/buildings/23;
Lake Claire Pavilion 1 ;331;Other;275;983;;https://www.oeis.ucf.edu/buildings/25;
Lake Hall ;9;Residence Hall;24456;204;;https://www.oeis.ucf.edu/buildings/68;
Leisure Pool Services ;118;Other;5326;208;;https://www.oeis.ucf.edu/buildings/102;
Libra Community Center ;33;Other;4698;2544;;https://www.oeis.ucf.edu/buildings/96;
Libra Garage ;160;Parking Garage;387638;3;;https://www.oeis.ucf.edu/buildings/44;
Mathematical Sciences Building ;12;Classroom;106523;168;;https://www.oeis.ucf.edu/buildings/67;
Millican Hall ;1;Office;87742;184;;https://www.oeis.ucf.edu/buildings/76;
MMAE Lab ;154;Research;7867;575;;https://www.oeis.ucf.edu/buildings/103;
Morgridge International Reading Center ;122;Office;16726;177;Gold;https://www.oeis.ucf.edu/buildings/87;
Neptune Building 156 ;156;Residence Hall;60088;63;Silver;https://www.oeis.ucf.edu/buildings/66;
Neptune Building 157 ;157;Residence Hall;65359;75;;https://www.oeis.ucf.edu/buildings/110;
Neptune Building 158 ;158;Residence Hall;83379;65;;https://www.oeis.ucf.edu/buildings/21;
Nicholson Field House ;128;Stadium;81337;18;;https://www.oeis.ucf.edu/buildings/15;
Nicholson School of Communication ;75;Classroom;81576;181;;https://www.oeis.ucf.edu/buildings/2;
Nike Building 101 ;101;Residence Hall;38686;299;;https://www.oeis.ucf.edu/buildings/92;
Nike Building 102 ;102;Residence Hall;42731;116;;https://www.oeis.ucf.edu/buildings/79;
Nike Building 103 ;103;Residence Hall;41617;61;;https://www.oeis.ucf.edu/buildings/134;
Nike Building 104 ;104;Residence Hall;5313;38;;https://www.oeis.ucf.edu/buildings/138;
Nike Building 106 ;106;Residence Hall;5313;39;;https://www.oeis.ucf.edu/buildings/24;
Orange Co. Schools Systems ;546;Office;840;7;;https://www.oeis.ucf.edu/buildings/51;
Orange Hall ;31;Residence Hall;37241;76;;https://www.oeis.ucf.edu/buildings/6;
Osceola Hall ;10;Residence Hall;24456;293;;https://www.oeis.ucf.edu/buildings/142;
Parking Garage - A ;147;Parking Garage;487433;3;;https://www.oeis.ucf.edu/buildings/58;
Parking Garage - B ;89;Parking Garage;387638;9;;https://www.oeis.ucf.edu/buildings/125;
Parking Garage - E ;134;Parking Garage;387638;1;;https://www.oeis.ucf.edu/buildings/140;
Parking Garage - H ;151;Parking Garage;4002;8;;https://www.oeis.ucf.edu/buildings/114;
Parking Garage C ;83;Parking Garage;387638;5;;https://www.oeis.ucf.edu/buildings/52;
Parking Garage D ;97;Parking Garage;387638;11;;https://www.oeis.ucf.edu/buildings/100;
Parking Garage F ;141;Parking Garage;387638;8;;https://www.oeis.ucf.edu/buildings/74;
Parking Garage I ;78;Parking Garage;387638;3;;https://www.oeis.ucf.edu/buildings/130;
Performing Arts Center ;119;Classroom;80942;92;Gold;https://www.oeis.ucf.edu/buildings/136;
Physical Sciences Building ;121;Research;128887;515;Gold;https://www.oeis.ucf.edu/buildings/101;
Pi Beta Phi ;405;Residence Hall;845;370;;https://www.oeis.ucf.edu/buildings/40;
Polk Hall ;11;Residence Hall;24456;247;;https://www.oeis.ucf.edu/buildings/131;
Print Shop ;22;Retail;12515;4;;https://www.oeis.ucf.edu/buildings/126;
Psychology Building ;99;Classroom;76257;90;;https://www.oeis.ucf.edu/buildings/119;
Public Safety Building ;150;Office;3624;178;Gold;https://www.oeis.ucf.edu/buildings/80;
Rec Services ;15;Office;0;;;https://www.oeis.ucf.edu/buildings/36;
Recreation & Wellness Center ;88;Office;156111;124;Gold;https://www.oeis.ucf.edu/buildings/39;
Recreation Services Field Maintenance ;321;Other;3918;18;;https://www.oeis.ucf.edu/buildings/129;
Recreation Support Building ;25;Other;3025;1284;;https://www.oeis.ucf.edu/buildings/72;
Rehearsal Hall ;19;Office;10743;100;;https://www.oeis.ucf.edu/buildings/116;
Research I ;120;Research;1;;;https://www.oeis.ucf.edu/buildings/154;
Robinson Observatory ;74;Other;207;21;;https://www.oeis.ucf.edu/buildings/34;
Scholarship House ;402;Office;4038;64;;https://www.oeis.ucf.edu/buildings/20;
Seminole Hall ;32;Residence Hall;37241;77;;https://www.oeis.ucf.edu/buildings/71;
Siemens Energy Center ;44;Research;10932;67;;https://www.oeis.ucf.edu/buildings/147;
Sigma Chi ;412;Residence Hall;6;;;https://www.oeis.ucf.edu/buildings/78;
Softball Stadium ;125;Stadium;6412;140;;https://www.oeis.ucf.edu/buildings/9;
Spectrum Stadium ;135;Stadium;76527;184;;https://www.oeis.ucf.edu/buildings/59;
Stormwater Research Lab ;4;Research;2685;35;;https://www.oeis.ucf.edu/buildings/75;
Student Union ;52;Retail;161755;258;;https://www.oeis.ucf.edu/buildings/48;
Sumter Hall ;84;Residence Hall;592;147;;https://www.oeis.ucf.edu/buildings/149;
Teaching Academy ;93;Classroom;68094;164;;https://www.oeis.ucf.edu/buildings/41;
Technology Commons I ;13;Office;10779;101;;https://www.oeis.ucf.edu/buildings/49;
Technology Commons II ;29;Office;3337;119;;https://www.oeis.ucf.edu/buildings/8;
Theatre ;6;Classroom;29469;84;;https://www.oeis.ucf.edu/buildings/62;
Theta Chi ;409;Residence Hall;13151;89;;https://www.oeis.ucf.edu/buildings/4;
Tower 1 ;129;Residence Hall;200933;91;;https://www.oeis.ucf.edu/buildings/146;
Tower 2 ;130;Residence Hall;200933;70;;https://www.oeis.ucf.edu/buildings/98;
Tower 3 ;132;Residence Hall;187647;151;;https://www.oeis.ucf.edu/buildings/121;
Tower 4 ;133;Residence Hall;200933;78;;https://www.oeis.ucf.edu/buildings/30;
Track / Soccer Stadium ;142;Stadium;1192;69;;https://www.oeis.ucf.edu/buildings/148;
Trevor Colbourn Hall ;123;Office;136786;;;https://www.oeis.ucf.edu/buildings/155;
Visitor and Parking Information ;153;Office;226;79;Silver;https://www.oeis.ucf.edu/buildings/137;
Visual Arts Building ;51;Classroom;85;95;;https://www.oeis.ucf.edu/buildings/56;
Volusia Hall ;8;Residence Hall;24456;298;;https://www.oeis.ucf.edu/buildings/7;
Wayne Densch 1 ;38;Office;1886;208;;https://www.oeis.ucf.edu/buildings/109;
Wayne Densch 2 ;39;Office;15876;64;;https://www.oeis.ucf.edu/buildings/53;
Wayne Densch Center for Student-Athlete Leadership ;136;Classroom;21657;100;Gold;https://www.oeis.ucf.edu/buildings/150;
Wayne Densch Sports Center ;77;Office;4533;211;;https://www.oeis.ucf.edu/buildings/42;
Zeta Tau Alpha ;401;Residence Hall;1023;176;;https://www.oeis.ucf.edu/buildings/111;
