Country Code,Series Name,Series Code,Annual_Freshwater,Agri_GDP,Fertility_Rate
ARG,"Annual freshwater withdrawals, total (% of internal resources)",ER.H2O.FWTL.ZS,12.9075342465753,5.23162237725058,62.782
AUS,"Annual freshwater withdrawals, total (% of internal resources)",ER.H2O.FWTL.ZS,3.24085365853659,2.70442489124027,11.715
BRA,"Annual freshwater withdrawals, total (% of internal resources)",ER.H2O.FWTL.ZS,1.16021904257198,4.60059169575971,59.111
CHE,"Annual freshwater withdrawals, total (% of internal resources)",ER.H2O.FWTL.ZS,4.29207920792079,0.623019115233245,2.763
CHN,"Annual freshwater withdrawals, total (% of internal resources)",ER.H2O.FWTL.ZS,21.0380376821898,7.46356501656873,7.635
DEU,"Annual freshwater withdrawals, total (% of internal resources)",ER.H2O.FWTL.ZS,22.8439252336449,0.826170449037689,8.095
ESP,"Annual freshwater withdrawals, total (% of internal resources)",ER.H2O.FWTL.ZS,28.0791366906475,2.7885291517876,7.725
FRA,"Annual freshwater withdrawals, total (% of internal resources)",ER.H2O.FWTL.ZS,13.218,1.54241477388973,4.727
GBR,"Annual freshwater withdrawals, total (% of internal resources)",ER.H2O.FWTL.ZS,5.80620689655172,0.573629478957654,13.37
IDN,"Annual freshwater withdrawals, total (% of internal resources)",ER.H2O.FWTL.ZS,11.0269935611689,13.1566308462661,47.374
IND,"Annual freshwater withdrawals, total (% of internal resources)",ER.H2O.FWTL.ZS,44.7786998616874,16.5583314047008,13.177
ITA,"Annual freshwater withdrawals, total (% of internal resources)",ER.H2O.FWTL.ZS,18.6551780821918,1.97268467311393,5.24
JPN,"Annual freshwater withdrawals, total (% of internal resources)",ER.H2O.FWTL.ZS,18.8888372093023,1.2120409439576,3.78
KOR,"Annual freshwater withdrawals, total (% of internal resources)",ER.H2O.FWTL.ZS,45.0223592906708,1.8507562953431,1.379
MEX,"Annual freshwater withdrawals, total (% of internal resources)",ER.H2O.FWTL.ZS,21.4767726161369,3.38107388194982,60.365
NLD,"Annual freshwater withdrawals, total (% of internal resources)",ER.H2O.FWTL.ZS,72.6218181818182,1.85559496359799,3.788
RUS,"Annual freshwater withdrawals, total (% of internal resources)",ER.H2O.FWTL.ZS,1.49373840445269,3.55363208990976,20.699
SAU,"Annual freshwater withdrawals, total (% of internal resources)",ER.H2O.FWTL.ZS,83.333333333333,2.52847250594361,7.324
TUR,"Annual freshwater withdrawals, total (% of internal resources)",ER.H2O.FWTL.ZS,26.4361233480176,6.03862979568919,26.559
USA,"Annual freshwater withdrawals, total (% of internal resources)",ER.H2O.FWTL.ZS,15.7699117024308,0.949806072359055,19.86