id,kode_provinsi,nama_provinsi,jenjang_pendidikan,status_sekolah,jumlah_siswa,satuan,tahun
1,32,JAWA BARAT,SMA,NEGERI,1807,ORANG,2018
2,32,JAWA BARAT,SMA,SWASTA,2972,ORANG,2018
3,32,JAWA BARAT,SMK,NEGERI,2341,ORANG,2018
4,32,JAWA BARAT,SMK,SWASTA,15153,ORANG,2018
5,32,JAWA BARAT,SLB,NEGERI,14,ORANG,2018
6,32,JAWA BARAT,SLB,SWASTA,58,ORANG,2018
7,32,JAWA BARAT,SMA,NEGERI,267,ORANG,2019
8,32,JAWA BARAT,SMA,SWASTA,880,ORANG,2019
9,32,JAWA BARAT,SMK,NEGERI,340,ORANG,2019
10,32,JAWA BARAT,SMK,SWASTA,4067,ORANG,2019
11,32,JAWA BARAT,SLB,NEGERI,63,ORANG,2019
12,32,JAWA BARAT,SLB,SWASTA,300,ORANG,2019
13,32,JAWA BARAT,SMA,NEGERI,642,ORANG,2020
14,32,JAWA BARAT,SMA,SWASTA,939,ORANG,2020
15,32,JAWA BARAT,SMK,NEGERI,362,ORANG,2020
16,32,JAWA BARAT,SMK,SWASTA,3792,ORANG,2020
17,32,JAWA BARAT,SLB,NEGERI,19,ORANG,2020
18,32,JAWA BARAT,SLB,SWASTA,171,ORANG,2020
