cereal_soup,hotdog_sandwich,cheese,direction,sauce_noodles,sneeze_cough,animals_weather,melbourne,saffron,toothpaste,chickens_elephant
No,No,Cheddar,West,sauce,sneeze,animals,70000,10,1890,1
Yes,Yes,Pepper Jack,Up,sauce,sneeze,weather,5000000,20,1930,500
No,No,Gouda,North,noodles,cough,animals,30000,300,1840,1000
Yes,No,Colby,North,sauce,sneeze,animals,2600000,300,1865,3
No,No,Cheddar,North,noodles,sneeze,animals,100000,5,1886,10000
No,No,American,North,noodles,sneeze,weather,2000000,5,1850,10000000
No,No,Mozzarella,Up,noodles,cough,animals,7000,12,1940,2
No,Yes,Pepper Jack,South,sauce,sneeze,weather,7800000,35,1973,500
No,No,American,West,sauce,cough,animals,300000,12,1669,400
Yes,Yes,Pepper Jack,Up,noodles,sneeze,weather,21,9001,1926,1
Yes,Yes,Cheddar,North,noodles,sneeze,animals,1000000000,35,1955,10000
Yes,No,Cheddar,East,noodles,sneeze,weather,5.2,2117,1886,6501
Yes,No,Feta,North,noodles,cough,weather,5000000,250000,1873,30
No,Yes,Parmesan,Up,sauce,sneeze,animals,1100000,15,1917,500000
No,No,American,North,noodles,sneeze,animals,40000,100,1869,75
No,No,Cheddar,North,noodles,sneeze,animals,500000,7,1947,150
No,Yes,Manchego,Up,noodles,sneeze,weather,2000000,150,1910,2000
Yes,No,Colby,North,sauce,sneeze,weather,700000,500,1854,3
Yes,Yes,Pepper Jack,Up,noodles,cough,animals,3000000,400,1923,300
No,No,Parmesan,Up,sauce,cough,weather,500000,120,1902,1000000
No,No,Mozzarella,Up,noodles,sneeze,weather,1000000,1,1870,300
No,Yes,Gouda,Up,sauce,sneeze,weather,5078000,70000,1892,7
No,No,Feta,North,noodles,sneeze,weather,5061000,2,1886,1000
Yes,No,Pepper Jack,North,noodles,sneeze,weather,20000000,20,1947,1000
No,Yes,Mozzarella,Up,noodles,sneeze,weather,3000000,5,1921,2000
No,Yes,Pepper Jack,North,noodles,sneeze,animals,5000000,70000,1873,30000
No,No,Swiss,Up,noodles,sneeze,animals,6000000,500,1927,50000