Game,Image URL,2005,2006,2007,2008,2009,2010,2011,2012,2013,2014,2015,2016,2017,2018,2019,Unnamed: 17
Call of Duty 2,http://www.vgchartz.com/games/boxart/full_5196183AmericaFrontccc.jpg,"588,287","1,239,543",0,0,0,0,0,0,0,0,0,0,0,0,0,
Perfect Dark Zero,http://www.vgchartz.com/games/boxart/full_4143611AmericaFrontccc.png,"364,873",0,0,0,0,0,0,0,0,0,0,0,0,0,0,
Madden NFL 06,http://www.vgchartz.com/games/boxart/full_2326979AmericaFrontccc.jpg,"338,728",0,0,0,0,0,0,0,0,0,0,0,0,0,0,
Need for Speed: Most Wanted,http://www.vgchartz.com/games/boxart/full_7241870AmericaFrontccc.jpg,"232,663",0,0,0,0,0,0,0,0,0,0,0,0,0,0,
PGR3 - Project Gotham Racing 3,http://www.vgchartz.com/games/boxart/full_8981935AmericaFrontccc.jpg,"182,132",0,0,0,0,0,0,0,0,0,0,0,0,0,0,
Condemned: Criminal Origins,http://www.vgchartz.com/games/boxart/4466920ccc.jpg,"134,889",0,0,0,0,0,0,0,0,0,0,0,0,0,0,
Kameo: Elements of Power,http://www.vgchartz.com/games/boxart/full_8464146AmericaFrontccc.jpg,"120,162",0,0,0,0,0,0,0,0,0,0,0,0,0,0,
Quake 4,http://www.vgchartz.com/games/boxart/6598021ccc.jpg,"111,646",0,0,0,0,0,0,0,0,0,0,0,0,0,0,
Peter Jackson's King Kong: The Official Game of the Movie,http://www.vgchartz.com/games/boxart/4582505ccc.jpg,"103,946",0,0,0,0,0,0,0,0,0,0,0,0,0,0,
Gun,http://www.vgchartz.com/games/boxart/2387484ccc.jpg,"96,928",0,0,0,0,0,0,0,0,0,0,0,0,0,0,
Gears of War,http://www.vgchartz.com/games/boxart/full_7453779AmericaFrontccc.jpg,,"2,973,266","4,595,912",0,0,0,0,0,0,0,0,0,0,0,0,
Madden NFL 07,http://www.vgchartz.com/games/boxart/full_8230385AmericaFrontccc.jpg,,"1,365,323",0,0,0,0,0,0,0,0,0,0,0,0,0,
The Elder Scrolls IV: Oblivion,http://www.vgchartz.com/games/boxart/9008679ccc.jpg,,"1,310,401",0,0,0,0,0,0,0,0,0,0,0,0,0,
Call of Duty 3,http://www.vgchartz.com/games/boxart/full_5803786AmericaFrontccc.jpg,,"1,270,259",0,0,0,0,0,0,0,0,0,0,0,0,0,
Tom Clancy's Ghost Recon Advanced Warfighter,http://www.vgchartz.com/games/boxart/full_7528538AmericaFrontccc.jpg,,"1,080,525",0,0,0,0,0,0,0,0,0,0,0,0,0,
Saints Row,http://www.vgchartz.com/games/boxart/full_8556259AmericaFrontccc.jpg,,"1,027,465",0,0,0,0,0,0,0,0,0,0,0,0,0,
Dead Rising,http://www.vgchartz.com/games/boxart/full_3758864AmericaFrontccc.jpg,,"1,025,712",0,0,0,0,0,0,0,0,0,0,0,0,0,
Tom Clancy's Rainbow Six: Vegas,http://www.vgchartz.com/games/boxart/full_7063115AmericaFrontccc.jpg,,"718,07",0,0,0,0,0,0,0,0,0,0,0,0,0,
Need for Speed Carbon,http://www.vgchartz.com/games/boxart/2714961ccc.jpg,,"700,119",0,0,0,0,0,0,0,0,0,0,0,0,0,
Halo 3,http://www.vgchartz.com/games/boxart/full_8373567AmericaFrontccc.jpg,,,"6,835,323","8,882,319",0,0,0,0,0,0,0,0,0,0,0,
Call of Duty 4: Modern Warfare,http://www.vgchartz.com/games/boxart/full_4481633AmericaFrontccc.jpg,,,"3,893,784","6,836,442",0,0,0,0,0,0,0,0,0,0,0,
Forza Motorsport 2,http://www.vgchartz.com/games/boxart/full_7383120AmericaFrontccc.jpg,,,"3,004,512",0,0,0,0,0,0,0,0,0,0,0,0,
Assassin's Creed,http://www.vgchartz.com/games/boxart/full_7562642AmericaFrontccc.jpg,,,"2,806,296",0,0,0,0,0,0,0,0,0,0,0,0,
Madden NFL 08,http://www.vgchartz.com/games/boxart/full_3030448AmericaFrontccc.jpg,,,"1,862,407",0,0,0,0,0,0,0,0,0,0,0,0,
Guitar Hero III: Legends of Rock,http://www.vgchartz.com/games/boxart/full_8423912AmericaFrontccc.jpg,,,"1,860,277","3,827,444",0,0,0,0,0,0,0,0,0,0,0,
Marvel: Ultimate Alliance,http://www.vgchartz.com/games/boxart/full_8566994AmericaFrontccc.jpg,,,"2,182,732",0,0,0,0,0,0,0,0,0,0,0,0,
Guitar Hero II,http://www.vgchartz.com/games/boxart/full_463543AmericaFrontccc.jpg,,,"1,455,728",0,0,0,0,0,0,0,0,0,0,0,0,
BioShock,http://www.vgchartz.com/games/boxart/full_9365862AmericaFrontccc.jpg,,,"1,377,733",0,0,0,0,0,0,0,0,0,0,0,0,
Grand Theft Auto IV,http://www.vgchartz.com/games/boxart/full_1182151AmericaFrontccc.jpg,,,,"6,663,769",0,0,0,0,0,0,0,0,0,0,0,
Call of Duty: World at War,http://www.vgchartz.com/games/boxart/full_3557116AmericaFrontccc.jpg,,,,"4,268,378","5,984,776",0,0,0,0,0,0,0,0,0,0,
Gears of War 2,http://www.vgchartz.com/games/boxart/full_4089698AmericaFrontccc.jpg,,,,"4,223,193",0,0,0,0,0,0,0,0,0,0,0,
LEGO Indiana Jones: The Original Adventures,http://www.vgchartz.com/games/boxart/full_9630014AmericaFrontccc.jpg,,,,"2,676,645",0,0,0,0,0,0,0,0,0,0,0,
Fable II,http://www.vgchartz.com/games/boxart/full_9713176AmericaFrontccc.jpg,,,,"2,336,549",0,0,0,0,0,0,0,0,0,0,0,
Kung Fu Panda,http://www.vgchartz.com/games/boxart/full_6706395AmericaFrontccc.jpg,,,,"2,300,227",0,0,0,0,0,0,0,0,0,0,0,
Madden NFL 09,http://www.vgchartz.com/games/boxart/full_704736AmericaFrontccc.jpg,,,,"2,128,687",0,0,0,0,0,0,0,0,0,0,0,
Call of Duty: Modern Warfare 2,http://www.vgchartz.com/games/boxart/full_809251AmericaFrontccc.jpg,,,,,"8,773,298","11,924,754",0,0,0,0,0,0,0,0,0,
Halo 3: ODST,http://www.vgchartz.com/games/boxart/full_8199541AmericaFrontccc.jpg,,,,,"4,477,917",0,0,0,0,0,0,0,0,0,0,
Assassin's Creed II,http://www.vgchartz.com/games/boxart/full_8353337AmericaFrontccc.jpg,,,,,"3,050,719",0,0,0,0,0,0,0,0,0,0,
Resident Evil 5,http://www.vgchartz.com/games/boxart/full_2466064AmericaFrontccc.jpg,,,,,"2,476,278",0,0,0,0,0,0,0,0,0,0,
Left 4 Dead 2,http://www.vgchartz.com/games/boxart/full_2455613AmericaFrontccc.jpg,,,,,"2,311,611",0,0,0,0,0,0,0,0,0,0,
Madden NFL 10,http://www.vgchartz.com/games/boxart/full_321257AmericaFrontccc.jpg,,,,,"2,250,338",0,0,0,0,0,0,0,0,0,0,
Forza Motorsport 3,http://www.vgchartz.com/games/boxart/full_forza-motorsport-3_9AmericaFront.jpg,,,,,"1,971,897","4,373,649",0,0,0,0,0,0,0,0,0,
FIFA Soccer 10,http://www.vgchartz.com/games/boxart/full_630288AmericaFrontccc.jpg,,,,,"1,958,228",0,0,0,0,0,0,0,0,0,0,
UFC 2009 Undisputed,http://www.vgchartz.com/games/boxart/full_7176439AmericaFrontccc.jpg,,,,,"1,733,513",0,0,0,0,0,0,0,0,0,0,
Call of Duty: Black Ops,http://www.vgchartz.com/games/boxart/full_call-of-duty-black-ops_5AmericaFront.jpg,,,,,,"10,521,267","13,186,555",0,0,0,0,0,0,0,0,
Kinect Adventures!,http://www.vgchartz.com/games/boxart/full_kinect-adventures_386AmericaFront.jpg,,,,,,"7,183,698","15,067,448","19,251,506",0,0,0,0,0,0,0,
Halo: Reach,http://www.vgchartz.com/games/boxart/full_halo-reach_6AmericaFront.jpg,,,,,,"7,100,482",0,0,0,0,0,0,0,0,0,
Red Dead Redemption,http://www.vgchartz.com/games/boxart/full_2634795AmericaFrontccc.jpg,,,,,,"3,803,953",0,0,0,0,0,0,0,0,0,
Assassin's Creed: Brotherhood,http://www.vgchartz.com/games/boxart/full_assassins-creed-brotherhood_1AmericaFront.jpg,,,,,,"2,948,102",0,0,0,0,0,0,0,0,0,
Fable III,http://www.vgchartz.com/games/boxart/full_fable-iii_9AmericaFront.jpg,,,,,,"2,666,066",0,0,0,0,0,0,0,0,0,
Battlefield: Bad Company 2,http://www.vgchartz.com/games/boxart/full_2180575AmericaFrontccc.jpg,,,,,,"2,632,257",0,0,0,0,0,0,0,0,0,
FIFA Soccer 11,http://www.vgchartz.com/games/boxart/full_fifa-soccer-11_8AmericaFront.jpg,,,,,,"2,601,237",0,0,0,0,0,0,0,0,0,
Call of Duty: Modern Warfare 3,http://www.vgchartz.com/games/boxart/full_call-of-duty-modern-warfare-3_517AmericaFront.jpg,,,,,,,"12,561,893","13,705,821",0,0,0,0,0,0,0,
Battlefield 3,http://www.vgchartz.com/games/boxart/full_battlefield-3_439AmericaFront.jpg,,,,,,,"5,141,407",0,0,0,0,0,0,0,0,
Gears of War 3,http://www.vgchartz.com/games/boxart/full_gears-of-war-3_40AmericaFront.jpg,,,,,,,"5,072,552",0,0,0,0,0,0,0,0,
The Elder Scrolls V: Skyrim,http://www.vgchartz.com/games/boxart/full_the-elder-scrolls-v-skyrim_554AmericaFront.jpg,,,,,,,"4,955,475","6,788,440",0,0,0,0,0,0,0,
FIFA Soccer 12,http://www.vgchartz.com/games/boxart/full_fifa-soccer-12_845AmericaFront.jpg,,,,,,,"3,145,478",0,0,0,0,0,0,0,0,
Assassin's Creed: Revelations,http://www.vgchartz.com/games/boxart/full_assassins-creed-revelations_328AmericaFront.jpg,,,,,,,"2,981,834",0,0,0,0,0,0,0,0,
Batman: Arkham City,http://www.vgchartz.com/games/boxart/full_batman-arkham-city_302AmericaFront.jpg,,,,,,,"2,506,376",0,0,0,0,0,0,0,0,
Madden NFL 12,http://www.vgchartz.com/games/boxart/full_madden-nfl-12_403AmericaFront.jpg,,,,,,,"2,209,878",0,0,0,0,0,0,0,0,
Call of Duty: Black Ops II,http://www.vgchartz.com/games/boxart/full_1977964AmericaFrontccc.jpg,,,,,,,,"10,425,836","12,715,318",0,0,0,0,0,0,
Halo 4,http://www.vgchartz.com/games/boxart/full_2236292AmericaFrontccc.png,,,,,,,,"7,197,135","8,891,097",0,0,0,0,0,0,
FIFA Soccer 13,http://www.vgchartz.com/games/boxart/full_6831972AmericaFrontccc.jpg,,,,,,,,"4,021,664",0,0,0,0,0,0,0,
Assassin's Creed III,http://www.vgchartz.com/games/boxart/full_7723506AmericaFrontccc.jpg,,,,,,,,"3,805,417",0,0,0,0,0,0,0,
Mass Effect 3 (N7 Collector's Edition),http://www.vgchartz.com/games/boxart/full_4734836AmericaFrontccc.jpg,,,,,,,,"2,569,500",0,0,0,0,0,0,0,
Madden NFL 13,http://www.vgchartz.com/games/boxart/full_335391AmericaFrontccc.jpg,,,,,,,,"2,260,829",0,0,0,0,0,0,0,
Borderlands 2,http://www.vgchartz.com/games/boxart/full_3497502PALFrontccc.jpg,,,,,,,,"2,145,478",0,0,0,0,0,0,0,
Grand Theft Auto V,http://www.vgchartz.com/games/boxart/full_9218923AmericaFrontccc.jpg,,,,,,,,,"13,097,535","14,905,062","4,153,810","5,867,403","7,512,525",0,"6,800,000",
Call of Duty: Ghosts,http://www.vgchartz.com/games/boxart/full_8522439AmericaFrontccc.jpg,,,,,,,,,"7,767,550","9,433,982",0,0,0,0,0,
FIFA Soccer 14,http://www.vgchartz.com/games/boxart/full_6590731AmericaFrontccc.jpg,,,,,,,,,"3,563,482",0,0,0,0,0,0,
Minecraft,http://www.vgchartz.com/games/boxart/full_7845034AmericaFrontccc.jpg,,,,,,,,,"3,219,571","6,939,243",0,"3,545,953",0,0,"4,000,000",
Battlefield 4,http://www.vgchartz.com/games/boxart/full_162643AmericaFrontccc.jpg,,,,,,,,,"2,512,808",0,0,0,0,0,0,
Assassin's Creed IV: Black Flag,http://www.vgchartz.com/games/boxart/full_4496262AmericaFrontccc.jpg,,,,,,,,,"2,165,572",0,0,0,0,0,0,
Madden NFL 25,http://www.vgchartz.com/games/boxart/full_8355573AmericaFrontccc.jpg,,,,,,,,,"1,787,313",0,0,0,0,0,0,
NBA 2K14,http://www.vgchartz.com/games/boxart/full_7567790AmericaFrontccc.jpeg,,,,,,,,,"1,699,212",0,0,0,0,0,0,
Call of Duty: Advanced Warfare,http://www.vgchartz.com/games/boxart/full_4034633AmericaFrontccc.jpg,,,,,,,,,,"3,488,439",0,0,0,0,"5,290,000",
FIFA 15,http://www.vgchartz.com/games/boxart/full_7298854PALFrontccc.jpg,,,,,,,,,,"2,545,109",0,0,0,0,0,
Madden NFL 15,http://www.vgchartz.com/games/boxart/full_2513208AmericaFrontccc.jpg,,,,,,,,,,"1,632,711",0,0,0,0,0,
Destiny,http://www.vgchartz.com/games/boxart/full_4947312AmericaFrontccc.jpg,,,,,,,,,,"1,499,887",0,0,0,0,0,
Titanfall,http://www.vgchartz.com/games/boxart/full_340532AmericaFrontccc.png,,,,,,,,,,"1,181,756",0,0,0,0,0,
NBA 2K15,http://www.vgchartz.com/games/boxart/full_5342571PALFrontccc.jpg,,,,,,,,,,"1,115,578",0,0,0,0,0,
Watch Dogs,http://www.vgchartz.com/games/boxart/full_4268058AmericaFrontccc.jpeg,,,,,,,,,,"1,092,898",0,0,0,0,0,
Call of Duty: Black Ops 3,http://www.vgchartz.com/games/boxart/full_2985212AmericaFrontccc.jpg,,,,,,,,,,,"5,824,272",0,0,0,"7,340,000",
Halo 5: Guardians,http://www.vgchartz.com/games/boxart/full_5219144AmericaFrontccc.jpg,,,,,,,,,,,"3,456,285",0,0,0,"4,810,000",
Fallout 4,http://www.vgchartz.com/games/boxart/full_4876777AmericaFrontccc.jpg,,,,,,,,,,,"3,382,347",0,0,0,"4,540,000",
Star Wars: Battlefront (2015),http://www.vgchartz.com/games/boxart/full_8451662AmericaFrontccc.jpg,,,,,,,,,,,"2,872,247",0,0,0,0,
FIFA 16,http://www.vgchartz.com/games/boxart/full_8789149AmericaFrontccc.jpg,,,,,,,,,,,"2,613,017",0,0,0,0,
Madden NFL 16,http://www.vgchartz.com/games/boxart/full_8506523AmericaFrontccc.jpg,,,,,,,,,,,"2,095,827",0,0,0,0,
Gears of War,http://www.vgchartz.com/games/boxart/full_2147040AmericaFrontccc.jpg,,,,,,,,,,,"1,954,082",0,0,0,0,
NBA 2K16,http://www.vgchartz.com/games/boxart/full_4368420AmericaFrontccc.jpg,,,,,,,,,,,"1,752,468",0,0,0,0,
Batman: Arkham Knight,http://www.vgchartz.com/games/boxart/full_7538612AmericaFrontccc.jpg,,,,,,,,,,,"1,303,425",0,0,0,0,
Battlefield 1,http://www.vgchartz.com/games/boxart/full_601699AmericaFrontccc.png,,,,,,,,,,,,"4,219,657",0,0,"4,810,000",
Call of Duty: Infinite Warfare,http://www.vgchartz.com/games/boxart/full_8795174AmericaFrontccc.jpg,,,,,,,,,,,,"3,869,585",0,0,"4,530,000",
FIFA 17,http://www.vgchartz.com/games/boxart/full_9060196AmericaFrontccc.jpg,,,,,,,,,,,,"3,238,673",0,0,"4,000,000",
Gears of War 4,http://www.vgchartz.com/games/boxart/full_3672619AmericaFrontccc.png,,,,,,,,,,,,"2,657,164",0,0,0,
Madden NFL 17,http://www.vgchartz.com/games/boxart/full_7744633AmericaFrontccc.jpg,,,,,,,,,,,,"2,024,006",0,0,0,
Forza Horizon 3,http://www.vgchartz.com/games/boxart/full_8430955AmericaFrontccc.jpg,,,,,,,,,,,,"1,931,855","3,396,719",0,0,
Gears of War: Ultimate Edition,http://www.vgchartz.com/games/boxart/full_2147040AmericaFrontccc.jpg,,,,,,,,,,,,"3,521,968",0,0,0,
Overwatch,http://www.vgchartz.com/games/boxart/full_9999663AmericaFrontccc.jpg,,,,,,,,,,,,"1,442,942",0,0,0,
Call of Duty: WWII,http://www.vgchartz.com/games/boxart/full_9289123AmericaFrontccc.jpg,,,,,,,,,,,,,"5,440,378",0,0,
Assassin's Creed Origins,http://www.vgchartz.com/games/boxart/full_9921323AmericaFrontccc.jpg,,,,,,,,,,,,,"1,913,639",0,0,
Destiny 2,http://www.vgchartz.com/games/boxart/full_1717270AmericaFrontccc.jpg,,,,,,,,,,,,,"1,833,351",0,0,
Madden NFL 18,http://www.vgchartz.com/games/boxart/full_1453628AmericaFrontccc.jpg,,,,,,,,,,,,,"1,649,230",0,0,
NBA 2K18,http://www.vgchartz.com/games/boxart/full_1524157AmericaFrontccc.jpg,,,,,,,,,,,,,"1,642,922",0,0,
Star Wars Battlefront II (2017),http://www.vgchartz.com/games/boxart/full_4909422AmericaFrontccc.jpg,,,,,,,,,,,,,"1,468,162",0,"4,180,000",
Tom Clancy's Ghost Recon Wildlands,http://www.vgchartz.com/games/boxart/full_8562505AmericaFrontccc.jpg,,,,,,,,,,,,,"1,431,993",0,0,
Forza Motorsport 7,http://www.vgchartz.com/games/boxart/full_9390152AmericaFrontccc.jpg,,,,,,,,,,,,,"1,116,071",0,0,
Red Dead Redemption 2,http://www.vgchartz.com/games/boxart/full_1425733AmericaFrontccc.jpg,,,,,,,,,,,,,,"5,771,147",0,
Call of Duty: Black Ops IIII,http://www.vgchartz.com/games/boxart/full_1714505AmericaFrontccc.jpg,,,,,,,,,,,,,,"4,850,704",0,
FIFA 19,http://www.vgchartz.com/games/boxart/full_4884699AmericaFrontccc.jpg,,,,,,,,,,,,,,"2,223,288",0,
Forza Horizon 4,http://www.vgchartz.com/games/boxart/full_631964AmericaFrontccc.jpg,,,,,,,,,,,,,,"1,839,995",0,
Far Cry 5,http://www.vgchartz.com/games/boxart/full_4313557AmericaFrontccc.jpg,,,,,,,,,,,,,,"1,779,209",0,
NBA 2K19,http://www.vgchartz.com/games/boxart/full_1055578AmericaFrontccc.jpg,,,,,,,,,,,,,,"1,737,777",0,
Battlefield V,http://www.vgchartz.com/games/boxart/full_3709002AmericaFrontccc.jpg,,,,,,,,,,,,,,"1,547,325",0,
Madden NFL 19,http://www.vgchartz.com/games/boxart/full_3229235AmericaFrontccc.jpg,,,,,,,,,,,,,,"1,508,105",0,
Assassin's Creed Odyssey,http://www.vgchartz.com/games/boxart/full_4256270AmericaFrontccc.jpg,,,,,,,,,,,,,,"1,388,057",0,
PlayerUnknown's Battlegrounds,http://www.vgchartz.com/games/boxart/full_8126502AmericaFrontccc.jpg,,,,,,,,,,,,,,"2,167,606",0,
