Country Name;Country Code;Indicator Name;Indicator Code;1960;1961;1962;1963;1964;1965;1966;1967;1968;1969;1970;1971;1972;1973;1974;1975;1976;1977;1978;1979;1980;1981;1982;1983;1984;1985;1986;1987;1988;1989;1990;1991;1992;1993;1994;1995;1996;1997;1998;1999;2000;2001;2002;2003;2004;2005;2006;2007;2008;2009;2010;2011;2012;2013;2014;2015;2016;2017;2018;2019
Aruba;ABW;Female genital mutilation prevalence (%);SH.STA.FGMS.ZS;;;;;;;;;;;;;;;;;;;;;;;;;;;;;;;;;;;;;;;;;;;;;;;;;;;;;;;;;;;;
Afghanistan;AFG;Female genital mutilation prevalence (%);SH.STA.FGMS.ZS;;;;;;;;;;;;;;;;;;;;;;;;;;;;;;;;;;;;;;;;;;;;;;;;;;;;;;;;;;;;
Angola;AGO;Female genital mutilation prevalence (%);SH.STA.FGMS.ZS;;;;;;;;;;;;;;;;;;;;;;;;;;;;;;;;;;;;;;;;;;;;;;;;;;;;;;;;;;;;
Albania;ALB;Female genital mutilation prevalence (%);SH.STA.FGMS.ZS;;;;;;;;;;;;;;;;;;;;;;;;;;;;;;;;;;;;;;;;;;;;;;;;;;;;;;;;;;;;
Andorra;AND;Female genital mutilation prevalence (%);SH.STA.FGMS.ZS;;;;;;;;;;;;;;;;;;;;;;;;;;;;;;;;;;;;;;;;;;;;;;;;;;;;;;;;;;;;
Arab World;ARB;Female genital mutilation prevalence (%);SH.STA.FGMS.ZS;;;;;;;;;;;;;;;;;;;;;;;;;;;;;;;;;;;;;;;;;;;;;;;;;;;;;;;;;;;;
United Arab Emirates;ARE;Female genital mutilation prevalence (%);SH.STA.FGMS.ZS;;;;;;;;;;;;;;;;;;;;;;;;;;;;;;;;;;;;;;;;;;;;;;;;;;;;;;;;;;;;
Argentina;ARG;Female genital mutilation prevalence (%);SH.STA.FGMS.ZS;;;;;;;;;;;;;;;;;;;;;;;;;;;;;;;;;;;;;;;;;;;;;;;;;;;;;;;;;;;;
Armenia;ARM;Female genital mutilation prevalence (%);SH.STA.FGMS.ZS;;;;;;;;;;;;;;;;;;;;;;;;;;;;;;;;;;;;;;;;;;;;;;;;;;;;;;;;;;;;
American Samoa;ASM;Female genital mutilation prevalence (%);SH.STA.FGMS.ZS;;;;;;;;;;;;;;;;;;;;;;;;;;;;;;;;;;;;;;;;;;;;;;;;;;;;;;;;;;;;
Antigua and Barbuda;ATG;Female genital mutilation prevalence (%);SH.STA.FGMS.ZS;;;;;;;;;;;;;;;;;;;;;;;;;;;;;;;;;;;;;;;;;;;;;;;;;;;;;;;;;;;;
Australia;AUS;Female genital mutilation prevalence (%);SH.STA.FGMS.ZS;;;;;;;;;;;;;;;;;;;;;;;;;;;;;;;;;;;;;;;;;;;;;;;;;;;;;;;;;;;;
Austria;AUT;Female genital mutilation prevalence (%);SH.STA.FGMS.ZS;;;;;;;;;;;;;;;;;;;;;;;;;;;;;;;;;;;;;;;;;;;;;;;;;;;;;;;;;;;;
Azerbaijan;AZE;Female genital mutilation prevalence (%);SH.STA.FGMS.ZS;;;;;;;;;;;;;;;;;;;;;;;;;;;;;;;;;;;;;;;;;;;;;;;;;;;;;;;;;;;;
Burundi;BDI;Female genital mutilation prevalence (%);SH.STA.FGMS.ZS;;;;;;;;;;;;;;;;;;;;;;;;;;;;;;;;;;;;;;;;;;;;;;;;;;;;;;;;;;;;
Belgium;BEL;Female genital mutilation prevalence (%);SH.STA.FGMS.ZS;;;;;;;;;;;;;;;;;;;;;;;;;;;;;;;;;;;;;;;;;;;;;;;;;;;;;;;;;;;;
Benin;BEN;Female genital mutilation prevalence (%);SH.STA.FGMS.ZS;;;;;;;;;;;;;;;;;;;;;;;;;;;;;;;;;;;;;;;;;;16.8;;;;;12.9;;;;;;7.3;;9.2;;;;;
Burkina Faso;BFA;Female genital mutilation prevalence (%);SH.STA.FGMS.ZS;;;;;;;;;;;;;;;;;;;;;;;;;;;;;;;;;;;;;;;;71.6;;;;76.6;;;72.5;;;;75.8;;;;;;;;;
Bangladesh;BGD;Female genital mutilation prevalence (%);SH.STA.FGMS.ZS;;;;;;;;;;;;;;;;;;;;;;;;;;;;;;;;;;;;;;;;;;;;;;;;;;;;;;;;;;;;
Bulgaria;BGR;Female genital mutilation prevalence (%);SH.STA.FGMS.ZS;;;;;;;;;;;;;;;;;;;;;;;;;;;;;;;;;;;;;;;;;;;;;;;;;;;;;;;;;;;;
Bahrain;BHR;Female genital mutilation prevalence (%);SH.STA.FGMS.ZS;;;;;;;;;;;;;;;;;;;;;;;;;;;;;;;;;;;;;;;;;;;;;;;;;;;;;;;;;;;;
Bahamas; The;BHS;Female genital mutilation prevalence (%);SH.STA.FGMS.ZS;;;;;;;;;;;;;;;;;;;;;;;;;;;;;;;;;;;;;;;;;;;;;;;;;;;;;;;;;;;
Bosnia and Herzegovina;BIH;Female genital mutilation prevalence (%);SH.STA.FGMS.ZS;;;;;;;;;;;;;;;;;;;;;;;;;;;;;;;;;;;;;;;;;;;;;;;;;;;;;;;;;;;;
Belarus;BLR;Female genital mutilation prevalence (%);SH.STA.FGMS.ZS;;;;;;;;;;;;;;;;;;;;;;;;;;;;;;;;;;;;;;;;;;;;;;;;;;;;;;;;;;;;
Belize;BLZ;Female genital mutilation prevalence (%);SH.STA.FGMS.ZS;;;;;;;;;;;;;;;;;;;;;;;;;;;;;;;;;;;;;;;;;;;;;;;;;;;;;;;;;;;;
Bermuda;BMU;Female genital mutilation prevalence (%);SH.STA.FGMS.ZS;;;;;;;;;;;;;;;;;;;;;;;;;;;;;;;;;;;;;;;;;;;;;;;;;;;;;;;;;;;;
Bolivia;BOL;Female genital mutilation prevalence (%);SH.STA.FGMS.ZS;;;;;;;;;;;;;;;;;;;;;;;;;;;;;;;;;;;;;;;;;;;;;;;;;;;;;;;;;;;;
Brazil;BRA;Female genital mutilation prevalence (%);SH.STA.FGMS.ZS;;;;;;;;;;;;;;;;;;;;;;;;;;;;;;;;;;;;;;;;;;;;;;;;;;;;;;;;;;;;
Barbados;BRB;Female genital mutilation prevalence (%);SH.STA.FGMS.ZS;;;;;;;;;;;;;;;;;;;;;;;;;;;;;;;;;;;;;;;;;;;;;;;;;;;;;;;;;;;;
Brunei Darussalam;BRN;Female genital mutilation prevalence (%);SH.STA.FGMS.ZS;;;;;;;;;;;;;;;;;;;;;;;;;;;;;;;;;;;;;;;;;;;;;;;;;;;;;;;;;;;;
Bhutan;BTN;Female genital mutilation prevalence (%);SH.STA.FGMS.ZS;;;;;;;;;;;;;;;;;;;;;;;;;;;;;;;;;;;;;;;;;;;;;;;;;;;;;;;;;;;;
Botswana;BWA;Female genital mutilation prevalence (%);SH.STA.FGMS.ZS;;;;;;;;;;;;;;;;;;;;;;;;;;;;;;;;;;;;;;;;;;;;;;;;;;;;;;;;;;;;
Central African Republic;CAF;Female genital mutilation prevalence (%);SH.STA.FGMS.ZS;;;;;;;;;;;;;;;;;;;;;;;;;;;;;;;;;;;;43.4;;;;;;;;;;;;;;;24.2;;;;;;;;;
Canada;CAN;Female genital mutilation prevalence (%);SH.STA.FGMS.ZS;;;;;;;;;;;;;;;;;;;;;;;;;;;;;;;;;;;;;;;;;;;;;;;;;;;;;;;;;;;;
Central Europe and the Baltics;CEB;Female genital mutilation prevalence (%);SH.STA.FGMS.ZS;;;;;;;;;;;;;;;;;;;;;;;;;;;;;;;;;;;;;;;;;;;;;;;;;;;;;;;;;;;;
Switzerland;CHE;Female genital mutilation prevalence (%);SH.STA.FGMS.ZS;;;;;;;;;;;;;;;;;;;;;;;;;;;;;;;;;;;;;;;;;;;;;;;;;;;;;;;;;;;;
Channel Islands;CHI;Female genital mutilation prevalence (%);SH.STA.FGMS.ZS;;;;;;;;;;;;;;;;;;;;;;;;;;;;;;;;;;;;;;;;;;;;;;;;;;;;;;;;;;;;
Chile;CHL;Female genital mutilation prevalence (%);SH.STA.FGMS.ZS;;;;;;;;;;;;;;;;;;;;;;;;;;;;;;;;;;;;;;;;;;;;;;;;;;;;;;;;;;;;
China;CHN;Female genital mutilation prevalence (%);SH.STA.FGMS.ZS;;;;;;;;;;;;;;;;;;;;;;;;;;;;;;;;;;;;;;;;;;;;;;;;;;;;;;;;;;;;
Cote d'Ivoire;CIV;Female genital mutilation prevalence (%);SH.STA.FGMS.ZS;;;;;;;;;;;;;;;;;;;;;;;;;;;;;;;;;;;;;;;;44.5;;;;;;41.7;;;;;;;38.2;;;;36.7;;;
Cameroon;CMR;Female genital mutilation prevalence (%);SH.STA.FGMS.ZS;;;;;;;;;;;;;;;;;;;;;;;;;;;;;;;;;;;;;;;;;;;;;1.4;;;;;;;;;;;;;;;
Congo; Dem. Rep.;COD;Female genital mutilation prevalence (%);SH.STA.FGMS.ZS;;;;;;;;;;;;;;;;;;;;;;;;;;;;;;;;;;;;;;;;;;;;;;;;;;;;;;;;;;;
Congo; Rep.;COG;Female genital mutilation prevalence (%);SH.STA.FGMS.ZS;;;;;;;;;;;;;;;;;;;;;;;;;;;;;;;;;;;;;;;;;;;;;;;;;;;;;;;;;;;
Colombia;COL;Female genital mutilation prevalence (%);SH.STA.FGMS.ZS;;;;;;;;;;;;;;;;;;;;;;;;;;;;;;;;;;;;;;;;;;;;;;;;;;;;;;;;;;;;
Comoros;COM;Female genital mutilation prevalence (%);SH.STA.FGMS.ZS;;;;;;;;;;;;;;;;;;;;;;;;;;;;;;;;;;;;;;;;;;;;;;;;;;;;;;;;;;;;
Cabo Verde;CPV;Female genital mutilation prevalence (%);SH.STA.FGMS.ZS;;;;;;;;;;;;;;;;;;;;;;;;;;;;;;;;;;;;;;;;;;;;;;;;;;;;;;;;;;;;
Costa Rica;CRI;Female genital mutilation prevalence (%);SH.STA.FGMS.ZS;;;;;;;;;;;;;;;;;;;;;;;;;;;;;;;;;;;;;;;;;;;;;;;;;;;;;;;;;;;;
Caribbean small states;CSS;Female genital mutilation prevalence (%);SH.STA.FGMS.ZS;;;;;;;;;;;;;;;;;;;;;;;;;;;;;;;;;;;;;;;;;;;;;;;;;;;;;;;;;;;;
Cuba;CUB;Female genital mutilation prevalence (%);SH.STA.FGMS.ZS;;;;;;;;;;;;;;;;;;;;;;;;;;;;;;;;;;;;;;;;;;;;;;;;;;;;;;;;;;;;
Curacao;CUW;Female genital mutilation prevalence (%);SH.STA.FGMS.ZS;;;;;;;;;;;;;;;;;;;;;;;;;;;;;;;;;;;;;;;;;;;;;;;;;;;;;;;;;;;;
Cayman Islands;CYM;Female genital mutilation prevalence (%);SH.STA.FGMS.ZS;;;;;;;;;;;;;;;;;;;;;;;;;;;;;;;;;;;;;;;;;;;;;;;;;;;;;;;;;;;;
Cyprus;CYP;Female genital mutilation prevalence (%);SH.STA.FGMS.ZS;;;;;;;;;;;;;;;;;;;;;;;;;;;;;;;;;;;;;;;;;;;;;;;;;;;;;;;;;;;;
Czech Republic;CZE;Female genital mutilation prevalence (%);SH.STA.FGMS.ZS;;;;;;;;;;;;;;;;;;;;;;;;;;;;;;;;;;;;;;;;;;;;;;;;;;;;;;;;;;;;
Germany;DEU;Female genital mutilation prevalence (%);SH.STA.FGMS.ZS;;;;;;;;;;;;;;;;;;;;;;;;;;;;;;;;;;;;;;;;;;;;;;;;;;;;;;;;;;;;
Djibouti;DJI;Female genital mutilation prevalence (%);SH.STA.FGMS.ZS;;;;;;;;;;;;;;;;;;;;;;;;;;;;;;;;;;;;;;;;;;;;;;;93.1;;;;;;;;;;;;;
Dominica;DMA;Female genital mutilation prevalence (%);SH.STA.FGMS.ZS;;;;;;;;;;;;;;;;;;;;;;;;;;;;;;;;;;;;;;;;;;;;;;;;;;;;;;;;;;;;
Denmark;DNK;Female genital mutilation prevalence (%);SH.STA.FGMS.ZS;;;;;;;;;;;;;;;;;;;;;;;;;;;;;;;;;;;;;;;;;;;;;;;;;;;;;;;;;;;;
Dominican Republic;DOM;Female genital mutilation prevalence (%);SH.STA.FGMS.ZS;;;;;;;;;;;;;;;;;;;;;;;;;;;;;;;;;;;;;;;;;;;;;;;;;;;;;;;;;;;;
Algeria;DZA;Female genital mutilation prevalence (%);SH.STA.FGMS.ZS;;;;;;;;;;;;;;;;;;;;;;;;;;;;;;;;;;;;;;;;;;;;;;;;;;;;;;;;;;;;
East Asia & Pacific (excluding high income);EAP;Female genital mutilation prevalence (%);SH.STA.FGMS.ZS;;;;;;;;;;;;;;;;;;;;;;;;;;;;;;;;;;;;;;;;;;;;;;;;;;;;;;;;;;;;
Early-demographic dividend;EAR;Female genital mutilation prevalence (%);SH.STA.FGMS.ZS;;;;;;;;;;;;;;;;;;;;;;;;;;;;;;;;;;;;;;;;;;;;;;;;;;;;;;;;;;;;
East Asia & Pacific;EAS;Female genital mutilation prevalence (%);SH.STA.FGMS.ZS;;;;;;;;;;;;;;;;;;;;;;;;;;;;;;;;;;;;;;;;;;;;;;;;;;;;;;;;;;;;
Europe & Central Asia (excluding high income);ECA;Female genital mutilation prevalence (%);SH.STA.FGMS.ZS;;;;;;;;;;;;;;;;;;;;;;;;;;;;;;;;;;;;;;;;;;;;;;;;;;;;;;;;;;;;
Europe & Central Asia;ECS;Female genital mutilation prevalence (%);SH.STA.FGMS.ZS;;;;;;;;;;;;;;;;;;;;;;;;;;;;;;;;;;;;;;;;;;;;;;;;;;;;;;;;;;;;
Ecuador;ECU;Female genital mutilation prevalence (%);SH.STA.FGMS.ZS;;;;;;;;;;;;;;;;;;;;;;;;;;;;;;;;;;;;;;;;;;;;;;;;;;;;;;;;;;;;
Egypt; Arab Rep.;EGY;Female genital mutilation prevalence (%);SH.STA.FGMS.ZS;;;;;;;;;;;;;;;;;;;;;;;;;;;;;;;;;;;;97;;;;;97.3;;;97;;95.8;;;95.5;;;;;;92.3;87.2;;;
Euro area;EMU;Female genital mutilation prevalence (%);SH.STA.FGMS.ZS;;;;;;;;;;;;;;;;;;;;;;;;;;;;;;;;;;;;;;;;;;;;;;;;;;;;;;;;;;;;
Eritrea;ERI;Female genital mutilation prevalence (%);SH.STA.FGMS.ZS;;;;;;;;;;;;;;;;;;;;;;;;;;;;;;;;;;;;94.5;;;;;;;88.7;;;;;;;;83;;;;;;;;;
Spain;ESP;Female genital mutilation prevalence (%);SH.STA.FGMS.ZS;;;;;;;;;;;;;;;;;;;;;;;;;;;;;;;;;;;;;;;;;;;;;;;;;;;;;;;;;;;;
Estonia;EST;Female genital mutilation prevalence (%);SH.STA.FGMS.ZS;;;;;;;;;;;;;;;;;;;;;;;;;;;;;;;;;;;;;;;;;;;;;;;;;;;;;;;;;;;;
Ethiopia;ETH;Female genital mutilation prevalence (%);SH.STA.FGMS.ZS;;;;;;;;;;;;;;;;;;;;;;;;;;;;;;;;;;;;;;;;;79.9;;;;;74.3;;;;;;;;;;;65.2;;;
European Union;EUU;Female genital mutilation prevalence (%);SH.STA.FGMS.ZS;;;;;;;;;;;;;;;;;;;;;;;;;;;;;;;;;;;;;;;;;;;;;;;;;;;;;;;;;;;;
Fragile and conflict affected situations;FCS;Female genital mutilation prevalence (%);SH.STA.FGMS.ZS;;;;;;;;;;;;;;;;;;;;;;;;;;;;;;;;;;;;;;;;;;;;;;;;;;;;;;;;;;;;
Finland;FIN;Female genital mutilation prevalence (%);SH.STA.FGMS.ZS;;;;;;;;;;;;;;;;;;;;;;;;;;;;;;;;;;;;;;;;;;;;;;;;;;;;;;;;;;;;
Fiji;FJI;Female genital mutilation prevalence (%);SH.STA.FGMS.ZS;;;;;;;;;;;;;;;;;;;;;;;;;;;;;;;;;;;;;;;;;;;;;;;;;;;;;;;;;;;;
France;FRA;Female genital mutilation prevalence (%);SH.STA.FGMS.ZS;;;;;;;;;;;;;;;;;;;;;;;;;;;;;;;;;;;;;;;;;;;;;;;;;;;;;;;;;;;;
Faroe Islands;FRO;Female genital mutilation prevalence (%);SH.STA.FGMS.ZS;;;;;;;;;;;;;;;;;;;;;;;;;;;;;;;;;;;;;;;;;;;;;;;;;;;;;;;;;;;;
Micronesia; Fed. Sts.;FSM;Female genital mutilation prevalence (%);SH.STA.FGMS.ZS;;;;;;;;;;;;;;;;;;;;;;;;;;;;;;;;;;;;;;;;;;;;;;;;;;;;;;;;;;;
Gabon;GAB;Female genital mutilation prevalence (%);SH.STA.FGMS.ZS;;;;;;;;;;;;;;;;;;;;;;;;;;;;;;;;;;;;;;;;;;;;;;;;;;;;;;;;;;;;
United Kingdom;GBR;Female genital mutilation prevalence (%);SH.STA.FGMS.ZS;;;;;;;;;;;;;;;;;;;;;;;;;;;;;;;;;;;;;;;;;;;;;;;;;;;;;;;;;;;;
Georgia;GEO;Female genital mutilation prevalence (%);SH.STA.FGMS.ZS;;;;;;;;;;;;;;;;;;;;;;;;;;;;;;;;;;;;;;;;;;;;;;;;;;;;;;;;;;;;
Ghana;GHA;Female genital mutilation prevalence (%);SH.STA.FGMS.ZS;;;;;;;;;;;;;;;;;;;;;;;;;;;;;;;;;;;;;;;;;;;;5.4;;;;;;;;3.8;;;;;;;;
Gibraltar;GIB;Female genital mutilation prevalence (%);SH.STA.FGMS.ZS;;;;;;;;;;;;;;;;;;;;;;;;;;;;;;;;;;;;;;;;;;;;;;;;;;;;;;;;;;;;
Guinea;GIN;Female genital mutilation prevalence (%);SH.STA.FGMS.ZS;;;;;;;;;;;;;;;;;;;;;;;;;;;;;;;;;;;;;;;;98.6;;;;;;95.6;;;;;;;96.9;;;;96.8;;94.5;
Gambia; The;GMB;Female genital mutilation prevalence (%);SH.STA.FGMS.ZS;;;;;;;;;;;;;;;;;;;;;;;;;;;;;;;;;;;;;;;;;;;;;;;78.3;;;;76.4;;;74.9;;;;;
Guinea-Bissau;GNB;Female genital mutilation prevalence (%);SH.STA.FGMS.ZS;;;;;;;;;;;;;;;;;;;;;;;;;;;;;;;;;;;;;;;;;;;;;;;44.5;;;;49.8;;;;44.9;;;;;
Equatorial Guinea;GNQ;Female genital mutilation prevalence (%);SH.STA.FGMS.ZS;;;;;;;;;;;;;;;;;;;;;;;;;;;;;;;;;;;;;;;;;;;;;;;;;;;;;;;;;;;;
Greece;GRC;Female genital mutilation prevalence (%);SH.STA.FGMS.ZS;;;;;;;;;;;;;;;;;;;;;;;;;;;;;;;;;;;;;;;;;;;;;;;;;;;;;;;;;;;;
Grenada;GRD;Female genital mutilation prevalence (%);SH.STA.FGMS.ZS;;;;;;;;;;;;;;;;;;;;;;;;;;;;;;;;;;;;;;;;;;;;;;;;;;;;;;;;;;;;
Greenland;GRL;Female genital mutilation prevalence (%);SH.STA.FGMS.ZS;;;;;;;;;;;;;;;;;;;;;;;;;;;;;;;;;;;;;;;;;;;;;;;;;;;;;;;;;;;;
Guatemala;GTM;Female genital mutilation prevalence (%);SH.STA.FGMS.ZS;;;;;;;;;;;;;;;;;;;;;;;;;;;;;;;;;;;;;;;;;;;;;;;;;;;;;;;;;;;;
Guam;GUM;Female genital mutilation prevalence (%);SH.STA.FGMS.ZS;;;;;;;;;;;;;;;;;;;;;;;;;;;;;;;;;;;;;;;;;;;;;;;;;;;;;;;;;;;;
Guyana;GUY;Female genital mutilation prevalence (%);SH.STA.FGMS.ZS;;;;;;;;;;;;;;;;;;;;;;;;;;;;;;;;;;;;;;;;;;;;;;;;;;;;;;;;;;;;
High income;HIC;Female genital mutilation prevalence (%);SH.STA.FGMS.ZS;;;;;;;;;;;;;;;;;;;;;;;;;;;;;;;;;;;;;;;;;;;;;;;;;;;;;;;;;;;;
Hong Kong SAR; China;HKG;Female genital mutilation prevalence (%);SH.STA.FGMS.ZS;;;;;;;;;;;;;;;;;;;;;;;;;;;;;;;;;;;;;;;;;;;;;;;;;;;;;;;;;;;
Honduras;HND;Female genital mutilation prevalence (%);SH.STA.FGMS.ZS;;;;;;;;;;;;;;;;;;;;;;;;;;;;;;;;;;;;;;;;;;;;;;;;;;;;;;;;;;;;
Heavily indebted poor countries (HIPC);HPC;Female genital mutilation prevalence (%);SH.STA.FGMS.ZS;;;;;;;;;;;;;;;;;;;;;;;;;;;;;;;;;;;;;;;;;;;;;;;;;;;;;;;;;;;;
Croatia;HRV;Female genital mutilation prevalence (%);SH.STA.FGMS.ZS;;;;;;;;;;;;;;;;;;;;;;;;;;;;;;;;;;;;;;;;;;;;;;;;;;;;;;;;;;;;
Haiti;HTI;Female genital mutilation prevalence (%);SH.STA.FGMS.ZS;;;;;;;;;;;;;;;;;;;;;;;;;;;;;;;;;;;;;;;;;;;;;;;;;;;;;;;;;;;;
Hungary;HUN;Female genital mutilation prevalence (%);SH.STA.FGMS.ZS;;;;;;;;;;;;;;;;;;;;;;;;;;;;;;;;;;;;;;;;;;;;;;;;;;;;;;;;;;;;
IBRD only;IBD;Female genital mutilation prevalence (%);SH.STA.FGMS.ZS;;;;;;;;;;;;;;;;;;;;;;;;;;;;;;;;;;;;;;;;;;;;;;;;;;;;;;;;;;;;
IDA & IBRD total;IBT;Female genital mutilation prevalence (%);SH.STA.FGMS.ZS;;;;;;;;;;;;;;;;;;;;;;;;;;;;;;;;;;;;;;;;;;;;;;;;;;;;;;;;;;;;
IDA total;IDA;Female genital mutilation prevalence (%);SH.STA.FGMS.ZS;;;;;;;;;;;;;;;;;;;;;;;;;;;;;;;;;;;;;;;;;;;;;;;;;;;;;;;;;;;;
IDA blend;IDB;Female genital mutilation prevalence (%);SH.STA.FGMS.ZS;;;;;;;;;;;;;;;;;;;;;;;;;;;;;;;;;;;;;;;;;;;;;;;;;;;;;;;;;;;;
Indonesia;IDN;Female genital mutilation prevalence (%);SH.STA.FGMS.ZS;;;;;;;;;;;;;;;;;;;;;;;;;;;;;;;;;;;;;;;;;;;;;;;;;;;;;;;;;;;;
IDA only;IDX;Female genital mutilation prevalence (%);SH.STA.FGMS.ZS;;;;;;;;;;;;;;;;;;;;;;;;;;;;;;;;;;;;;;;;;;;;;;;;;;;;;;;;;;;;
Isle of Man;IMN;Female genital mutilation prevalence (%);SH.STA.FGMS.ZS;;;;;;;;;;;;;;;;;;;;;;;;;;;;;;;;;;;;;;;;;;;;;;;;;;;;;;;;;;;;
India;IND;Female genital mutilation prevalence (%);SH.STA.FGMS.ZS;;;;;;;;;;;;;;;;;;;;;;;;;;;;;;;;;;;;;;;;;;;;;;;;;;;;;;;;;;;;
Not classified;INX;Female genital mutilation prevalence (%);SH.STA.FGMS.ZS;;;;;;;;;;;;;;;;;;;;;;;;;;;;;;;;;;;;;;;;;;;;;;;;;;;;;;;;;;;;
Ireland;IRL;Female genital mutilation prevalence (%);SH.STA.FGMS.ZS;;;;;;;;;;;;;;;;;;;;;;;;;;;;;;;;;;;;;;;;;;;;;;;;;;;;;;;;;;;;
Iran; Islamic Rep.;IRN;Female genital mutilation prevalence (%);SH.STA.FGMS.ZS;;;;;;;;;;;;;;;;;;;;;;;;;;;;;;;;;;;;;;;;;;;;;;;;;;;;;;;;;;;
Iraq;IRQ;Female genital mutilation prevalence (%);SH.STA.FGMS.ZS;;;;;;;;;;;;;;;;;;;;;;;;;;;;;;;;;;;;;;;;;;;;;;;;;;;;8.1;;;;;;;;
Iceland;ISL;Female genital mutilation prevalence (%);SH.STA.FGMS.ZS;;;;;;;;;;;;;;;;;;;;;;;;;;;;;;;;;;;;;;;;;;;;;;;;;;;;;;;;;;;;
Israel;ISR;Female genital mutilation prevalence (%);SH.STA.FGMS.ZS;;;;;;;;;;;;;;;;;;;;;;;;;;;;;;;;;;;;;;;;;;;;;;;;;;;;;;;;;;;;
Italy;ITA;Female genital mutilation prevalence (%);SH.STA.FGMS.ZS;;;;;;;;;;;;;;;;;;;;;;;;;;;;;;;;;;;;;;;;;;;;;;;;;;;;;;;;;;;;
Jamaica;JAM;Female genital mutilation prevalence (%);SH.STA.FGMS.ZS;;;;;;;;;;;;;;;;;;;;;;;;;;;;;;;;;;;;;;;;;;;;;;;;;;;;;;;;;;;;
Jordan;JOR;Female genital mutilation prevalence (%);SH.STA.FGMS.ZS;;;;;;;;;;;;;;;;;;;;;;;;;;;;;;;;;;;;;;;;;;;;;;;;;;;;;;;;;;;;
Japan;JPN;Female genital mutilation prevalence (%);SH.STA.FGMS.ZS;;;;;;;;;;;;;;;;;;;;;;;;;;;;;;;;;;;;;;;;;;;;;;;;;;;;;;;;;;;;
Kazakhstan;KAZ;Female genital mutilation prevalence (%);SH.STA.FGMS.ZS;;;;;;;;;;;;;;;;;;;;;;;;;;;;;;;;;;;;;;;;;;;;;;;;;;;;;;;;;;;;
Kenya;KEN;Female genital mutilation prevalence (%);SH.STA.FGMS.ZS;;;;;;;;;;;;;;;;;;;;;;;;;;;;;;;;;;;;;;;37.6;;;;;32.2;;;;;;27.1;;;;;21;;;;;
Kyrgyz Republic;KGZ;Female genital mutilation prevalence (%);SH.STA.FGMS.ZS;;;;;;;;;;;;;;;;;;;;;;;;;;;;;;;;;;;;;;;;;;;;;;;;;;;;;;;;;;;;
Cambodia;KHM;Female genital mutilation prevalence (%);SH.STA.FGMS.ZS;;;;;;;;;;;;;;;;;;;;;;;;;;;;;;;;;;;;;;;;;;;;;;;;;;;;;;;;;;;;
Kiribati;KIR;Female genital mutilation prevalence (%);SH.STA.FGMS.ZS;;;;;;;;;;;;;;;;;;;;;;;;;;;;;;;;;;;;;;;;;;;;;;;;;;;;;;;;;;;;
St. Kitts and Nevis;KNA;Female genital mutilation prevalence (%);SH.STA.FGMS.ZS;;;;;;;;;;;;;;;;;;;;;;;;;;;;;;;;;;;;;;;;;;;;;;;;;;;;;;;;;;;;
Korea; Rep.;KOR;Female genital mutilation prevalence (%);SH.STA.FGMS.ZS;;;;;;;;;;;;;;;;;;;;;;;;;;;;;;;;;;;;;;;;;;;;;;;;;;;;;;;;;;;
Kuwait;KWT;Female genital mutilation prevalence (%);SH.STA.FGMS.ZS;;;;;;;;;;;;;;;;;;;;;;;;;;;;;;;;;;;;;;;;;;;;;;;;;;;;;;;;;;;;
Latin America & Caribbean (excluding high income);LAC;Female genital mutilation prevalence (%);SH.STA.FGMS.ZS;;;;;;;;;;;;;;;;;;;;;;;;;;;;;;;;;;;;;;;;;;;;;;;;;;;;;;;;;;;;
Lao PDR;LAO;Female genital mutilation prevalence (%);SH.STA.FGMS.ZS;;;;;;;;;;;;;;;;;;;;;;;;;;;;;;;;;;;;;;;;;;;;;;;;;;;;;;;;;;;;
Lebanon;LBN;Female genital mutilation prevalence (%);SH.STA.FGMS.ZS;;;;;;;;;;;;;;;;;;;;;;;;;;;;;;;;;;;;;;;;;;;;;;;;;;;;;;;;;;;;
Liberia;LBR;Female genital mutilation prevalence (%);SH.STA.FGMS.ZS;;;;;;;;;;;;;;;;;;;;;;;;;;;;;;;;;;;;;;;;;;;;;;;;;;;;;;44.4;;;;;;
Libya;LBY;Female genital mutilation prevalence (%);SH.STA.FGMS.ZS;;;;;;;;;;;;;;;;;;;;;;;;;;;;;;;;;;;;;;;;;;;;;;;;;;;;;;;;;;;;
St. Lucia;LCA;Female genital mutilation prevalence (%);SH.STA.FGMS.ZS;;;;;;;;;;;;;;;;;;;;;;;;;;;;;;;;;;;;;;;;;;;;;;;;;;;;;;;;;;;;
Latin America & Caribbean;LCN;Female genital mutilation prevalence (%);SH.STA.FGMS.ZS;;;;;;;;;;;;;;;;;;;;;;;;;;;;;;;;;;;;;;;;;;;;;;;;;;;;;;;;;;;;
Least developed countries: UN classification;LDC;Female genital mutilation prevalence (%);SH.STA.FGMS.ZS;;;;;;;;;;;;;;;;;;;;;;;;;;;;;;;;;;;;;;;;;;;;;;;;;;;;;;;;;;;;
Low income;LIC;Female genital mutilation prevalence (%);SH.STA.FGMS.ZS;;;;;;;;;;;;;;;;;;;;;;;;;;;;;;;;;;;;;;;;;;;;;;;;;;;;;;;;;;;;
Liechtenstein;LIE;Female genital mutilation prevalence (%);SH.STA.FGMS.ZS;;;;;;;;;;;;;;;;;;;;;;;;;;;;;;;;;;;;;;;;;;;;;;;;;;;;;;;;;;;;
Sri Lanka;LKA;Female genital mutilation prevalence (%);SH.STA.FGMS.ZS;;;;;;;;;;;;;;;;;;;;;;;;;;;;;;;;;;;;;;;;;;;;;;;;;;;;;;;;;;;;
Lower middle income;LMC;Female genital mutilation prevalence (%);SH.STA.FGMS.ZS;;;;;;;;;;;;;;;;;;;;;;;;;;;;;;;;;;;;;;;;;;;;;;;;;;;;;;;;;;;;
Low & middle income;LMY;Female genital mutilation prevalence (%);SH.STA.FGMS.ZS;;;;;;;;;;;;;;;;;;;;;;;;;;;;;;;;;;;;;;;;;;;;;;;;;;;;;;;;;;;;
Lesotho;LSO;Female genital mutilation prevalence (%);SH.STA.FGMS.ZS;;;;;;;;;;;;;;;;;;;;;;;;;;;;;;;;;;;;;;;;;;;;;;;;;;;;;;;;;;;;
Late-demographic dividend;LTE;Female genital mutilation prevalence (%);SH.STA.FGMS.ZS;;;;;;;;;;;;;;;;;;;;;;;;;;;;;;;;;;;;;;;;;;;;;;;;;;;;;;;;;;;;
Lithuania;LTU;Female genital mutilation prevalence (%);SH.STA.FGMS.ZS;;;;;;;;;;;;;;;;;;;;;;;;;;;;;;;;;;;;;;;;;;;;;;;;;;;;;;;;;;;;
Luxembourg;LUX;Female genital mutilation prevalence (%);SH.STA.FGMS.ZS;;;;;;;;;;;;;;;;;;;;;;;;;;;;;;;;;;;;;;;;;;;;;;;;;;;;;;;;;;;;
Latvia;LVA;Female genital mutilation prevalence (%);SH.STA.FGMS.ZS;;;;;;;;;;;;;;;;;;;;;;;;;;;;;;;;;;;;;;;;;;;;;;;;;;;;;;;;;;;;
Macao SAR; China;MAC;Female genital mutilation prevalence (%);SH.STA.FGMS.ZS;;;;;;;;;;;;;;;;;;;;;;;;;;;;;;;;;;;;;;;;;;;;;;;;;;;;;;;;;;;
St. Martin (French part);MAF;Female genital mutilation prevalence (%);SH.STA.FGMS.ZS;;;;;;;;;;;;;;;;;;;;;;;;;;;;;;;;;;;;;;;;;;;;;;;;;;;;;;;;;;;;
Morocco;MAR;Female genital mutilation prevalence (%);SH.STA.FGMS.ZS;;;;;;;;;;;;;;;;;;;;;;;;;;;;;;;;;;;;;;;;;;;;;;;;;;;;;;;;;;;;
Monaco;MCO;Female genital mutilation prevalence (%);SH.STA.FGMS.ZS;;;;;;;;;;;;;;;;;;;;;;;;;;;;;;;;;;;;;;;;;;;;;;;;;;;;;;;;;;;;
Moldova;MDA;Female genital mutilation prevalence (%);SH.STA.FGMS.ZS;;;;;;;;;;;;;;;;;;;;;;;;;;;;;;;;;;;;;;;;;;;;;;;;;;;;;;;;;;;;
Madagascar;MDG;Female genital mutilation prevalence (%);SH.STA.FGMS.ZS;;;;;;;;;;;;;;;;;;;;;;;;;;;;;;;;;;;;;;;;;;;;;;;;;;;;;;;;;;;;
Maldives;MDV;Female genital mutilation prevalence (%);SH.STA.FGMS.ZS;;;;;;;;;;;;;;;;;;;;;;;;;;;;;;;;;;;;;;;;;;;;;;;;;;;;;;;;;;12.9;;
Middle East & North Africa;MEA;Female genital mutilation prevalence (%);SH.STA.FGMS.ZS;;;;;;;;;;;;;;;;;;;;;;;;;;;;;;;;;;;;;;;;;;;;;;;;;;;;;;;;;;;;
Mexico;MEX;Female genital mutilation prevalence (%);SH.STA.FGMS.ZS;;;;;;;;;;;;;;;;;;;;;;;;;;;;;;;;;;;;;;;;;;;;;;;;;;;;;;;;;;;;
Marshall Islands;MHL;Female genital mutilation prevalence (%);SH.STA.FGMS.ZS;;;;;;;;;;;;;;;;;;;;;;;;;;;;;;;;;;;;;;;;;;;;;;;;;;;;;;;;;;;;
Middle income;MIC;Female genital mutilation prevalence (%);SH.STA.FGMS.ZS;;;;;;;;;;;;;;;;;;;;;;;;;;;;;;;;;;;;;;;;;;;;;;;;;;;;;;;;;;;;
North Macedonia;MKD;Female genital mutilation prevalence (%);SH.STA.FGMS.ZS;;;;;;;;;;;;;;;;;;;;;;;;;;;;;;;;;;;;;;;;;;;;;;;;;;;;;;;;;;;;
Mali;MLI;Female genital mutilation prevalence (%);SH.STA.FGMS.ZS;;;;;;;;;;;;;;;;;;;;;;;;;;;;;;;;;;;;;93.7;;;;;91.6;;;;;85.2;;;;88.5;;;91.4;;82.7;;;88.6;
Malta;MLT;Female genital mutilation prevalence (%);SH.STA.FGMS.ZS;;;;;;;;;;;;;;;;;;;;;;;;;;;;;;;;;;;;;;;;;;;;;;;;;;;;;;;;;;;;
Myanmar;MMR;Female genital mutilation prevalence (%);SH.STA.FGMS.ZS;;;;;;;;;;;;;;;;;;;;;;;;;;;;;;;;;;;;;;;;;;;;;;;;;;;;;;;;;;;;
Middle East & North Africa (excluding high income);MNA;Female genital mutilation prevalence (%);SH.STA.FGMS.ZS;;;;;;;;;;;;;;;;;;;;;;;;;;;;;;;;;;;;;;;;;;;;;;;;;;;;;;;;;;;;
Montenegro;MNE;Female genital mutilation prevalence (%);SH.STA.FGMS.ZS;;;;;;;;;;;;;;;;;;;;;;;;;;;;;;;;;;;;;;;;;;;;;;;;;;;;;;;;;;;;
Mongolia;MNG;Female genital mutilation prevalence (%);SH.STA.FGMS.ZS;;;;;;;;;;;;;;;;;;;;;;;;;;;;;;;;;;;;;;;;;;;;;;;;;;;;;;;;;;;;
Northern Mariana Islands;MNP;Female genital mutilation prevalence (%);SH.STA.FGMS.ZS;;;;;;;;;;;;;;;;;;;;;;;;;;;;;;;;;;;;;;;;;;;;;;;;;;;;;;;;;;;;
Mozambique;MOZ;Female genital mutilation prevalence (%);SH.STA.FGMS.ZS;;;;;;;;;;;;;;;;;;;;;;;;;;;;;;;;;;;;;;;;;;;;;;;;;;;;;;;;;;;;
Mauritania;MRT;Female genital mutilation prevalence (%);SH.STA.FGMS.ZS;;;;;;;;;;;;;;;;;;;;;;;;;;;;;;;;;;;;;;;;;;71.3;;;;;;72.2;;;;69.4;;;;66.6;;;;
Mauritius;MUS;Female genital mutilation prevalence (%);SH.STA.FGMS.ZS;;;;;;;;;;;;;;;;;;;;;;;;;;;;;;;;;;;;;;;;;;;;;;;;;;;;;;;;;;;;
Malawi;MWI;Female genital mutilation prevalence (%);SH.STA.FGMS.ZS;;;;;;;;;;;;;;;;;;;;;;;;;;;;;;;;;;;;;;;;;;;;;;;;;;;;;;;;;;;;
Malaysia;MYS;Female genital mutilation prevalence (%);SH.STA.FGMS.ZS;;;;;;;;;;;;;;;;;;;;;;;;;;;;;;;;;;;;;;;;;;;;;;;;;;;;;;;;;;;;
North America;NAC;Female genital mutilation prevalence (%);SH.STA.FGMS.ZS;;;;;;;;;;;;;;;;;;;;;;;;;;;;;;;;;;;;;;;;;;;;;;;;;;;;;;;;;;;;
Namibia;NAM;Female genital mutilation prevalence (%);SH.STA.FGMS.ZS;;;;;;;;;;;;;;;;;;;;;;;;;;;;;;;;;;;;;;;;;;;;;;;;;;;;;;;;;;;;
New Caledonia;NCL;Female genital mutilation prevalence (%);SH.STA.FGMS.ZS;;;;;;;;;;;;;;;;;;;;;;;;;;;;;;;;;;;;;;;;;;;;;;;;;;;;;;;;;;;;
Niger;NER;Female genital mutilation prevalence (%);SH.STA.FGMS.ZS;;;;;;;;;;;;;;;;;;;;;;;;;;;;;;;;;;;;;;;4.5;;;;;;;;2.2;;;;;;2;;;;;;;
Nigeria;NGA;Female genital mutilation prevalence (%);SH.STA.FGMS.ZS;;;;;;;;;;;;;;;;;;;;;;;;;;;;;;;;;;;;;;;;;;;;19;;;;;29.6;;;27;;24.8;;;18.4;;19.5;
Nicaragua;NIC;Female genital mutilation prevalence (%);SH.STA.FGMS.ZS;;;;;;;;;;;;;;;;;;;;;;;;;;;;;;;;;;;;;;;;;;;;;;;;;;;;;;;;;;;;
Netherlands;NLD;Female genital mutilation prevalence (%);SH.STA.FGMS.ZS;;;;;;;;;;;;;;;;;;;;;;;;;;;;;;;;;;;;;;;;;;;;;;;;;;;;;;;;;;;;
Norway;NOR;Female genital mutilation prevalence (%);SH.STA.FGMS.ZS;;;;;;;;;;;;;;;;;;;;;;;;;;;;;;;;;;;;;;;;;;;;;;;;;;;;;;;;;;;;
Nepal;NPL;Female genital mutilation prevalence (%);SH.STA.FGMS.ZS;;;;;;;;;;;;;;;;;;;;;;;;;;;;;;;;;;;;;;;;;;;;;;;;;;;;;;;;;;;;
Nauru;NRU;Female genital mutilation prevalence (%);SH.STA.FGMS.ZS;;;;;;;;;;;;;;;;;;;;;;;;;;;;;;;;;;;;;;;;;;;;;;;;;;;;;;;;;;;;
New Zealand;NZL;Female genital mutilation prevalence (%);SH.STA.FGMS.ZS;;;;;;;;;;;;;;;;;;;;;;;;;;;;;;;;;;;;;;;;;;;;;;;;;;;;;;;;;;;;
OECD members;OED;Female genital mutilation prevalence (%);SH.STA.FGMS.ZS;;;;;;;;;;;;;;;;;;;;;;;;;;;;;;;;;;;;;;;;;;;;;;;;;;;;;;;;;;;;
Oman;OMN;Female genital mutilation prevalence (%);SH.STA.FGMS.ZS;;;;;;;;;;;;;;;;;;;;;;;;;;;;;;;;;;;;;;;;;;;;;;;;;;;;;;;;;;;;
Other small states;OSS;Female genital mutilation prevalence (%);SH.STA.FGMS.ZS;;;;;;;;;;;;;;;;;;;;;;;;;;;;;;;;;;;;;;;;;;;;;;;;;;;;;;;;;;;;
Pakistan;PAK;Female genital mutilation prevalence (%);SH.STA.FGMS.ZS;;;;;;;;;;;;;;;;;;;;;;;;;;;;;;;;;;;;;;;;;;;;;;;;;;;;;;;;;;;;
Panama;PAN;Female genital mutilation prevalence (%);SH.STA.FGMS.ZS;;;;;;;;;;;;;;;;;;;;;;;;;;;;;;;;;;;;;;;;;;;;;;;;;;;;;;;;;;;;
Peru;PER;Female genital mutilation prevalence (%);SH.STA.FGMS.ZS;;;;;;;;;;;;;;;;;;;;;;;;;;;;;;;;;;;;;;;;;;;;;;;;;;;;;;;;;;;;
Philippines;PHL;Female genital mutilation prevalence (%);SH.STA.FGMS.ZS;;;;;;;;;;;;;;;;;;;;;;;;;;;;;;;;;;;;;;;;;;;;;;;;;;;;;;;;;;;;
Palau;PLW;Female genital mutilation prevalence (%);SH.STA.FGMS.ZS;;;;;;;;;;;;;;;;;;;;;;;;;;;;;;;;;;;;;;;;;;;;;;;;;;;;;;;;;;;;
Papua New Guinea;PNG;Female genital mutilation prevalence (%);SH.STA.FGMS.ZS;;;;;;;;;;;;;;;;;;;;;;;;;;;;;;;;;;;;;;;;;;;;;;;;;;;;;;;;;;;;
Poland;POL;Female genital mutilation prevalence (%);SH.STA.FGMS.ZS;;;;;;;;;;;;;;;;;;;;;;;;;;;;;;;;;;;;;;;;;;;;;;;;;;;;;;;;;;;;
Pre-demographic dividend;PRE;Female genital mutilation prevalence (%);SH.STA.FGMS.ZS;;;;;;;;;;;;;;;;;;;;;;;;;;;;;;;;;;;;;;;;;;;;;;;;;;;;;;;;;;;;
Puerto Rico;PRI;Female genital mutilation prevalence (%);SH.STA.FGMS.ZS;;;;;;;;;;;;;;;;;;;;;;;;;;;;;;;;;;;;;;;;;;;;;;;;;;;;;;;;;;;;
Korea; Dem. People�s Rep.;PRK;Female genital mutilation prevalence (%);SH.STA.FGMS.ZS;;;;;;;;;;;;;;;;;;;;;;;;;;;;;;;;;;;;;;;;;;;;;;;;;;;;;;;;;;;
Portugal;PRT;Female genital mutilation prevalence (%);SH.STA.FGMS.ZS;;;;;;;;;;;;;;;;;;;;;;;;;;;;;;;;;;;;;;;;;;;;;;;;;;;;;;;;;;;;
Paraguay;PRY;Female genital mutilation prevalence (%);SH.STA.FGMS.ZS;;;;;;;;;;;;;;;;;;;;;;;;;;;;;;;;;;;;;;;;;;;;;;;;;;;;;;;;;;;;
West Bank and Gaza;PSE;Female genital mutilation prevalence (%);SH.STA.FGMS.ZS;;;;;;;;;;;;;;;;;;;;;;;;;;;;;;;;;;;;;;;;;;;;;;;;;;;;;;;;;;;;
Pacific island small states;PSS;Female genital mutilation prevalence (%);SH.STA.FGMS.ZS;;;;;;;;;;;;;;;;;;;;;;;;;;;;;;;;;;;;;;;;;;;;;;;;;;;;;;;;;;;;
Post-demographic dividend;PST;Female genital mutilation prevalence (%);SH.STA.FGMS.ZS;;;;;;;;;;;;;;;;;;;;;;;;;;;;;;;;;;;;;;;;;;;;;;;;;;;;;;;;;;;;
French Polynesia;PYF;Female genital mutilation prevalence (%);SH.STA.FGMS.ZS;;;;;;;;;;;;;;;;;;;;;;;;;;;;;;;;;;;;;;;;;;;;;;;;;;;;;;;;;;;;
Qatar;QAT;Female genital mutilation prevalence (%);SH.STA.FGMS.ZS;;;;;;;;;;;;;;;;;;;;;;;;;;;;;;;;;;;;;;;;;;;;;;;;;;;;;;;;;;;;
Romania;ROU;Female genital mutilation prevalence (%);SH.STA.FGMS.ZS;;;;;;;;;;;;;;;;;;;;;;;;;;;;;;;;;;;;;;;;;;;;;;;;;;;;;;;;;;;;
Russian Federation;RUS;Female genital mutilation prevalence (%);SH.STA.FGMS.ZS;;;;;;;;;;;;;;;;;;;;;;;;;;;;;;;;;;;;;;;;;;;;;;;;;;;;;;;;;;;;
Rwanda;RWA;Female genital mutilation prevalence (%);SH.STA.FGMS.ZS;;;;;;;;;;;;;;;;;;;;;;;;;;;;;;;;;;;;;;;;;;;;;;;;;;;;;;;;;;;;
South Asia;SAS;Female genital mutilation prevalence (%);SH.STA.FGMS.ZS;;;;;;;;;;;;;;;;;;;;;;;;;;;;;;;;;;;;;;;;;;;;;;;;;;;;;;;;;;;;
Saudi Arabia;SAU;Female genital mutilation prevalence (%);SH.STA.FGMS.ZS;;;;;;;;;;;;;;;;;;;;;;;;;;;;;;;;;;;;;;;;;;;;;;;;;;;;;;;;;;;;
Sudan;SDN;Female genital mutilation prevalence (%);SH.STA.FGMS.ZS;;;;;;;;;;;;;;;;;;;;;;;;;;;;;;;89.2;;;;;;;;;;;;;;;;;;;;;;;;86.6;;;;;
Senegal;SEN;Female genital mutilation prevalence (%);SH.STA.FGMS.ZS;;;;;;;;;;;;;;;;;;;;;;;;;;;;;;;;;;;;;;;;;;;;;;28.2;;;;;;25.7;;;24.7;24.2;22.7;24;;
Singapore;SGP;Female genital mutilation prevalence (%);SH.STA.FGMS.ZS;;;;;;;;;;;;;;;;;;;;;;;;;;;;;;;;;;;;;;;;;;;;;;;;;;;;;;;;;;;;
Solomon Islands;SLB;Female genital mutilation prevalence (%);SH.STA.FGMS.ZS;;;;;;;;;;;;;;;;;;;;;;;;;;;;;;;;;;;;;;;;;;;;;;;;;;;;;;;;;;;;
Sierra Leone;SLE;Female genital mutilation prevalence (%);SH.STA.FGMS.ZS;;;;;;;;;;;;;;;;;;;;;;;;;;;;;;;;;;;;;;;;;;;;;;94;;;91.3;;88.3;;;89.6;;;;86.1;;
El Salvador;SLV;Female genital mutilation prevalence (%);SH.STA.FGMS.ZS;;;;;;;;;;;;;;;;;;;;;;;;;;;;;;;;;;;;;;;;;;;;;;;;;;;;;;;;;;;;
San Marino;SMR;Female genital mutilation prevalence (%);SH.STA.FGMS.ZS;;;;;;;;;;;;;;;;;;;;;;;;;;;;;;;;;;;;;;;;;;;;;;;;;;;;;;;;;;;;
Somalia;SOM;Female genital mutilation prevalence (%);SH.STA.FGMS.ZS;;;;;;;;;;;;;;;;;;;;;;;;;;;;;;;;;;;;;;;;;;;;;;;97.9;;;;;;;;;;;;;
Serbia;SRB;Female genital mutilation prevalence (%);SH.STA.FGMS.ZS;;;;;;;;;;;;;;;;;;;;;;;;;;;;;;;;;;;;;;;;;;;;;;;;;;;;;;;;;;;;
Sub-Saharan Africa (excluding high income);SSA;Female genital mutilation prevalence (%);SH.STA.FGMS.ZS;;;;;;;;;;;;;;;;;;;;;;;;;;;;;;;;;;;;;;;;;;;;;;;;;;;;;;;;;;;;
South Sudan;SSD;Female genital mutilation prevalence (%);SH.STA.FGMS.ZS;;;;;;;;;;;;;;;;;;;;;;;;;;;;;;;;;;;;;;;;;;;;;;;;;;;;;;;;;;;;
Sub-Saharan Africa;SSF;Female genital mutilation prevalence (%);SH.STA.FGMS.ZS;;;;;;;;;;;;;;;;;;;;;;;;;;;;;;;;;;;;;;;;;;;;;;;;;;;;;;;;;;;;
Small states;SST;Female genital mutilation prevalence (%);SH.STA.FGMS.ZS;;;;;;;;;;;;;;;;;;;;;;;;;;;;;;;;;;;;;;;;;;;;;;;;;;;;;;;;;;;;
Sao Tome and Principe;STP;Female genital mutilation prevalence (%);SH.STA.FGMS.ZS;;;;;;;;;;;;;;;;;;;;;;;;;;;;;;;;;;;;;;;;;;;;;;;;;;;;;;;;;;;;
Suriname;SUR;Female genital mutilation prevalence (%);SH.STA.FGMS.ZS;;;;;;;;;;;;;;;;;;;;;;;;;;;;;;;;;;;;;;;;;;;;;;;;;;;;;;;;;;;;
Slovak Republic;SVK;Female genital mutilation prevalence (%);SH.STA.FGMS.ZS;;;;;;;;;;;;;;;;;;;;;;;;;;;;;;;;;;;;;;;;;;;;;;;;;;;;;;;;;;;;
Slovenia;SVN;Female genital mutilation prevalence (%);SH.STA.FGMS.ZS;;;;;;;;;;;;;;;;;;;;;;;;;;;;;;;;;;;;;;;;;;;;;;;;;;;;;;;;;;;;
Sweden;SWE;Female genital mutilation prevalence (%);SH.STA.FGMS.ZS;;;;;;;;;;;;;;;;;;;;;;;;;;;;;;;;;;;;;;;;;;;;;;;;;;;;;;;;;;;;
Eswatini;SWZ;Female genital mutilation prevalence (%);SH.STA.FGMS.ZS;;;;;;;;;;;;;;;;;;;;;;;;;;;;;;;;;;;;;;;;;;;;;;;;;;;;;;;;;;;;
Sint Maarten (Dutch part);SXM;Female genital mutilation prevalence (%);SH.STA.FGMS.ZS;;;;;;;;;;;;;;;;;;;;;;;;;;;;;;;;;;;;;;;;;;;;;;;;;;;;;;;;;;;;
Seychelles;SYC;Female genital mutilation prevalence (%);SH.STA.FGMS.ZS;;;;;;;;;;;;;;;;;;;;;;;;;;;;;;;;;;;;;;;;;;;;;;;;;;;;;;;;;;;;
Syrian Arab Republic;SYR;Female genital mutilation prevalence (%);SH.STA.FGMS.ZS;;;;;;;;;;;;;;;;;;;;;;;;;;;;;;;;;;;;;;;;;;;;;;;;;;;;;;;;;;;;
Turks and Caicos Islands;TCA;Female genital mutilation prevalence (%);SH.STA.FGMS.ZS;;;;;;;;;;;;;;;;;;;;;;;;;;;;;;;;;;;;;;;;;;;;;;;;;;;;;;;;;;;;
Chad;TCD;Female genital mutilation prevalence (%);SH.STA.FGMS.ZS;;;;;;;;;;;;;;;;;;;;;;;;;;;;;;;;;;;;;;;;;;;;;44.9;;;;;;44.3;;;;;38.4;;;;
East Asia & Pacific (IDA & IBRD countries);TEA;Female genital mutilation prevalence (%);SH.STA.FGMS.ZS;;;;;;;;;;;;;;;;;;;;;;;;;;;;;;;;;;;;;;;;;;;;;;;;;;;;;;;;;;;;
Europe & Central Asia (IDA & IBRD countries);TEC;Female genital mutilation prevalence (%);SH.STA.FGMS.ZS;;;;;;;;;;;;;;;;;;;;;;;;;;;;;;;;;;;;;;;;;;;;;;;;;;;;;;;;;;;;
Togo;TGO;Female genital mutilation prevalence (%);SH.STA.FGMS.ZS;;;;;;;;;;;;;;;;;;;;;;;;;;;;;;;;;;;;;;;;;;;;;;;5.8;;;;3.9;;;;4.7;;;;;
Thailand;THA;Female genital mutilation prevalence (%);SH.STA.FGMS.ZS;;;;;;;;;;;;;;;;;;;;;;;;;;;;;;;;;;;;;;;;;;;;;;;;;;;;;;;;;;;;
Tajikistan;TJK;Female genital mutilation prevalence (%);SH.STA.FGMS.ZS;;;;;;;;;;;;;;;;;;;;;;;;;;;;;;;;;;;;;;;;;;;;;;;;;;;;;;;;;;;;
Turkmenistan;TKM;Female genital mutilation prevalence (%);SH.STA.FGMS.ZS;;;;;;;;;;;;;;;;;;;;;;;;;;;;;;;;;;;;;;;;;;;;;;;;;;;;;;;;;;;;
Latin America & the Caribbean (IDA & IBRD countries);TLA;Female genital mutilation prevalence (%);SH.STA.FGMS.ZS;;;;;;;;;;;;;;;;;;;;;;;;;;;;;;;;;;;;;;;;;;;;;;;;;;;;;;;;;;;;
Timor-Leste;TLS;Female genital mutilation prevalence (%);SH.STA.FGMS.ZS;;;;;;;;;;;;;;;;;;;;;;;;;;;;;;;;;;;;;;;;;;;;;;;;;;;;;;;;;;;;
Middle East & North Africa (IDA & IBRD countries);TMN;Female genital mutilation prevalence (%);SH.STA.FGMS.ZS;;;;;;;;;;;;;;;;;;;;;;;;;;;;;;;;;;;;;;;;;;;;;;;;;;;;;;;;;;;;
Tonga;TON;Female genital mutilation prevalence (%);SH.STA.FGMS.ZS;;;;;;;;;;;;;;;;;;;;;;;;;;;;;;;;;;;;;;;;;;;;;;;;;;;;;;;;;;;;
South Asia (IDA & IBRD);TSA;Female genital mutilation prevalence (%);SH.STA.FGMS.ZS;;;;;;;;;;;;;;;;;;;;;;;;;;;;;;;;;;;;;;;;;;;;;;;;;;;;;;;;;;;;
Sub-Saharan Africa (IDA & IBRD countries);TSS;Female genital mutilation prevalence (%);SH.STA.FGMS.ZS;;;;;;;;;;;;;;;;;;;;;;;;;;;;;;;;;;;;;;;;;;;;;;;;;;;;;;;;;;;;
Trinidad and Tobago;TTO;Female genital mutilation prevalence (%);SH.STA.FGMS.ZS;;;;;;;;;;;;;;;;;;;;;;;;;;;;;;;;;;;;;;;;;;;;;;;;;;;;;;;;;;;;
Tunisia;TUN;Female genital mutilation prevalence (%);SH.STA.FGMS.ZS;;;;;;;;;;;;;;;;;;;;;;;;;;;;;;;;;;;;;;;;;;;;;;;;;;;;;;;;;;;;
Turkey;TUR;Female genital mutilation prevalence (%);SH.STA.FGMS.ZS;;;;;;;;;;;;;;;;;;;;;;;;;;;;;;;;;;;;;;;;;;;;;;;;;;;;;;;;;;;;
Tuvalu;TUV;Female genital mutilation prevalence (%);SH.STA.FGMS.ZS;;;;;;;;;;;;;;;;;;;;;;;;;;;;;;;;;;;;;;;;;;;;;;;;;;;;;;;;;;;;
Tanzania;TZA;Female genital mutilation prevalence (%);SH.STA.FGMS.ZS;;;;;;;;;;;;;;;;;;;;;;;;;;;;;;;;;;;;;17.9;;;;;;;;;14.6;;;;;14.6;;;;;;10;;;
Uganda;UGA;Female genital mutilation prevalence (%);SH.STA.FGMS.ZS;;;;;;;;;;;;;;;;;;;;;;;;;;;;;;;;;;;;;;;;;;;;;;;0.6;;;;;1.4;;;;;0.3;;;
Ukraine;UKR;Female genital mutilation prevalence (%);SH.STA.FGMS.ZS;;;;;;;;;;;;;;;;;;;;;;;;;;;;;;;;;;;;;;;;;;;;;;;;;;;;;;;;;;;;
Upper middle income;UMC;Female genital mutilation prevalence (%);SH.STA.FGMS.ZS;;;;;;;;;;;;;;;;;;;;;;;;;;;;;;;;;;;;;;;;;;;;;;;;;;;;;;;;;;;;
Uruguay;URY;Female genital mutilation prevalence (%);SH.STA.FGMS.ZS;;;;;;;;;;;;;;;;;;;;;;;;;;;;;;;;;;;;;;;;;;;;;;;;;;;;;;;;;;;;
United States;USA;Female genital mutilation prevalence (%);SH.STA.FGMS.ZS;;;;;;;;;;;;;;;;;;;;;;;;;;;;;;;;;;;;;;;;;;;;;;;;;;;;;;;;;;;;
Uzbekistan;UZB;Female genital mutilation prevalence (%);SH.STA.FGMS.ZS;;;;;;;;;;;;;;;;;;;;;;;;;;;;;;;;;;;;;;;;;;;;;;;;;;;;;;;;;;;;
St. Vincent and the Grenadines;VCT;Female genital mutilation prevalence (%);SH.STA.FGMS.ZS;;;;;;;;;;;;;;;;;;;;;;;;;;;;;;;;;;;;;;;;;;;;;;;;;;;;;;;;;;;;
Venezuela; RB;VEN;Female genital mutilation prevalence (%);SH.STA.FGMS.ZS;;;;;;;;;;;;;;;;;;;;;;;;;;;;;;;;;;;;;;;;;;;;;;;;;;;;;;;;;;;
British Virgin Islands;VGB;Female genital mutilation prevalence (%);SH.STA.FGMS.ZS;;;;;;;;;;;;;;;;;;;;;;;;;;;;;;;;;;;;;;;;;;;;;;;;;;;;;;;;;;;;
Virgin Islands (U.S.);VIR;Female genital mutilation prevalence (%);SH.STA.FGMS.ZS;;;;;;;;;;;;;;;;;;;;;;;;;;;;;;;;;;;;;;;;;;;;;;;;;;;;;;;;;;;;
Vietnam;VNM;Female genital mutilation prevalence (%);SH.STA.FGMS.ZS;;;;;;;;;;;;;;;;;;;;;;;;;;;;;;;;;;;;;;;;;;;;;;;;;;;;;;;;;;;;
Vanuatu;VUT;Female genital mutilation prevalence (%);SH.STA.FGMS.ZS;;;;;;;;;;;;;;;;;;;;;;;;;;;;;;;;;;;;;;;;;;;;;;;;;;;;;;;;;;;;
World;WLD;Female genital mutilation prevalence (%);SH.STA.FGMS.ZS;;;;;;;;;;;;;;;;;;;;;;;;;;;;;;;;;;;;;;;;;;;;;;;;;;;;;;;;;;;;
Samoa;WSM;Female genital mutilation prevalence (%);SH.STA.FGMS.ZS;;;;;;;;;;;;;;;;;;;;;;;;;;;;;;;;;;;;;;;;;;;;;;;;;;;;;;;;;;;;
Kosovo;XKX;Female genital mutilation prevalence (%);SH.STA.FGMS.ZS;;;;;;;;;;;;;;;;;;;;;;;;;;;;;;;;;;;;;;;;;;;;;;;;;;;;;;;;;;;;
Yemen; Rep.;YEM;Female genital mutilation prevalence (%);SH.STA.FGMS.ZS;;;;;;;;;;;;;;;;;;;;;;;;;;;;;;;;;;;;;;22.6;;;;;;;;;;;;;;;;18.5;;;;;
South Africa;ZAF;Female genital mutilation prevalence (%);SH.STA.FGMS.ZS;;;;;;;;;;;;;;;;;;;;;;;;;;;;;;;;;;;;;;;;;;;;;;;;;;;;;;;;;;;;
Zambia;ZMB;Female genital mutilation prevalence (%);SH.STA.FGMS.ZS;;;;;;;;;;;;;;;;;;;;;;;;;;;;;;;;;;;;;;;;;;;;;;;;;;;;;;;;;;;;
Zimbabwe;ZWE;Female genital mutilation prevalence (%);SH.STA.FGMS.ZS;;;;;;;;;;;;;;;;;;;;;;;;;;;;;;;;;;;;;;;;;;;;;;;;;;;;;;;;;;;;
