emp_id,age,Dept,location,education,recruitment_type,job_level,rating,work_location,awards,certifications,salary,satisfied
HR8270,28,HR,Suburb,PG,Referral,5,2,Offsite,1,Uncertified,86750,Yes
TECH1860,50,Technology,Suburb,PG,Walk-in,3,5,Onsite,2,Certified,42419,Yes
TECH6390,43,Technology,Suburb,UG,Referral,4,1,Offsite,2,Uncertified,65715,Yes
SAL6191,44,Sales,City,PG,On-Campus,2,3,Onsite,0,Uncertified,29805,Yes
HR6734,33,HR,City,UG,Recruitment Agency,2,1,Offsite,5,Uncertified,29805,No
PUR7265,40,Purchasing,Suburb,UG,Referral,3,3,Offsite,7,Certified,42419,Yes
PUR1466,26,Purchasing,Suburb,UG,Referral,5,5,Offsite,2,Uncertified,86750,Yes
TECH5426,25,Technology,City,UG,Recruitment Agency,1,1,Offsite,4,Uncertified,24076,Yes
HR6578,35,HR,City,PG,Referral,3,4,Offsite,0,Uncertified,42419,Yes
TECH9322,45,Technology,City,PG,Referral,3,3,Offsite,9,Uncertified,42419,No
MKT2685,31,Marketing,City,UG,Walk-in,4,4,Onsite,6,Uncertified,65715,Yes
TECH1769,43,Technology,Suburb,PG,Recruitment Agency,2,1,Offsite,9,Certified,29805,No
TECH7949,28,Technology,City,UG,On-Campus,3,4,Onsite,0,Uncertified,42419,Yes
PUR3433,48,Purchasing,Suburb,PG,Referral,3,4,Onsite,8,Uncertified,42419,No
PUR6311,52,Purchasing,City,PG,Recruitment Agency,5,1,Onsite,7,Uncertified,86750,Yes
PUR6051,50,Purchasing,City,UG,Walk-in,5,5,Onsite,6,Uncertified,86750,Yes
MKT7420,34,Marketing,City,PG,On-Campus,1,4,Onsite,9,Uncertified,24076,No
PUR2184,24,Purchasing,Suburb,UG,Recruitment Agency,4,4,Offsite,6,Uncertified,65715,Yes
HR5555,54,HR,Suburb,PG,On-Campus,1,5,Offsite,4,Uncertified,24076,Yes
SAL4385,25,Sales,City,UG,On-Campus,5,4,Offsite,4,Uncertified,86750,Yes
HR7396,25,HR,Suburb,UG,On-Campus,2,4,Onsite,4,Uncertified,29805,Yes
HR9666,50,HR,Suburb,PG,Referral,5,4,Offsite,0,Uncertified,86750,Yes
PUR3558,34,Purchasing,City,PG,Referral,4,2,Offsite,7,Certified,65715,Yes
SAL8849,37,Sales,City,UG,Walk-in,5,5,Offsite,0,Certified,86750,Yes
SAL3047,31,Sales,Suburb,PG,Walk-in,4,4,Offsite,3,Certified,65715,Yes
SAL3747,53,Sales,Suburb,PG,Recruitment Agency,4,5,Offsite,8,Certified,65715,Yes
MKT1189,45,Marketing,Suburb,UG,Walk-in,4,3,Onsite,8,Uncertified,65715,No
PUR3734,30,Purchasing,City,UG,On-Campus,4,3,Offsite,4,Certified,65715,No
SAL4005,33,Sales,City,PG,On-Campus,4,4,Onsite,3,Certified,65715,No
MKT5658,38,Marketing,Suburb,UG,Referral,2,5,Onsite,2,Uncertified,29805,No
TECH2899,54,Technology,City,UG,On-Campus,1,5,Onsite,2,Certified,24076,No
TECH8734,48,Technology,City,UG,Recruitment Agency,3,5,Onsite,4,Certified,42419,Yes
MKT2267,49,Marketing,Suburb,PG,On-Campus,1,2,Onsite,9,Uncertified,24076,No
MKT2528,47,Marketing,Suburb,PG,On-Campus,4,3,Offsite,0,Uncertified,65715,No
PUR4556,44,Purchasing,City,UG,Recruitment Agency,2,5,Offsite,4,Uncertified,29805,No
PUR4890,26,Purchasing,City,PG,Walk-in,5,5,Offsite,5,Certified,86750,Yes
TECH9838,50,Technology,Suburb,UG,Walk-in,2,2,Onsite,6,Certified,29805,No
SAL6393,23,Sales,City,PG,Recruitment Agency,4,2,Offsite,8,Uncertified,65715,Yes
TECH9792,46,Technology,City,UG,Referral,2,5,Offsite,2,Uncertified,29805,No
SAL9433,29,Sales,Suburb,UG,On-Campus,2,1,Onsite,1,Certified,29805,Yes
SAL8513,24,Sales,Suburb,PG,Recruitment Agency,4,5,Onsite,2,Uncertified,65715,Yes
PUR3612,46,Purchasing,City,UG,On-Campus,2,5,Onsite,8,Certified,29805,No
HR8041,50,HR,City,PG,Referral,3,2,Onsite,6,Uncertified,42419,Yes
HR7235,27,HR,City,PG,On-Campus,3,2,Offsite,8,Uncertified,42419,Yes
MKT6486,29,Marketing,Suburb,UG,Recruitment Agency,2,5,Onsite,1,Certified,29805,Yes
PUR8099,26,Purchasing,City,UG,On-Campus,5,5,Onsite,4,Uncertified,86750,Yes
SAL1775,27,Sales,City,PG,Walk-in,4,5,Offsite,3,Uncertified,65715,Yes
HR9226,46,HR,Suburb,UG,Referral,3,2,Offsite,1,Uncertified,42419,Yes
SAL4152,23,Sales,Suburb,UG,Referral,5,5,Onsite,8,Certified,86750,Yes
HR2585,23,HR,City,UG,Referral,2,5,Offsite,8,Uncertified,29805,Yes
HR4943,37,HR,Suburb,UG,Recruitment Agency,5,4,Onsite,5,Uncertified,86750,Yes
HR8555,42,HR,Suburb,UG,Referral,1,1,Onsite,5,Uncertified,24076,No
PUR4073,41,Purchasing,City,PG,Walk-in,3,3,Offsite,7,Uncertified,42419,Yes
TECH2021,51,Technology,Suburb,PG,Recruitment Agency,2,1,Offsite,5,Uncertified,29805,No
SAL4843,32,Sales,Suburb,UG,Walk-in,4,4,Onsite,0,Uncertified,65715,Yes
PUR8989,50,Purchasing,City,UG,On-Campus,2,3,Onsite,3,Certified,29805,No
PUR7873,40,Purchasing,Suburb,UG,On-Campus,4,5,Onsite,6,Certified,65715,Yes
PUR6675,50,Purchasing,City,PG,On-Campus,2,4,Offsite,1,Uncertified,29805,No
PUR1161,25,Purchasing,City,UG,On-Campus,5,5,Onsite,8,Certified,86750,Yes
PUR5297,33,Purchasing,Suburb,PG,Walk-in,5,2,Onsite,7,Certified,86750,No
MKT1995,28,Marketing,Suburb,PG,Recruitment Agency,5,4,Onsite,7,Uncertified,86750,Yes
SAL8629,53,Sales,Suburb,PG,Recruitment Agency,1,2,Onsite,6,Certified,24076,No
PUR2016,49,Purchasing,City,UG,Referral,4,4,Onsite,3,Certified,65715,Yes
SAL8869,52,Sales,Suburb,PG,Walk-in,5,4,Offsite,1,Certified,86750,Yes
MKT7439,33,Marketing,City,UG,On-Campus,1,2,Onsite,2,Certified,24076,No
MKT8892,39,Marketing,Suburb,PG,Walk-in,4,3,Onsite,5,Certified,65715,Yes
SAL7863,39,Sales,Suburb,UG,Referral,5,1,Onsite,4,Certified,29805,Yes
HR8916,28,HR,Suburb,PG,Referral,1,5,Onsite,7,Certified,24076,No
TECH9529,54,Technology,City,UG,Walk-in,3,4,Offsite,5,Certified,42419,Yes
HR1878,27,HR,Suburb,PG,Walk-in,1,5,Offsite,5,Uncertified,24076,Yes
HR5887,30,HR,Suburb,UG,Walk-in,1,2,Offsite,0,Uncertified,24076,No
HR5859,24,HR,City,UG,Recruitment Agency,4,5,Onsite,3,Certified,65715,Yes
PUR7331,38,Purchasing,City,UG,On-Campus,2,2,Onsite,4,Certified,29805,No
MKT9571,25,Marketing,Suburb,UG,Walk-in,3,5,Offsite,2,Uncertified,42419,Yes
HR9684,23,HR,Suburb,PG,Walk-in,5,1,Offsite,8,Certified,86750,Yes
MKT8208,34,Marketing,Suburb,PG,Walk-in,5,1,Offsite,0,Certified,86750,Yes
SAL6276,28,Sales,City,UG,Referral,1,1,Onsite,5,Uncertified,24076,No
TECH3062,23,Technology,City,PG,Referral,4,1,Onsite,5,Uncertified,65715,No
SAL1064,53,Sales,City,UG,Recruitment Agency,4,1,Offsite,9,Uncertified,65715,Yes
SAL9006,26,Sales,City,UG,On-Campus,5,1,Offsite,4,Certified,86750,Yes
PUR3568,39,Purchasing,Suburb,PG,Recruitment Agency,3,2,Offsite,4,Certified,42419,No
TECH6463,35,Technology,City,UG,On-Campus,2,4,Onsite,9,Uncertified,29805,No
SAL3027,40,Sales,City,UG,Referral,3,5,Onsite,4,Uncertified,42419,Yes
SAL3695,27,Sales,City,PG,Referral,2,1,Onsite,5,Certified,29805,Yes
TECH6258,52,Technology,Suburb,UG,Referral,5,2,Offsite,7,Uncertified,86750,Yes
TECH6618,46,Technology,Suburb,UG,Recruitment Agency,2,2,Offsite,1,Certified,29805,No
SAL7736,46,Sales,City,UG,Walk-in,4,2,Onsite,5,Certified,65715,Yes
TECH1391,49,Technology,City,UG,Walk-in,2,4,Offsite,0,Uncertified,24076,No
SAL6892,25,Sales,Suburb,PG,Referral,1,5,Onsite,3,Uncertified,24076,Yes
SAL4561,33,Sales,Suburb,PG,Walk-in,5,4,Offsite,9,Certified,86750,Yes
PUR7184,35,Purchasing,Suburb,PG,Walk-in,4,3,Offsite,2,Uncertified,65715,Yes
HR4099,26,HR,Suburb,UG,Recruitment Agency,3,2,Offsite,8,Uncertified,42419,Yes
SAL7278,48,Sales,Suburb,UG,On-Campus,4,3,Offsite,2,Uncertified,65715,Yes
MKT9392,49,Marketing,Suburb,PG,Referral,1,1,Onsite,5,Uncertified,24076,No
HR4104,36,HR,Suburb,UG,Referral,1,1,Offsite,0,Certified,24076,No
HR8215,44,HR,Suburb,UG,Recruitment Agency,4,4,Onsite,5,Certified,65715,Yes
HR3454,33,HR,City,UG,Recruitment Agency,4,5,Onsite,3,Certified,65715,Yes
PUR9996,54,Purchasing,City,UG,Walk-in,1,3,Onsite,7,Certified,24076,No
SAL3731,49,Sales,City,PG,Referral,3,5,Offsite,8,Uncertified,42419,No
PUR9154,32,Purchasing,City,PG,On-Campus,5,4,Onsite,3,Uncertified,86750,Yes
SAL6056,41,Sales,City,PG,Recruitment Agency,5,1,Onsite,9,Certified,86750,No
PUR9110,40,Purchasing,City,UG,On-Campus,4,5,Onsite,9,Certified,65715,Yes
PUR4840,28,Purchasing,Suburb,PG,On-Campus,5,5,Offsite,5,Uncertified,86750,Yes
MKT2028,49,Marketing,Suburb,PG,Referral,4,1,Offsite,0,Certified,24076,Yes
PUR8385,51,Purchasing,City,UG,Referral,1,3,Onsite,3,Certified,24076,No
TECH1502,37,Technology,City,UG,Recruitment Agency,4,1,Offsite,6,Uncertified,65715,Yes
MKT7910,43,Marketing,Suburb,PG,Referral,4,5,Onsite,0,Certified,65715,Yes
PUR7938,52,Purchasing,Suburb,PG,Referral,4,3,Onsite,7,Uncertified,65715,Yes
HR5488,32,HR,Suburb,PG,Referral,3,3,Offsite,9,Uncertified,42419,No
TECH1206,27,Technology,City,PG,On-Campus,5,1,Onsite,5,Certified,86750,No
TECH6134,48,Technology,Suburb,UG,Recruitment Agency,4,5,Offsite,4,Uncertified,65715,Yes
TECH6977,51,Technology,City,PG,Walk-in,2,4,Offsite,9,Certified,29805,No
MKT8721,27,Marketing,City,PG,On-Campus,2,5,Onsite,8,Uncertified,29805,Yes
PUR8035,32,Purchasing,Suburb,UG,Referral,1,2,Offsite,1,Certified,24076,No
PUR2484,50,Purchasing,Suburb,PG,On-Campus,5,4,Offsite,4,Certified,86750,Yes
HR8858,27,HR,City,UG,Referral,4,3,Onsite,5,Certified,65715,No
HR1863,25,HR,Suburb,UG,Referral,2,4,Onsite,6,Uncertified,29805,No
TECH3790,45,Technology,Suburb,UG,On-Campus,5,3,Offsite,4,Uncertified,86750,Yes
HR8408,28,HR,City,PG,Recruitment Agency,1,3,Offsite,8,Certified,24076,No
MKT9755,26,Marketing,Suburb,PG,Referral,3,4,Onsite,0,Uncertified,42419,Yes
PUR6116,40,Purchasing,City,UG,Recruitment Agency,5,3,Offsite,6,Certified,86750,Yes
TECH7019,50,Technology,City,PG,Walk-in,5,3,Offsite,9,Certified,86750,Yes
HR2757,31,HR,Suburb,PG,Referral,3,2,Offsite,6,Uncertified,42419,Yes
MKT8574,39,Marketing,City,UG,Recruitment Agency,5,5,Offsite,3,Certified,86750,No
MKT7374,51,Marketing,City,UG,Recruitment Agency,1,5,Offsite,8,Uncertified,24076,No
HR7892,35,HR,Suburb,PG,Walk-in,1,2,Offsite,4,Certified,24076,No
PUR2678,49,Purchasing,Suburb,UG,Recruitment Agency,3,4,Offsite,3,Uncertified,42419,Yes
HR4242,37,HR,Suburb,PG,Recruitment Agency,4,1,Onsite,6,Certified,65715,Yes
TECH5636,52,Technology,City,PG,Walk-in,2,1,Onsite,3,Certified,29805,No
HR2059,42,HR,City,PG,Referral,4,1,Onsite,2,Uncertified,65715,Yes
MKT7668,39,Marketing,Suburb,PG,Recruitment Agency,5,2,Onsite,8,Certified,86750,Yes
HR4157,35,HR,City,UG,Recruitment Agency,2,2,Onsite,7,Certified,29805,No
PUR6915,54,Purchasing,Suburb,UG,Recruitment Agency,3,3,Offsite,0,Uncertified,42419,Yes
SAL3693,38,Sales,Suburb,UG,On-Campus,3,1,Offsite,6,Certified,42419,No
HR4627,44,HR,City,UG,Walk-in,2,4,Offsite,8,Uncertified,29805,Yes
PUR6450,26,Purchasing,Suburb,PG,On-Campus,1,4,Offsite,7,Certified,24076,Yes
PUR2663,27,Purchasing,City,PG,Walk-in,2,1,Onsite,7,Uncertified,29805,Yes
MKT6592,27,Marketing,City,UG,Referral,5,1,Offsite,5,Certified,86750,Yes
PUR8392,31,Purchasing,Suburb,PG,Referral,1,1,Offsite,3,Certified,24076,No
PUR2306,39,Purchasing,City,PG,Recruitment Agency,3,2,Onsite,7,Certified,42419,Yes
PUR7776,35,Purchasing,Suburb,PG,Walk-in,2,2,Offsite,2,Uncertified,29805,No
PUR6864,24,Purchasing,City,UG,Referral,4,2,Offsite,8,Uncertified,65715,Yes
TECH8526,35,Technology,City,UG,Walk-in,4,5,Onsite,1,Uncertified,65715,Yes
TECH9901,44,Technology,City,UG,Referral,5,4,Offsite,1,Uncertified,86750,Yes
MKT6575,43,Marketing,Suburb,PG,On-Campus,4,4,Offsite,6,Certified,65715,Yes
HR6530,49,HR,City,UG,Referral,2,3,Offsite,9,Certified,29805,No
PUR5413,45,Purchasing,Suburb,UG,On-Campus,2,2,Offsite,3,Uncertified,29805,No
HR4748,41,HR,City,UG,Referral,4,5,Offsite,9,Uncertified,65715,Yes
HR1663,25,HR,City,UG,Recruitment Agency,2,5,Onsite,7,Uncertified,29805,Yes
