ID,Service Domain Name,User Forum Name,User Forum Rating,User Forum Registration,Type of Service Offered,Types of Advertisement,Service Overall Maturity Level,Type of User Advertising,Service Label,searchengines.guru Category,searchengines.guru Sub Category,Country of Legal Terms,Domain Registration,Domain Registrar,Site ASN,Site ISP,Site Hosting Country,Site Alexa Ranking,Web Reputation: Cisco Umbrella Security Score,Web Reputation: BrightCloud® TI Risk,Web Reputation: Suspicious Activity from VirusTotal Intelligence Indicators,Web Reputation: OSINT Reports on Suspicious Behavior,Trustworthiness Label #1,Trustworthiness Label #2,Trustworthiness Label #3,Trustworthiness Label #4
1,3snet.ru,3snet,40,2016/08/17,Professional Service,On org behalf,High Maturity,Organization User,Organized Service,Website Building,Hosting,UK,2009,Registrar,AS13335 - US - CLOUDFLARENET,Unknown,United States,"332,310",Medium,Trust,Yes,Yes,untrustworthy,untrustworthy,untrustworthy,trustworthy
2,shopse.biz,Shopse,3,2020/02/11,Professional Service,On org behalf,High Maturity,Organization User,Organized Service,Website Building,Hosting,Bulgaria,2010,Center of Ukrainian Internet Names (UKRNAMES),AS13335 - US - CLOUDFLARENET,"Cloudflare, Inc.",United States,"7,011,992",Medium,Low Risk,Yes,Yes,untrustworthy,untrustworthy,untrustworthy,trustworthy
3,Lucky.Online,Lucky Online ,19,2018/11/06,Professional Service,On org behalf,High Maturity,Organization User,Organized Service,Website Building,Hosting,Russia,2009,R01-RU,AS44050 - RU - PIN-AS,PIN-DATACENTER-NET,Russia,"293,263",Medium,Low Risk,Yes,Yes,untrustworthy,untrustworthy,untrustworthy,trustworthy
4,adtrafico.com,Adtrafico,45,2016/09/15,Professional Service,On org behalf,High Maturity,Organization User,Organized Service,Website Building,Hosting,Latvia,2015,PDR Ltd.,AS60781 - NL - LEASEWEB-NL Netherlands,Unknown,Netherlands,"249,864",Low Risk,Low Risk,No,No,untrustworthy,trustworthy,trustworthy,trustworthy
5,adxad-native.com,ADxAD,1,2020/06/19,Professional Service,On org behalf,High Maturity,Organization User,Organized Service,Website Building,Hosting,Russia,2009,REGRU-RU,AS44094 - RU - APRIKO-AS GARS Telecom - Telecommunications Management LLC,,Russia,N/A,Low Risk,Trust,Yes,Yes,untrustworthy,untrustworthy,trustworthy,trustworthy
6,adxad.com,ADxAD,1,2020/06/19,Professional Service,On org behalf,High Maturity,Organization User,Organized Service,Website Building,Hosting,Russia,2009,MAXNAME-RU,AS203226 - RU - IHCRU,IHC-NET,Russia,"202,198",Low Risk,Trust,Yes,Yes,untrustworthy,untrustworthy,trustworthy,trustworthy
7,WapState.ru,dexter007,117,2008/05/17,Professional Service,On org behalf,Medium Maturity,Individual User,Organized Service,Professional communication,Finance,England and Wales,2010,GoDaddy.com,AS13335 - US - CLOUDFLARENET,"Cloudflare, Inc.",United States,"5,136,466",High Risk,Trust,No,No,untrustworthy,trustworthy,trustworthy,trustworthy
8,LoadPays.com,teamPays,415,2009/12/31,Professional Service,On org behalf,Medium Maturity,Organization User,Organized Service,Exchange and Sale,"Traffic, teaser and banner advertising",N/A,2019,NAMECHEAP INC,AS15317 - US - UCN-INTERNET-USA-1 - Universal Communications Network Inc.,Unknown,United States,"5,473,867",Medium,Moderate,No,No,untrustworthy,untrustworthy,trustworthy,trustworthy
9,CrakRevenue.com,slimspots,1,2015/01/20,Professional Service,On org behalf,High Maturity,Organization User,Organized Service,Website Building,Hosting,N/A,2016,NAMECHEAP INC,AS13335 - US - CLOUDFLARENET,"CloudFlare, Inc.",United States,"10,094",Medium,Low Risk,No,No,untrustworthy,untrustworthy,trustworthy,trustworthy
10,KMA.biz,onlybest,148,2009/08/21,Professional Service,On org behalf,High Maturity,Individual User,Organized Service,Monetization of Sites,Online Affiliate Programs,Russia,2016,RU-CENTER-RU,"AS14061 - US - DIGITALOCEAN-ASN - Digital Ocean, Inc.",Unknown,Germany,"112,461",Medium,Low Risk,Yes,Yes,untrustworthy,untrustworthy,untrustworthy,untrustworthy
11,Cityads.com,CityAds Media,55,2015/09/29,Professional Service,On org behalf,High Maturity,Organization User,Organized Service,Website Building,Hosting,N/A,2013,REGRU-SU,AS206980 - NL - AntiDDoS Solutions LLC AS,Unknown,United States,"36,112",Medium,Trust,No,No,untrustworthy,trustworthy,trustworthy,trustworthy
12,digitalcaramel.com,DigitalCaramel,11,2019/08/22,Professional Service,On org behalf,High Maturity,Organization User,Organized Service,Work and services for webmasters,Conducting advertising campaigns,Russia,2013,RU-CENTER-RU,AS13335 - US - CLOUDFLARENET,"Cloudflare, Inc.",United States,"348,999",Low Risk,Low Risk,No,No,untrustworthy,trustworthy,trustworthy,trustworthy
13,IpServer.su,IPSERVER,74,2014/02/26,Professional Service,On org behalf,High Maturity,Organization User,Organized Service,Work and services for webmasters,Conducting advertising campaigns,N/A,2009,ENOM,AS3561 - US - CENTURYLINK-LEGACY-SAVVIS - Savvis,Unknown,United States,"903,385",Low Risk,Low Risk,No,No,untrustworthy,trustworthy,trustworthy,trustworthy
14,inferno.name,IS Andrew ,337,2006/01/13,Professional Service,On org behalf,High Maturity,Individual User,Organized Service,Monetization of Sites,Online Affiliate Programs,Ukraine,2013,"GoDaddy.com, LLC",AS12876 - FR - Online SAS,Unknown,France,"234,989",Medium,Moderate,No,No,untrustworthy,untrustworthy,trustworthy,trustworthy
15,Friendhosting.net,pavellift,167,2008/04/28,Professional Service,On org behalf,High Maturity,Individual User,Organized Service,Monetization of Sites,Online Affiliate Programs,Russia,2018,NAMECHEAP INC,AS42240 - RU - NORDIX-AS JSC Nordix,Unknown,Switzerland,"587,283",Low Risk,Low Risk,No,No,untrustworthy,trustworthy,trustworthy,trustworthy
16,PINSPb.ru,pinspb,70,2014/10/22,Professional Service,On org behalf,High Maturity,Organization User,Organized Service,Work and services for webmasters,Design,N/A,2020,Registrar,AS24940 - DE - HETZNER-AS,Hetzner Online GmbH,Finland,"1,349,255",Medium,Low Risk,No,No,untrustworthy,untrustworthy,trustworthy,trustworthy
17,ua-hosting.company,hosting_manager,279,2010/03/26,Professional Service,On org behalf,High Maturity,Individual User,Organized Service,Monetization of Sites,Online Affiliate Programs,UK,2014,NAMECHEAP INC,AS35277 - RO - BERCENI-NETWORK-AS SC BERCENI NETWORK SRL,Unknown,Netherlands,"1,055,922",Medium,Low Risk,No,No,untrustworthy,untrustworthy,trustworthy,trustworthy
18,webhost1.ru,MaksimVS,33,2017/01/09,Professional Service,On org behalf,High Maturity,Individual User,Organized Service,Monetization of Sites,Online Affiliate Programs,Republic of Mauritius,2020,GoDaddy.com,AS26496 - US - AS-26496-GO-DADDY-COM-LLC,Unknown,United States,"108,917",Medium,Suspicious,No,No,untrustworthy,untrustworthy,trustworthy,trustworthy
19,ihc.ru,porutchik,235,2008/04/21,Professional Service,On org behalf,High Maturity,Individual User,Organized Service,Monetization of Sites,Online Affiliate Programs,Republic of Mauritius,2010,GoDaddy.com,AS39572 - NL - ADVANCEDHOSTERS-AS,Unknown,Netherlands,"116,484",Low Risk,Trust,No,No,trustworthy,trustworthy,trustworthy,trustworthy
20,pv.network,PerfectVPS,1,2020/06/26,Professional Service,On org behalf,Medium Maturity,Organization User,Organized Service,Exchange and Sale,"Traffic, teaser and banner advertising",Great Britain,2018,NAMECHEAP INC,AS13335 - US - CLOUDFLARENET,Unknown,United States,"10,029,587",Medium,Moderate,Yes,Yes,untrustworthy,untrustworthy,untrustworthy,untrustworthy
21,react.su,React Su,26,2017/06/29,Professional Service,On org behalf,Medium Maturity,Organization User,Organized Service,Exchange and Sale,"Traffic, teaser and banner advertising",Switzerland,2009,NAMECHEAP INC,"AS14061 - US - DIGITALOCEAN-ASN - Digital Ocean, Inc.",DIGITALOCEAN,Germany,"3,466,378",Low Risk,Low Risk,No,No,untrustworthy,trustworthy,trustworthy,trustworthy
22,admediator.ru ,AdMediator,12,2019/02/16,Professional Service,On org behalf,High Maturity,Organization User,Organized Service,Work and services for webmasters,"Optimization, promotion and audit",Russia,2017,GoDaddy.com,"AS7979 - RU - SERVERS - Servers.com, Inc.",Unknown,Russia,"576,806",Medium,Moderate,No,No,untrustworthy,untrustworthy,trustworthy,trustworthy
23,adsmonitor.com,Sergey Vlasov,17,2018/01/01,Professional Service,On org behalf,Medium Maturity,Individual User,Organized Service,Exchange and Sale,"Links - exchange, purchase, sale",N/A,2017,REGTIME-RU,AS35278 - RU - SPRINTHOST,Unknown,Russia,"3,123,952",Medium,Moderate,No,No,untrustworthy,untrustworthy,trustworthy,trustworthy
24,c-m-s.online,CMS Music,1,2020/05/13,Professional Service,On org behalf,Medium Maturity,Organization User,Organized Service,Exchange and Sale,"Traffic, teaser and banner advertising",N/A,2019,PDR Ltd.,"AS14061 - US - DIGITALOCEAN-ASN - Digital Ocean, Inc.",Unknown,Netherlands,N/A,Medium,Moderate,No,No,untrustworthy,untrustworthy,trustworthy,trustworthy
25,hugo.digital,Seo-Seo ,269,2006/12/05,Professional Service,On org behalf,High Maturity,Individual User,Organized Service,Monetization of Sites,Online Affiliate Programs,N/A,2014,REGRU-RU,AS56872 - RU - MACHOSTER-AS Vadim Kyrilovich PE,ORG-NGs2-RIPE,Ukraine,"7,963,708",Medium,Moderate,No,No,untrustworthy,untrustworthy,trustworthy,trustworthy
26,AwmProxy.com,ProxyAwm,37,2013/05/24,Professional Service,On org behalf,Medium Maturity,Organization User,Organized Service,Exchange and Sale,Financial announcements,Estonia,2015,"Name.com, Inc.",AS13335 - US - CLOUDFLARENET,Unknown,United States,"486,350",Medium,Low Risk,No,No,untrustworthy,untrustworthy,trustworthy,trustworthy
27,ALTVPN.com,ALTVPN,1,2020/05/13,Professional Service,On org behalf,High Maturity,Organization User,Organized Service,Work and services for webmasters,"Proxies, VPN, anonymizers, IP",N/A,2009,PDR Ltd.,AS13335 - US - CLOUDFLARENET,"Cloudflare, Inc.",United States,"2,093,698",Medium,High Risk,Yes,Yes,untrustworthy,untrustworthy,untrustworthy,untrustworthy
28,Primeproxy.net,St.One ,112,2008/03/03,Professional Service,On org behalf,Medium Maturity,Individual User,Organized Service,Exchange and Sale,"Traffic, teaser and banner advertising",Cyprus,2017,Tucows Domains Inc.,AS39572 - NL - ADVANCEDHOSTERS-AS,ORG-AH11-RIPE,Ukraine,"2,973,155",Medium,Low Risk,No,No,untrustworthy,untrustworthy,trustworthy,trustworthy
29,nosok.org,Nosok,29,2015/04/20,Professional Service,On org behalf,High Maturity,Organization User,Organized Service,Work and services for webmasters,"Proxies, VPN, anonymizers, IP",Belize,2016,GoDaddy.com,AS13335 - US - CLOUDFLARENET,"Cloudflare, Inc.",United States,"811,992",Medium,High Risk,Yes,Yes,untrustworthy,untrustworthy,untrustworthy,untrustworthy
30,activebot.ru,smmbox,29,2016/09/03,Professional Service,On org behalf,High Maturity,Organization User,Organized Service,Work and services for webmasters,"Proxies, VPN, anonymizers, IP",N/A,2013,PDR Ltd.,AS52000 - NL - INIT-SOL,MICRONETVPS,Russia,"363,258",Low Risk,High Risk,No,No,untrustworthy,trustworthy,trustworthy,trustworthy
31,xtool.ru,Harius,219,2008/08/24,Professional Service,On prod behalf,High Maturity,Individual User,Organized Service,Monetization of Sites,Online Affiliate Programs,N/A,2010,DANESCO TRADING LTD,AS44571 - SC - AKRINO-AS Netvillage Ltd.,Unknown,Seychelles,"97,066",Medium,Trust,No,No,untrustworthy,trustworthy,trustworthy,trustworthy
32,mainlink.ru,mainlink,240,2006/10/10,Professional Service,On org behalf,High Maturity,Organization User,Organized Service,Work and services for webmasters,"Proxies, VPN, anonymizers, IP",Russia,2013,PDR Ltd.,AS13335 - US - CLOUDFLARENET,"Cloudflare, Inc.",United States,"247,689",Low Risk,Trust,No,No,trustworthy,trustworthy,trustworthy,trustworthy
33,w.tools,WebSupportRevo,41,2016/05/11,Professional Service,On org behalf,High Maturity,Organization User,Organized Service,Work and services for webmasters,SMM Services,Russia,2019,REGTIME-RU,AS199274 - IR - MNGTNET,Unknown,Russia,"458,398",Medium,Moderate,No,No,untrustworthy,untrustworthy,trustworthy,trustworthy
34,finteza.com,Lenar Fatkhullin,5,2019/05/24,Professional Service,On org behalf,High Maturity,Individual User,Organized Service,Monetization of Sites,Online Affiliate Programs,Canada,2011,GoDaddy.com,"AS26347 - US - DREAMHOST-AS - New Dream Network, LLC",Unknown,United States,"175,695",Medium,Trust,No,No,untrustworthy,trustworthy,trustworthy,trustworthy
35,lifepr.ru,Mixan41,19,2017/10/20,Professional Service,On org behalf,High Maturity,Individual User,Organized Service,Monetization of Sites,Online Affiliate Programs,Seychelles,2009,DANESCO TRADING LTD,AS13335 - US - CLOUDFLARENET,"CloudFlare, Inc.",United States,N/A,Medium,Trust,No,No,untrustworthy,trustworthy,trustworthy,trustworthy
36,epayservices.com,ePayService,83,2015/09/17,Professional Service,On org behalf,High Maturity,Organization User,Organized Service,Optimization Practice,Services and Programs for Working with SE,Russia,2009,REGRU-RU,AS49505 - RU - SELECTEL,Unknown,Russia,"54,967",Low Risk,Trust,Yes,Yes,untrustworthy,untrustworthy,trustworthy,trustworthy
37,ePayments.com,ePayments,122,2012/03/25,Professional Service,On org behalf,High Maturity,Organization User,Organized Service,Optimization Practice,Services and Programs for Working with SE,Russia,2009,RU-CENTER-RU,AS200044 - RU - STACK_CORP-AS,ORG-SGL35-RIPE,Russia,"58,648",Medium,Trust,No,No,untrustworthy,trustworthy,trustworthy,trustworthy
38,WestRank.ru,DaoDog,18,2018/07/05,Professional Service,On org behalf,Medium Maturity,Individual User,Organized Service,Exchange and Sale,"Traffic, teaser and banner advertising",Cyprus,2019,"URL Solutions, Inc.",AS16509 - US - AMAZON-02,Unknown,Ireland,"4,347,696",Medium,Trust,Yes,Yes,untrustworthy,untrustworthy,untrustworthy,trustworthy
39,AnyAds.pro ,incident404,36,2013/10/23,Professional Service,On org behalf,High Maturity,Individual User,Organized Service,Monetization of Sites,Online Affiliate Programs,Cyprus,2009,GoDaddy.com,AS8342 - RU - RTCOMM-AS,Unknown,Russia,N/A,Low Risk,Trust,Yes,Yes,untrustworthy,untrustworthy,trustworthy,trustworthy
40,Propush.me,Propush,10,2019/04/19,Professional Service,On org behalf,High Maturity,Organization User,Organized Service,Optimization Practice,Services and Programs for Working with SE,Romania,2014,DYNADOT,AS16276 - FR - OVH,Unknown,Canada,"11,441",Medium,Trust,No,No,untrustworthy,trustworthy,trustworthy,trustworthy
41,richpush.com,Richpush,16,2018/07/17,Professional Service,On org behalf,Medium Maturity,Organization User,Organized Service,Exchange and Sale,Financial announcements,Russia,2009,REGTIME-RU,AS50340 - EU - KONDIMENT-AS KONDIMENT SERVICE SRL,Unknown,Russia,"56,034",Low Risk,Trust,No,No,trustworthy,trustworthy,trustworthy,trustworthy
42,rexpush.net,rexpush,8,2019/07/12,Professional Service,On org behalf,Medium Maturity,Organization User,Organized Service,Exchange and Sale,Financial announcements,N/A,2019,NAMECHEAP INC,AS13335 - US - CLOUDFLARENET,"Cloudflare, Inc.",United States,"8,947,030",Medium,Moderate,No,No,untrustworthy,untrustworthy,trustworthy,trustworthy
43,DaoPush.com,_Serious_,115,2010/03/19,Professional Service,On org behalf,High Maturity,Individual User,Organized Service,Monetization of Sites,Yandex Advertising Network,Russia,2015,GoDaddy.com,AS24940 - DE - HETZNER-AS,Unknown,Germany,N/A,Low Risk,Low Risk,No,No,untrustworthy,trustworthy,trustworthy,trustworthy
44,Realpush.net,Realpush,15,2018/07/14,Professional Service,On org behalf,High Maturity,Organization User,Organized Service,Website Traffic,General Advertising Issues,Cyprus,2010,NAMECHEAP INC,AS35415 - RU - WEBZILLA,Unknown,Netherlands,"169,005",Low Risk,Low Risk,Yes,Yes,untrustworthy,untrustworthy,untrustworthy,trustworthy
45,Zpush.biz,viktorname,110,2011/09/22,Professional Service,On org behalf,Medium Maturity,Individual User,Organized Service,Exchange and Sale,"Traffic, teaser and banner advertising",N/A,2011,"TurnCommerce, Inc.","AS30633 - US - LEASEWEB-US - Leaseweb USA, Inc.",Unknown,United States,"657,390",Medium,Trust,Yes,Yes,untrustworthy,untrustworthy,untrustworthy,trustworthy
46,Any.cash,Annav1990,0,2020/07/07,Professional Service,On org behalf,High Maturity,Individual User,Organized Service,Website Building,Hosting,Russia,2009,RUCENTER-SU,AS20860 - GB - IOMART-AS,IOVPS50V,United Kingdom,"1,464,358",Low Risk,Trust,No,No,trustworthy,trustworthy,trustworthy,trustworthy
47,bestchange.ru,BestChange,102,2007/07/31,Professional Service,On org behalf,High Maturity,Organization User,Organized Service,Website Traffic,General Advertising Issues,Russia,2010,RU-CENTER-RU,AS49505 - RU - SELECTEL,Unknown,Russia,"18,277",Medium,Low Risk,No,No,untrustworthy,untrustworthy,trustworthy,trustworthy
48,Bestkurs24.com,BESTKURS24,1,2020/06/13,Professional Service,On org behalf,Medium Maturity,Organization User,Organized Service,Exchange and Sale,Financial announcements,UAE,2017,PDR Ltd.,AS13335 - US - CLOUDFLARENET,Unknown,United States,N/A,Medium,Low Risk,No,No,untrustworthy,untrustworthy,trustworthy,trustworthy
49,BissonExchange.net,BissonExchange,3,2020/03/06,Professional Service,On org behalf,High Maturity,Organization User,Organized Service,Professional communication,Finance,UK,2010,GoDaddy.com,AS13335 - US - CLOUDFLARENET,Unknown,United States,"3,572,445",Low Risk,Trust,Yes,Yes,untrustworthy,untrustworthy,trustworthy,trustworthy
50,Pay2day.top,PAY2DAY.TOP ,1,2020/06/29,Professional Service,On org behalf,Medium Maturity,Organization User,Organized Service,Exchange and Sale,Financial announcements,N/A,2019,NAMECHEAP INC,AS22612 - US - NAMECHEAP-NET,Unknown,United Kingdom,"10,521,382",Medium,Low Risk,Yes,Yes,untrustworthy,untrustworthy,untrustworthy,trustworthy