Allowance,Description,Men,Woman
Fixed allowance,Personal leeway,5,7
Fixed allowance,Relief for fatigue,4,4
Work posture,Sit down,0,0
Work posture,Stand up or slightly stoop,1,1.5
Work posture,Bending,2,2.5
Work posture,Lie down,2.5,4
Load weight,No load - 1kg,0,0
Load weight,1 - 2.25 kg,5,6
Load weight,2.25 - 9kg,6,7.5
Load weight,9 - 18kg,8,10
Load weight,18 - 27kg,10,13
Load weight,27 - 50kg,14,18
Load weight,Above 50kg,20,23
Lighting,Good lighting,0,0
Lighting,Not so bright,2,2
Lighting,A bit dark,5,5
Airflow,"Good ventilation, fresh air",0,0
Airflow,Poor ventilation,3,3
Airflow,Poor ventilation and dusty,5,5
Work movement,Consistent and rhythmic,0,0
Work movement,Discontinuous,4,4
Mental stress,Not complex,1,1
Mental stress,Complex,6,6
Temperature,Cold (288-294K),8,10
Temperature,Normal (294-302K),0,0
Temperature,Hot (302-311K),8,10
Temperature,Very hot (>311K),18,20
