Position,President,Nominee,Announced,Received,Withdrawn,Confirmed,Rejected,Vote Type,Votes For,Votes Against
Secretary of Agriculture,Jimmy Carter,Robert Bergland,"December 20, 1976","January 20, 1977",,"January 20, 1977",,Voice Vote,,
Secretary of Agriculture,Ronald Reagan,John Block,"December 23, 1980","January 20, 1981",,"January 22, 1981",,Roll Call Vote,98,0
Secretary of Agriculture,Ronald Reagan,Richard Lyng,"January 29, 1986","February 24, 1986",,"March 6, 1986",,Roll Call Vote,95,2
Secretary of Agriculture,George H.W. Bush,Clayton Yeutter,"December 14, 1988","January 20, 1989",,"February 8, 1989",,Roll Call Vote,100,0
Secretary of Agriculture,George H.W. Bush,Edward Madigan,"January 25, 1991","February 19, 1991",,"March 7, 1991",,Roll Call Vote,99,0
Secretary of Agriculture,Bill Clinton,Mike Espy,"December 24, 1992","January 20, 1993",,"January 21, 1993",,Unanimous Consent,100,0
Secretary of Agriculture,Bill Clinton,Dan Glickman,"December 28, 1994","March 10, 1995",,"March 30, 1995",,Roll Call Vote,94,0
Secretary of Agriculture,George W. Bush,Ann Veneman,"December 20, 2000","January 20, 2001",,"January 20, 2001",,Voice Vote,,
Secretary of Agriculture,George W. Bush,Mike Johanns,"December 2, 2004","January 4, 2005",,"January 20, 2005",,Voice Vote,,
Secretary of Agriculture,George W. Bush,Edward Schafer,"October 31, 2007","December 6, 2007",,"January 28, 2008",,Voice Vote,,
Secretary of Agriculture,Barack Obama,Tom Vilsack,"December 17, 2008","January 20, 2009",,"January 20, 2009",,Voice Vote,,
Attorney General,Jimmy Carter,Griffin Bell,"December 20, 1976","January 20, 1977",,"January 25, 1977",,Roll Call Vote,75,21
Attorney General,Jimmy Carter,Benjamin Civiletti,"July 19, 1979","July 20, 1979",,"August 1, 1979",,Roll Call Vote,94,1
Attorney General,Ronald Reagan,William French Smith,"December 11, 1980","January 20, 1981",,"January 22, 1981",,Roll Call Vote,96,1
Attorney General,Ronald Reagan,Edwin Meese III,"January 23, 1984","February 3, 1984*",,,,,,
Attorney General,Ronald Reagan,Edwin Meese III,,"January 3, 1985",,"February 23, 1985",,Roll Call Vote,63,31
Attorney General,Ronald Reagan,Richard Thornburgh,"July 12, 1988","July 25, 1988",,"August 11, 1988",,Roll Call Vote,85,0
Attorney General,George H.W. Bush,Richard Thornburgh,"November 21, 1988",,,,,,,
Attorney General,George H.W. Bush,William Barr,"October 16, 1991","October 25, 1991",,"November 20, 1991",,Voice Vote,,
Attorney General,Bill Clinton,Zoe Baird,"December 24, 1992","January 20, 1993","January 26, 1993",,,,,
Attorney General,Bill Clinton,Janet Reno,"February 11, 1993","February 26, 1993",,"March 11, 1993",,Roll Call Vote,98,0
Attorney General,George W. Bush,John Ashcroft,"December 22, 2000","January 29, 2001",,"February 1, 2001",,Roll Call Vote,58,42
Attorney General,George W. Bush,Alberto Gonzales,"November 10, 2004","November 16, 2004*",,,,,,
Attorney General,George W. Bush,Alberto Gonzales,,"January 4, 2005",,"February 3, 2005",,Roll Call Vote,60,36
Attorney General,George W. Bush,Michael Mukasey,"September 17, 2007","September 21, 2007",,"November 8, 2007",,Roll Call Vote,53,40
Attorney General,Barack Obama,Eric Holder,"December 1, 2008","January 20, 2009",,"February 2, 2009",,Roll Call Vote,75,21
Attorney General,Barack Obama,Loretta Lynch,"November 9, 2014","November 13, 2014*",,,,Roll Call Vote,56,43
Attorney General,Barack Obama,Loretta Lynch,,"January 7, 2015",,"April 23, 2015",,,,
Secretary of Commerce,Jimmy Carter,Juanita Kreps,"December 20, 1976","January 20, 1977",,"January 20, 1977",,Voice Vote,,
Secretary of Commerce,Jimmy Carter,Philip Klutznick,"November 16, 1979","December 11, 1979",,"December 20, 1979",,Roll Call Vote,74,0
Secretary of Commerce,Ronald Reagan,Malcolm Baldridge,"December 11, 1980","January 20, 1981",,"January 22, 1981",,Roll Call Vote,97,1
Secretary of Commerce,Ronald Reagan,"C. William Verity, Jr.","August 10, 1987","September 9, 1987",,"October 13, 1987",,Roll Call Vote,84,11
Secretary of Commerce,George H.W. Bush,Robert Mosbacher,"December 6, 1988","January 20, 1989",,"January 31, 1989",,Roll Call Vote,100,0
Secretary of Commerce,George H.W. Bush,Barbara Franklin,"December 26, 1991","January 27, 1992",,"February 27, 1992",,Voice Vote,,
Secretary of Commerce,Bill Clinton,Ronald Brown,"December 24, 1992","January 20, 1993",,"January 21, 1993",,Unanimous Consent,100,0
Secretary of Commerce,Bill Clinton,Mickey Kantor,"April 12, 1996","May 3, 1996*",,,,,,
Secretary of Commerce,Bill Clinton,Mickey Kantor,,,,"October 4, 1996",,,,
Secretary of Commerce,Bill Clinton,William Daley,"December 13, 1996","January 7, 1997",,"January 30, 1997",,Roll Call Vote,95,2
Secretary of Commerce,Bill Clinton,Norman Mineta,"June 29, 2000","July 17, 2000",,"July 20, 2000",,Voice Vote,,
Secretary of Commerce,George W. Bush,Donald Evans,"December 20, 2000","January 20, 2001",,"January 20, 2001",,Voice Vote,,
Secretary of Commerce,George W. Bush,Carlos Gutierrez,"November 29, 2004","January 4, 2005",,"January 24, 2005",,Voice Vote,,
Secretary of Commerce,Barack Obama,Bill Richardson,"December 3, 2008",,"January 4, 2009",,,,,
Secretary of Commerce,Barack Obama,Judd Gregg,"February 3, 2009",,"February 12, 2009",,,,,
Secretary of Commerce,Barack Obama,Gary Locke,"February 25, 2009","March 16, 2009",,"March 24, 2009",,Voice Vote,,
Secretary of Commerce,Barack Obama,John Bryson,"May 31, 2011","June 16, 2011",,"October 20, 2011",,Roll Call Vote,74,26
Secretary of Commerce,Barack Obama,Penny Pritzker,"May 1, 2013","May 9, 2013",,"June 25, 2013",,Roll Call Vote,97,1
Secretary of Defense,Jimmy Carter,Harold Brown,"December 21, 1976","January 20, 1977",,"January 20, 1977",,Voice Vote,,
Secretary of Defense,Ronald Reagan,Caspar Weinberger,"December 11, 1980","January 20, 1981",,"January 20, 1981",,Roll Call Vote,97,2
Secretary of Defense,Ronald Reagan,Frank Carlucci,"November 5, 1987","November 5, 1987",,"November 20, 1987",,Roll Call Vote,91,1
Secretary of Defense,George H.W. Bush,John Tower,"December 16, 1988","January 20, 1989",,,"March 9, 1989",Roll Call Vote,47,53
Secretary of Defense,George H.W. Bush,Richard Cheney,"March 10, 1989","March 14, 1989",,"March 17, 1989",,Roll Call Vote,92,0
Secretary of Defense,Bill Clinton,Les Aspin,"December 22, 1992","January 20, 1993",,"January 20, 1993",,Voice Vote,,
Secretary of Defense,Bill Clinton,William Perry,"January 24, 1994","January 26, 1994",,"February 3, 1994",,Roll Call Vote,97,0
Secretary of Defense,Bill Clinton,William Cohen,"December 5, 1996","January 7, 1997",,"January 22, 1997",,Roll Call Vote,99,0
Secretary of Defense,George W. Bush,Donald Rumsfeld,"December 28, 2000","January 20, 2001",,"January 20, 2001",,Voice Vote,,
Secretary of Defense,George W. Bush,Robert Gates,"November 8, 2006","December 4, 2006",,"December 6, 2006",,Roll Call Vote,95,2
Secretary of Defense,Barack Obama,Robert Gates,"December 1, 2008",,,,,,,
Secretary of Defense,Barack Obama,Leon Panetta,"April 28, 2011","May 26, 2011",,"June 21, 2011",,Roll Call Vote,100,0
Secretary of Defense,Barack Obama,Chuck Hagel,"January 7, 2013","January 22, 2013",,"February 26, 2013",,Roll Call Vote,58,41
Secretary of Defense,Barack Obama,Ashton Carter,"December 5, 2014","January 7, 2015",,"February 12, 2015",,Roll Call Vote,93,5
Secretary of Education,Jimmy Carter,Shirley Hufstedler,"October 30, 1979","November 14, 1979",,"November 30, 1979",,Roll Call Vote,81,2
Secretary of Education,Ronald Reagan,Terrel Bell,"January 7, 1981","January 20, 1981",,"January 22, 1981",,Roll Call Vote,90,2
Secretary of Education,Ronald Reagan,William Bennett,"January 10, 1985","January 18, 1985",,"February 6, 1985",,Roll Call Vote,93,0
Secretary of Education,Ronald Reagan,"Lauro Cavazos, Jr.","August 9, 1988","August 10, 1988",,"September 20, 1988",,Roll Call Vote,94,0
Secretary of Education,George H.W. Bush,"Lauro Cavazos, Jr.","November 21, 1988",,,,,,,
Secretary of Education,George H.W. Bush,Lamar Alexander,"December 17, 1990","January 22, 1991",,"March 14, 1991",,Voice Vote,,
Secretary of Education,Bill Clinton,Richard Riley,"December 21, 1992","January 20, 1993",,"January 21, 1993",,Unanimous Consent,100,0
Secretary of Education,George W. Bush,Roderick Paige,"December 29, 2000","January 20, 2001",,"January 20, 2001",,Voice Vote,,
Secretary of Education,George W. Bush,Margaret Spellings,"November 17, 2004","January 4, 2005",,"January 20, 2005",,Voice Vote,,
Secretary of Education,Barack Obama,Arne Duncan,"December 15, 2008","January 20, 2009",,"January 20, 2009",,Voice Vote,,
Secretary of Education,Barack Obama,John King,"February 11, 2016","February 11, 2016",,"March 14, 2016",,Roll Call Vote,49,40
Secretary of Energy,Jimmy Carter,James Schlesinger,"August 4, 1977","August 4, 1977",,"August 4, 1977",,Voice Vote,,
Secretary of Energy,Jimmy Carter,"Charles Duncan, Jr.","July 20, 1979","July 21, 1979",,"July 31, 1979",,Roll Call Vote,95,1
Secretary of Energy,Ronald Reagan,James B. Edwards,"December 20, 1980","January 20, 1981",,"January 22, 1981",,Roll Call Vote,93,3
Secretary of Energy,Ronald Reagan,Donald Hodel,"November 5, 1982","November 15, 1982",,"December 8, 1982",,Roll Call Vote,86,8
Secretary of Energy,Ronald Reagan,John Herrington,"January 10, 1985","January 18, 1985",,"February 6, 1985",,Roll Call Vote,93,1
Secretary of Energy,George H.W. Bush,James Watkins,"January 12, 1989","January 20, 1989",,"March 1, 1989",,Roll Call Vote,99,0
Secretary of Energy,Bill Clinton,Hazel O’Leary,"December 21, 1992","January 20, 1993",,"January 21, 1993",,Unanimous Consent,100,0
Secretary of Energy,Bill Clinton,Federico Pena,"December 20, 1996","January 28, 1997",,"March 12, 1997",,Roll Call Vote,99,1
Secretary of Energy,Bill Clinton,Bill Richardson,"June 18, 1998","July 14, 1998",,"July 31, 1998",,Voice Vote,,
Secretary of Energy,George W. Bush,Spencer Abraham,"January 2, 2001","January 20, 2001",,"January 20, 2001",,Voice Vote,,
Secretary of Energy,George W. Bush,Sam Bodman,"December 10, 2004","January 4, 2005",,"January 31, 2005",,Voice Vote,,
Secretary of Energy,Barack Obama,Steven Chu,"December 11, 2008","January 20, 2009",,"January 20, 2009",,Voice Vote,,
Secretary of Energy,Barack Obama,Ernest Moniz,"March 4, 2013","March 7, 2013",,"May 16, 2013",,Roll Call Vote,97,0
Secretary of Health and Human Services,Jimmy Carter,"Joseph Califano, Jr.","December 23, 1976","January 20, 1977",,"January 24, 1977",,Roll Call Vote,95,1
Secretary of Health and Human Services,Jimmy Carter,Patricia Harris,"July 19, 1979","July 20, 1979",,"July 27, 1979",,Voice Vote,,
Secretary of Health and Human Services,Ronald Reagan,Richard Schweiker,"December 11, 1980","January 20, 1981",,"January 21, 1981",,Roll Call Vote,99,0
Secretary of Health and Human Services,Ronald Reagan,Margaret Heckler,"January 12, 1983","February 22, 1983",,"March 3, 1983",,Roll Call Vote,82,3
Secretary of Health and Human Services,Ronald Reagan,Otis Bowen,"November 7, 1985","December 4, 1985",,"December 12, 1985",,Roll Call Vote,93,2
Secretary of Health and Human Services,George H.W. Bush,Louis Sullivan,"December 22, 1988","January 20, 1989",,"March 1, 1989",,Roll Call Vote,98,1
Secretary of Health and Human Services,Bill Clinton,Donna Shalala,"December 11, 1992","January 20, 1993",,"January 21, 1993",,Unanimous Consent,100,0
Secretary of Health and Human Services,George W. Bush,Tommy Thompson,"December 29, 2000","January 20, 2001",,"January 24, 2001",,Roll Call Vote,100,0
Secretary of Health and Human Services,George W. Bush,Michael Leavitt,"December 13, 2004","January 4, 2005",,"January 26, 2005",,Voice Vote,,
Secretary of Health and Human Services,Barack Obama,Tom Daschle,"December 11, 2008","January 20, 2009","February 9, 2009",,,,,
Secretary of Health and Human Services,Barack Obama,Kathleen Sebelius,"March 2, 2009","March 17, 2009",,"April 28, 2009",,Roll Call Vote,65,31
Secretary of Health and Human Services,Barack Obama,Sylvia Burwell,"April 11, 2014","April 11, 2014",,"June 5, 2014",,Roll Call Vote,78,17
Secretary of Homeland Security,George W. Bush,Thomas Ridge,"November 25, 2002","January 7, 2003",,"January 22, 2003",,Roll Call Vote,94,0
Secretary of Homeland Security,George W. Bush,Bernard Kerik,"December 3, 2004",,"December 10, 2004",,,,,
Secretary of Homeland Security,George W. Bush,Michael Chertoff,"January 11, 2005","January 31, 2005",,"February 15, 2005",,Roll Call Vote,98,0
Secretary of Homeland Security,Barack Obama,Janet Napolitano,"December 1, 2008","January 20, 2009",,"January 20, 2009",,Voice Vote,,
Secretary of Homeland Security,Barack Obama,Jeh Johnson,"October 18, 2013","October 28, 2013",,"December 16, 2013",,Roll Call Vote,78,16
Secretary of Housing and Urban Development,Jimmy Carter,Patricia Harris,"December 21, 1976","January 20, 1977",,"January 20, 1977",,Voice Vote,,
Secretary of Housing and Urban Development,Jimmy Carter,Moon Landrieu,"July 27, 1979","August 2, 1979",,"September 12, 1979",,Roll Call Vote,97,0
Secretary of Housing and Urban Development,Ronald Reagan,"Samuel Pierce, Jr.","December 22, 1980","January 20, 1981",,"January 22, 1981",,Roll Call Vote,98,0
Secretary of Housing and Urban Development,George H.W. Bush,Jack Kemp,"December 19, 1988","January 20, 1989",,"February 2, 1989",,Roll Call Vote,100,0
Secretary of Housing and Urban Development,Bill Clinton,Henry Cisneros,"December 17, 1992","January 20, 1993",,"January 21, 1993",,Unanimous Consent,100,0
Secretary of Housing and Urban Development,Bill Clinton,Andrew Cuomo,"December 20, 1996","January 7, 1997",,"January 29, 1997",,Roll Call Vote,99,0
Secretary of Housing and Urban Development,George W. Bush,Melquiades Martinez,"December 20, 2000","January 20, 2001",,"January 23, 2001",,Roll Call Vote,100,0
Secretary of Housing and Urban Development,George W. Bush,Alphonso Jackson,"December 12, 2003","January 28, 2004",,"March 31, 2004",,Voice Vote,,
Secretary of Housing and Urban Development,George W. Bush,Steven Preston,"April 18, 2008","May 1, 2008",,"June 4, 2008",,Voice Vote,,
Secretary of Housing and Urban Development,Barack Obama,Shaun Donovan,"December 13, 2008","January 20, 2009",,"January 22, 2009",,Voice Vote,,
Secretary of Housing and Urban Development,Barack Obama,Julian Castro,"May 23, 2014","June 2, 2014",,"July 9, 2014",,Roll Call Vote,71,26
Secretary of the Interior,Jimmy Carter,Cecil Andrus,"December 18, 1976","January 20, 1977",,"January 20, 1977",,Voice Vote,,
Secretary of the Interior,Ronald Reagan,James Watt,"December 22, 1980","January 20, 1981",,"January 22, 1981",,Roll Call Vote,83,12
Secretary of the Interior,Ronald Reagan,William Clark,"October 13, 1983","October 19, 1983",,"November 18, 1983",,Roll Call Vote,71,18
Secretary of the Interior,Ronald Reagan,Donald Hodel,"January 10, 1985","January 23, 1985",,"February 6, 1985",,Roll Call Vote,93,1
Secretary of the Interior,George H.W. Bush,"Manuel Lujan, Jr.","December 22, 1988","January 20, 1989",,"February 2, 1989",,Roll Call Vote,100,0
Secretary of the Interior,Bill Clinton,Bruce Babbitt,"December 24, 1992","January 20, 1993",,"January 21, 1993",,Unanimous Consent,100,0
Secretary of the Interior,George W. Bush,Gale Norton,"December 29, 2000","January 20, 2001",,"January 30, 2001",,Roll Call Vote,75,24
Secretary of the Interior,George W. Bush,Dirk Kempthorne,"March 16, 2006","April 24, 2006",,"May 26, 2006",,Voice Vote,,
Secretary of the Interior,Barack Obama,Ken Salazar,"December 17, 2008","January 20, 2009",,"January 20, 2009",,Voice Vote,,
Secretary of the Interior,Barack Obama,Sally Jewell,"February 6, 2013","February 7, 2013",,"April 10, 2013",,Roll Call Vote,87,11
Secretary of Labor,Jimmy Carter,Ray Marshall,"December 21, 1976","January 20, 1977",,"January 26, 1977",,Roll Call Vote,74,20
Secretary of Labor,Ronald Reagan,Raymond Donovan,"December 16, 1980","January 20, 1981",,"February 3, 1981",,Roll Call Vote,80,17
Secretary of Labor,Ronald Reagan,William Brock III,"March 20, 1985","April 17, 1985",,"April 26, 1985",,Voice Vote,,
Secretary of Labor,Ronald Reagan,Ann McLaughlin,"November 3, 1987","December 1, 1987",,"December 11, 1987",,Roll Call Vote,94,0
Secretary of Labor,George H.W. Bush,Elizabeth Dole,"December 24, 1988","January 20, 1989",,"January 25, 1989",,Roll Call Vote,99,0
Secretary of Labor,George H.W. Bush,Lynn Martin,"December 14, 1990","January 22, 1991",,"February 7, 1991",,Roll Call Vote,94,0
Secretary of Labor,Bill Clinton,Robert Reich,"December 11, 1992","January 20, 1993",,"January 21, 1993",,Unanimous Consent,100,0
Secretary of Labor,Bill Clinton,Alexis Herman,"December 20, 1996","January 7, 1997",,"April 30, 1997",,Roll Call Vote,85,13
Secretary of Labor,George W. Bush,Linda Chavez,"January 2, 2001",,"January 9, 2001",,,,,
Secretary of Labor,George W. Bush,Elaine Chao,"January 11, 2001","January 29, 2001",,"January 29, 2001",,Voice Vote,,
Secretary of Labor,Barack Obama,Hilda Solis,"December 19, 2008","January 20, 2009",,"February 24, 2009",,Roll Call Vote,80,17
Secretary of Labor,Barack Obama,Thomas Perez,"March 18, 2013","March 19, 2013",,"July 18, 2013",,Roll Call Vote,54,46
Secretary of State,Jimmy Carter,Cyrus Vance,"December 3, 1976","January 20, 1977",,"January 20, 1977",,Voice Vote,,
Secretary of State,Jimmy Carter,Edmund Muskie,"April 29, 1980","May 5, 1980",,"May 7, 1980",,Roll Call Vote,94,2
Secretary of State,Ronald Reagan,"Alexander Haig, Jr.","December 16, 1980","January 20, 1981",,"January 21, 1981",,Roll Call Vote,93,6
Secretary of State,Ronald Reagan,George Shultz,"June 25, 1982","July 1, 1982",,"July 15, 1982",,Roll Call Vote,97,0
Secretary of State,George H.W. Bush,James Baker III,"November 9, 1988","January 20, 1989",,"January 25, 1989",,Roll Call Vote,99,0
Secretary of State,George H.W. Bush,Lawrence Eagleburger,"December 8, 1992",,,,,,,
Secretary of State,Bill Clinton,Warren Christopher,"December 22, 1992","January 20, 1993",,"January 20, 1993",,Voice Vote,,
Secretary of State,Bill Clinton,Madeleine Albright,"December 5, 1996","January 7, 1997",,"January 22, 1997",,Roll Call Vote,99,0
Secretary of State,George W. Bush,Colin Powell,"December 16, 2000","January 20, 2001",,"January 20, 2001",,Voice Vote,,
Secretary of State,George W. Bush,Condoleezza Rice,"November 16, 2004","January 4, 2005",,"January 26, 2005",,Roll Call Vote,85,13
Secretary of State,Barack Obama,Hillary Clinton,"December 1, 2008","January 20, 2009",,"January 21, 2009",,Roll Call Vote,94,2
Secretary of State,Barack Obama,John Kerry,"December 21, 2012","January 22, 2013",,"January 29, 2013",,Roll Call Vote,94,3
Secretary of Transportation,Jimmy Carter,Brockman Adams,"December 14, 1976","January 20, 1977",,"January 20, 1977",,Voice Vote,,
Secretary of Transportation,Jimmy Carter,Neil Goldschmidt,"July 27, 1979","September 10, 1979",,"September 21, 1979",,Roll Call Vote,83,0
Secretary of Transportation,Ronald Reagan,"Andrew Lewis, Jr.","December 11, 1980","January 20, 1981",,"January 22, 1981",,Roll Call Vote,98,0
Secretary of Transportation,Ronald Reagan,Elizabeth Dole,"January 5, 1983","January 25, 1983",,"February 1, 1983",,Roll Call Vote,97,0
Secretary of Transportation,Ronald Reagan,James Burnley,"October 8, 1987","November 3, 1987",,"November 30, 1987",,Roll Call Vote,74,0
Secretary of Transportation,George H.W. Bush,Samuel Skinner,"December 22, 1988","January 20, 1989",,"January 31, 1989",,Roll Call Vote,100,0
Secretary of Transportation,George H.W. Bush,"Andrew Card, Jr.","January 22, 1992","January 30, 1992",,"February 21, 1992",,Unanimous Consent,100,0
Secretary of Transportation,Bill Clinton,Federico Pena,"December 24, 1992","January 20, 1993",,"January 21, 1993",,Unanimous Consent,100,0
Secretary of Transportation,Bill Clinton,Rodney Slater,December 20. 1996,"January 7, 1997",,"February 6, 1997",,Roll Call Vote,98,0
Secretary of Transportation,George W. Bush,Norman Mineta,"January 2, 2001","January 24, 2001",,"January 24, 2001",,Roll Call Vote,100,0
Secretary of Transportation,George W. Bush,Mary Peters,"September 5, 2006","September 7, 2006",,"September 29, 2006",,Voice Vote,,
Secretary of Transportation,Barack Obama,Ray LaHood,"December 19, 2008","January 20, 2009",,"January 22, 2009",,Voice Vote,,
Secretary of Transportation,Barack Obama,Anthony Foxx,"April 29, 2013","May 7, 2013",,"June 27, 2013",,Roll Call Vote,100,0
Secretary of the Treasury,Jimmy Carter,W. Michael Blumenthal,"December 14, 1976","January 20, 1977",,"January 20, 1977",,Voice Vote,,
Secretary of the Treasury,Jimmy Carter,G. William Miller,"July 19, 1979","July 20, 1979",,"August 2, 1979",,Roll Call Vote,97,1
Secretary of the Treasury,Ronald Reagan,Donald Regan,"December 11, 1980","January 20, 1981",,"January 21, 1981",,Roll Call Vote,98,0
Secretary of the Treasury,Ronald Reagan,James Baker III,"January 8, 1985","January 18, 1985",,"January 29, 1985",,Roll Call Vote,95,0
Secretary of the Treasury,Ronald Reagan,Nicholas Brady,"August 5, 1988","August 10, 1988",,"September 14, 1988",,Roll Call Vote,92,2
Secretary of the Treasury,George H.W. Bush,Nicholas Brady,"November 15, 1988",,,,,,,
Secretary of the Treasury,Bill Clinton,Lloyd Bentsen,"December 10, 1992","January 20, 1993",,"January 20, 1993",,Voice Vote,,
Secretary of the Treasury,Bill Clinton,Robert Rubin,"December 6, 1994","January 4, 1995",,"January 10, 1995",,Roll Call Vote,99,0
Secretary of the Treasury,Bill Clinton,Lawrence Summers,"May 12, 1999","June 7, 1999",,"July 1, 1999",,Roll Call Vote,97,2
Secretary of the Treasury,George W. Bush,Paul O’Neill,"December 20, 2000","January 20, 2001",,"January 20, 2001",,Voice Vote,,
Secretary of the Treasury,George W. Bush,John Snow,"December 9, 2002","January 13, 2003",,"January 30, 2003",,Unanimous Consent,100,0
Secretary of the Treasury,George W. Bush,Henry Paulson,"May 30, 2006","June 19, 2006",,"June 28, 2006",,Voice Vote,,
Secretary of the Treasury,Barack Obama,Timothy Geithner,"November 24, 2008","January 20, 2009",,"January 26, 2009",,Roll Call Vote,60,34
Secretary of the Treasury,Barack Obama,Jack Lew,"January 10, 2013","January 22, 2013",,"February 27, 2013",,Roll Call Vote,71,26
Secretary of Veterans Affairs,George H.W. Bush,Edward Derwinski,"December 22, 1988","January 20, 1989",,"March 2, 1989",,Roll Call Vote,94,0
Secretary of Veterans Affairs,Bill Clinton,Jesse Brown,"December 17, 1992","January 20, 1993",,"January 21, 1993",,Unanimous Consent,100,0
Secretary of Veterans Affairs,Bill Clinton,Hershel Gober,"July 3, 1997","July 31, 1997","October 27, 1997",,,,,
Secretary of Veterans Affairs,Bill Clinton,Togo West,"December 2, 1997","January 27, 1998",,"April 28, 1998",,Voice Vote,,
Secretary of Veterans Affairs,George W. Bush,Anthony Principi,"December 29, 2000","January 20, 2001",,"January 23, 2001",,Roll Call Vote,100,0
Secretary of Veterans Affairs,George W. Bush,Jim Nicholson,"December 9, 2004","January 4, 2005",,"January 26, 2005",,Voice Vote,,
Secretary of Veterans Affairs,George W. Bush,James Peake,"October 30, 2007","November 15, 2007",,"December 14, 2007",,Voice Vote,,
Secretary of Veterans Affairs,Barack Obama,Eric Shinseki,"December 7, 2008","January 20, 2009",,"January 20, 2009",,Voice Vote,,
Secretary of Veterans Affairs,Barack Obama,Robert McDonald,"June 30, 2014","July 7, 2014",,"July 29, 2014",,Roll Call Vote,97,0
