﻿MATCH NO,DAY,DATE,GULF STANDARD TIME (GST),INDIAN STANDARD TIME (IST),TEAM 1,TEAM 2,VENUE
30,SUN,19-Sep-21,6:00 PM,7:30 PM,CHENNAI SUPER KINGS,MUMBAI INDIANS,DUBAI
31,MON,20-Sep-21,6:00 PM,7:30 PM,KOLKATA KNIGHT RIDERS,ROYAL CHALLENGERS BANGALORE,ABU DHABI
32,TUE,21-Sep-21,6:00 PM,7:30 PM,PUNJAB KINGS,RAJASTHAN ROYALS,DUBAI
33,WED,22-Sep-21,6:00 PM,7:30 PM,DELHI CAPITALS,SUNRISERS HYDERABAD,DUBAI
34,THU,23-Sep-21,6:00 PM,7:30 PM,MUMBAI INDIANS,KOLKATA KNIGHT RIDERS,ABU DHABI
35,FRI,24-Sep-21,6:00 PM,7:30 PM,ROYAL CHALLENGERS BANGALORE,CHENNAI SUPER KINGS,SHARJAH
36,SAT,25-Sep-21,2:00 PM,3:30 PM,DELHI CAPITALS,RAJASTHAN ROYALS,ABU DHABI
37,SAT,25-Sep-21,6:00 PM,7:30 PM,SUNRISERS HYDERABAD,PUNJAB KINGS,SHARJAH
38,SUN,26-Sep-21,2:00 PM,3:30 PM,CHENNAI SUPER KINGS,KOLKATA KNIGHT RIDERS,ABU DHABI
39,SUN,26-Sep-21,6:00 PM,7:30 PM,ROYAL CHALLENGERS BANGALORE,MUMBAI INDIANS,DUBAI
40,MON,27-Sep-21,6:00 PM,7:30 PM,SUNRISERS HYDERABAD,RAJASTHAN ROYALS,DUBAI
41,TUE,28-Sep-21,2:00 PM,3:30 PM,KOLKATA KNIGHT RIDERS,DELHI CAPITALS,SHARJAH
42,TUE,28-Sep-21,6:00 PM,7:30 PM,MUMBAI INDIANS,PUNJAB KINGS,ABU DHABI
43,WED,29-Sep-21,6:00 PM,7:30 PM,RAJASTHAN ROYALS,ROYAL CHALLENGERS BANGALORE,DUBAI
44,THU,30-Sep-21,6:00 PM,7:30 PM,SUNRISERS HYDERABAD,CHENNAI SUPER KINGS,SHARJAH
45,FRI,1-Oct-21,6:00 PM,7:30 PM,KOLKATA KNIGHT RIDERS,PUNJAB KINGS,DUBAI
46,SAT,2-Oct-21,2:00 PM,3:30 PM,MUMBAI INDIANS,DELHI CAPITALS,SHARJAH
47,SAT,2-Oct-21,6:00 PM,7:30 PM,RAJASTHAN ROYALS,CHENNAI SUPER KINGS,ABU DHABI
48,SUN,3-Oct-21,2:00 PM,3:30 PM,ROYAL CHALLENGERS BANGALORE,PUNJAB KINGS,SHARJAH
49,SUN,3-Oct-21,6:00 PM,7:30 PM,KOLKATA KNIGHT RIDERS,SUNRISERS HYDERABAD,DUBAI
50,MON,4-Oct-21,6:00 PM,7:30 PM,DELHI CAPITALS,CHENNAI SUPER KINGS,DUBAI
51,TUE,5-Oct-21,6:00 PM,7:30 PM,RAJASTHAN ROYALS,MUMBAI INDIANS,SHARJAH
52,WED,6-Oct-21,6:00 PM,7:30 PM,ROYAL CHALLENGERS BANGALORE,SUNRISERS HYDERABAD,ABU DHABI
53,THU,7-Oct-21,2:00 PM,3:30 PM,CHENNAI SUPER KINGS,PUNJAB KINGS,DUBAI
54,THU,7-Oct-21,6:00 PM,7:30 PM,KOLKATA KNIGHT RIDERS,RAJASTHAN ROYALS,SHARJAH
55,FRI,8-Oct-21,2:00 PM,3:30 PM,SUNRISERS HYDERABAD,MUMBAI INDIANS,ABU DHABI
56,FRI,8-Oct-21,6:00 PM,7:30 PM,ROYAL CHALLENGERS BANGALORE,DELHI CAPITALS,DUBAI
57,SUN,10-Oct-21,6:00 PM,7:30 PM,QUALIFIER 1,,DUBAI
58,MON,11-Oct-21,6:00 PM,7:30 PM,ELIMINATOR,,SHARJAH
59,WED,13-Oct-21,6:00 PM,7:30 PM,QUALIFIER 2,,SHARJAH
60,FRI,15-Oct-21,6:00 PM,7:30 PM,FINAL,,DUBAI