date,home,away,venue,home_team,away_team,round
2021-04-09 19:30:00,MI,RCB,"MA Chidambaram Stadium, Chepauk, Chennai",Mumbai Indians,Royal Challengers Bangalore,1
2021-04-10 19:30:00,CSK,DC,"Wankhede Stadium, Mumbai",Chennai Super Kings,Delhi Capitals,1
2021-04-11 19:30:00,SRH,KKR,"MA Chidambaram Stadium, Chepauk, Chennai",Sunrisers Hyderabad,Kolkata Knight Riders,1
2021-04-12 19:30:00,RR,KXIP,"Wankhede Stadium, Mumbai",Rajasthan Royals,Punjab Kings,1
2021-04-13 19:30:00,KKR,MI,"MA Chidambaram Stadium, Chepauk, Chennai",Kolkata Knight Riders,Mumbai Indians,1
2021-04-14 19:30:00,SRH,RCB,"MA Chidambaram Stadium, Chepauk, Chennai",Sunrisers Hyderabad,Royal Challengers Bangalore,1
2021-04-15 19:30:00,RR,DC,"Wankhede Stadium, Mumbai",Rajasthan Royals,Delhi Capitals,1
2021-04-16 19:30:00,KXIP,CSK,"Wankhede Stadium, Mumbai",Punjab Kings,Chennai Super Kings,2
2021-04-17 19:30:00,MI,SRH,"MA Chidambaram Stadium, Chepauk, Chennai",Mumbai Indians,Sunrisers Hyderabad,2
2021-04-18 15:30:00,RCB,KKR,"MA Chidambaram Stadium, Chepauk, Chennai",Royal Challengers Bangalore,Kolkata Knight Riders,2
2021-04-18 19:30:00,DC,KXIP,"Wankhede Stadium, Mumbai",Delhi Capitals,Punjab Kings,2
2021-04-19 19:30:00,CSK,RR,"Wankhede Stadium, Mumbai",Chennai Super Kings,Rajasthan Royals,2
2021-04-20 19:30:00,DC,MI,"MA Chidambaram Stadium, Chepauk, Chennai",Delhi Capitals,Mumbai Indians,2
2021-04-21 15:30:00,KXIP,SRH,"MA Chidambaram Stadium, Chepauk, Chennai",Punjab Kings,Sunrisers Hyderabad,2
2021-04-21 19:30:00,KKR,CSK,"Wankhede Stadium, Mumbai",Kolkata Knight Riders,Chennai Super Kings,2
2021-04-22 19:30:00,RCB,RR,"Wankhede Stadium, Mumbai",Royal Challengers Bangalore,Rajasthan Royals,2
2021-04-23 19:30:00,KXIP,MI,"MA Chidambaram Stadium, Chepauk, Chennai",Punjab Kings,Mumbai Indians,3
2021-04-24 19:30:00,RR,KKR,"Wankhede Stadium, Mumbai",Rajasthan Royals,Kolkata Knight Riders,3
2021-04-25 15:30:00,CSK,RCB,"Wankhede Stadium, Mumbai",Chennai Super Kings,Royal Challengers Bangalore,3
2021-04-25 19:30:00,SRH,DC,"MA Chidambaram Stadium, Chepauk, Chennai",Sunrisers Hyderabad,Delhi Capitals,3
2021-04-26 19:30:00,KXIP,KKR,"Narendra Modi Stadium, Ahmedabad",Punjab Kings,Kolkata Knight Riders,3
2021-04-27 19:30:00,DC,RCB,"Narendra Modi Stadium, Ahmedabad",Delhi Capitals,Royal Challengers Bangalore,3
2021-04-28 19:30:00,CSK,SRH,"Arun Jaitley Stadium, Delhi",Chennai Super Kings,Sunrisers Hyderabad,3
2021-04-29 15:30:00,MI,RR,"Arun Jaitley Stadium, Delhi",Mumbai Indians,Rajasthan Royals,3
2021-04-29 19:30:00,DC,KKR,"Narendra Modi Stadium, Ahmedabad",Delhi Capitals,Kolkata Knight Riders,3
2021-04-30 19:30:00,KXIP,RCB,"Narendra Modi Stadium, Ahmedabad",Punjab Kings,Royal Challengers Bangalore,4
2021-05-01 19:30:00,MI,CSK,"Arun Jaitley Stadium, Delhi",Mumbai Indians,Chennai Super Kings,4
2021-05-02 15:30:00,RR,SRH,"Arun Jaitley Stadium, Delhi",Rajasthan Royals,Sunrisers Hyderabad,4
2021-05-02 19:30:00,KXIP,DC,"Narendra Modi Stadium, Ahmedabad",Punjab Kings,Delhi Capitals,4
2021-05-03 19:30:00,KKR,RCB,"Narendra Modi Stadium, Ahmedabad",Kolkata Knight Riders,Royal Challengers Bangalore,4
2021-05-04 19:30:00,SRH,MI,"Arun Jaitley Stadium, Delhi",Sunrisers Hyderabad,Mumbai Indians,4
2021-05-05 19:30:00,RR,CSK,"Arun Jaitley Stadium, Delhi",Rajasthan Royals,Chennai Super Kings,4
2021-05-06 19:30:00,RCB,KXIP,"Narendra Modi Stadium, Ahmedabad",Royal Challengers Bangalore,Punjab Kings,4
2021-05-07 19:30:00,SRH,CSK,"Arun Jaitley Stadium, Delhi",Sunrisers Hyderabad,Chennai Super Kings,5
2021-05-08 15:30:00,KKR,DC,"Narendra Modi Stadium, Ahmedabad",Kolkata Knight Riders,Delhi Capitals,5
2021-05-08 19:30:00,RR,MI,"Arun Jaitley Stadium, Delhi",Rajasthan Royals,Mumbai Indians,5
2021-05-09 15:30:00,CSK,KXIP,"M. Chinnaswamy Stadium, Bengaluru",Chennai Super Kings,Punjab Kings,5
2021-05-09 19:30:00,RCB,SRH,"Eden Gardens, Kolkata",Royal Challengers Bangalore,Sunrisers Hyderabad,5
2021-05-10 19:30:00,MI,KKR,"M. Chinnaswamy Stadium, Bengaluru",Mumbai Indians,Kolkata Knight Riders,5
2021-05-11 19:30:00,DC,RR,"Eden Gardens, Kolkata",Delhi Capitals,Rajasthan Royals,5
2021-05-12 19:30:00,CSK,KKR,"M. Chinnaswamy Stadium, Bengaluru",Chennai Super Kings,Kolkata Knight Riders,5
2021-05-13 15:30:00,MI,KXIP,"M. Chinnaswamy Stadium, Bengaluru",Mumbai Indians,Punjab Kings,5
2021-05-13 19:30:00,SRH,RR,"Eden Gardens, Kolkata",Sunrisers Hyderabad,Rajasthan Royals,5
2021-05-14 19:30:00,RCB,DC,"Eden Gardens, Kolkata",Royal Challengers Bangalore,Delhi Capitals,6
2021-05-15 19:30:00,KKR,KXIP,"M. Chinnaswamy Stadium, Bengaluru",Kolkata Knight Riders,Punjab Kings,6
2021-05-16 15:30:00,RR,RCB,"Eden Gardens, Kolkata",Rajasthan Royals,Royal Challengers Bangalore,6
2021-05-16 19:30:00,CSK,MI,"M. Chinnaswamy Stadium, Bengaluru",Chennai Super Kings,Mumbai Indians,6
2021-05-17 19:30:00,DC,SRH,"Eden Gardens, Kolkata",Delhi Capitals,Sunrisers Hyderabad,6
2021-05-18 19:30:00,KKR,RR,"M. Chinnaswamy Stadium, Bengaluru",Kolkata Knight Riders,Rajasthan Royals,6
2021-05-19 19:30:00,SRH,KXIP,"M. Chinnaswamy Stadium, Bengaluru",Sunrisers Hyderabad,Punjab Kings,6
2021-05-20 19:30:00,RCB,MI,"Eden Gardens, Kolkata",Royal Challengers Bangalore,Mumbai Indians,6
2021-05-21 15:30:00,KKR,SRH,"M. Chinnaswamy Stadium, Bengaluru",Kolkata Knight Riders,Sunrisers Hyderabad,7
2021-05-21 19:30:00,DC,CSK,"Eden Gardens, Kolkata",Delhi Capitals,Chennai Super Kings,7
2021-05-22 19:30:00,KXIP,RR,"M. Chinnaswamy Stadium, Bengaluru",Punjab Kings,Rajasthan Royals,7
2021-05-23 15:30:00,MI,DC,"Eden Gardens, Kolkata",Mumbai Indians,Delhi Capitals,7
2021-05-23 19:30:00,RCB,CSK,"Eden Gardens, Kolkata",Royal Challengers Bangalore,Chennai Super Kings,7
2021-05-25 19:30:00,,,"Narendra Modi Stadium, Ahmedabad",TBA,TBA,Qualifier 1
2021-05-26 19:30:00,,,"Narendra Modi Stadium, Ahmedabad",TBA,TBA,Eliminator
2021-05-28 19:30:00,,,"Narendra Modi Stadium, Ahmedabad",TBA,TBA,Qualifier 2
2021-05-30 19:30:00,,,"Narendra Modi Stadium, Ahmedabad",TBA,TBA,Final
