Province,Case,In Care,Death,Recovery,Percentase
DKI JAKARTA,4002,3271,370,361,42.08
JAWA BARAT,969,787,79,103,10.19
JAWA TIMUR,857,623,90,144,9.01
JAWA TENGAH,682,537,58,87,7.17
SULAWESI SELATAN,453,308,37,108,4.76
BANTEN,388,314,41,33,4.08
NUSA TENGGARA BARAT,221,193,4,24,2.32
BALI,215,123,4,88,2.26
PAPUA,177,124,6,47,1.86
KALIMANTAN SELATAN,150,128,6,16,1.58
SUMATERA BARAT,144,106,14,24,1.51
SUMATERA SELATAN,143,118,3,22,1.5
KALIMANTAN TENGAH,121,104,6,11,1.27
KALIMANTAN TIMUR,115,102,1,12,1.21
SUMATERA UTARA,111,64,12,35,1.17
DAERAH ISTIMEWA YOGYAKARTA,93,47,7,39,0.98
KALIMANTAN UTARA,92,89,1,2,0.97
KEPULAUAN RIAU,89,70,8,11,0.94
KALIMANTAN BARAT,51,41,3,7,0.54
SULAWESI TENGGARA,45,37,2,6,0.47
LAMPUNG,44,29,5,10,0.46
SULAWESI UTARA,43,29,3,11,0.45
SULAWESI TENGAH,42,31,3,8,0.44
RIAU,40,21,4,15,0.42
PAPUA BARAT,37,36,1,0,0.39
SULAWESI BARAT,37,34,1,2,0.39
JAMBI,32,31,0,1,0.34
MALUKU UTARA,26,23,0,3,0.27
MALUKU,22,10,0,12,0.23
GORONTALO,15,14,1,0,0.16
KEPULAUAN BANGKA BELITUNG,10,7,1,2,0.11
ACEH,9,4,1,4,0.09
BENGKULU,8,6,1,1,0.08
NUSA TENGGARA TIMUR,1,0,0,1,0.01
