Death,Probability,Images
 Satelites Debris,"(1 in 1000,000,000,000)",https://www.nasa.gov/sites/default/files/soyuz_instagram.jpg
 Illegal Immigrant,"(1 in 138,324,873)",http://www.mixedmigration.org/wp-content/uploads/2018/05/article_026-910x475.jpg
 Table Games,"(1 in 100,000,000)",https://encrypted-tbn0.gstatic.com/images?q=tbn:ANd9GcS1BYP2iW0OsH8ej1Uol5qUbu4pJu61DowE8RLs1g8VliJG68X-&s
 Computer Games,"(1 in 100,000,000)",https://live.staticflickr.com/917/28449861757_5ce0652f9e_z.jpg
 Refuge Terrorist,"(1 in 46,192,893)",https://cdn.pixabay.com/photo/2015/01/22/12/58/terrorist-607711_960_720.png
 Captive Bear,"(1 in 24,700,000)",https://live.staticflickr.com/65535/48701472192_b9aa9673bf_b.jpg
 Non Venomous Snake,"(1 in 8,981,700)",https://live.staticflickr.com/7583/26918624215_83fdfa3279_b.jpg
 Shark Attack,"(1 in 8,000,000)",https://encrypted-tbn0.gstatic.com/images?q=tbn:ANd9GcQTWp6dO3sqoBvtkuAAZR1STIuGF5o8iEapYxfOim8Isk9IU0on&s
 Captive Elephant,"(1 in 5,488,816)",http://waxsansheeg.com/wp-content/uploads/2019/02/105552727_052146573.jpg
 Venomous Snake,"(1 in 4,490,850)",https://cdn.pixabay.com/photo/2019/05/05/15/06/snake-4180801_960_720.jpg
 Captive Big Cat,"(1 in 3,592,680)",https://storage.needpix.com/rsynced_images/tiger-1781048_1280.jpg
 Flying in Commercial Plane,"(1 in 3,333,000)",http://c1.peakpx.com/wallpaper/229/905/289/aircraft-fly-airport-lufthansa-wallpaper-preview.jpg
 Snowboarding,"(1 in 2,200,000)",https://live.staticflickr.com/2676/3820902226_ac5518a6fa_b.jpg
 Skiing,"(1 in 1,557,000)",https://images.pexels.com/photos/848595/pexels-photo-848595.jpeg?cs=srgb&dl=man-snow-skiing-on-bed-of-snow-during-winter-848595.jpg&fm=jpg
 Running & Jogging,"(1 in 1,000,000)",https://upload.wikimedia.org/wikipedia/commons/5/55/Couple_running_on_a_jogging_track.jpg
 Driving in Car ,"(1 in 877,000)",https://encrypted-tbn0.gstatic.com/images?q=tbn:ANd9GcRYAp6CXapYf5hgrElHsg7a0TnWIfXK6sF12VPjEX_YESYWuaH0&s
 Canoeing,"(1 in 750,000)",https://cdn.pixabay.com/photo/2017/06/08/19/42/canoe-kayak-2384643_960_720.jpg
 Bungee Jumping,"(1 in 500,000)",https://live.staticflickr.com/4022/4434935416_fb8709b014_b.jpg
 Avalanche,"(1 in 450,000)",https://upload.wikimedia.org/wikipedia/commons/3/3b/2007-02-15-CLB-Couloir2-1c.JPG
 Falling Tree,"(1 in 400,000)",https://encrypted-tbn0.gstatic.com/images?q=tbn:ANd9GcS0Y6nr55Zz7dMvkEjcepZuVSFdzMCFSFzBE4Sm_waOjgI7HB2Q&s
 Fireworks,"(1 in 340,000)",https://images.pexels.com/photos/2526105/pexels-photo-2526105.jpeg?cs=srgb&dl=photo-of-fireworks-display-2526105.jpg&fm=jpg
 Rock Climbing,"(1 in 320,000)",https://cdn.pixabay.com/photo/2017/04/27/07/26/climbing-2264698_960_720.jpg
" Stinging by Hornet, Bees","(1 in 308,629)",https://upload.wikimedia.org/wikipedia/commons/4/40/1st_Yellow_Jacket_Of_The_Season.jpg
 Scuba Diving,"(1 in 200,000)",https://live.staticflickr.com/3518/5750161567_5a0f1127b5_z.jpg
 Lighting,"(1 in 174,443)",https://www.publicdomainpictures.net/pictures/100000/nahled/lightning-bolt.jpg
" Bus, Train, Street Car","(1 in 160,487)",https://p0.pxfuel.com/preview/609/896/873/trolley-bus-trolley-bus-trackless-trolley-bus.jpg
 Bicycling,"(1 in 140,845)",https://cdn.pixabay.com/photo/2014/12/15/16/58/bicyclist-569279_960_720.jpg
 Elevator,"(1 in 134,000)",https://cdn.pixabay.com/photo/2017/07/26/00/11/elevator-2540026_960_720.jpg
 Earthquake,"(1 in 130,000)",https://upload.wikimedia.org/wikipedia/commons/d/d2/Haiti_earthquake_damage.jpg
 Running a Marathon,"(1 in 127,000)",https://live.staticflickr.com/5167/5345368635_d2a2f7fd1b.jpg
 Hang Gliding,"(1 in 116,000)",https://upload.wikimedia.org/wikipedia/commons/d/d1/Hang_gliding_hyner.jpg
 Dog Attack,"(1 in 114,634)",https://upload.wikimedia.org/wikipedia/commons/5/5f/Dog_attack_%28USAF%29.jpg
 Legal Execution,"(1 in 111,449)",https://cdn.pixabay.com/photo/2018/11/16/09/27/lawyer-3819044_960_720.jpg
 Skydiving,"(1 in 101,000)",https://storage.needpix.com/rsynced_images/tandem-2764760_1280.jpg
 Asteroid,"(1 in 75,000)",http://www.jpl.nasa.gov/images/asteroid/20150126/asteroid20161103-16.jpg
 Triathlon,"(1 in 67,000)",https://cdn.pixabay.com/photo/2014/09/19/14/48/triathlon-452572_960_720.jpg
 Cataclysmic Storm,"(1 in 63,685)",https://encrypted-tbn0.gstatic.com/images?q=tbn:ANd9GcQpmLiXlYTXQJSUtyvwvopD4JmOSBZoAT2dKXvf5tbhey23Q59P&s
 Tornado,"(1 in 60,000)",https://upload.wikimedia.org/wikipedia/commons/9/98/F5_tornado_Elie_Manitoba_2007.jpg
 Tsunami,"(1 in 60,000)",https://cdn.pixabay.com/photo/2019/07/15/21/33/fantasy-4340503_960_720.jpg
 American Football,"(1 in 50,000)",https://images.pexels.com/photos/1367191/pexels-photo-1367191.jpeg?cs=srgb&dl=american-football-american-football-player-football-football-1367191.jpg&fm=jpg
 Animal Attacks,"(1 in 30,167)",https://upload.wikimedia.org/wikipedia/commons/9/9b/Police_dog_attack.JPG
 Sharp Objects,"(1 in 27,400)",https://encrypted-tbn0.gstatic.com/images?q=tbn:ANd9GcRVVmruchhnyogRH216xVqRAf8ynpPiJuQR8u84LzTt0Y4qPePF&s
 Driving Motorcycle,"(1 in 26,000)",https://cdn.pixabay.com/photo/2015/05/15/14/38/couple-768607_960_720.jpg
 Mountain Hiking,"(1 in 15,700)",https://cdn.pixabay.com/photo/2016/01/19/01/11/hikers-1147796_960_720.jpg
 Electricity/Heat/Pressure,"(1 in 14,697)",https://encrypted-tbn0.gstatic.com/images?q=tbn:ANd9GcRZ4h7eZXJOScyTz2-xzgyLpyeKla71bev7rcmbQ55ys0rsByWg&s
 Heat Wave,"(1 in 10,785)",https://live.staticflickr.com/2566/3835676824_da3b76dfe9_z.jpg
 Airplane & Spaceship,"(1 in 9,738)",https://upload.wikimedia.org/wikipedia/commons/5/59/Atlantis_spaceship_shuttle_in_Kennedy_Space_Center_Visitor_Complex.jpg
 Police,"(1 in 8,359)",https://cdn.pixabay.com/photo/2019/07/11/21/20/police-4331483_960_720.jpg
 Accident Gunshot,"(1 in 7,945)",https://upload.wikimedia.org/wikipedia/commons/thumb/2/23/Bullet_coming_from_S%26W.jpg/800px-Bullet_coming_from_S%26W.jpg
 Pedal cyclist Incident,"(1 in 4,486)",https://live.staticflickr.com/3683/9352524106_14e043d483_c.jpg
 Furniture Accident,"(1 in 4,240)",https://cdn.pixabay.com/photo/2014/10/31/11/38/ladder-510578_960_720.png
 Choking on food,"(1 in 3,409)",https://cdn.pixabay.com/photo/2018/08/06/00/31/human-3586707_960_720.jpg
 Any Force of Nature,"(1 in 3,122)",https://farm2.staticflickr.com/1911/44868293901_54c1063df5_b.jpg
 Base Jumping,"(1 in 2,300)",https://upload.wikimedia.org/wikipedia/commons/d/d2/BASE_Jumping_from_Sapphire_Tower_in_Istanbul.jpg
 Boxing,"(1 in 2,200)",https://upload.wikimedia.org/wikipedia/commons/4/4f/Boxing080905_photoshop.jpg
 Mountain Climbing,"(1 in 1,750)",http://c1.peakpx.com/wallpaper/154/715/796/climber-mountaineer-mountaineering-wallpaper-preview.jpg
 Fire or Smoke,"(1 in 1,454)",https://upload.wikimedia.org/wikipedia/commons/a/a6/The_Rim_Fire_in_the_Stanislaus_National_Forest_near_in_California_began_on_Aug._17%2C_2013-0004.jpg
" Poisoning (liquid, gas, solid)","(1 in 1,355)",https://torange.biz/photo/19/IMAGE/medicine-poisoning-dangerous-pill-19249.jpg
 Drowning,"(1 in 1,183)",https://images.pexels.com/photos/1435831/pexels-photo-1435831.jpeg?cs=srgb&dl=woman-drowning-underwater-1435831.jpg&fm=jpg
 Motorbike Racing,(1 in 1000),https://cdn.pixabay.com/photo/2014/09/07/22/33/motorbike-438464_960_720.jpg
 Motorcycle,(1 in 949),https://cdn.pixabay.com/photo/2015/11/12/21/47/motorcycle-1041070_960_720.jpg
 Walking,(1 in 672),https://encrypted-tbn0.gstatic.com/images?q=tbn:ANd9GcSfVAwwDCVdcdwbd6FE7xRi_D4koAkn5cBn5NmVfGOJD3FAzjzx&s
 Pedestrian Incident,(1 in 647),https://cdn.pixabay.com/photo/2017/08/06/18/38/people-2595012_960_720.jpg
 Suffocation,(1 in 608),https://www.capitalotc.com/wp-content/uploads/2015/03/Suffocation.jpg
 Car/Van/Truck Incidents,(1 in 565),https://p2.piqsels.com/preview/481/991/771/car-accident-roadside-cloudy-car.jpg
 Assault by Gun,(1 in 358),https://encrypted-tbn0.gstatic.com/images?q=tbn:ANd9GcS11wzYRjylj0c8EsLg5rJY2IXufbXeRDSCdJlB0FmzSVI-gt_V&s
 Murder,(1 in 249),https://p1.pxfuel.com/preview/502/938/542/knife-anger-hatred-rage-murder-violence.jpg
 Fall,(1 in 127),https://encrypted-tbn0.gstatic.com/images?q=tbn:ANd9GcRrv3qU7kUsK14coRT4Cn529YqXu9C-qs0QE_8t2iS3fzQ5ksA&s
 Any Motor Vehicle Incident,(1 in 113),http://res.freestockphotos.biz/pictures/15/15269-a-motor-vehicle-accident-scene-pv.jpg
 Grand Prix Racing,(1 in 100),https://upload.wikimedia.org/wikipedia/commons/4/4a/TOM%27S_duo_1-2_finish_2010_JAF_Grand_Prix_Race_1.jpg
 Suicide,(1 in 98),https://encrypted-tbn0.gstatic.com/images?q=tbn:ANd9GcQisbrGxHrJlgG2J4UvK5aRr5Z8TILFElwYqw2IVB_RfAhESq3M&s
 Intentional Self Harm,(1 in 95),https://upload.wikimedia.org/wikipedia/commons/0/0c/DrugOverdose.jpg
 Kidney Disease,(1 in 85),https://upload.wikimedia.org/wikipedia/commons/0/0b/CKD_-_Chronic_kidney_disease.jpg
 Influenza/Pneumonia,(1 in 70),https://upload.wikimedia.org/wikipedia/commons/3/36/X-ray_of_COPD_exacerbation_-_anteroposterior_view.jpg
 Diabetes,(1 in 53),https://upload.wikimedia.org/wikipedia/commons/f/f7/Testing_Blood_Sugar_Levels.jpg
 Alzheimers ,(1 in 47),https://encrypted-tbn0.gstatic.com/images?q=tbn:ANd9GcTF5iNBOTO1AVlyXNSN5DDfSbnqvfd--mtGScbP0ArMJUldy_12&s
 Stroke,(1 in 31),https://upload.wikimedia.org/wikipedia/commons/0/0b/Stroke_hemorrhagic.jpg
 Accidents,(1 in 31),https://live.staticflickr.com/4658/39134436675_f1445f735f_b.jpg
 Chronic Lung Disease,(1 in 27),https://live.staticflickr.com/3943/15528999565_3da3b3d79f_b.jpg
 Any Injury,(1 in 21),https://encrypted-tbn0.gstatic.com/images?q=tbn:ANd9GcSESIauRJ2g6fuKJ32JlWF_PYOn180fQI6QaSyYsmiXYRcKYHuL&s
 Cancer,(1 in 7),https://live.staticflickr.com/747/20673870162_b6dc052b88_z.jpg
 Heart Disease,(1 in 7),https://upload.wikimedia.org/wikipedia/commons/8/87/Exercise%2C_Smoking_and_Coronary_Heart_Disease.png
Death Someday,(1 in 1),https://www.goodfreephotos.com/albums/vector-images/rip-gravestone-marker-vector-clipart.png
