user_name,user_location,user_description,user_created,user_followers,user_friends,user_favourites,user_verified,date,text,hashtags,source,is_retweet
Brian.Nadon,"Vancouver, British Columbia",An avid cyclist for Complex-Ptsd and Ptsd awareness. @vaticfoundation — Ptsd is a normal reaction to an abnormal situation.,2018-04-05 04:38:15+00:00,22,161,1228,False,2021-11-19 17:33:59+00:00,"We yearn to stand before the #camera, post to #Instagram, to be noticed and admired. We build pages on #Facebook and #Twitter dedicated to bestowing our image, our view to the world.
#celebrity #POPCulture #billboardTNT 
https://t.co/KwcOGVjjP9","['camera', 'Instagram', 'Facebook']",Twitter for iPhone,False
OegyeinV²⁰¹³🐳🐙,,"#BTS_butter #BORAHAE #PermissiontoDance
// #MyUniverse // #ColdplayXBTS 
https://t.co/53PBENBLXt
#MyUniverse
https://t.co/sVhuUJzJmE",2020-01-07 02:06:27+00:00,11,40,4635,False,2021-11-18 23:21:34+00:00,"@minsugacheonye @BTS_twt Blue and gray
Stay gold
Stay
Fly to my room

#BillboardTNT  #BBMAs
#BTS @BTS_twt #ArmyOfTheDead https://t.co/C1MP3fMxyj","['BillboardTNT', 'BBMAs', 'BTS']",Twitter for Android,False
𝐦𝐚𝐢𝐥𝐞𝐧/ᵐᵃⁱ,"Buenos Aires, Argentina",`*°• 𝒎𝒖𝒍𝒕𝒊𝒇𝒂𝒏𝒅𝒐𝒎~ 🍭,2015-03-17 18:13:38+00:00,93,215,10283,False,2021-11-17 03:35:23+00:00,"@fluffyngx @Giia134340 @BTS_twt I vote for #ARMY of @BTS_twt for the ""Best Fandom"" #BillboardTNT","['ARMY', 'BillboardTNT']",Twitter for Android,False
𝐦𝐚𝐢𝐥𝐞𝐧/ᵐᵃⁱ,"Buenos Aires, Argentina",`*°• 𝒎𝒖𝒍𝒕𝒊𝒇𝒂𝒏𝒅𝒐𝒎~ 🍭,2015-03-17 18:13:38+00:00,93,215,10283,False,2021-11-17 03:35:01+00:00,"@fluffyngx @Giia134340 @BTS_twt same

I vote #Dynamite BTS at the #BillboardMusicAwards   #BillboardTNT 
@BTS_twt","['Dynamite', 'BillboardMusicAwards', 'BillboardTNT']",Twitter for Android,False
