,Class,id,Sequence
0,+,S10,		tactagcaatacgcttgcgttcggtggttaagtatgtataatgcgcgggcttgtcgt
1,+,AMPC,		tgctatcctgacagttgtcacgctgattggtgtcgttacaatctaacgcatcgccaa
2,+,AROH,		gtactagagaactagtgcattagcttatttttttgttatcatgctaaccacccggcg
3,+,DEOP2,	aattgtgatgtgtatcgaagtgtgttgcggagtagatgttagaatactaacaaactc
4,+,LEU1_TRNA,	tcgataattaactattgacgaaaagctgaaaaccactagaatgcgcctccgtggtag
5,+,MALEFG,	aggggcaaggaggatggaaagaggttgccgtataaagaaactagagtccgtttaggt
6,+,MALK,		cagggggtggaggatttaagccatctcctgatgacgcatagtcagcccatcatgaat
7,+,RECA,		tttctacaaaacacttgatactgtatgagcatacagtataattgcttcaacagaaca
8,+,RPOB,		cgacttaatatactgcgacaggacgtccgttctgtgtaaatcgcaatgaaatggttt
9,+,RRNAB_P1,	ttttaaatttcctcttgtcaggccggaataactccctataatgcgccaccactgaca
10,+,RRNAB_P2,	gcaaaaataaatgcttgactctgtagcgggaaggcgtattatgcacaccccgcgccg
11,+,RRNDEX_P2,	cctgaaattcagggttgactctgaaagaggaaagcgtaatatacgccacctcgcgac
12,+,RRND_P1,	gatcaaaaaaatacttgtgcaaaaaattgggatccctataatgcgcctccgttgaga
13,+,RRNE_P1,	ctgcaatttttctattgcggcctgcggagaactccctataatgcgcctccatcgaca
14,+,RRNG_P1,	tttatatttttcgcttgtcaggccggaataactccctataatgcgccaccactgaca
15,+,RRNG_P2,	aagcaaagaaatgcttgactctgtagcgggaaggcgtattatgcacaccgccgcgcc
16,+,RRNX_P1,	atgcatttttccgcttgtcttcctgagccgactccctataatgcgcctccatcgaca
17,+,TNAA,		aaacaatttcagaatagacaaaaactctgagtgtaataatgtagcctcgtgtcttgc
18,+,TYRT,		tctcaacgtaacactttacagcggcgcgtcatttgatatgatgcgccccgcttcccg
19,+,ARAC,		gcaaataatcaatgtggacttttctgccgtgattatagacacttttgttacgcgttt
20,+,LACI,		gacaccatcgaatggcgcaaaacctttcgcggtatggcatgatagcgcccggaagag
21,+,MALT,		aaaaacgtcatcgcttgcattagaaaggtttctggccgaccttataaccattaatta
22,+,TRP,		tctgaaatgagctgttgacaattaatcatcgaactagttaactagtacgcaagttca
23,+,TRPP2,	accggaagaaaaccgtgacattttaacacgtttgttacaaggtaaaggcgacgccgc
24,+,THR,		aaattaaaattttattgacttaggtcactaaatactttaaccaatataggcatagcg
25,+,BIOB,		ttgtcataatcgacttgtaaaccaaattgaaaagatttaggtttacaagtctacacc
26,+,FOL,		catcctcgcaccagtcgacgacggtttacgctttacgtatagtggcgacaatttttt
27,+,UVRBP1,	tccagtataatttgttggcataattaagtacgacgagtaaaattacatacctgcccg
28,+,UVRBP3,	acagttatccactattcctgtggataaccatgtgtattagagttagaaaacacgagg
29,+,LEXA,		tgtgcagtttatggttccaaaatcgccttttgctgtatatactcacagcataactgt
30,+,PORI-L,	ctgttgttcagtttttgagttgtgtataacccctcattctgatcccagcttatacgg
31,+,SPOT42,	attacaaaaagtgctttctgaactgaacaaaaaagagtaaagttagtcgcgtagggt
32,+,M1RNA,	atgcgcaacgcggggtgacaagggcgcgcaaaccctctatactgcgcgccgaagctg
33,+,GLNS,		taaaaaactaacagttgtcagcctgtcccgcttataagatcatacgccgttatacgt
34,+,TUFB,		atgcaattttttagttgcatgaactcgcatgtctccatagaatgcgcgctacttgat
35,+,SUBB-E,	ccttgaaaaagaggttgacgctgcaaggctctatacgcataatgcgccccgcaacgc
36,+,STR,		tcgttgtatatttcttgacaccttttcggcatcgccctaaaattcggcgtcctcata
37,+,SPC,		ccgtttattttttctacccatatccttgaagcggtgttataatgccgcgccctcgat
38,+,RPOA,		ttcgcatatttttcttgcaaagttgggttgagctggctagattagccagccaatctt
39,+,RPLJ,		tgtaaactaatgcctttacgtgggcggtgattttgtctacaatcttacccccacgta
40,+,PORI-R,	gatcgcacgatctgtatacttatttgagtaaattaacccacgatcccagccattctt
41,+,ALAS,		aacgcatacggtattttaccttcccagtcaagaaaacttatcttattcccacttttc
42,+,ARABAD,	ttagcggatcctacctgacgctttttatcgcaactctctactgtttctccatacccg
43,+,BIOA,		gccttctccaaaacgtgttttttgttgttaattcggtgtagacttgtaaacctaaat
44,+,DEOP1,	cagaaacgttttattcgaacatcgatctcgtcttgtgttagaattctaacatacggt
45,+,GALP2,	cactaatttattccatgtcacacttttcgcatctttgttatgctatggttatttcat
46,+,HIS,		atataaaaaagttcttgctttctaacgtgaaagtggtttaggttaaaagacatcagt
47,+,HISJ,		caaggtagaatgctttgccttgtcggcctgattaatggcacgatagtcgcatcggat
48,+,ILVGEDA,	ggccaaaaaatatcttgtactatttacaaaacctatggtaactctttaggcattcct
49,+,LACP1,	taggcaccccaggctttacactttatgcttccggctcgtatgttgtgtggaattgtg
50,+,LPP,		ccatcaaaaaaatattctcaacataaaaaactttgtgtaatacttgtaacgctacat
51,+,TRPR,		tggggacgtcgttactgatccgcacgtttatgatatgctatcgtactctttagcgag
52,+,UVRB_P2,	tcagaaatattatggtgatgaactgtttttttatccagtataatttgttggcataat
53,-, 867,		atatgaacgttgagactgccgctgagttatcagctgtgaacgacattctggcgtcta
54,-,1169,		cgaacgagtcaatcagaccgctttgactctggtattactgtgaacattattcgtctc
55,-, 802,		caatggcctctaaacgggtcttgaggggttttttgctgaaaggaggaactatatgcg
56,-, 521,		ttgacctactacgccagcattttggcggtgtaagctaaccattccggttgactcaat
57,-, 918,		cgtctatcggtgaacctccggtatcaacgctggaaggtgacgctaacgcagatgcag
58,-,1481,		gccaatcaatcaagaacttgaagggtggtatcagccaacagcctgacatccttcgtt
59,-,1024,		tggatggacgttcaacattgaggaaggcataacgctactacctgatgtttactccaa
60,-,1149,		gaggtggctatgtgtatgaccgaacgagtcaatcagaccgctttgactctggtatta
61,-, 313,		cgtagcgcatcagtgctttcttactgtgagtacgcaccagcgccagaggacgacgac
62,-, 780,		cgaccgaagcgagcctcgtcctcaatggcctctaaacgggtcttgaggggttttttg
63,-,1384,		ctacggtgggtacaatatgctggatggagatgcgttcacttctggtctactgactcg
64,-, 507,		atagtctcagagtcttgacctactacgccagcattttggcggtgtaagctaaccatt
65,-,  39,		aactcaaggctgatacggcgagacttgcgagccttgtccttgcggtacacagcagcg
66,-,1203,		ttactgtgaacattattcgtctccgcgactacgatgagatgcctgagtgcttccgtt
67,-, 988,		tattctcaacaagattaaccgacagattcaatctcgtggatggacgttcaacattga
68,-,1171,		aacgagtcaatcagaccgctttgactctggtattactgtgaacattattcgtctccg
69,-, 753,		aagtgcttagcttcaaggtcacggatacgaccgaagcgagcctcgtcctcaatggcc
70,-, 630,		gaagaccacgcctcgccaccgagtagacccttagagagcatgtcagcctcgacaact
71,-, 660,		ttagagagcatgtcagcctcgacaacttgcataaatgctttcttgtagacgtgccct
72,-,1216,		tattcgtctccgcgactacgatgagatgcctgagtgcttccgttactggattgtcac
73,-, 835,		tgctgaaaggaggaactatatgcgctcatacgatatgaacgttgagactgccgctga
74,-,  35,		catgaactcaaggctgatacggcgagacttgcgagccttgtccttgcggtacacagc
75,-,1218,		ttcgtctccgcgactacgatgagatgcctgagtgcttccgttactggattgtcacca
76,-, 668,		catgtcagcctcgacaacttgcataaatgctttcttgtagacgtgccctacgcgctt
77,-, 413,		aggaggaactacgcaaggttggaacatcggagagatgccagccagcgcacctgcacg
78,-, 991,		tctcaacaagattaaccgacagattcaatctcgtggatggacgttcaacattgagga
79,-, 751,		tgaagtgcttagcttcaaggtcacggatacgaccgaagcgagcctcgtcctcaatgg
80,-, 850,		ctatatgcgctcatacgatatgaacgttgagactgccgctgagttatcagctgtgaa
81,-,  93,		gcggcagcacgtttccacgcggtgagagcctcaggattcatgtcgatgtcttccggt
82,-,1108,		atccctaatgtctacttccggtcaatccatctacgttaaccgaggtggctatgtgta
83,-, 915,		tggcgtctatcggtgaacctccggtatcaacgctggaaggtgacgctaacgcagatg
84,-,1019,		tctcgtggatggacgttcaacattgaggaaggcataacgctactacctgatgtttac
85,-,  19,		tattggcttgctcaagcatgaactcaaggctgatacggcgagacttgcgagccttgt
86,-,1320,		tagagggtgtactccaagaagaggaagatgaggctagacgtctctgcatggagtatg
87,-,  91,		cagcggcagcacgtttccacgcggtgagagcctcaggattcatgtcgatgtcttccg
88,-, 217,		ttacgttggcgaccgctaggactttcttgttgattttccatgcggtgttttgcgcaa
89,-, 957,		acgctaacgcagatgcagcgaacgctcggcgtattctcaacaagattaaccgacaga
90,-, 260,		ggtgttttgcgcaatgttaatcgctttgtacacctcaggcatgtaaacgtcttcgta
91,-, 557,		aaccattccggttgactcaatgagcatctcgatgcagcgtactcctacatgaataga
92,-,1355,		agacgtctctgcatggagtatgagatggactacggtgggtacaatatgctggatgga
93,-, 244,		tgttgattttccatgcggtgttttgcgcaatgttaatcgctttgtacacctcaggca
94,-, 464,		tgcacgggttgcgatagcctcagcgtattcaggtgcgagttcgatagtctcagagtc
95,-, 296,		aggcatgtaaacgtcttcgtagcgcatcagtgctttcttactgtgagtacgcaccag
96,-, 648,		ccgagtagacccttagagagcatgtcagcctcgacaacttgcataaatgctttcttg
97,-, 230,		cgctaggactttcttgttgattttccatgcggtgttttgcgcaatgttaatcgcttt
98,-,1163,		tatgaccgaacgagtcaatcagaccgctttgactctggtattactgtgaacattatt
99,-,1321,		agagggtgtactccaagaagaggaagatgaggctagacgtctctgcatggagtatga
100,-, 663,		gagagcatgtcagcctcgacaacttgcataaatgctttcttgtagacgtgccctacg
101,-, 799,		cctcaatggcctctaaacgggtcttgaggggttttttgctgaaaggaggaactatat
102,-, 987,		gtattctcaacaagattaaccgacagattcaatctcgtggatggacgttcaacattg
103,-,1226,		cgcgactacgatgagatgcctgagtgcttccgttactggattgtcaccaaggcttcc
104,-, 794,		ctcgtcctcaatggcctctaaacgggtcttgaggggttttttgctgaaaggaggaac
105,-,1442,		taacattaataaataaggaggctctaatggcactcattagccaatcaatcaagaact
