Macrotrends Data Download

Pakistan Crime Rate & Statistics 1990-2021


DISCLAIMER AND TERMS OF USE: HISTORICAL DATA IS PROVIDED "AS IS" AND SOLELY
FOR INFORMATIONAL PURPOSES - NOT FOR TRADING PURPOSES OR ADVICE.
NEITHER MACROTRENDS LLC NOR ANY OF OUR INFORMATION PROVIDERS WILL BE LIABLE
FOR ANY DAMAGES RELATING TO YOUR USE OF THE DATA PROVIDED.


ATTRIBUTION: Proper attribution requires clear indication of the data source as "www.macrotrends.net".
A "dofollow" backlink to the originating page is also required if the data is displayed on a web page.


, , , 
date, Per 100K Population, Annual % Change, 
1990-12-31,7.6258
1996-12-31,7.1159,-6.69
1997-12-31,7.0992,-0.23
1998-12-31,7.5985,7.03
1999-12-31,6.7318,-11.41
2000-12-31,6.2567,-7.06
2001-12-31,6.5715,5.03
2002-12-31,6.3297,-3.68
2003-12-31,6.1048,-3.55
2004-12-31,6.1367,0.52
2005-12-31,6.1022,-0.56
2006-12-31,6.126,0.39
2007-12-31,6.2905,2.69
2008-12-31,7.0254,11.68
2009-12-31,7.1163,1.29
2010-12-31,7.3513,3.3
2011-12-31,7.5597,2.83
2012-12-31,7.3932,-2.2
2013-12-31,7.2869,-1.44
2014-12-31,6.7976,-6.71
2015-12-31,4.7566,-30.03
2016-12-31,4.1821,-12.08
2017-12-31,3.9609,-5.29
2018-12-31,3.8831,-1.96
