date,Year,Month,Average_price,country,Avg_adults,children,babies,customer_type,required_car_parking_spaces,reserved_room_type,assigned_room_type,full_rate,Avg_roombed,Avg_stay_night
2016-09,2016,9,1243,PRT,3.2,null,null,Transient,null,C,C,88,1.3,2.1
2016-10,2016,10,1459,PRT,2.3,null,null,Transient,null,C,C,70,1.8,2.5
2016-11,2016,11,1415,GBR,1.4,null,null,Transient,null,A,C,70,1.7,2.5
2016-12,2016,12,1461,GBR,2.5,null,null,Transient,null,A,A,81,1.8,2.3
2017-01,2017,1,1336,GBR,2.5,null,null,Transient,null,A,A,87,1.6,2.6
2017-02,2017,2,1182,GBR,3.5,null,null,Transient,null,A,A,68,1.6,2.4
2017-03,2017,3,1292,PRT,1,null,null,Transient,null,C,C,58,1.7,2.6
2017-04,2017,4,1335,PRT,2.1,null,null,Transient,null,C,C,98,1.8,3.3
2017-05,2017,5,1151,PRT,2.5,null,null,Transient,null,A,A,88,1.3,3.5
2017-06,2017,6,1105,PRT,2.4,null,null,Transient,null,D,D,50,1.2,3.6
2017-07,2017,7,1145,PRT,2.1,null,null,Transient,null,E,E,90,1.2,1.5
2017-08,2017,8,1182,PRT,2.8,null,null,Transient,null,D,D,92,1.2,1.1
2017-09,2017,9,1243,USA,2.2,null,null,Transient,null,D,E,88,1.3,1
2017-10,2017,10,1478,ESP,2.5,null,null,Transient,null,G,G,83,1.7,1
2017-11,2017,11,1470,PRT,2,null,null,Transient,null,E,E,80,1.9,1
2017-12,2017,12,1522,IRL,3.5,null,null,Transient,null,D,E,96,1.5,3.1
2018-01,2018,1,1323,PRT,2.6,null,null,Contract,null,E,E,74,1.5,3.5
2018-02,2018,2,1357,IRL,3,null,null,Transient,null,A,E,93,1.8,3.6
2018-03,2018,3,1433,FRA,1,null,null,Transient,null,A,G,77,1.8,3.4
2018-04,2018,4,1456,GBR,2.5,null,null,Transient,null,G,G,75,1.8,3.4
2018-05,2018,5,1212,GBR,1.5,null,null,Transient,null,F,F,88,1.2,2.3
2018-06,2018,6,1212,PRT,2,null,null,Transient,null,A,A,87,1.1,2.2
2018-07,2018,7,1206,PRT,2,null,null,Transient,null,A,A,85,1.1,3.5
2018-08,2018,8,1295,PRT,2.6,null,null,Transient,null,D,D,84,1.1,4.5
2018-09,2018,9,1313,GBR,2.5,0,null,Contract,null,D,I,72,1.8,2.6
2018-10,2018,10,1656,PRT,2,0,null,Transient,null,D,D,83,1.9,3.5
2018-11,2018,11,1564,IRL,2,0,null,Contract,null,D,D,79,1.8,3.1
2018-12,2018,12,1578,PRT,3.6,0,null,Transient,null,E,E,91,1.5,5
2019-01,2019,1,1345,PRT,1,0,null,Transient,null,A,A,76,1.5,2.1
2019-02,2019,2,1378,PRT,1.2,0,null,Transient,null,D,D,75,1.7,4.2
2019-03,2019,3,1456,NULL,1,0,null,Transient,null,A,A,73,1.5,3.2
2019-04,2019,4,1391,GBR,2,0,null,Transient,null,D,D,72,1.1,1.1
2019-05,2019,5,1246,PRT,2.1,0,null,Transient,null,E,E,70,1.2,1.6
2019-06,2019,6,1159,IRL,2.5,0,null,Transient,null,A,C,69,1.4,2.3
2019-07,2019,7,1114,PRT,3,0,null,Transient,null,D,D,67,1.5,3.5
2019-08,2019,8,1061,PRT,2.6,null,null,Transient,null,D,D,66,1.3,4
2019-09,2019,9,1016,ESP,2,0,null,Transient,null,A,C,64,1.6,2.3
2019-10,2019,10,1134,PRT,1.5,null,null,Transient,null,D,D,63,1.2,1.5
2019-11,2019,11,1119,PRT,2,0,null,Transient,null,D,D,61,1.3,1.7
2019-12,2019,12,1053,ROU,2,0,null,Transient,null,E,E,96,1.5,1.6
2020-01,2020,1,1012,PRT,1.1,null,null,Contract,null,G,G,28,1.1,5
2020-02,2020,2,964,IRL,1.3,0,null,Contract,null,D,D,27,1.1,5
2020-03,2020,3,904,ESP,1,0,null,Contract,null,F,F,25,1.1,14
2020-04,2020,4,849,ROU,1.5,0,null,Contract,null,E,E,25,1.8,5
2020-05,2020,5,863,PRT,1,0,null,Contract,null,A,A,12,1.5,3.5
2020-06,2020,6,878,PRT,2,2,null,Contract,null,G,G,21,1.5,4
2020-07,2020,7,870,ESP,2,0,null,Contract,null,A,A,39,1.7,5.5
2020-08,2020,8,855,NOR,1,0,null,Contract,null,E,E,48,1.5,4
2020-09,2020,9,829,GBR,2,0,null,Contract,null,A,B,46,1.1,5
2020-10,2020,10,850,IRL,2,0,null,Contract,null,E,F,19,1.2,4.5
2020-11,2020,11,842,NOR,2,0,null,Contract,null,D,D,42,1.4,5.5
2020-12,2020,12,908,IRL,2,0,null,Contract,null,A,A,23,1.5,12
2021-01,2021,1,844,OMN,1,0,null,Contract,null,D,D,26,1.3,3
2021-02,2021,2,870,ESP,1,0,null,Contract,null,A,C,27,1.6,2
2021-03,2021,3,828,ARG,1,0,null,Contract,null,H,H,34,1.2,4
2021-04,2021,4,855,ESP,1,2,null,Contract,null,C,C,34,1.3,5
2021-05,2021,5,814,PRT,2,0,null,Contract,null,H,H,37,1.5,5
2021-06,2021,6,810,PRT,2,0,null,Contract,null,A,D,39,1.7,4
2021-07,2021,7,844,PRT,1,0,null,Contract,null,G,G,40,1.5,4
2021-08,2021,8,864,USA,1.7,0,null,Contract,null,A,C,42,1.1,6
2021-09,2021,9,850,PRT,1.5,0,null,Contract,null,G,G,43,1.2,3
2021-10,2021,10,880,IRL,1.9,0,null,Contract,0,E,E,45,1.4,2.5
