President,Years,Executive Orders,Years in Office,Average Orders per Year
George Washington,1789-1797,8,7.8,1
John Adams,1797-1801,1,4,0.25
Thomas Jefferson,1801-1809,4,8,0.5
James Madison,1809-1817,1,8,0.15
James Monroe,1817-1825,1,8,0.15
John Quincy Adams,1825-1829,3,4,0.75
Andrew Jackson,1829-1837,12,8,1.5
Martin van Buren,1837-1841,10,4,2.5
William Henry Harrison,1841,0,0.1,0
John Tyler,1841-1845,17,3.9,4
James K. Polk,1845-1849,18,4,5
Zachary Taylor,1849-1850,5,1.4,4
Millard Fillmore,1850-1853,12,2.6,5
Franklin Pierce,1853-1857,35,4,9
James Buchanan,1857-1861,16,4,4
Abraham Lincoln,1861-1865,48,4.2,11
Andrew Johnson,1865-1869,79,3.8,21
Ulysses S. Grant,1869-1877,217,8,27
Rutherford B. Hayes,1877-1881,92,4,23
James Garfield,1881,6,0.5,12
Chester Arthur,1881-1885,96,3.5,27
Grover Cleveland,1885-1889,113,4,28
Benjamin Harrison,1889-1893,143,4,36
Grover Cleveland,1893-1897,140,4,35
William McKinley,1897-1901,185,4.5,41
Theodore Roosevelt,1901-1909,1081,7.5,144
William Howard Taft,1909-1913,724,4,181
Woodrow Wilson,1913-1921,1803,8,225
Warren G. Harding,1921-1923,522,2.4,218
Calvin Coolidge,1923-1929,1203,5.6,215
Herbert Hoover,1929-1933,968,4,242
Franklin D. Roosevelt,1933-1945,3728,12.2,306
Franklin D. Roosevelt,1933,573,,
Franklin D. Roosevelt,1934,474,,
Franklin D. Roosevelt,1935,394,,
Franklin D. Roosevelt,1936,274,,
Franklin D. Roosevelt,1937,253,,
Franklin D. Roosevelt,1938,247,,
Franklin D. Roosevelt,1939,287,,
Franklin D. Roosevelt,1940,309,,
Franklin D. Roosevelt,1941,383,,
Franklin D. Roosevelt,1942,289,,
Franklin D. Roosevelt,1943,122,,
Franklin D. Roosevelt,1944,100,,
Franklin D. Roosevelt,1945,29,,
Harry S. Truman,1945-1953,896,7.8,115
Harry S. Truman,1945,139,,
Harry S. Truman,1946,148,,
Harry S. Truman,1947,100,,
Harry S. Truman,1948,117,,
Harry S. Truman,1949,69,,
Harry S. Truman,1950,95,,
Harry S. Truman,1951,118,,
Harry S. Truman,1952,104,,
Harry S. Truman,1953,11,,
Dwight D. Eisenhower,1953-1961,486,8,61
Dwight D. Eisenhower,1953,80,,
Dwight D. Eisenhower,1954,75,,
Dwight D. Eisenhower,1955,66,,
Dwight D. Eisenhower,1956,44,,
Dwight D. Eisenhower,1957,55,,
Dwight D. Eisenhower,1958,50,,
Dwight D. Eisenhower,1959,60,,
Dwight D. Eisenhower,1960,42,,
Dwight D. Eisenhower,1961,14,,
John F. Kennedy,1961-1963,214,2.8,76
John F. Kennedy,1961,70,,
John F. Kennedy,1962,89,,
John F. Kennedy,1963,55,,
Lyndon B. Johnson,1963-1969,324,5.2,62
Lyndon B. Johnson,1963,7,,
Lyndon B. Johnson,1964,56,,
Lyndon B. Johnson,1965,74,,
Lyndon B. Johnson,1966,57,,
Lyndon B. Johnson,1967,65,,
Lyndon B. Johnson,1968,56,,
Lyndon B. Johnson,1969,9,,
Richard Nixon,1969-1974,346,5.5,63
Richard Nixon,1969,52,,
Richard Nixon,1970,72,,
Richard Nixon,1971,63,,
Richard Nixon,1972,55,,
Richard Nixon,1973,64,,
Richard Nixon,1974,40,,
Gerald R. Ford,1974-1977,169,2.5,68
Gerald R. Ford,1974,29,,
Gerald R. Ford,1975,67,,
Gerald R. Ford,1976,56,,
Gerald R. Ford,1977,17,,
Jimmy Carter,1977-1981,320,4,80
Jimmy Carter,1977,66,,
Jimmy Carter,1978,78,,
Jimmy Carter,1979,77,,
Jimmy Carter,1980,73,,
Jimmy Carter,1981,26,,
Ronald Reagan,1981-1989,381,8,48
Ronald Reagan,1981,50,,
Ronald Reagan,1982,63,,
Ronald Reagan,1983,57,,
Ronald Reagan,1984,41,,
Ronald Reagan,1985,45,,
Ronald Reagan,1986,37,,
Ronald Reagan,1987,43,,
Ronald Reagan,1988,40,,
Ronald Reagan,1989,5,,
George Bush,1989-1993,166,4,42
George Bush,1989,31,,
George Bush,1990,43,,
George Bush,1991,46,,
George Bush,1992,40,,
George Bush,1993,6,,
William J. Clinton,1993-2001,364,8,46
William J. Clinton,1993,57,,
William J. Clinton,1994,54,,
William J. Clinton,1995,40,,
William J. Clinton,1996,49,,
William J. Clinton,1997,38,,
William J. Clinton,1998,38,,
William J. Clinton,1999,35,,
William J. Clinton,2000,41,,
William J. Clinton,2001,12,,
George W. Bush,2001-2009,291,8,36
George W. Bush,2001,54,,
George W. Bush,2002,31,,
George W. Bush,2003,41,,
George W. Bush,2004,45,,
George W. Bush,2005,26,,
George W. Bush,2006,27,,
George W. Bush,2007,32,,
George W. Bush,2008,30,,
George W. Bush,2009,5,,
Barack Obama,2009-2017,276,8,35
Barack Obama,2009,39,,
Barack Obama,2010,35,,
Barack Obama,2011,34,,
Barack Obama,2012,39,,
Barack Obama,2013,20,,
Barack Obama,2014,31,,
Barack Obama,2015,29,,
Barack Obama,2016,43,,
Barack Obama,2017,7,,
