,Eski Takımı,Yeni Takımı,Ödenen Ücret(€),Transfer Şekli
Oghenekaro Etebo,Stoke City,Galatasaray,675000,Kiralık
Arda Turan,Barcelona,Galatasaray,0,Satın Alma
Emre Kılınç,Sivasspor,Galatasaray,0,Satın Alma
Fatih Öztürk,Kasımpaşa,Galatasaray,0,Satın Alma
Omar Elabdellaoui,Olimpiakos,Galatasaray,0,Satın Alma
Kerem Aktürkoglu,24 Erzincanspor,Galatasaray,0,Satın Alma
Ogulcan Caglayan,Kulüpsüz,Galatasaray,0,Satın Alma
Maicon,Galatasaray,Al-Nasr Riyad,1430000,Satın Alma
Jimmy Durmaz,Galatasaray,Fatih Karagümrük,291000,Kiralık
Birhan Vatansever,Galatasaray,Altınordu,0,Satın Alma
Atalay Babacan,Galatasaray,Adanaspor,0,Kiralık
Süleyman Luş,Galatasaray,Şanlıurfaspor,0,Kiralık
Erkan Süer,Galatasaray,Şanlıurfaspor,0,Kiralık
Berk Balaban,Galatasaray,Ankaraspor,0,Kiralık
Ahmet Çalık,Galatasaray,Konyaspor,0,Satın Alma
Ferhan Evren,Galatasaray,Afjet Afyonspor,0,Kiralık
Abdussamed Karnucu,Galatasaray,Tarsus İdman Yurdu,0,Kiralık
Adem Büyük,Galatasaray,Yeni Malatyaspor,0,Satın Alma
Ercan Şirin,Galatasaray,Serik Belediye,0,Kiralık
Emirhan Civelek,Galatasaray,Sakaryaspor,0,Kiralık
Yuto Nagatomo,Galatasaray,Olimpik Marsilya,0,Satın Alma
Gökay Güney,Galatasaray,Bandırmaspor,0,Kiralık
Yunus Akgün,Galatasaray,Adana Demirspor,0,Kiralık
Mariano,Galatasaray,Clube Atlético Mineiro,0,Satın Alma
Selçuk İnan,Galatasaray,Kulüpsüz,0,Emeklilik
