,Eski Takımı,Yeni Takımı,Ödenen Ücret(€),Transfer Şekli
Mostafa Mohamed,Zamalek,Galatasaray,1660000,Kiralık
Henry Onyekuru,A.S. Monaco,Galatasaray,650000,Kiralık
Gedson Fernandes,Benfica,Galatasaray,500000,Kiralık
Halil Dervisoglu,Brentford,Galatasaray,0,Kiralık
DeAndre Yedlin,Newcastle United,Galatasaray,0,Satın Alma
Mbaye Diagne,Galatasaray,West Bromwich Albion,1580000,Kiralık
Erencan Yardimci,Galatasaray,Eyüpspor,483000,Satın Alma
Erkan Süer,Galatasaray,Turgutluspor,0,Kiralık
Jesse Sekidika,Galatasaray,Konyaspor,0,Kiralık
Emin Bayram,Galatasaray,Boluspor,0,Kiralık
Ali Yavuz Kol,Galatasaray,Denizlispor,8000,Kiralık
Batuhan Sen,Galatasaray,Menemen Spor,0,Kiralık
Metehan Mertöz,Galatasaray,Kırklarelispor,0,Kiralık
Emirhan Civelek,Galatasaray,Akhisarspor,0,Kiralık
