,Eski Takımı,Yeni Takımı,Ödenen Ücret(€),Transfer Şekli
Christian Luyindama,Standard Liège,Galatasaray,5000000,Satın Alma
Jean Michaël Seri,Fulham,Galatasaray,1500000,Kiralık
Mario Lemina,Southampton,Galatasaray,1000000,Kiralık
Florin Andone,Brighton,Galatasaray,700000,Kiralık
Valentine Ozornwafor,Enyimba Aba,Galatasaray,300000,Satın Alma
Emre Mor,Celta Vigo,Galatasaray,190000,Kiralık
Steven Nzonzi,A. S. Roma,Galatasaray,0,Kiralık
Ryan Babel,Fulham,Galatasaray,0,Satın Alma
Şener Özbayraklı,Fenerbahçe,Galatasaray,0,Satın Alma
Adem Büyük,Yeni Malatyaspor,Galatasaray,0,Satın Alma
Jimmy Durmaz,Toulouse,Galatasaray,0,Satın Alma
Okan Kocuk,Bursaspor,Galatasaray,0,Satın Alma
Taylan Antalyalı,BB Erzurumspor,Galatasaray,0,Satın Alma
Radamel Falcao,AS Monaco,Galatasaray,0,Satın Alma
Fernando Reges,Galatasaray,Sevilla,4500000,Satın Alma
Konstantinos Mitroglou,Galatasaray,PSV Eindhoven,1250000,Kiralık
Mbaye Diagne,Galatasaray,FC Brügge,1200000,Kiralık
Valentine Ozornwafor,Galatasaray,UD Almería,200000,Kiralık
Eren Derdiyok,Galatasaray,Göztepe,0,Satın Alma
Muğdat Çelik,Galatasaray,Gaziantep FK,0,Satın Alma
Sinan Gümüş,Galatasaray,Genoa,0,Satın Alma
Emirhan Civelek,Galatasaray,Kayserispor,0,Kiralık
Birhan Vatansever,Galatasaray,Bandırmaspor,0,Kiralık
Doğan Can Davas,Galatasaray,Bandırmaspor,0,Satın Alma
Metehan Mertöz,Galatasaray,Eyüpspor,0,Kiralık
İsmail Çipe,Galatasaray,Kayserispor,25000,Kiralık
