{"realtime_start": "2019-12-06", "seriess": [{"observation_end": "2018-01-01", "last_updated": "2019-06-12 16:26:02-05", "observation_start": "1942-01-01", "frequency": "Annual", "seasonal_adjustment_short": "NSA", "id": "KSSLGRTAX", "realtime_start": "2019-12-06", "units": "Thousands of Dollars", "units_short": "Thous. of $", "seasonal_adjustment": "Not Seasonally Adjusted", "title": "State Government Tax Collections, Total Sales and Gross Receipts Taxes in Kansas", "realtime_end": "2019-12-06", "frequency_short": "A", "notes": "For more information, see http://www.census.gov/govs/www/statetax.html.", "popularity": 6}], "realtime_end": "2019-12-06"}