s/n,v_id,v_title,viewCount,likeCount,dislikeCount,favoriteCount,commentCount
0,C6O7W7IxlRY,Data Is Life- Stew,2659417,474,35,0,21
1,Iplxm1sUP70,4G - Gele,1428077,809,76,0,97
2,9QOKJ0FGk90,Life Without Data,667787,1372,142,0,174
3,D8blw46upEI,Airtel TV- Amaka Must Go,1844195,491,56,0,88
4,hN0GBR15bX8,Data Is Life- Chores,2121574,497,127,0,84
5,Z9IuXGjrk9Y,AIRTEL SMARTRECHARGE - AMIN,679439,436,30,0,50
6,PAr0XyxqIjc,Airtel Nigeria - Network TVC,276896,25,10,0,3
7,4uhCNRs-2D0,Meet The InLaws - Naming,848458,616,68,0,55
8,zWne4dpVP20,AIRTEL NIGERIA HAPPY VIDEO,7955,22,9,0,2
9,bBTljLdtly0,Happy Pass Gas Day Powered By Airtel Nigeria. Be Grateful For Every Fart !!! | Pulse TV,24945,160,11,0,9
10,WvqEtvpXghw,*444# Lyrics Video,469121,720,21,0,151
11,0z3LcUiGSEs,Airtel SmartTALK- Twale,1035698,135,4,0,24
12,QcR30788ORA,Airtel Flenjo,2312,59,0,0,5
13,idTLA7pdbos,Airtel Nigeria - ALWAYS ON - Cattle Sale,14565,68,5,0,2
14,obuExNafSCA,Airtel Nigeria Mobile Number Portability Commercial - The Move,561782,41,20,0,28
15,TWaW-Jp7bcE,Airtel Nigeria  ALWAYS ON -  BOARDROOM,5141,20,1,0,3
16,oH6qjd3_ucQ,Airtel Business TVC Nigeria,4577,11,2,0,4
17,2fjBsFarVPQ,Airtel SmartTALK- Boo,1698911,159,7,0,42
18,6b5_IcuUQm8,Airtel smartTALK - Mechanic,1040655,258,18,0,29
19,fubvJ5D0T8o,Life&#39;s Precious Moments - Live smartSPEEDOO,282574,684,122,0,104
20,PdIkwt61TRA,Airtel Five Days Of Love,683,1,1,0,0
21,L7xHrvLlG8M,Nigeria Latest News: Airtel Nigeria Formally Launches 4G LTE Network in Lagos | Legit TV,562,4,1,0,0
22,mtwOlGgFWRU,Free mtn and airtel Nigeria free sim car,30,2,0,0,0
23,aW3Lh-AiXq8,Airtel 4G Song - Gele,22538,206,13,0,17
24,RGjIcriqEEY,Airtel Home Broadband promo,421290,11,3,0,0
25,fm_aeMzeNdw,AIRTEL RED HOT PROMO,164159,27,5,0,1
26,Qki1hV-OG6Y,The In-Laws - Marriage 101,376397,223,17,0,8
27,D_sqY38Pc1k,WELCOME TO AIRTEL,762716,62,25,0,13
28,AVnPkmsLdKw,Airtel Touching Lives Season 2 Episode 8,231,2,0,0,0
29,iVW9CVptukM,Airtel XpressRecharge,153298,3,0,0,1
30,fvKX2YTRgXY,Airtel Home Broadband,48903,3,1,0,0
31,Ly-RfQvmrEk,Airtel 4G Device,1239547,32,5,0,2
32,8wtNkJTKlC4,Airtel TV - Amaka Must Go,14013,18,0,0,7
33,lbtOWqpHS1c,Airtel Nigeria How to install 3G router.,1361,2,1,0,0
34,OZfsmRUSgjY,Airtel Red Hot Promo TVC,37405,13,4,0,3
35,EtFBogmuBrE,Come Alive with Airtel (Official),271260,102,33,0,12
36,QnfNFjjRuy4,How to Share Airtime- Me2U. Airtel&#39;s How To Series,14353,76,13,0,1
37,t8p3YkQxqq4,Airtel Binge Plan,1510314,43,7,0,3
38,kufhLI668cs,Airtel smartTALK - Golden Trust,781721,56,3,0,5
39,7p20PBT1EX4,Airtel Nigeria Unlimited Internet Data Subscription Night &amp; Day,21582,376,35,0,20
40,Hc-mpA5kyqE,Airtel TalkMore Bundle,280531,13,0,0,1
41,z5iOnvR0SSY,How to Get Airtel Data - Airtel Free Internet 10GB Idea,5907,76,19,0,15
42,v7i9ETxzU_U,"Segun Ogunsanya, MD, Airtel Nigeria shares his thoughts on the Ausso Leadership Academy",176,0,0,0,0
43,KXQfYlPYeYY,My Airtel App,1007811,42,16,0,1
44,MO_RorJA-WA,Lady who sang the Airtel Nigeria *444#  song,89,1,0,0,1
45,4KEKC2ffyfU,Airtel Nigeria,362,2,1,0,0
46,0Tvvf8MsixQ,Airtel Nigeria,310,2,1,0,0
47,Ma6cueKMU24,AIRTEL SMARTCONNECT,359236,23,1,0,0
48,i46pWb4tLgw,How to contact Airtel online,2222,4,1,0,1
49,HjTi7bunTwA,Airtel International calling Plan|Airtel  foreign Pass plans| Airtel 3 new plan|Technical support,8872,140,18,0,29
