,Date,Invitations issued,CRS score of lowest-ranked candidate invited,Programs covered
0,"January 20, 2021",374,741,Provincial Nominee Class
1,"January 7, 2021",4750,461,Canadian Experience Class
2,"January 6, 2021",250,813,Provincial Nominee Program
3,"December 23, 2020",5000,468,Canadian Experience Class  Federal Skilled Worker Program  Federal Skilled Worker Program  Provincial Nominee Program
4,"December 9, 2020",5000,469,Canadian Experience Class  Federal Skilled Worker Program  Federal Skilled Worker Program  Provincial Nominee Program
5,"November 25, 2020",5000,469,Canadian Experience Class  Federal Skilled Worker Program  Federal Skilled Worker Program  Provincial Nominee Program
6,"November 18, 2020",5000,472,Canadian Experience Class  Federal Skilled Worker Program  Federal Skilled Worker Program  Provincial Nominee Program
7,"November 05, 2020",4500,478,Canadian Experience Class  Federal Skilled Worker Program  Federal Skilled Worker Program  Provincial Nominee Program
8,"October 14, 2020",4500,471,Canadian Experience Class  Federal Skilled Worker Program  Federal Skilled Worker Program  Provincial Nominee Program
9,"September 30, 2020",4200,471,Canadian Experience Class  Federal Skilled Worker Program  Federal Skilled Worker Program  Provincial Nominee Program
10,"September 16, 2020",4200,472,Canadian Experience Class  Federal Skilled Worker Program  Federal Skilled Worker Program  Provincial Nominee Program
11,"September 02, 2020",4200,475,Canadian Experience Class  Federal Skilled Worker Program  Federal Skilled Worker Program  Provincial Nominee Program
12,"August 20, 2020",3300,454,Canadian Experience Class
13,"August 19, 2020",600,771,Provincial Nominee Program
14,"August 06, 2020",250,415,Federal Skilled Trades
15,"August 05, 2020",3900,476,Canadian Experience Class  Federal Skilled Worker Program  Federal Skilled Worker Program  Provincial Nominee Program
16,"July 23, 2020",3343,445,Canadian Experience Class
17,"July 22, 2020",557,687,Provincial Nominee Program
18,"July 08, 2020",3900,478,Canadian Experience Class  Federal Skilled Worker Program  Federal Skilled Worker Program  Provincial Nominee Program
19,"June 25, 2020",3508,431,Canadian Experience Class
20,"June 24, 2020",392,696,Provincial Nominee Program
21,"June 11, 2020",3559,437,Canadian Experience Class
22,"June 10, 2020",341,743,Provincial Nominee Program
23,"May 28, 2020",3515,440,Canadian Experience Class
24,"May 27, 2020",385,757,Provincial Nominee Program
25,"May 14, 2020",3371,447,Canadian Experience Class
26,"May 13, 2020",529,718,Provincial Nominee Program
27,"April 30, 2020",3311,452,Canadian Experience Class
28,"April 29, 2020",589,692,Provincial Nominee Program
29,"April 16, 2020",3782,455,Canadian Experience Class
30,"April 15, 2020",118,808,Provincial Nominee Program
31,"April 09, 2020",3294,464,Canadian Experience Class
32,"April 09, 2020",606,698,Provincial Nominee Program
33,"March 23, 2020",3232,467,Canadian Experience Class
34,"March 18, 2020",668,720,Provincial Nominee Program
35,"March 04, 2020",3900,471,Canadian Experience Class  Federal Skilled Worker Program  Federal Skilled Worker Program  Provincial Nominee Program
36,"February 19, 2020",4500,470,Canadian Experience Class  Federal Skilled Worker Program  Federal Skilled Worker Program  Provincial Nominee Program
37,"February 05, 2020",3500,472,Canadian Experience Class  Federal Skilled Worker Program  Federal Skilled Worker Program  Provincial Nominee Program
38,"January 22, 2020",3400,471,Canadian Experience Class  Federal Skilled Worker Program  Federal Skilled Worker Program  Provincial Nominee Program
39,"January 08, 2020",3400,473,Canadian Experience Class  Federal Skilled Worker Program  Federal Skilled Worker Program  Provincial Nominee Program
40,"December 19, 2019",3200,469,Canadian Experience Class  Federal Skilled Worker Program  Federal Skilled Worker Program  Provincial Nominee Program
41,"December 11, 2019",3200,472,Canadian Experience Class  Federal Skilled Worker Program  Federal Skilled Worker Program  Provincial Nominee Program
42,"November 27, 2019",3600,471,Canadian Experience Class  Federal Skilled Worker Program  Federal Skilled Worker Program  Provincial Nominee Program
43,"November 13, 2019",3600,472,Canadian Experience Class  Federal Skilled Worker Program  Federal Skilled Worker Program  Provincial Nominee Program
44,"October 30, 2019",3900,475,Canadian Experience Class  Federal Skilled Worker Program  Federal Skilled Worker Program  Provincial Nominee Program
45,"October 16, 2019",500,357,Federal Skilled Trades
46,"October 02, 2019",3900,464,Canadian Experience Class  Federal Skilled Worker Program  Federal Skilled Worker Program  Provincial Nominee Program
47,"September 18, 2019",3600,462,Canadian Experience Class  Federal Skilled Worker Program  Federal Skilled Worker Program  Provincial Nominee Program
48,"September 04, 2019",3600,463,Canadian Experience Class  Federal Skilled Worker Program  Federal Skilled Worker Program  Provincial Nominee Program
49,"August 20, 2019",3600,457,Canadian Experience Class  Federal Skilled Worker Program  Federal Skilled Worker Program  Provincial Nominee Program
50,"August 12, 2019",3600,466,Canadian Experience Class  Federal Skilled Worker Program  Federal Skilled Worker Program  Provincial Nominee Program
51,"July 24, 2019",3600,459,Canadian Experience Class  Federal Skilled Worker Program  Federal Skilled Worker Program  Provincial Nominee Program
52,"July 10, 2019",3600,460,Canadian Experience Class  Federal Skilled Worker Program  Federal Skilled Worker Program  Provincial Nominee Program
53,"June 26, 2019",3350,462,Canadian Experience Class  Federal Skilled Worker Program  Federal Skilled Worker Program  Provincial Nominee Program
54,"June 12, 2019",3350,465,Canadian Experience Class  Federal Skilled Worker Program  Federal Skilled Worker Program  Provincial Nominee Program
55,"May 29, 2019",3350,470,Canadian Experience Class  Federal Skilled Worker Program  Federal Skilled Worker Program  Provincial Nominee Program
56,"May 15, 2019",500,332,Federal Skilled Trades
57,"May 01, 2019",3350,450,Canadian Experience Class  Federal Skilled Worker Program  Federal Skilled Worker Program  Provincial Nominee Program
58,"April 17, 2019",3350,451,Canadian Experience Class  Federal Skilled Worker Program  Federal Skilled Worker Program  Provincial Nominee Program
59,"April 03, 2019",3350,451,Canadian Experience Class  Federal Skilled Worker Program  Federal Skilled Worker Program  Provincial Nominee Program
60,"March 20, 2019",3350,452,Canadian Experience Class  Federal Skilled Worker Program  Federal Skilled Worker Program  Provincial Nominee Program
61,"March 06, 2019",3350,454,Canadian Experience Class  Federal Skilled Worker Program  Federal Skilled Worker Program  Provincial Nominee Program
62,"February 20, 2019",3350,457,Canadian Experience Class  Federal Skilled Worker Program  Federal Skilled Worker Program  Provincial Nominee Program
63,"January 30, 2019",3350,438,Canadian Experience Class  Federal Skilled Worker Program  Federal Skilled Worker Program  Provincial Nominee Program
64,"January 23, 2019",3900,443,Canadian Experience Class  Federal Skilled Worker Program  Federal Skilled Worker Program  Provincial Nominee Program
65,"January 09, 2019",3900,449,Canadian Experience Class  Federal Skilled Worker Program  Federal Skilled Worker Program  Provincial Nominee Program
66,"December 19, 2018",3900,439,Canadian Experience Class  Federal Skilled Worker Program  Federal Skilled Worker Program  Provincial Nominee Program
67,"December 12, 2018",3900,445,Canadian Experience Class  Federal Skilled Worker Program  Federal Skilled Worker Program  Provincial Nominee Program
68,"November 28, 2018",3900,445,Canadian Experience Class  Federal Skilled Worker Program  Federal Skilled Worker Program  Provincial Nominee Program
69,"November 14, 2018",3900,449,Canadian Experience Class  Federal Skilled Worker Program  Federal Skilled Worker Program  Provincial Nominee Program
70,"October 29, 2018",3900,442,Canadian Experience Class  Federal Skilled Worker Program  Federal Skilled Worker Program  Provincial Nominee Program
71,"October 15, 2018",3900,440,Canadian Experience Class  Federal Skilled Worker Program  Federal Skilled Worker Program  Provincial Nominee Program
72,"October 03, 2018",3900,445,Canadian Experience Class  Federal Skilled Worker Program  Federal Skilled Worker Program  Provincial Nominee Program
73,"September 24, 2018",400,284,Federal Skilled Trades
74,"September 19, 2018",3500,441,Canadian Experience Class  Federal Skilled Worker Program  Federal Skilled Worker Program  Provincial Nominee Program
75,"September 05, 2018",3900,440,Canadian Experience Class  Federal Skilled Worker Program  Federal Skilled Worker Program  Provincial Nominee Program
76,"August 22, 2018",3750,440,Canadian Experience Class  Federal Skilled Worker Program  Federal Skilled Worker Program  Provincial Nominee Program
77,"August 08, 2018",3750,440,Canadian Experience Class  Federal Skilled Worker Program  Federal Skilled Worker Program  Provincial Nominee Program
78,"July 25, 2018",3750,441,Canadian Experience Class  Federal Skilled Worker Program  Federal Skilled Worker Program  Provincial Nominee Program
79,"July 11, 2018",3750,442,Canadian Experience Class  Federal Skilled Worker Program  Federal Skilled Worker Program  Provincial Nominee Program
80,"June 25, 2018",3750,442,Canadian Experience Class  Federal Skilled Worker Program  Federal Skilled Worker Program  Provincial Nominee Program
81,"June 13, 2018",3750,451,Canadian Experience Class  Federal Skilled Worker Program  Federal Skilled Worker Program  Provincial Nominee Program
82,"May 30, 2018",500,288,Federal Skilled Trades
83,"May 30, 2018",200,902,Provincial Nominee Program
84,"May 23, 2018",3500,440,Canadian Experience Class  Federal Skilled Worker Program  Federal Skilled Worker Program  Provincial Nominee Program
85,"May 09, 2018",3500,441,Canadian Experience Class  Federal Skilled Worker Program  Federal Skilled Worker Program  Provincial Nominee Program
86,"April 25, 2018",3500,441,Canadian Experience Class  Federal Skilled Worker Program  Federal Skilled Worker Program  Provincial Nominee Program
87,"April 11, 2018",3500,444,Canadian Experience Class  Federal Skilled Worker Program  Federal Skilled Worker Program  Provincial Nominee Program
88,"March 26, 2018",3000,446,Canadian Experience Class  Federal Skilled Worker Program  Federal Skilled Worker Program  Provincial Nominee Program
89,"March 14, 2018",3000,456,Canadian Experience Class  Federal Skilled Worker Program  Federal Skilled Worker Program  Provincial Nominee Program
90,"February 21, 2018",3000,442,Canadian Experience Class  Federal Skilled Worker Program  Federal Skilled Worker Program  Provincial Nominee Program
91,"February 07, 2018",3000,442,Canadian Experience Class  Federal Skilled Worker Program  Federal Skilled Worker Program  Provincial Nominee Program
92,"January 24, 2018",2750,444,Canadian Experience Class  Federal Skilled Worker Program  Federal Skilled Worker Program  Provincial Nominee Program
93,"January 10, 2018",2750,446,Canadian Experience Class  Federal Skilled Worker Program  Federal Skilled Worker Program  Provincial Nominee Program
94,"December 20, 2017",2750,446,Canadian Experience Class  Federal Skilled Worker Program  Federal Skilled Worker Program  Provincial Nominee Program
95,"December 06, 2017",2750,452,Canadian Experience Class  Federal Skilled Worker Program  Federal Skilled Worker Program  Provincial Nominee Program
96,"November 15, 2017",2750,439,Canadian Experience Class  Federal Skilled Worker Program  Federal Skilled Worker Program  Provincial Nominee Program
97,"November 08, 2017",2000,458,Canadian Experience Class  Federal Skilled Worker Program  Federal Skilled Worker Program  Provincial Nominee Program
98,"November 01, 2017",505,241,Federal Skilled Trades
99,"November 01, 2017",290,673,Provincial Nominee Program
100,"October 18, 2017",2757,436,Canadian Experience Class  Federal Skilled Worker Program  Federal Skilled Worker Program  Provincial Nominee Program
101,"October 04, 2017",2801,438,Canadian Experience Class  Federal Skilled Worker Program  Federal Skilled Worker Program  Provincial Nominee Program
102,"September 20, 2017",2871,433,Canadian Experience Class  Federal Skilled Worker Program  Federal Skilled Worker Program  Provincial Nominee Program
103,"September 06, 2017",2772,435,Canadian Experience Class  Federal Skilled Worker Program  Federal Skilled Worker Program  Provincial Nominee Program
104,"August 23, 2017",3035,434,Canadian Experience Class  Federal Skilled Worker Program  Federal Skilled Worker Program  Provincial Nominee Program
105,"August 09, 2017",2991,433,Canadian Experience Class  Federal Skilled Worker Program  Federal Skilled Worker Program  Provincial Nominee Program
106,"August 02, 2017",3264,441,Canadian Experience Class  Federal Skilled Worker Program  Federal Skilled Worker Program  Provincial Nominee Program
107,"July 12, 2017",3202,440,Canadian Experience Class  Federal Skilled Worker Program  Federal Skilled Worker Program  Provincial Nominee Program
108,"June 28, 2017",3409,449,Canadian Experience Class  Federal Skilled Worker Program  Federal Skilled Worker Program  Provincial Nominee Program
109,"May 31, 2017",3877,413,Canadian Experience Class  Federal Skilled Worker Program  Federal Skilled Worker Program  Provincial Nominee Program
110,"May 26, 2017",400,199,Federal Skilled Trades
111,"May 26, 2017",143,775,Provincial Nominee Program
112,"May 17, 2017",3687,415,Canadian Experience Class  Federal Skilled Worker Program  Federal Skilled Worker Program  Provincial Nominee Program
113,"May 04, 2017",3796,423,Canadian Experience Class  Federal Skilled Worker Program  Federal Skilled Worker Program  Provincial Nominee Program
114,"April 19, 2017",3665,415,Canadian Experience Class  Federal Skilled Worker Program  Federal Skilled Worker Program  Provincial Nominee Program
115,"April 12, 2017",3923,423,Canadian Experience Class  Federal Skilled Worker Program  Federal Skilled Worker Program  Provincial Nominee Program
116,"April 05, 2017",3753,431,Canadian Experience Class  Federal Skilled Worker Program  Federal Skilled Worker Program  Provincial Nominee Program
117,"March 24, 2017",3749,441,Canadian Experience Class  Federal Skilled Worker Program  Federal Skilled Worker Program  Provincial Nominee Program
118,"March 01, 2017",3884,434,Canadian Experience Class  Federal Skilled Worker Program  Federal Skilled Worker Program  Provincial Nominee Program
119,"February 22, 2017",3611,441,Canadian Experience Class  Federal Skilled Worker Program  Federal Skilled Worker Program  Provincial Nominee Program
120,"February 08, 2017",3644,447,Canadian Experience Class  Federal Skilled Worker Program  Federal Skilled Worker Program  Provincial Nominee Program
121,"January 25, 2017",3508,453,Canadian Experience Class  Federal Skilled Worker Program  Federal Skilled Worker Program  Provincial Nominee Program
122,"January 11, 2017",3334,459,Canadian Experience Class  Federal Skilled Worker Program  Federal Skilled Worker Program  Provincial Nominee Program
123,"January 04, 2017",2902,468,Canadian Experience Class  Federal Skilled Worker Program  Federal Skilled Worker Program  Provincial Nominee Program
124,"December 22, 2016",2878,475,Canadian Experience Class  Federal Skilled Worker Program  Federal Skilled Worker Program  Provincial Nominee Program
125,"December 16, 2016",1936,497,Canadian Experience Class  Federal Skilled Worker Program  Federal Skilled Worker Program  Provincial Nominee Program
126,"November 30, 2016",559,786,Provincial Nominee Program
127,"November 16, 2016",2427,470,Canadian Experience Class  Federal Skilled Worker Program  Federal Skilled Worker Program  Provincial Nominee Program
128,"November 02, 2016",2080,472,Canadian Experience Class  Federal Skilled Worker Program  Federal Skilled Worker Program  Provincial Nominee Program
129,"October 19, 2016",1804,475,Canadian Experience Class  Federal Skilled Worker Program  Federal Skilled Worker Program  Provincial Nominee Program
130,"October 12, 2016",1518,484,Canadian Experience Class  Federal Skilled Worker Program  Federal Skilled Worker Program  Provincial Nominee Program
131,"September 21, 2016",1288,483,Canadian Experience Class  Federal Skilled Worker Program  Federal Skilled Worker Program  Provincial Nominee Program
132,"September 07, 2016",1000,491,Canadian Experience Class  Federal Skilled Worker Program  Federal Skilled Worker Program  Provincial Nominee Program
133,"August 24, 2016",750,538,Canadian Experience Class  Federal Skilled Worker Program  Federal Skilled Worker Program  Provincial Nominee Program
134,"August 10, 2016",754,490,Canadian Experience Class  Federal Skilled Worker Program  Federal Skilled Worker Program  Provincial Nominee Program
135,"July 27, 2016",755,488,Canadian Experience Class  Federal Skilled Worker Program  Federal Skilled Worker Program  Provincial Nominee Program
136,"July 13, 2016",747,482,Canadian Experience Class  Federal Skilled Worker Program  Federal Skilled Worker Program  Provincial Nominee Program
137,"June 29, 2016",773,482,Canadian Experience Class  Federal Skilled Worker Program  Federal Skilled Worker Program  Provincial Nominee Program
138,"June 15, 2016",752,488,Canadian Experience Class  Federal Skilled Worker Program  Federal Skilled Worker Program  Provincial Nominee Program
139,"June 01, 2016",762,483,Canadian Experience Class  Federal Skilled Worker Program  Federal Skilled Worker Program  Provincial Nominee Program
140,"May 18, 2016",763,484,Canadian Experience Class  Federal Skilled Worker Program  Federal Skilled Worker Program  Provincial Nominee Program
141,"May 06, 2016",799,534,Canadian Experience Class  Federal Skilled Worker Program  Federal Skilled Worker Program  Provincial Nominee Program
142,"April 20, 2016",1018,468,Canadian Experience Class  Federal Skilled Worker Program  Federal Skilled Worker Program  Provincial Nominee Program
143,"April 06, 2016",954,470,Canadian Experience Class  Federal Skilled Worker Program  Federal Skilled Worker Program  Provincial Nominee Program
144,"March 23, 2016",1014,470,Canadian Experience Class  Federal Skilled Worker Program  Federal Skilled Worker Program  Provincial Nominee Program
145,"March 09, 2016",1013,473,Canadian Experience Class  Federal Skilled Worker Program  Federal Skilled Worker Program  Provincial Nominee Program
146,"February 24, 2016",1484,453,Canadian Experience Class  Federal Skilled Worker Program  Federal Skilled Worker Program  Provincial Nominee Program
147,"February 10, 2016",1505,459,Canadian Experience Class  Federal Skilled Worker Program  Federal Skilled Worker Program  Provincial Nominee Program
148,"January 27, 2016",1468,457,Canadian Experience Class  Federal Skilled Worker Program  Federal Skilled Worker Program  Provincial Nominee Program
149,"January 13, 2016",1518,453,Canadian Experience Class  Federal Skilled Worker Program  Federal Skilled Worker Program  Provincial Nominee Program
150,"January 06, 2016",1463,461,Canadian Experience Class  Federal Skilled Worker Program  Federal Skilled Worker Program  Provincial Nominee Program
151,"December 18, 2015",1503,460,Canadian Experience Class  Federal Skilled Worker Program  Federal Skilled Worker Program  Provincial Nominee Program
152,"December 04, 2015",1451,461,Canadian Experience Class  Federal Skilled Worker Program  Federal Skilled Worker Program  Provincial Nominee Program
153,"November 27, 2015",1559,472,Canadian Experience Class  Federal Skilled Worker Program  Federal Skilled Worker Program  Provincial Nominee Program
154,"November 13, 2015",1506,484,Canadian Experience Class  Federal Skilled Worker Program  Federal Skilled Worker Program  Provincial Nominee Program
155,"October 23, 2015",1502,489,Canadian Experience Class  Federal Skilled Worker Program  Federal Skilled Worker Program  Provincial Nominee Program
156,"October 02, 2015",1530,450,Canadian Experience Class  Federal Skilled Worker Program  Federal Skilled Worker Program  Provincial Nominee Program
157,"September 18, 2015",1545,450,Canadian Experience Class  Federal Skilled Worker Program  Federal Skilled Worker Program  Provincial Nominee Program
158,"September 08, 2015",1517,459,Canadian Experience Class  Federal Skilled Worker Program  Federal Skilled Worker Program  Provincial Nominee Program
159,"August 21, 2015",1523,456,Canadian Experience Class  Federal Skilled Worker Program  Federal Skilled Worker Program  Provincial Nominee Program
160,"August 07, 2015",1402,471,Canadian Experience Class  Federal Skilled Worker Program  Federal Skilled Worker Program  Provincial Nominee Program
161,"July 17, 2015",1581,451,Canadian Experience Class  Federal Skilled Worker Program  Federal Skilled Worker Program  Provincial Nominee Program
162,"July 10, 2015",1516,463,Canadian Experience Class  Federal Skilled Worker Program  Federal Skilled Worker Program  Provincial Nominee Program
163,"June 26, 2015",1575,469,Canadian Experience Class  Federal Skilled Worker Program  Federal Skilled Worker Program  Provincial Nominee Program
164,"June 12, 2015",1501,482,Canadian Experience Class  Federal Skilled Worker Program  Federal Skilled Worker Program  Provincial Nominee Program
165,"May 22, 2015",1361,755,Canadian Experience Class  Federal Skilled Worker Program  Federal Skilled Worker Program  Provincial Nominee Program
166,"April 17, 2015",715,453,Canadian Experience Class  Federal Skilled Worker Program  Federal Skilled Worker Program  Provincial Nominee Program
167,"April 10, 2015",925,469,Canadian Experience Class  Federal Skilled Worker Program  Federal Skilled Worker Program  Provincial Nominee Program
168,"March 27, 2015",1637,453,Canadian Experience Class  Federal Skilled Worker Program  Federal Skilled Worker Program  Provincial Nominee Program
169,"March 20, 2015",1620,481,Canadian Experience Class  Federal Skilled Worker Program  Federal Skilled Worker Program  Provincial Nominee Program
170,"February 27, 2015",1187,735,Canadian Experience Class  Federal Skilled Worker Program  Federal Skilled Worker Program  Provincial Nominee Program
171,"February 20, 2015",849,808,Canadian Experience Class
172,"February 07, 2015",779,818,Canadian Experience Class  Federal Skilled Worker Program  Federal Skilled Worker Program  Provincial Nominee Program
173,"January 31, 2015",779,886,Canadian Experience Class  Federal Skilled Worker Program  Federal Skilled Worker Program  Provincial Nominee Program
