Index," ""Year"""," ""Age""","""Sex"""," ""Name"""
1,1928,22,female," ""Janet Gaynor"""
2,1929,37,female," ""Mary Pickford"""
3,1930,28,female," ""Norma Shearer"""
4,1931,63,female," ""Marie Dressler"""
5,1932,32,female," ""Helen Hayes"""
6,1933,26,female," ""Katharine Hepburn"""
7,1934,31,female," ""Claudette Colbert"""
8,1935,27,female," ""Bette Davis"""
9,1936,27,female," ""Luise Rainer"""
10,1937,28,female," ""Luise Rainer"""
11,1938,30,female," ""Bette Davis"""
12,1939,26,female," ""Vivien Leigh"""
13,1940,29,female," ""Ginger Rogers"""
14,1941,24,female," ""Joan Fontaine"""
15,1942,38,female," ""Greer Garson"""
16,1943,25,female," ""Jennifer Jones"""
17,1944,29,female," ""Ingrid Bergman"""
18,1945,40,female," ""Joan Crawford"""
19,1946,30,female," ""Olivia de Havilland"""
20,1947,35,female," ""Loretta Young"""
21,1948,32,female," ""Jane Wyman"""
22,1949,33,female," ""Olivia de Havilland"""
23,1950,29,female," ""Judy Holliday"""
24,1951,38,female," ""Vivien Leigh"""
25,1952,54,female," ""Shirley Booth"""
26,1953,24,female," ""Audrey Hepburn"""
27,1954,25,female," ""Grace Kelly"""
28,1955,48,female," ""Anna Magnani"""
29,1956,41,female," ""Ingrid Bergman"""
30,1957,28,female," ""Joanne Woodward"""
31,1958,41,female," ""Susan Hayward"""
32,1959,39,female," ""Simone Signoret"""
33,1960,29,female," ""Elizabeth Taylor"""
34,1961,27,female," ""Sophia Loren"""
35,1962,31,female," ""Anne Bancroft"""
36,1963,31,female," ""Patricia Neal"""
37,1964,29,female," ""Julie Andrews"""
38,1965,25,female," ""Julie Christie"""
39,1966,35,female," ""Elizabeth Taylor"""
40,1967,60,female," ""Katharine Hepburn"""
41,1968,61,female," ""Katharine Hepburn"""
42,1969,26,female," ""Barbra Streisand"""
43,1970,35,female," ""Maggie Smith"""
44,1971,34,female," ""Glenda Jackson"""
45,1972,34,female," ""Jane Fonda"""
46,1973,27,female," ""Liza Minnelli"""
47,1974,37,female," ""Glenda Jackson"""
48,1975,42,female," ""Ellen Burstyn"""
49,1976,41,female," ""Louise Fletcher"""
50,1977,36,female," ""Faye Dunaway"""
51,1978,32,female," ""Diane Keaton"""
52,1979,41,female," ""Jane Fonda"""
53,1980,33,female," ""Sally Field"""
54,1981,31,female," ""Sissy Spacek"""
55,1982,74,female," ""Katharine Hepburn"""
56,1983,33,female," ""Meryl Streep"""
57,1984,49,female," ""Shirley MacLaine"""
58,1985,38,female," ""Sally Field"""
59,1986,61,female," ""Geraldine Page"""
60,1987,21,female," ""Marlee Matlin"""
61,1988,41,female," ""Cher"""
62,1989,26,female," ""Jodie Foster"""
63,1990,80,female," ""Jessica Tandy"""
64,1991,42,female," ""Kathy Bates"""
65,1992,29,female," ""Jodie Foster"""
66,1993,33,female," ""Emma Thompson"""
67,1994,36,female," ""Holly Hunter"""
68,1995,45,female," ""Jessica Lange"""
69,1996,49,female," ""Susan Sarandon"""
70,1997,39,female," ""Frances McDormand"""
71,1998,34,female," ""Helen Hunt"""
72,1999,26,female," ""Gwyneth Paltrow"""
73,2000,25,female," ""Hilary Swank"""
74,2001,33,female," ""Julia Roberts"""
75,2002,35,female," ""Halle Berry"""
76,2003,35,female," ""Nicole Kidman"""
77,2004,28,female," ""Charlize Theron"""
78,2005,30,female," ""Hilary Swank"""
79,2006,29,female," ""Reese Witherspoon"""
80,2007,61,female," ""Helen Mirren"""
81,2008,32,female," ""Marion Cotillard"""
82,2009,33,female," ""Kate Winslet"""
83,2010,45,female," ""Sandra Bullock"""
84,2011,29,female," ""Natalie Portman"""
85,2012,62,female," ""Meryl Streep"""
86,2013,22,female," ""Jennifer Lawrence"""
87,2014,44,female," ""Cate Blanchett"""
88,2015,54,female," ""Julianne Moore"""
89,2016,26,female," ""Brie Larson"""
,1928,44,male," ""Emil Jannings"""
,1929,41,male," ""Warner Baxter"""
,1930,62,male," ""George Arliss"""
,1931,53,male," ""Lionel Barrymore"""
,1932,47,male," ""Wallace Beery"""
,1933,35,male," ""Fredric March"""
,1934,34,male," ""Charles Laughton"""
,1935,34,male," ""Clark Gable"""
,1936,49,male," ""Victor McLaglen"""
,1937,41,male," ""Paul Muni"""
,1938,37,male," ""Spencer Tracy"""
,1939,38,male," ""Spencer Tracy"""
,1940,34,male," ""Robert Donat"""
,1941,32,male," ""James Stewart"""
,1942,40,male," ""Gary Cooper"""
,1943,43,male," ""James Cagney"""
,1944,48,male," ""Paul Lukas"""
,1945,41,male," ""Bing Crosby"""
,1946,39,male," ""Ray Milland"""
,1947,49,male," ""Fredric March"""
,1948,57,male," ""Ronald Colman"""
,1949,41,male," ""Laurence Olivier"""
,1950,38,male," ""Broderick Crawford"""
,1951,39,male," ""José Ferrer"""
,1952,52,male," ""Humphrey Bogart"""
,1953,51,male," ""Gary Cooper"""
,1954,35,male," ""William Holden"""
,1955,30,male," ""Marlon Brando"""
,1956,39,male," ""Ernest Borgnine"""
,1957,36,male," ""Yul Brynner"""
,1958,43,male," ""Alec Guinness"""
,1959,49,male," ""David Niven"""
,1960,36,male," ""Charlton Heston"""
,1961,47,male," ""Burt Lancaster"""
,1962,31,male," ""Maximilian Schell"""
,1963,47,male," ""Gregory Peck"""
,1964,37,male," ""Sidney Poitier"""
,1965,57,male," ""Rex Harrison"""
,1966,42,male," ""Lee Marvin"""
,1967,45,male," ""Paul Scofield"""
,1968,42,male," ""Rod Steiger"""
,1969,45,male," ""Cliff Robertson"""
,1970,62,male," ""John Wayne"""
,1971,43,male," ""George C. Scott"""
,1972,42,male," ""Gene Hackman"""
,1973,48,male," ""Marlon Brando"""
,1974,49,male," ""Jack Lemmon"""
,1975,56,male," ""Art Carney"""
,1976,38,male," ""Jack Nicholson"""
,1977,60,male," ""Peter Finch"""
,1978,30,male," ""Richard Dreyfuss"""
,1979,40,male," ""Jon Voight"""
,1980,42,male," ""Dustin Hoffman"""
,1981,37,male," ""Robert De Niro"""
,1982,76,male," ""Henry Fonda"""
,1983,39,male," ""Ben Kingsley"""
,1984,53,male," ""Robert Duvall"""
,1985,45,male," ""F. Murray Abraham"""
,1986,36,male," ""William Hurt"""
,1987,62,male," ""Paul Newman"""
,1988,43,male," ""Michael Douglas"""
,1989,51,male," ""Dustin Hoffman"""
,1990,32,male," ""Daniel Day-Lewis"""
,1991,42,male," ""Jeremy Irons"""
,1992,54,male," ""Anthony Hopkins"""
,1993,52,male," ""Al Pacino"""
,1994,37,male," ""Tom Hanks"""
,1995,38,male," ""Tom Hanks"""
,1996,32,male," ""Nicolas Cage"""
,1997,45,male," ""Geoffrey Rush"""
,1998,60,male," ""Jack Nicholson"""
,1999,46,male," ""Roberto Benigni"""
,2000,40,male," ""Kevin Spacey"""
,2001,36,male," ""Russell Crowe"""
,2002,47,male," ""Denzel Washington"""
,2003,29,male," ""Adrien Brody"""
,2004,43,male," ""Sean Penn"""
,2005,37,male," ""Jamie Foxx"""
,2006,38,male," ""Philip Seymour Hoffman"""
,2007,45,male," ""Forest Whitaker"""
,2008,50,male," ""Daniel Day-Lewis"""
,2009,48,male," ""Sean Penn"""
,2010,60,male," ""Jeff Bridges"""
,2011,50,male," ""Colin Firth"""
,2012,39,male," ""Jean Dujardin"""
,2013,55,male," ""Daniel Day-Lewis"""
,2014,44,male," ""Matthew McConaughey"""
,2015,33,male," ""Eddie Redmayne"""
,2016,41,male," ""Leonardo DiCaprio"""