Match No,Match Centre,Day,Time (IST),Venue
30,CSK Vs MI,19-Sep-21,07:30 PM,Dubai
31,KKR Vs RCB,20-Sep-21,07:30 PM,Abu Dhabi
32,PBKS Vs RR,21-Sep-21,07:30 PM,Dubai
33,DC Vs SRH,22-Sep-21,07:30 PM,Dubai
34,MI Vs KKR,23-Sep-21,07:30 PM,Abu Dhabi
35,RCB Vs CSK,24-Sep-21,07:30 PM,Sharjah
36,DC Vs RR,25-Sep-21,03:30 PM,Abu Dhabi
37,SRH Vs PBKS,25-Sep-21,07:30 PM,Sharjah
38,CSK Vs KKR,26-Sep-21,03:30 PM,Abu Dhabi
39,RCB Vs MI,26-Sep-21,07:30 PM,Dubai
40,SRH Vs RR,27-Sep-21,07:30 PM,Dubai
41,KKR Vs DC,28-Sep-21,03:30 PM,Sharjah
42,MI Vs PBKS,28-Sep-21,07:30 PM,Abu Dhabi
43,RR Vs RCB,29-Sep-21,07:30 PM,Dubai
44,SRH Vs CSK,30-Sep-21,07:30 PM,Sharjah
45,KKR Vs PBKS,01-Oct-21,07:30 PM,Dubai
46,MI Vs DC,02-Oct-21,03:30 PM,Sharjah
47,RR Vs CSK,02-Oct-21,07:30 PM,Abu Dhabi
48,RCB Vs PBKS,03-Oct-21,03:30 PM,Sharjah
49,KKR Vs SRH,03-Oct-21,07:30 PM,Dubai
50,DC Vs CSK,04-Oct-21,07:30 PM,Dubai
51,RR Vs MI,05-Oct-21,07:30 PM,Sharjah
52,RCB Vs SRH,06-Oct-21,07:30 PM,Abu Dhabi
53,CSK Vs PBKS,07-Oct-21,03:30 PM,Dubai
54,KKR Vs RR,07-Oct-21,07:30 PM,Sharjah
55,SRH Vs MI,08-Oct-21,03:30 PM,Abu Dhabi
56,RCB Vs DC,08-Oct-21,07:30 PM,Dubai
57,QUALIFIER 1,10-Oct-21,07:30 PM,Dubai
58,ELIMINATOR,11-Oct-21,07:30 PM,Sharjah
59,QUALIFIER 2,13-Oct-21,07:30 PM,Sharjah
60,FINAL,15-Oct-21,07:30 PM,Dubai
