sub_code,day,date,time_day,performed,attandence
mat117,Sunday,18-10-20,12:00,No,0
mat115,Sunday,18-10-20,11:00,Yes,1
sta101,Sunday,18-10-20,03:00,Yes,1
sta103,Sunday,18-10-20,09:00,Yes,1
eco125,Monday,19-10-20,02:00,No,0
eng125,Monday,19-10-20,11:00,No,0
sta101,Monday,19-10-20,12:00,Yes,1
mat117,Tuesday,20-10-20,11:00,No,0
sta101,Tuesday,20-10-20,03:00,No,0
mat115,Tuesday,20-10-20,12:00,Yes,1
sta103,Tuesday,20-10-20,09:00,Yes,1
sta103,Wednesday,21-10-20,12:00,No,0
eco125,Wednesday,21-10-20,02:00,Yes,1
eng125,Wednesday,21-10-20,11:00,Yes,1
mat115,Thursday,22-10-20,10:00,No,0
mat117,Thursday,22-10-20,11:00,No,0
sta103,Thursday,22-10-20,12:00,No,0
sta103,Sunday,01-11-20,09:00,No,0
mat115,Sunday,01-11-20,11:00,Yes,1
mat117,Sunday,01-11-20,12:00,Yes,1
sta101,Sunday,01-11-20,03:00,Yes,1
sta101,Monday,02-11-20,12:00,No,0
eco125,Monday,02-11-20,02:00,Yes,1
eng125,Monday,02-11-20,11:00,Yes,1
sta103,Tuesday,03-11-20,09:00,No,0
mat115,Tuesday,03-11-20,12:00,Yes,1
mat117,Tuesday,03-11-20,11:00,Yes,1
sta101,Tuesday,03-11-20,03:00,Yes,1
eng125,Wednesday,04-11-20,11:00,No,0
sta103,Wednesday,04-11-20,12:00,No,0
eco125,Wednesday,04-11-20,02:00,Yes,1
mat115,Thursday,05-11-20,10:00,No,0
mat117,Thursday,05-11-20,11:00,No,0
sta103,Thursday,05-11-20,12:00,No,0
mat115,Sunday,08-11-20,11:00,No,0
sta103,Sunday,08-11-20,09:00,No,0
mat117,Sunday,08-11-20,12:00,Yes,1
sta101,Sunday,08-11-20,03:00,Yes,1
eco125,Monday,09-11-20,02:00,No,0
sta101,Monday,09-11-20,12:00,No,0
eng125,Monday,09-11-20,11:00,Yes,1
sta103,Tuesday,10-11-20,09:00,No,0
mat115,Tuesday,10-11-20,12:00,Yes,1
mat117,Tuesday,10-11-20,11:00,Yes,1
sta101,Tuesday,10-11-20,03:00,Yes,1
eco125,Wednesday,11-11-20,02:00,No,0
eng125,Wednesday,11-11-20,11:00,No,0
sta103,Wednesday,11-11-20,12:00,Yes,1
mat115,Thursday,12-11-20,10:00,No,0
mat117,Thursday,12-11-20,11:00,No,0
sta103,Thursday,12-11-20,12:00,No,0
mat115,Sunday,15-11-20,11:00,No,0
mat117,Sunday,15-11-20,12:00,No,0
sta101,Sunday,15-11-20,03:00,No,0
sta103,Sunday,15-11-20,09:00,No,0
sta101,Monday,16-11-20,12:00,No,0
eco125,Monday,16-11-20,02:00,Yes,1
eng125,Monday,16-11-20,11:00,Yes,1
mat115,Tuesday,17-11-20,12:00,No,0
mat117,Tuesday,17-11-20,11:00,No,0
sta101,Tuesday,17-11-20,03:00,No,0
sta103,Tuesday,17-11-20,09:00,No,0
eng125,Wednesday,18-11-20,11:00,No,0
eco125,Wednesday,18-11-20,02:00,Yes,1
sta103,Wednesday,18-11-20,12:00,Yes,1
mat115,Thursday,19-11-20,10:00,No,0
sta103,Thursday,19-11-20,12:00,No,0
mat117,Thursday,19-11-20,11:00,Yes,1
mat115,Sunday,22-11-20,11:00,No,0
mat117,Sunday,22-11-20,12:00,No,0
sta103,Sunday,22-11-20,09:00,No,0
sta101,Sunday,22-11-20,03:00,Yes,1
eco125,Monday,23-11-20,02:00,No,0
eng125,Monday,23-11-20,11:00,No,0
sta101,Monday,23-11-20,12:00,No,0
mat115,Tuesday,24-11-20,12:00,No,0
sta101,Tuesday,24-11-20,03:00,No,0
sta103,Tuesday,24-11-20,09:00,No,0
mat117,Tuesday,24-11-20,11:00,Yes,1
eco125,Wednesday,25-11-20,02:00,No,0
eng125,Wednesday,25-11-20,11:00,No,0
sta103,Wednesday,25-11-20,12:00,No,0
mat115,Thursday,26-11-20,10:00,No,0
mat117,Thursday,26-11-20,11:00,No,0
sta103,Thursday,26-11-20,12:00,No,0
