TRANSACTION DATE,PARTICULARS,WITHDRAWAL AMT,DEPOSIT AMT,BALANCE AMT
1/1/2019,POS 541919XXXXXX4335 ASTER MEDICITY POS DEBIT ,700,,438245.77
1/1/2019,POS 541919XXXXXX4335 WESTSIDE POS DEBIT ,7291,,430954.77
1/1/2019,POS 541919XXXXXX4335 EASY DAY POS DEBIT ,208,,430746.77
2/1/2019,20190102032039502112/PAYTMWALLETLOADING ,2000,,428746.77
2/1/2019,50100034192891-TPT-RENT ,11838,,416908.77
2/1/2019,PHDF7063992589/BILLDKACTTV ,1249.62,,415659.15
3/1/2019,POS 541919XXXXXX4335 ASHWIN PHARMA POS D EBIT ,341,,390318.15
3/1/2019,50400124720680- RD INSTALLMENT-JAN 2019 ,25000,,390659.15
3/1/2019,UPI-50100121158115-SHAMIM.MOKLES@OKHDFCB ANK-PAY-900323878114-SIMMBA ,,600,390111.57
4/1/2019,POS 541919XXXXXX4335 ITUNES.COM/BILLPOS DEBIT ,199,,389912.57
4/1/2019,NEFT CR-SYNB0001206-RAMA H C-MR ADAR RSH RAMA-P19010466892733 ,,100000,489912.57
4/1/2019,POS 541919XXXXXX4335 BANGALIANA POS DEBI T ,180,,489732.57
3/1/2019,682598255/TECHBIGTREEENTERTAIN ,806.58,,389511.57
5/1/2019,NWD-541919XXXXXX4335-S1GJ0361-BANGALORE ,7000,,482732.57
5/1/2019,POS 541919XXXXXX4335 ASTER MEDICITY POS DEBIT ,225,,482507.57
5/1/2019,POS 541919XXXXXX4335 MEDPLUS-OPTIVAL- PO S DEBIT ,266,,482241.57
6/1/2019,POS 541919XXXXXX4335 HIGHWAY AUTO. POS DEBIT IT1 ,1000,,481241.57
7/1/2019,NEFT DR-KVBL0001306-OWNER KRISHNAJI RAO- NETBANK MUM-N007190720543236-HOUSEDEPOS ,50000,,431241.57
7/1/2019,POS 541919XXXXXX4335 ASTER MEDICITY POS ,700,,430541.57
7/1/2019,DEBIT POS 541919XXXXXX4335 ASTER MEDICITY POS DEBIT ,12020,,418521.57
7/1/2019,POS 541919XXXXXX4335 ASTER MEDICITY POS DEBIT ,110,,418411.57
7/1/2019,POS 541919XXXXXX4335 ASTER MEDICITY POS DEBIT ,500,,417911.57
7/1/2019,POS 541919XXXXXX4335 ASTER MEDICITY POS DEBIT ,1840,,416071.57
7/1/2019,POS 541919XXXXXX4335 MEDPLUS-OPTIVAL- PO S DEBIT ,198,,415873.57
8/1/2019,POS 541919XXXXXX4335 MEDPLUS-OPTIVAL- PO S DEBIT ,1226,,414647.57
9/1/2019,UPI-918010018039789-HASSANSUFIYAN2019@ AXIS-900911417142-UBEREATS ,64,,414423.57
8/1/2019,POS 541919XXXXXX4335 AASHIRVAAD DEPAR PO S DEBIT ,160,,414487.57
9/1/2019,POS REF 541919******4335-01/09 HIGHWAY A ,,7.5,414431.07
9/1/2019,POS 541919XXXXXX4335 TOT CAFE POS DEBIT ,187,,414244.07
9/1/2019,POS 541919XXXXXX4335 SRI VENKATESHWAR PO S DEBIT ,500,,413744.07
10/1/2019,BIFN2LONTMMO2O/RAZPCUREFIT IT2 ,221,,413523.07
10/1/2019,NEFT DR-KVBL0001306-OWNER KRISHNAJI RAO- NETBANK MUM-N010190724359517-HOUSEDEPOS ,25000,,388523.07
10/1/2019,POS 541919XXXXXX4335 HAIR AND CARE. POS DEBIT ,180,,388236.07
10/1/2019,POS 541919XXXXXX4335 LEON GRILL POS DEBI T ,467,,387769.07
10/1/2019,PHDF7092557213/BILLDKNATIONALSECURI ,107,,388416.07
11/1/2019,20190111032887943312/PAYTMWALLETLOADING ,5000,,382769.07
12/1/2019,NWD-541919XXXXXX4335-27370707-BANGALORI ,5000,,377769.07
12/1/2019,1ZXHKDXOYVNP6ZZFJV/AMAZONSELLER ,515,,377254.07
14/01/19 ,POS 541919XXXXXX4335 WESTSIDE POS DEBIT ,10671.2,,366582.87
14/01/19 ,POS 541919XXXXXX4335 ROYAL ENFIELD.. POS DEBIT ,12256,,354326.87
14/01/19 ,POS 541919XXXXXX4335 DINESH KINI K POS D EBIT ,1200,,352273.87
14/01/19 ,POS 541919XXXXXX4335 H R MEDICAL POS DEB IT ,853,,353473.87
15/01/19 ,FD BOOKED THROUGH NET-50300306131334 ,20000,,332273.87
15/01/19 ,FD BOOKED THROUGH NET-50300306138000 ,40000,,292273.87
16/01/19 ,POS 541919XXXXXX4335 CHURCHSTREET SOC PO S DEBIT ,2525,,289748.87
17/01/19 ,ADARRSH RAMA/0075/DEMOGRA/17-01-19  AADHAAR UPDATION SERVICE CHARGES ,25,,239723.87
17/01/19 ,CHQ PAID-MICR CTS-CH-POST MASTER RT NAGA ,50000,,239748.87
18/01/19 ,CGST - AADHAAR UPDATION SERVICE CHARGES - NCB1901848103922 ,2.25,,239721.62
18/01/19 ,SGST - AADHAAR UPDATION SERVICE CHARGES - NCB1901848103922 ,2.25,,239719.37
18/01/19 ,POS 541919XXXXXX4335 ITUNES.COM/BILL POS DEBIT ,219,,239500.37
19/01/19 ,POS 541919XXXXXX4335 ITSY BITSY PVT L PO S DEBIT ,757,,238743.37
20/01/19 ,POS 541919XXXXXX4335 TR ENTERPRISES POS DEBIT ,755.18,,238215.19
20/01/19 ,QUARTERLY INTEREST CREDIT 50300233010657 ,,227,238970.37
22/01/19 ,POS 541919XXXXXX4335 SAKRA WORLD HOSP PO S DEBIT ,317,,237898.19
22/01/19 ,POS 541919XXXXXX4335 SAKRA HOSPITAL POS DEBIT ,8000,,229898.19
22/01/19 ,POS 541919XXXXXX4335 SAKRA HOSPITAL POS ,1297,,228601.19
23/01/19 ,DEBIT POS 541919XXXXXX4335 RAMDEV MART POS DEB IT ,580,,228021.19
23/01/19 ,POS 541919XXXXXX4335 QUIRKSTATION RET PO S DEBIT ,1584,,226228.19
23/01/19 ,POS 541919XXXXXX4335 EAT FIT CAFE POS DE BIT ,323,,225905.19
23/01/19 ,POS 541919XXXXXX4335 ENTERTAINMENT ST PO S DEBIT ,209,,227812.19
24/01/19 ,POS 541919XXXXXX4335 A KAVITHA POS DEBIT ,460,,225445.19
24/01/19 ,POS 541919XXXXXX4335 ITUNES.COM/BILL POS DEBIT ,549,,224896.19
25/01/19 ,POS 541919XXXXXX4335 MEDPLUS-OPTIVAL- PO S DEBIT ,655,,223741.19
26/01/19 ,POS 541919XXXXXX4335 SHREE RATHNAM. POS DEBIT ,204,,223537.19
25/01/19 ,POS 541919XXXXXX4335 SREE TIRUMALA SU PO S DEBIT ,500,,224396.19
27/01/19 ,POS 541919XXXXXX4335 CITY SHOPPING CE PO S DEBIT ,405,,220632.19
27/01/19 ,NWD-541919XXXXXX4335-00846069-DHARWAI ,2500,,221037.19
28/01/19 ,POS 541919XXXXXX4335 BHARAT BOOK DEPO PO S DEBIT ,655,,219477.19
27/01/19 ,POS 541919XXXXXX4335 NETFLIX POS DEBIT ,500,,220132.19
28/01/19 ,POS 541919XXXXXX4335 CITY SHOPPING CE PO S DEBIT ,205,,219272.19
29/01/19 ,POS 541919XXXXXX4335 SHOBHA PHARMA PR PO S DEBIT ,260,,218762.19
29/01/19 ,POS 541919XXXXXX4335 NEHA PRAKASH HOS PO S DEBIT ,250,,219022.19
29/01/19 ,POS 541919XXXXXX4335 NEW GOLDEN AMULY PO S DEBIT ,1244,,217518.19
29/01/19 ,CRV POS 541919 4335 HPCL 0.75 CASH ,,3.75,217521.94
30/01/19 ,POS 541919XXXXXX4335 EASY DAY POS DEBIT ,309,,217212.94
30/01/19 ,NWD-541919XXXXXX4335-S1GJ0361-BANGALORE ,5500,,211712.94
30/01/19 ,POS 541919XXXXXX4335 AASHIRVAAD MART POS DEBIT ,730,,210982.94
1/2/2019,UPI-055801547204-naxxxx@OKICICI-90320946 2530-SALA ,,15000,225986.69
1/2/2019,POS 541919XXXXXX4335 MAX HYPERMARKET POS DEBIT ,800.14,,225186.55
1/2/2019,POS 541919XXXXXX4335 LIFE STYLE. POS DEB IT ,1000,,224186.55
31/01/19 ,CRV POS 541919 4335 DISCOUNT ON FUE ,,3.75,210986.69
2/2/2019,EAW-541919XXXXXX4335-BGBN1867-BENGALURU ,2500,,221686.55
3/2/2019,IMPS-903419310112-S SHASHANK-HDFC-XXXXXX XXXX7973-RETURN ADVANCE AMOUNT ,,26862,223548.55
4/2/2019,POS 541919XXXXXX4335 TR ENTERPRISES POS DEBIT ,1060.61,,222487.94
3/2/2019,50400124720680- RD INSTALLMENT-FEB 2019 ,25000,,196686.55
4/2/2019,POS 541919XXXXXX4335 ITUNES.COM/BILL POS DEBIT ,199,,222288.94
8/2/2019,POS 541919XXXXXX4335 SHERLOCKS PUB POS D EBIT ,721,,371567.94
9/2/2019,IMPS-904014113354-OWNER KRISHNAJI RAO-KV BL-XXXXXXXX5863-RENTFORJAN2018 ,2500,,369067.94
9/2/2019,REV-IMPS-904014113354-OWNER KRISHNAJI RA O-KVBL-XXXXXXXX5863-RENTFORJAN2018 ,,2500,371567.94
10/2/2019,POS 541919XXXXXX4335 BPCL M S SURAKSH PO S DEBIT ,1478,,370089.94
5/2/2019,SALARY JAN 19 WEBENZA INDIA PRIVATE LIMI TED ,,150000,372288.94
10/2/2019,POS 541919XXXXXX4335 HARIHARA MEDICAL PO S DEBIT ,1134,,358955.94
10/2/2019,NWD-541919XXXXXX4335-KBL9016-BANGALORE ,10000,,360089.94
13/02/19 ,CRV POS 541919 4335 BPCL 0.75 CASH ,,11.08,358967.02
15/02/19 ,MONTHLY INTEREST CREDIT 50300306131334 ,,122,359089.02
15/02/19 ,MONTHLY INTEREST CREDIT 50300306138000 ,,245,359334.02
15/02/19 ,POS 541919XXXXXX4335 ITUNES.COM/BILI POS DEBIT ,3099,,356235.02
15/02/19 ,20190215105839821857/PAYTMOYOROOMSCOM ,4824,,351411.02
16/02/19 ,POS 541919XXXXXX4335 M/S SUGAR RUSH V PO S DEBIT ,140,,349341.02
17/02/19 ,IMPS-904811141976-V ARUN KUMAR REDDY-ICI C-XXXXXXXX2405-XXBB ,55000,,294341.02
16/02/19 ,POS 541919XXXXXX4335 WESTSIDE POS DEBIT ,1930,,349481.02
17/02/19 ,101005333770133/CITRUSACTTV ,1249.62,,293091.4
18/02/19 ,POS 541919XXXXXX4335 RAJ HOSPITALITY POS DEBIT ,895,,290532.4
17/02/19 ,POS 541919XXXXXX4335 WESTSIDE POS DEBIT ,1664,,291427.4
18/02/19 ,POS 541919XXXXXX4335 ITUNES.COM/BILL POS DEBIT ,219,,289314.4
18/02/19 ,PHDF7229797613/BILLDKRELIANCEJIOINF ,999,,289533.4
20/02/19 ,POS 541919XXXXXX4335 JAI HANUMAN SERV PO S DEBIT ,1695.34,,287619.06
22/02/19 ,POS 541919XXXXXX4335 KRITUNGA RESTAUR PO S DEBIT ,304,,287315.06
22/02/19 ,POS REF 541919 4335-02/22 JAI HANUM ,,12.72,287327.78
23/02/19 ,POS 541919XXXXXX4335 H AND M HENNES A PO S DEBIT ,799,,286528.78
23/02/19 ,POS 541919XXXXXX4335 CORNER HOUSE ICE PO S DEBIT ,294,,284780.78
23/02/19 ,POS 541919XXXXXX4335 TANDOORI TAAL POS D EBIT ,1454,,285074.78
24/02/19 ,POS 541919XXXXXX4335 MEDPLUS-OPTIVAL- PO S DEBIT ,737,,264043.78
26/02/19 ,POS 541919XXXXXX4335 KRITUNGA RESTAUR PO S DEBIT ,394,,263649.78
24/02/19 ,ATW-541919XXXXXX4335-S1ACBL57-BANGALORE URB ,20000,,264780.78
27/02/19 ,20190227037644311512/PAYTMWALLETLOADING ,3000,,260649.78
27/02/19 ,POS 541919XXXXXX4335 NETFLIX POS DEBIT ,500,,260149.78
28/02/19 ,POS 541919XXXXXX4335 ITUNES.COM/BILL POS DEBIT ,-76,,260149.78
28/02/19 ,NEFT DR-SBIN0003827-AKSHAY MALJI-NETBANK MUM-N059190761095065-ADVANCESHLOKBDAY ,10000,,250149.78
28/02/19 ,POS 541919XXXXXX4335 AMMAS PASTRIES POS DEBIT ,270,,249879.78
28/02/19 ,POS 541919XXXXXX4335 MSW*SUMATHI MEDI PO S DEBIT ,828,,249051.78
28/02/19 ,POS 541919XXXXXX4335 APOLLO HOSPITALS PO S DEBIT ,345,,248706.78
28/02/19 ,POS 541919XXXXXX4335 ITUNES.COM/BILL POS DEBIT ,76,,260073.78
28/02/19 ,POS 541919XXXXXX4335 EASY DAY POS DEBIT ,270,,248436.78
1/3/2019,NEFT CR-YESB0000001-QUESS CORP LIMITED-S UHARSH L-N060190205167195 ,,108193,356629.78
3/3/2019,50400124720680- RD INSTALLMENT-MAR 2019 ,25000,,331629.78
4/3/2019,POS 541919XXXXXX4335 BANGALORE RMZ GA PO S DEBIT ,310,,326319.78
4/3/2019,POS 541919XXXXXX4335 BANGALORE RMZ GA PO S DEBIT ,340,,325979.78
3/3/2019,NWD-541919XXXXXX4335-W2326001-DHARWAD ,5000,,326629.78
5/3/2019,UPI-12172210037629-ALTAFAHMEDGUTTEWALLE@ OKHDFCBANK-906410811707-UBER ,630,,324889.78
4/3/2019,POS 541919XXXXXX4335 AASHIRVAAD MART POS DEBIT ,460,,325519.78
5/3/2019,POS 541919XXXXXX4335 LITTLE ITALY POS D ,650,,324239.78
5/3/2019,NEFT CR-SYNB0001206-RAMA H C-MR ADAR RSH RAMA-P19030502062180 ,,12500,321739.78
5/3/2019,EBIT NEFT DR-SBIN0003827-AKSHAY MALJI-NETBANK MUM-N064190766741105-SHLOKBDAY2 ,15000,,309239.78
5/3/2019,POS 541919XXXXXX4335 NEXUS POS DEBIT ,7500,,314239.78
6/3/2019,NEFT DR-KVBL0001306-OWNER KRISHNAJI RAO- NETBANK MUM-N065190767701806-RENTFEB ,15000,,298900.78
5/3/2019,POS 541919XXXXXX4335 MSW*SUMATHI MEDI PO S DEBIT ,339,,313900.78
6/3/2019,UPI-055801547204-naxxxx@OKICICI-90651598 ,,10000,308900.78
7/3/2019,C UPI-00000064161734555-DADUDADU101993@OKS BI-906611220552-UBER ,527,,306374.15
6/3/2019,6213-UPI 20190306038333802874/PAYTMATRIACONVERGEN ,1999.63,,306901.15
7/3/2019,NWD-541919XXXXXX4335-27790703-BANGALORE ,8000,,298374.15
10/3/2019,POS 541919XXXXXX4335 ITUNES.COM/BILL POS DEBIT ,228,,297393.15
11/3/2019,UPI-59310100000161-GUNDAPPA.GOPAL-1@OKHD FCBANK-907009951877-UBER ,483,,296910.15
9/3/2019,QHDF7306302140/BILLDKBESCOM ,753,,297621.15
14/03/19 ,POS 541919XXXXXX4335. J S N PETROL PUM PO S DEBIT ,1838.8,,294668.04
11/3/2019,20190311038976348912/PAYTMWALLETLOADING ,403.31,,296506.84
15/03/19 ,MONTHLY INTEREST CREDIT 50300306131334 ,,111,294779.04
15/03/19 ,MONTHLY INTEREST CREDIT 50300306138000 ,,221,295000.04
15/03/19 ,POS 541919XXXXXX4335 CHANTILLY POS DEBIT ,630,,294370.04
18/03/19 ,POS 541919XXXXXX4335 ITUNES.COM/BILL POS DEBIT ,18,,293700.04
16/03/19 ,20190316039419825275/PAYTMSWIGGYCOM ,652,,293718.04
18/03/19 ,POS 541919XXXXXX4335 TUNES.COM/BILL POS ,219,,293481.04
20/03/19 ,DEBIT POS 541919XXXXXX4335 BURMA BURMA REST PO S DEBIT ,1709,,291772.04
22/03/19 ,UPI-00000031868753355-TARIFUDDIN1993@OKS BI-908121242231-SWIGGY ,223,,291549.04
23/03/19 ,POS 541919XXXXXX4335 TR ENTERPRISES POS DEBIT ,2249.75,,289299.29
23/03/19 ,POS 541919XXXXXX4335 ASTER MEDICITY POS DEBIT ,500,,288799.29
23/03/19 ,POS 541919XXXXXX4335 ASTER MEDICITY POS DEBIT ,2938,,285861.29
23/03/19 ,UPI-00000032522641194-BANDARIKRISS.33@OK ,272,,285589.29
23/03/19 ,AXIS-908220837660-UBER POS 541919XXXXXX4335 COMMUNITY INDIA POS DEBIT ,2274,,283315.29
24/03/19 ,POS 541919XXXXXX4335 ADYAR ANANDA BHA PO S DEBIT ,129,,282844.99
24/03/19 ,UPI-0419101101302-MOHMMEDRIYAZ20623@OKHI FCBANK-908319181127-CHAIRS ,400,,282444.99
23/03/19 ,LUQHI4MOA55KJP6U/PAYUZOMATOMEDIAPVTLT ,341.3,,282973.99
26/03/19 ,POS 541919XXXXXX4335 DINESH KINI K POS D EBIT ,800,,278144.99
26/03/19 ,POS 541919XXXXXX4335 H R MEDICAL POS DEB IT ,2730,,275414.99
24/03/19 ,NWD-541919XXXXXX4335-27790703-BANGALORE ,3500,,278944.99
27/03/19 ,POS 541919XXXXXX4335 MSW*NAVEENN KUMA PO S DEBIT ,630,,274284.99
29/03/19 ,UPI-0896104000385466-RAORAJU782@OKICICI- 908814857412-UPI ,55,,274229.99
27/03/19 ,POS 541919XXXXXX4335 NETFLIX POS DEBIT ,500,,274914.99
29/03/19 ,UPI-50100014634230-THISISDEEPSID@OKHDFCB ANK-908822024630-UPI ,125,,274104.99
31/03/19 ,1LYLQZPXHTQ6CZV492/AMAZONSELLER ,180,,273924.99
31/03/19 ,LURX44MNAJZKNOGW/PAYUBIGBASKETCOM ,970,,272954.99
1/4/2019,TAX RECOVERY FOR TD A/C 50300233010657  DEPOSIT NO.1 50300233010657 ,90,,269144.99
1/4/2019,TAX RECOVERY FOR TD A/C 50300306131334  DEPOSIT NO.1 50300306131334 ,30,,269114.99
1/4/2019,TAX RECOVERY FOR TD A/C 50300306138000  DEPOSIT NO.1 50300306138000 ,60,,269054.99
31/03/19 ,POS 541919XXXXXX4335 WESTSIDE POS DEBIT ,3720,,269234.99
1/4/2019,CREDIT INTEREST CAPITALISED ,,2634,271688.99
