Name,Longitude,Latitude
Ebute Oja,2.87564,6.41779
Oja Manogere,2.88088,6.41759
Agbara Market Odan/Jidah,3.1008851,6.5048423
Alaba International Market,3.188325,6.461098
Market Street,3.2401162,6.5293421
Ikotun Egbe Lagos,3.2689905,6.5487489
Festac Shopping Centre,3.2741493,6.4768058
Omotanwa Oluyole -Olusi Market,3.2753476,6.4772103
Plank Market,3.2838526,6.4602711
Second Gate Agboju Market,3.2860709,6.4612562
Mammy Market,3.2904326,6.4511031
Agege Main Market,3.324884,6.6198488
Westminster Market,3.3272893,6.4397828
Ipodo Market,3.34326,6.5951896
Alade Shopping Mall Allen Ikeja,3.349784,6.607054
Oshodi Market,3.3499372,6.5569798
Oregun Mini Market,3.3639581,6.6009966
Tejuosho Market,3.3675767,6.5063837
Oyingbo Market,3.3837247,6.479988
Idumota Market,3.3841554,6.4571606
Ketu Market,3.3841909,6.5963027
Balogun Market,3.384492,6.4576061
Jankara Market,3.3916184,6.4592197
Sandgrouse Market,3.40077,6.4520735
Oniru Shopping Plaza,3.4566917,6.428314
Itedo Market,3.4854591,6.4375018
Oba Elegushi International Market,3.5002664,6.4341738
Ladega Market,3.5043409,6.6156866
Lekki Market / Maroko Market,3.5059369,6.434893
Jakande Market,3.5080555,6.4353134
Market,3.5092762,6.6125619
Ultra Modern Market,3.556342,6.4632282
Ajah Market Lagos,3.5637301,6.4679558
Elepe Community Market,3.5670087,6.6164892
Addo Market,3.5851184,6.4976906
Sangotedo Market,3.6323923,6.4718502
