,Доступ к Интернет 2015,Доступ к Интернет 2018,Доступ к Интернет 2019,Широкополосный доступ 2015,Широкополосный доступ 2018,Широкополосный доступ 2019,Мобильный интернет 2015,Мобильный интернет 2018,Мобильный интернет 2019
Республика Алтай,74.2,84.4,73.2,63.4,84.4,73.2,34.1,81.4,71.0
Республика Тыва,68.6,87.4,87.5,52.3,87.4,78.4,45.8,83.1,79.2
Республика Хакасия,76.5,66.9,69.2,74.9,54.5,53.5,32.8,42.1,51.0
Алтайский край,66.1,73.4,76.0,57.6,69.4,69.4,22.5,54.0,64.2
Красноярский край,68.7,72.0,69.5,62.2,66.8,66.4,22.4,52.1,55.4
Иркутская область,74.6,73.5,74.5,65.3,69.9,72.8,38.0,52.7,63.2
Кемеровская область,69.4,70.5,69.7,61.4,66.4,66.2,33.1,51.8,57.4
Новосибирская область,72.7,76.3,80.0,65.2,74.5,79.1,29.7,68.0,74.6
Омская область,73.3,74.5,78.2,68.4,74.0,76.6,29.9,63.1,68.7
Томская область,67.0,65.1,73.6,64.3,63.7,72.8,39.6,52.8,65.9
