name,ceo_name,rating,reviews,type,hq,old,employees
TCS,Rajesh Gopinathan (21 Feb 2017–),3.9,16.2k Reviews,Public,Mumbai + 159 more,52 years old,10000+ employees
Accenture,Julie Sweet (1 Sep 2019–),4,14.2k Reviews,Private,Dublin + 92 more,31 years old,10000+ employees
ICICI Bank,Sandeep Bakhshi (15 Oct 2018–),4.1,12.7k Reviews,Public,Mumbai + 725 more,26 years old,10000+ employees
Cognizant,Brian Humphries (1 Apr 2019–),3.9,12.2k Reviews,Private,Teaneck + 44 more,26 years old,10000+ employees
HDFC Bank,Aditya Puri (Sep 1994–),4,11k Reviews,Public,Mumbai + 703 more,26 years old,10000+ employees
Infosys,Salil Parekh (2 Jan 2018–),3.9,10.7k Reviews,Public,Bangalore + 62 more,39 years old,10000+ employees
L&T,,4.1,10k Reviews,Public,Mumbai + 335 more,82 years old,10000+ employees
Capgemini,Paul Hermelin (Dec 2001–),3.3,9.5k Reviews,Private,Paris + 43 more,53 years old,10000+ employees
Tech Mahindra,C. P. Gurnani (24 May 2012–),3.6,9k Reviews,Public,Pune + 144 more,34 years old,10000+ employees
HCL Technologies,C Vijayakumar (Oct 2016–),3.7,8.7k Reviews,Public,Noida + 106 more,14 years old,10000+ employees
IBM,Arvind Krishna (6 Apr 2020–),4,8.2k Reviews,Private,New York + 71 more,109 years old,10000+ employees
Tata Motors,Guenter Butschek (15 Feb 2016–),4.1,8.2k Reviews,Public,Pune + 337 more,75 years old,10000+ employees
Reliance jio,,4,7.8k Reviews,Public,Navi Mumbai + 589 more,10 years old,10000+ employees
Genpact,NV Tyagarajan (17 Jun 2011–),4,7.8k Reviews,Private,New York + 31 more,23 years old,10000+ employees
Axis Bank,Amitabh Chaudhry (1 Jan 2019–),4,7.7k Reviews,Public,Mumbai + 648 more,27 years old,10000+ employees
Wipro,Abidali Neemuchwala (1 Feb 2016–),3.8,6.6k Reviews,Public,Bangalore + 119 more,75 years old,10000+ employees
Concentrix Daksh Service...,,4,6.6k Reviews,,New Delhi + 37 more,21 years old,10000+ employees
Vodafone,Nick Read (1 Oct 2018–),4.3,5.9k Reviews,Public,Berkshire + 366 more,38 years old,10000+ employees
HDB Financial Services,,4,5.6k Reviews,Private,Ahmedabad + 445 more,13 years old,10000+ employees
Bharti Airtel,Gopal Vittal (1 Mar 2013–),4.2,5.4k Reviews,Public,New Delhi + 341 more,25 years old,10000+ employees
Kotak Mahindra Bank,Uday Kotak (1 May 2018–),3.8,5.2k Reviews,Public,Mumbai + 343 more,17 years old,10000+ employees
Amazon,Jeff Bezos (May 1996–),4.2,5k Reviews,Private,Washington + 164 more,26 years old,10000+ employees
Reliance,Mukesh Ambani (31 Jul 2002–),4.2,4.6k Reviews,Public,Mumbai + 210 more,54 years old,10000+ employees
Bajaj Finserv,Sanjiv Bajaj (20 Feb 2008–),4.1,3.8k Reviews,Public,Pune + 461 more,13 years old,10000+ employees
IndusInd Bank,Sumant Kathpalia (24 Mar 2020–),3.6,3.7k Reviews,Public,Mumbai + 357 more,26 years old,10000+ employees
Samsung,,4.2,3.5k Reviews,Private,Seoul + 288 more,82 years old,10000+ employees
Hinduja Global Solutions,,3.8,3.5k Reviews,Public,Bangalore + 50 more,20 years old,10000+ employees
Indian Army,,4.7,3.3k Reviews,Govt agency,New Delhi + 188 more,125 years old,10000+ employees
Mahindra & Mahindra,Anand Mahindra (Apr 1997–),4.3,3.2k Reviews,Public,Mumbai + 276 more,75 years old,10000+ employees
Teleperformance,Daniel Julien (Oct 2017–),3.7,3.1k Reviews,Private,Paris + 39 more,42 years old,10000+ employees
