﻿What is your gender?,What is your age group?,How long you suffer from kidney disease?,Select your blood pressure level,Do you have frequent nausea?,Do you have frequent vomit?,Do you have a loss of appetite?,Is there a persistent itching in your skin?,Do you have frequent hiccups?,Is there metallic taste in your mouth?,Have you feel fatigue and weakness?,Do you have difficulties of sleeping?,Are there any changes in how much you urinate?,Have you feel decreased mental sharpness?,Do you have frequent muscle cramps / muscle twitches?,Are there Swelling of feet and ankles?,Is there any difficulty in controlling high blood pressure (hypertension)?
Male,65 - 74 years,1 - 3 years,120 - 139 mm Hg,Yes,No,Yes,No,Yes,No,Yes,Yes,No,Yes,No,Yes,No
Female,55 - 64 years,Below 1 year,120 - 139 mm Hg,No,No,No,No,No,No,No,No,No,No,No,No,No
Male,75 - 84 years,4 - 6 years,140 - 159 mm Hg,No,Yes,No,Yes,Yes,No,No,Yes,Yes,Yes,Yes,No,Yes
Female,55 - 64 years,1 - 3 years,140 - 159 mm Hg,No,Yes,No,Yes,No,No,Yes,Yes,Yes,No,Yes,No,No
Female,85 - 94 years,1 - 3 years,120 - 139 mm Hg,Yes,No,Yes,Yes,No,Yes,Yes,No,Yes,No,Yes,No,No
Female,55 - 64 years,Below 1 year,< 120 mm Hg,No,No,No,No,No,No,Yes,No,No,No,Yes,No,No
Male,65 - 74 years,1 - 3 years,120 - 139 mm Hg,Yes,No,No,Yes,No,Yes,No,Yes,Yes,No,No,No,No
Female,75 - 84 years,Below 1 year,120 - 139 mm Hg,Yes,Yes,Yes,Yes,No,No,No,Yes,No,Yes,No,Yes,No
Male,75 - 84 years,Below 1 year,140 - 159 mm Hg,Yes,No,Yes,No,Yes,No,Yes,Yes,No,Yes,No,Yes,Yes
Female,55 - 64 years,1 - 3 years,120 - 139 mm Hg,Yes,Yes,Yes,No,Yes,No,Yes,Yes,No,Yes,No,No,No
Male,65 - 74 years,1 - 3 years,120 - 139 mm Hg,Yes,No,Yes,Yes,No,Yes,No,Yes,Yes,No,Yes,Yes,Yes
Female,75 - 84 years,Below 1 year,120 - 139 mm Hg,Yes,No,Yes,No,Yes,No,Yes,Yes,Yes,No,Yes,No,No
Male,65 - 74 years,1 - 3 years,140 - 159 mm Hg,Yes,No,Yes,No,Yes,Yes,No,Yes,No,Yes,No,Yes,Yes
Female,75 - 84 years,1 - 3 years,120 - 139 mm Hg,Yes,No,No,No,Yes,No,Yes,No,Yes,Yes,No,Yes,Yes
Male,65 - 74 years,1 - 3 years,120 - 139 mm Hg,Yes,No,Yes,No,Yes,No,Yes,No,Yes,No,Yes,No,Yes
Male,85 - 94 years,1 - 3 years,120 - 139 mm Hg,No,Yes,No,Yes,Yes,Yes,No,Yes,No,No,No,No,No
Female,65 - 74 years,1 - 3 years,160 - 179 mm Hg,Yes,No,Yes,No,Yes,Yes,No,Yes,Yes,No,Yes,No,No
Male,65 - 74 years,1 - 3 years,160 - 179 mm Hg,Yes,No,Yes,No,Yes,No,Yes,Yes,Yes,No,Yes,No,No
Female,55 - 64 years,1 - 3 years,160 - 179 mm Hg,Yes,No,Yes,No,Yes,No,Yes,No,Yes,No,Yes,No,No
Female,65 - 74 years,4 - 6 years,120 - 139 mm Hg,Yes,No,Yes,Yes,No,No,Yes,No,Yes,Yes,Yes,No,No
Male,65 - 74 years,4 - 6 years,120 - 139 mm Hg,Yes,No,Yes,No,Yes,No,Yes,No,Yes,No,Yes,No,Yes
Female,55 - 64 years,Below 1 year,120 - 139 mm Hg,Yes,No,No,No,No,No,Yes,No,No,Yes,No,No,No
Male,65 - 74 years,1 - 3 years,120 - 139 mm Hg,No,Yes,No,Yes,Yes,Yes,No,Yes,No,Yes,No,Yes,No
Male,75 - 84 years,Below 1 year,140 - 159 mm Hg,Yes,Yes,No,Yes,No,Yes,No,Yes,Yes,Yes,No,Yes,No
Female,55 - 64 years,1 - 3 years,120 - 139 mm Hg,Yes,Yes,Yes,No,Yes,No,No,No,Yes,No,Yes,Yes,Yes
Female,55 - 64 years,1 - 3 years,120 - 139 mm Hg,Yes,No,Yes,No,Yes,Yes,No,Yes,No,Yes,Yes,Yes,Yes
Male,65 - 74 years,4 - 6 years,120 - 139 mm Hg,Yes,Yes,No,Yes,No,Yes,Yes,Yes,No,Yes,No,Yes,No
Female,65 - 74 years,1 - 3 years,140 - 159 mm Hg,Yes,Yes,Yes,Yes,No,No,No,No,No,Yes,No,Yes,No
Male,85 - 94 years,4 - 6 years,140 - 159 mm Hg,Yes,No,No,Yes,No,Yes,No,Yes,Yes,Yes,Yes,Yes,No
Male,75 - 84 years,Below 1 year,140 - 159 mm Hg,Yes,No,Yes,No,Yes,No,Yes,Yes,No,Yes,Yes,No,No
Male,65 - 74 years,1 - 3 years,120 - 139 mm Hg,Yes,No,Yes,No,Yes,No,Yes,Yes,Yes,Yes,Yes,Yes,No
Female,65 - 74 years,Below 1 year,120 - 139 mm Hg,Yes,No,Yes,Yes,Yes,No,Yes,Yes,No,Yes,No,Yes,Yes
Female,55 - 64 years,1 - 3 years,120 - 139 mm Hg,Yes,Yes,Yes,No,No,No,Yes,No,Yes,No,Yes,No,Yes
Male,55 - 64 years,Below 1 year,120 - 139 mm Hg,Yes,No,Yes,Yes,No,Yes,Yes,No,Yes,No,Yes,No,Yes
Female,55 - 64 years,Below 1 year,120 - 139 mm Hg,Yes,Yes,No,Yes,Yes,No,Yes,No,Yes,No,Yes,No,Yes
Male,65 - 74 years,4 - 6 years,120 - 139 mm Hg,Yes,Yes,No,Yes,Yes,No,Yes,Yes,Yes,Yes,No,Yes,No
Female,55 - 64 years,Below 1 year,120 - 139 mm Hg,Yes,No,Yes,No,Yes,Yes,No,Yes,No,Yes,Yes,Yes,Yes
Female,75 - 84 years,1 - 3 years,120 - 139 mm Hg,Yes,Yes,No,Yes,Yes,No,Yes,No,Yes,No,Yes,Yes,No
Male,65 - 74 years,1 - 3 years,120 - 139 mm Hg,Yes,No,Yes,Yes,No,Yes,Yes,No,Yes,No,Yes,No,No
Male,55 - 64 years,Below 1 year,120 - 139 mm Hg,Yes,No,Yes,Yes,Yes,Yes,No,Yes,No,Yes,No,Yes,Yes
Male,75 - 84 years,1 - 3 years,120 - 139 mm Hg,Yes,Yes,Yes,No,No,Yes,No,Yes,Yes,No,Yes,Yes,Yes
Male,75 - 84 years,Below 1 year,120 - 139 mm Hg,No,Yes,No,Yes,Yes,Yes,Yes,No,Yes,No,Yes,No,Yes
Female,55 - 64 years,Below 1 year,120 - 139 mm Hg,Yes,Yes,Yes,Yes,No,Yes,Yes,Yes,No,Yes,Yes,No,Yes
Male,65 - 74 years,1 - 3 years,120 - 139 mm Hg,Yes,No,Yes,No,Yes,No,Yes,No,Yes,Yes,No,Yes,No
Female,55 - 64 years,Below 1 year,120 - 139 mm Hg,Yes,No,Yes,Yes,Yes,No,Yes,No,Yes,Yes,Yes,No,No
Female,55 - 64 years,4 - 6 years,120 - 139 mm Hg,No,Yes,No,Yes,Yes,No,Yes,No,Yes,No,Yes,Yes,Yes
Male,75 - 84 years,1 - 3 years,120 - 139 mm Hg,No,Yes,Yes,Yes,No,Yes,Yes,No,Yes,Yes,Yes,No,Yes
Male,75 - 84 years,1 - 3 years,120 - 139 mm Hg,Yes,Yes,Yes,Yes,No,Yes,No,No,Yes,Yes,No,Yes,Yes
Female,65 - 74 years,1 - 3 years,120 - 139 mm Hg,Yes,Yes,No,Yes,Yes,Yes,No,Yes,No,Yes,Yes,Yes,Yes
Female,55 - 64 years,1 - 3 years,120 - 139 mm Hg,Yes,No,Yes,Yes,No,Yes,Yes,No,Yes,No,Yes,No,No
Male,75 - 84 years,1 - 3 years,120 - 139 mm Hg,Yes,Yes,No,Yes,No,Yes,No,Yes,No,Yes,Yes,Yes,Yes
Female,75 - 84 years,Below 1 year,120 - 139 mm Hg,Yes,Yes,No,Yes,No,Yes,Yes,Yes,Yes,No,Yes,No,Yes
Female,65 - 74 years,Below 1 year,120 - 139 mm Hg,Yes,No,Yes,Yes,No,Yes,Yes,Yes,Yes,No,Yes,Yes,No
Male,75 - 84 years,1 - 3 years,160 - 179 mm Hg,Yes,No,Yes,Yes,No,Yes,No,Yes,No,Yes,No,Yes,No
Female,65 - 74 years,Below 1 year,120 - 139 mm Hg,Yes,No,Yes,Yes,No,Yes,No,Yes,No,Yes,No,Yes,Yes
Female,55 - 64 years,4 - 6 years,120 - 139 mm Hg,No,Yes,No,Yes,Yes,No,Yes,Yes,Yes,No,Yes,Yes,No
Female,55 - 64 years,1 - 3 years,120 - 139 mm Hg,Yes,Yes,No,Yes,No,Yes,No,Yes,No,Yes,No,Yes,Yes
Female,75 - 84 years,4 - 6 years,120 - 139 mm Hg,No,No,No,No,No,No,Yes,Yes,No,Yes,Yes,No,No
Male,65 - 74 years,Below 1 year,120 - 139 mm Hg,Yes,No,No,No,Yes,No,Yes,Yes,Yes,No,Yes,Yes,Yes
Female,55 - 64 years,1 - 3 years,120 - 139 mm Hg,Yes,No,Yes,No,Yes,No,Yes,Yes,Yes,No,Yes,Yes,Yes
Male,75 - 84 years,Below 1 year,140 - 159 mm Hg,Yes,No,No,Yes,No,No,No,No,No,Yes,No,Yes,Yes
Female,85 - 94 years,1 - 3 years,120 - 139 mm Hg,No,No,No,No,No,No,No,No,Yes,No,Yes,No,No
Male,65 - 74 years,1 - 3 years,140 - 159 mm Hg,Yes,No,Yes,Yes,Yes,No,Yes,No,Yes,No,Yes,No,No
Female,55 - 64 years,1 - 3 years,140 - 159 mm Hg,No,No,No,No,No,No,Yes,No,Yes,Yes,Yes,Yes,Yes
Female,65 - 74 years,1 - 3 years,140 - 159 mm Hg,Yes,No,Yes,No,No,No,Yes,Yes,No,No,No,No,No
Male,75 - 84 years,1 - 3 years,140 - 159 mm Hg,No,No,No,No,No,No,No,No,Yes,No,No,No,No
Female,85 - 94 years,1 - 3 years,160 - 179 mm Hg,Yes,No,No,No,No,No,No,Yes,Yes,Yes,Yes,No,Yes
Female,65 - 74 years,1 - 3 years,120 - 139 mm Hg,No,No,No,No,No,No,Yes,No,Yes,Yes,Yes,Yes,No
Male,75 - 84 years,Below 1 year,120 - 139 mm Hg,No,Yes,No,No,No,Yes,No,Yes,No,No,No,No,No
Male,85 - 94 years,1 - 3 years,120 - 139 mm Hg,Yes,No,No,No,No,No,No,No,No,Yes,No,Yes,Yes
Female,75 - 84 years,Below 1 year,120 - 139 mm Hg,Yes,No,Yes,Yes,Yes,No,No,No,No,No,Yes,No,No
Male,65 - 74 years,1 - 3 years,140 - 159 mm Hg,Yes,No,No,No,No,No,No,Yes,No,No,Yes,Yes,Yes
Male,65 - 74 years,4 - 6 years,120 - 139 mm Hg,Yes,No,Yes,No,Yes,Yes,Yes,Yes,No,Yes,No,Yes,No
Female,55 - 64 years,1 - 3 years,120 - 139 mm Hg,Yes,No,Yes,No,No,Yes,No,Yes,Yes,Yes,Yes,Yes,No
Female,85 - 94 years,Below 1 year,120 - 139 mm Hg,No,No,No,No,No,Yes,No,Yes,No,No,No,No,No
Male,65 - 74 years,4 - 6 years,120 - 139 mm Hg,Yes,No,No,No,Yes,No,No,No,Yes,No,No,No,No
Female,75 - 84 years,Above 7 years,120 - 139 mm Hg,Yes,No,Yes,No,No,No,No,No,Yes,No,No,No,Yes
Male,75 - 84 years,Below 1 year,140 - 159 mm Hg,Yes,No,No,No,No,Yes,No,Yes,Yes,Yes,Yes,Yes,No
Female,65 - 74 years,1 - 3 years,120 - 139 mm Hg,Yes,No,Yes,No,Yes,Yes,No,Yes,Yes,Yes,No,Yes,Yes
Female,65 - 74 years,Below 1 year,120 - 139 mm Hg,No,Yes,No,Yes,Yes,No,Yes,No,Yes,No,Yes,No,No
Female,75 - 84 years,1 - 3 years,160 - 179 mm Hg,No,No,No,No,No,No,No,No,Yes,No,No,No,No
Male,75 - 84 years,1 - 3 years,160 - 179 mm Hg,No,No,No,No,No,No,Yes,Yes,No,Yes,Yes,Yes,Yes
Male,85 - 94 years,4 - 6 years,120 - 139 mm Hg,No,No,No,No,No,No,No,No,No,No,No,No,No
Female,75 - 84 years,Below 1 year,140 - 159 mm Hg,Yes,No,Yes,No,Yes,No,Yes,No,Yes,No,Yes,No,No
Female,55 - 64 years,Below 1 year,120 - 139 mm Hg,Yes,Yes,No,No,Yes,Yes,No,Yes,Yes,No,Yes,Yes,Yes
Female,75 - 84 years,Below 1 year,140 - 159 mm Hg,Yes,Yes,No,No,No,Yes,No,No,No,No,No,Yes,No
Male,75 - 84 years,1 - 3 years,160 - 179 mm Hg,No,No,No,No,No,No,No,No,No,No,No,No,No
Female,65 - 74 years,4 - 6 years,120 - 139 mm Hg,No,No,No,No,No,No,No,No,No,No,No,No,No
Male,85 - 94 years,1 - 3 years,160 - 179 mm Hg,Yes,No,Yes,No,Yes,No,Yes,No,No,Yes,No,Yes,Yes
Female,75 - 84 years,Below 1 year,140 - 159 mm Hg,Yes,No,No,Yes,No,Yes,No,Yes,No,Yes,No,No,No
Male,65 - 74 years,Below 1 year,120 - 139 mm Hg,Yes,Yes,No,No,No,Yes,Yes,Yes,No,No,No,No,No
Male,65 - 74 years,Below 1 year,140 - 159 mm Hg,No,No,No,Yes,No,Yes,No,No,Yes,Yes,No,No,No
Female,55 - 64 years,1 - 3 years,140 - 159 mm Hg,Yes,Yes,No,No,No,Yes,No,Yes,No,No,No,Yes,Yes
Male,75 - 84 years,Below 1 year,160 - 179 mm Hg,Yes,No,Yes,No,Yes,Yes,No,No,No,No,No,Yes,No
Female,85 - 94 years,Below 1 year,160 - 179 mm Hg,Yes,No,No,No,No,No,No,No,No,No,Yes,Yes,No
Male,65 - 74 years,Below 1 year,120 - 139 mm Hg,Yes,No,Yes,No,No,No,Yes,No,Yes,No,No,No,No
Female,75 - 84 years,Above 7 years,120 - 139 mm Hg,No,No,No,No,No,No,No,Yes,No,No,Yes,No,No
Male,Above 95 years,4 - 6 years,120 - 139 mm Hg,No,No,No,No,No,No,No,No,No,Yes,No,No,No
Female,85 - 94 years,4 - 6 years,120 - 139 mm Hg,Yes,No,Yes,No,Yes,No,Yes,No,Yes,Yes,No,Yes,No
Male,75 - 84 years,4 - 6 years,120 - 139 mm Hg,No,Yes,Yes,No,Yes,No,Yes,No,Yes,No,No,No,Yes
Female,75 - 84 years,1 - 3 years,120 - 139 mm Hg,Yes,No,Yes,Yes,No,Yes,No,No,No,No,No,No,Yes
Female,65 - 74 years,1 - 3 years,120 - 139 mm Hg,Yes,Yes,Yes,No,Yes,No,No,No,No,No,Yes,No,No
Male,85 - 94 years,1 - 3 years,120 - 139 mm Hg,No,No,No,Yes,No,Yes,No,Yes,No,Yes,No,No,Yes
Female,65 - 74 years,4 - 6 years,120 - 139 mm Hg,No,No,No,No,No,No,No,No,No,No,No,No,No
Female,65 - 74 years,Below 1 year,120 - 139 mm Hg,Yes,No,Yes,No,No,No,Yes,No,Yes,Yes,No,No,Yes
Female,55 - 64 years,1 - 3 years,140 - 159 mm Hg,No,No,No,No,No,No,Yes,No,Yes,No,No,No,No
Male,85 - 94 years,4 - 6 years,120 - 139 mm Hg,No,No,No,No,No,No,No,Yes,No,No,No,Yes,Yes
Male,65 - 74 years,1 - 3 years,140 - 159 mm Hg,No,Yes,No,Yes,No,Yes,Yes,No,Yes,Yes,Yes,No,No
Female,75 - 84 years,1 - 3 years,140 - 159 mm Hg,Yes,No,Yes,Yes,Yes,Yes,No,No,Yes,Yes,Yes,No,Yes
Female,55 - 64 years,Below 1 year,120 - 139 mm Hg,Yes,Yes,No,No,Yes,No,Yes,Yes,Yes,Yes,No,Yes,Yes
Female,65 - 74 years,Below 1 year,160 - 179 mm Hg,No,Yes,Yes,No,Yes,Yes,No,Yes,No,Yes,No,No,No
Female,65 - 74 years,1 - 3 years,140 - 159 mm Hg,Yes,Yes,No,Yes,No,No,No,No,No,No,Yes,Yes,Yes
Female,55 - 64 years,1 - 3 years,< 120 mm Hg,No,No,Yes,No,Yes,No,Yes,Yes,Yes,No,Yes,No,No
Male,55 - 64 years,Below 1 year,120 - 139 mm Hg,No,No,No,Yes,No,No,Yes,No,No,Yes,No,No,Yes
Male,75 - 84 years,Below 1 year,120 - 139 mm Hg,No,Yes,No,Yes,No,No,No,No,No,No,No,No,Yes
Male,75 - 84 years,1 - 3 years,120 - 139 mm Hg,Yes,No,No,Yes,No,Yes,Yes,No,Yes,No,Yes,No,No
Female,65 - 74 years,4 - 6 years,120 - 139 mm Hg,Yes,Yes,Yes,Yes,Yes,Yes,No,No,Yes,No,Yes,No,No
Female,55 - 64 years,1 - 3 years,< 120 mm Hg,Yes,No,Yes,No,Yes,No,Yes,No,No,Yes,No,Yes,No
Female,55 - 64 years,Below 1 year,120 - 139 mm Hg,No,Yes,No,Yes,No,Yes,No,No,Yes,Yes,No,No,No
Male,75 - 84 years,4 - 6 years,120 - 139 mm Hg,No,No,No,No,No,No,Yes,Yes,No,Yes,Yes,No,No
Female,65 - 74 years,1 - 3 years,140 - 159 mm Hg,Yes,No,Yes,No,Yes,Yes,Yes,No,Yes,Yes,No,Yes,Yes
Male,Above 95 years,4 - 6 years,120 - 139 mm Hg,Yes,Yes,No,Yes,No,Yes,Yes,Yes,No,Yes,Yes,Yes,Yes
Female,75 - 84 years,1 - 3 years,120 - 139 mm Hg,Yes,Yes,Yes,Yes,Yes,No,Yes,Yes,No,No,Yes,Yes,Yes
Male,85 - 94 years,1 - 3 years,140 - 159 mm Hg,Yes,Yes,No,Yes,Yes,Yes,Yes,Yes,No,Yes,No,Yes,Yes
Female,55 - 64 years,1 - 3 years,120 - 139 mm Hg,Yes,No,Yes,No,No,Yes,No,Yes,Yes,No,Yes,No,Yes
Male,65 - 74 years,1 - 3 years,120 - 139 mm Hg,Yes,No,Yes,No,Yes,No,Yes,No,Yes,No,Yes,No,Yes
Male,85 - 94 years,Above 7 years,120 - 139 mm Hg,Yes,No,Yes,No,Yes,No,Yes,No,Yes,No,No,Yes,Yes
Male,65 - 74 years,Above 7 years,140 - 159 mm Hg,Yes,Yes,No,No,No,No,No,No,No,No,No,No,No
