#,Year,Location,Date,Venue,Country,Top Nation,Events,Notes
1,1925,Janské Lázně,4 – 14 Feb,—,,{{TCH}},4,Denoted Rendezvous races
2,1926,Lahti,4 – 6 Feb,Salpausselkä,Finland,Norway,4,Denoted Rendezvous races
3,1927,Cortina d'Ampezzo,2 – 5 Feb,Trampolino Olimpico,ITA 1861,Sweden,4,Denoted FIS races
4,1929,Zakopane,5 – 9 Feb,—,POL 1928,Finland,4,Denoted FIS races
5,1930,Oslo,27 Feb – 1 Mar,Holmenkollen,Norway,Norway,4,
6,1931,Oberhof,13 – 15 Feb,—,GER Weimar,Norway,4,
7,1933,Innsbruck,8 – 12 Feb,,Austria,Sweden,5,Denoted FIS races . First with cross-country relay
8,1934,Sollefteå,20 – 25 Feb,Hallstaberget,Sweden,Norway,5,Denoted FIS races
9,1935,Vysoké Tatry,13 – 18 Feb,,{{TCH}} <small>(2)</small>,Norway,5,Denoted FIS races
10,1937,Chamonix,12 – 28 Feb,Tremplin Olympique / Stade Olympique,France,Norway,5,First official FIS Nordic World Ski Championships
11,1938,Lahti (2),24 – 28 Feb,Salpausselkä,Finland (2),Finland,5,
12,1939,Zakopane (2),11 – 19 Feb,—,POL 1928 (2),Finland,5,
—,1941,[[Cortina d'Ampezzo]] <small>(2)</small>,1 – 10 Feb,Trampolino Olimpico,ITA 1861 (2),Finland,5,Declared unofficial in 1946
13,1950,Lake Placid ( SJ Ski jumping ) Rumford ( XC Cross-country skiing ),1 – 6 Feb,Intervales —,USA 1912,Sweden,5,First championship outside Europe
14,1954,Falun,13 – 21 Feb,Lugnet,Sweden (2),URS 1936,8,First championship with women
15,1958,Lahti (3),1 – 9 Mar,Salpausselkä,Finland (3),Finland,8,
16,1962,Zakopane (3),18 – 25 Feb,—,POL 1928 (3),URS 1955,10,First with normal hill
17,1966,Oslo (2),17 – 27 Feb,Holmenkollen,Norway (2),Norway,10,
18,1970,Vysoké Tatry (2),14 – 22 Feb,Štrbské pleso,(3),URS 1955,10,
19,1974,Falun (2),16 – 24 Feb,Lugnet,Sweden (3),,10,
20,1978,Lahti (4),18 – 26 Feb,Salpausselkä,Finland (4),URS 1955,11,
21,1980,Falun (3),8 Mar,Lugnet,Sweden (4),,1 Non-Olympic event: women's 20 &nbsp; km cross-country skiing.,Non-Olympic event
22,1982,Oslo (3),19 – 28 Feb,Holmenkollen,Norway (3),Norway,13,First with team large hill/Nordic combined relay
23,1984,Engelberg ( SJ Ski jumping ) Rovaniemi ( NC Nordic combined ),26 Feb 17 Mar,Gross-Titlis-Schanze –,Finland (5),Finland,2 Non-Olympic events: FIN: 3 x 10 &nbsp; km team Nordic combined; SUI: Non-Olympic event: team large hill ski jumping.,Non-Olympic events
24,1985,Seefeld,16 – 27 Jan,Seefeld Nordic Competence Centre / Bergiselschanze in Innsbruck,Austria (2),Norway,13,
25,1987,Oberstdorf,12 – 21 Feb,Schattenberg Ski Jump / Birgsautal,West Germany (2),Sweden,13,
26,1989,Lahti (5),17 – 26 Feb,Salpausselkä Lahti Stadium,Finland (6),Finland,15,
27,1991,Val di Fiemme,7 – 17 Feb,Lago di Tesero / Trampolino dal Ben,Italy (3),Norway,15,First with 10 &nbsp; km cross-country (men)
28,1993,Falun (4),19 – 28 Feb,Lugnet,Sweden (5),Norway,15,First with pursuit
29,1995,Thunder Bay,9 – 19 Mar,Big Thunder,Canada,Russia,15,
30,1997,Trondheim,21 Feb – 2 Mar,Granåsen Ski Centre,Norway (4),Russia,15,
31,1999,Ramsau,19 – 28 Feb,Ramsau am Dachstein / Paul-Ausserleitner-Schanze in Bischofshofen,Austria (3),Norway,16,First with 10 &nbsp; km/large hill
32,2001,Lahti (6),15 – 25 Feb,Salpausselkä Lahti Stadium,Finland (7),Norway,19,First with team normal hill; first with sprint
33,2003,Val di Fiemme (2),18 Feb – 1 Mar,Lago di Tesero / Trampolino dal Ben,Italy (4),Norway,18,
34,2005,Oberstdorf (2),16 – 27 Feb,Schattenberg Ski Jump / Ried,(3),Norway,19,First with team sprint
35,2007,Sapporo,22 Feb – 4 Mar,Miyanomori / Okurayama / Shirahatayama / Sapporo Dome,Japan,Norway,18,
36,2009,Liberec,18 Feb – 1 Mar,Ještěd / Vesec,Czech Republic (4),Norway,20,First with ski jumping for women; only with Nordic combined mass start
37,2011,Oslo (4),23 Feb – 6 Mar,Holmenkollen,Norway (5),Norway,21,First with Nordic combined normal hill relay
38,2013,Val di Fiemme (3),20 Feb – 3 Mar,Lago di Tesero / Trampolino dal Ben,Italy (5),Norway,21,"First with mixed team ski jumping
First with Nordic combined large hill Team Sprint"
39,2015,Falun (5),18 Feb – 1 Mar,Lugnet,Sweden (6),Norway,21,
40,2017,Lahti (7),22 Feb – 5 Mar,Salpausselkä Lahti Stadium,Finland (8),Norway,21,
41,2019,Seefeld (2),20 Feb – 3 Mar,Seefeld Nordic Competence Centre / Bergiselschanze in Innsbruck,Austria (4),Norway,22,First with women's team ski jumping
42,2021,Oberstdorf (3),24 Feb – 7 Mar,Schattenberg Ski Jump / Ried,(4),,24,First with women's nordic combined individual normal race and team sprint
43,2023,Planica,22 Feb - 5 Mar,Planica Nordic Centre,,,25,First with women's nordic combined team event
44,2025,Trondheim (2),19 Feb – 2 Mar,Granåsen Ski Centre,Norway (6),,26,First with women's nordic combined large hill
