Rating,Description,Speed
0,Not working,0
50,"Very slow, stiff, hesitant movements, looks half sleepy, disinterested in his work",2.5
75,"Calm, considerate, unhurried appearance, appears slow but doesn't waste time when being observed",3.4
100,"Fast, agile, achieve quality standards and accuracy of the resulting with full confidence",5
125,"Very fast, displays full confidence, agile with well-coordinated movements, higher than the average trained job",6.9
150,"Extremely fast, requires intensive effort and difficult to maintain in the long term, extraordinary performance that can only be achieved by a few workers",7.5
