Media,Condition,Symbol,Adjustment
Limb Used,Fingers,A,0
Limb Used,Wrist from finger,B,1
Limb Used,"Forearm, wrist and fingers",C,2
Limb Used,"Upper arm, lower arm, etc",D,5
Limb Used,Body,E,8
Limb Used,Lifting weights off the floor with feet,E2,10
Foot pedal,"No pedals, or one pedal with axis under foot",F,0
Foot pedal,One or two pedals with the axle not underfoot,G,5
Hand use,The state of the hands helping each other or taking turns,H,0
Hand use,Both hands doing the same movement at the same time,H2,18
Eye-hand coordination,The least,I,0
Eye-hand coordination,Close enough,J,2
Eye-hand coordination,Constant and close,K,4
Eye-hand coordination,Very close,L,7
Eye-hand coordination,Smaller than 0.04cm,M,10
Tools,Can be handled easily,N,0
Tools,With a little control,O,1
Tools,Need control and emphasis,P,2
Tools,Need to handle and be careful,Q,3
Tools,Easy to break,R,5
