Package_ID,Date_Arrival,Cost,Box_size,Content,Weight,Height
A1,04-Oct-21,300,Mid,Apparel,22,20
A2,04-Oct-21,400,Small,Electronic,24,3
A3,04-Oct-21,500,Mid,Apparel,23,20
A4,04-Oct-21,1000,Small,Apparel,41,20
A5,04-Oct-21,1300,Big,Apparel,45,23
A6,04-Oct-21,259,Mid,Sports,30,15
A7,04-Oct-21,1746,Small,Sports,58,38
A8,04-Oct-21,4062,Big,Apparel,52,32
A9,04-Oct-21,3787,Big,Apparel,23,3
A10,04-Oct-21,4075,Big,Apparel,31,11
A11,04-Oct-21,1332,Big,Electronic,40,20
A12,04-Oct-21,1572,Big,Apparel,22,2
A13,04-Oct-21,2426,Big,Apparel,50,30
A14,04-Oct-21,1356,Mid,Electronic,52,32
A15,04-Oct-21,2598,Small,Apparel,65,45
A16,04-Oct-21,3070,Big,Electronic,48,28
A17,05-Oct-21,2013,Mid,Apparel,30,10
A18,05-Oct-21,367,Small,Sports,58,38
A19,05-Oct-21,4473,Mid,Sports,35,15
A20,05-Oct-21,3732,Mid,Electronic,66,46
A21,05-Oct-21,4176,Small,Sports,51,31
A22,05-Oct-21,2888,Small,Apparel,32,12
A23,05-Oct-21,3832,Big,Apparel,35,15
A24,05-Oct-21,3696,Mid,Apparel,55,35
A25,05-Oct-21,4807,Small,Sports,51,31
A26,05-Oct-21,3931,Big,Apparel,29,9
A27,05-Oct-21,2783,Big,Electronic,70,50
A28,05-Oct-21,3803,Big,Apparel,27,7
A29,06-Oct-21,1641,Big,Apparel,63,43
A30,06-Oct-21,401,Big,Electronic,27,7
A31,06-Oct-21,2231,Mid,Apparel,46,26
A32,06-Oct-21,416,Small,Sports,57,37
A33,06-Oct-21,1171,Big,Apparel,60,40
A34,06-Oct-21,2486,Big,Electronic,27,7
A35,06-Oct-21,981,Big,Apparel,29,9
A36,06-Oct-21,2734,Big,Apparel,65,45
A37,06-Oct-21,2627,Big,Apparel,70,50
A38,06-Oct-21,3064,Mid,Apparel,26,6
A39,07-Oct-21,1183,Small,Electronic,52,32
A40,07-Oct-21,1768,Big,Apparel,55,35
A41,07-Oct-21,4763,Big,Apparel,57,37
A42,07-Oct-21,4460,Big,Electronic,34,14
A43,07-Oct-21,3676,Small,Apparel,52,32
A44,07-Oct-21,2126,Big,Electronic,59,39
A45,07-Oct-21,4054,Big,Electronic,57,37
A46,07-Oct-21,456,Small,Apparel,32,12
A47,07-Oct-21,4239,Big,Apparel,65,45
A48,07-Oct-21,4126,Small,Apparel,49,29
A49,07-Oct-21,4377,Small,Sports,38,18
A50,07-Oct-21,3842,Big,Apparel,42,22
A51,07-Oct-21,1646,Small,Sports,51,31
A52,07-Oct-21,1264,Big,Apparel,58,38
A53,07-Oct-21,3060,Big,Apparel,41,21
A54,08-Oct-21,3812,Big,Sports,67,47
A55,08-Oct-21,908,Small,Apparel,26,6
A56,08-Oct-21,2779,Small,Apparel,52,32
A57,08-Oct-21,1126,Big,Sports,35,15
A58,08-Oct-21,2259,Big,Apparel,62,42
A59,08-Oct-21,2520,Small,Sports,64,44
A60,08-Oct-21,4765,Big,Apparel,69,49
A61,08-Oct-21,4272,Big,Sports,32,12
A62,08-Oct-21,313,Big,Apparel,62,42
A63,08-Oct-21,1307,Small,Sports,25,5
A64,08-Oct-21,4017,Small,Apparel,61,41
A65,09-Oct-21,4373,Big,Sports,69,49
A66,09-Oct-21,4264,Small,Sports,40,20
A67,09-Oct-21,4606,Big,Apparel,70,50
A68,09-Oct-21,318,Big,Sports,69,49
A69,09-Oct-21,1510,Big,Apparel,38,18
A70,09-Oct-21,1089,Big,Apparel,70,50
A71,09-Oct-21,4572,Small,Apparel,57,37
A72,10-Oct-21,3128,Big,Sports,45,25
A73,11-Oct-21,3679,Mid,Apparel,36,16
A74,12-Oct-21,3865,Small,Sports,49,29
A75,13-Oct-21,1053,Big,Apparel,32,12
A76,14-Oct-21,1684,Big,Sports,36,16
A77,15-Oct-21,4613,Small,Apparel,50,30
A78,16-Oct-21,4686,Big,Apparel,68,48
A79,17-Oct-21,3256,Big,Sports,23,3
A80,18-Oct-21,4853,Big,Apparel,31,11
A81,19-Oct-21,2462,Mid,Apparel,40,20
A82,20-Oct-21,722,Mid,Sports,54,34
A83,21-Oct-21,1918,Mid,Apparel,27,7
A84,22-Oct-21,3627,Mid,Apparel,56,36
A85,23-Oct-21,823,Mid,Sports,62,42
A86,24-Oct-21,1482,Mid,Apparel,56,36
A87,25-Oct-21,2253,Small,Apparel,60,40
A88,26-Oct-21,788,Big,Sports,34,14
A89,27-Oct-21,3395,Big,Apparel,37,17
A90,28-Oct-21,4023,Small,Sports,22,20
A91,29-Oct-21,481,Mid,Apparel,46,26
A92,30-Oct-21,3925,Small,Sports,53,33
A93,31-Oct-21,636,Big,Apparel,44,24
A94,01-Nov-21,1631,Small,Apparel,26,6
A95,02-Nov-21,3211,Small,Electronic,68,48
A96,03-Nov-21,1886,Big,Electronic,48,28
A97,04-Nov-21,4853,Big,Electronic,65,45
A98,05-Nov-21,2444,Big,Electronic,67,47
A99,06-Nov-21,3412,Mid,Electronic,23,20
A100,07-Nov-21,3400,Small,Electronic,30,20
