DATE,TOTAL NUMBER OF PLAYERS,WEEKLY REWARD (FLAWLESS),NOTABLE PROBLEM,MAP
8/13/21-8/17/21,"134,504",Shayura’s Wrath (Adept),FALSE,Endless Vale
8/6/21-8/10/21,"95,829",The Messenger (Adept),FALSE,Bannerfall
7/30/21-8/3/21,"135,956",Eye of Sol (Adept),FALSE,Wormhaven
7/23/21-7/27/21,"142,211",Igneous Hammer (Adept),FALSE,Convergence
7/16/21-7/20/21,"155,724",Exile's Curse (Adept),FALSE,Pacifica
7/9/21-7/13/21,"171,114",Shayura’s Wrath (Adept),FALSE,Javelin-4
7/2/21-7/6/21,"206,975",Sola’s Scar (Adept),FALSE,The Dead Cliffs
6/25/21-6/29/21,"131,882",The Messenger (Adept),FALSE,Twilight Gap
6/18/21-6/22/21,"152,303",Eye of Sol (Adept),FALSE,Altar of Flame
6/11/21-6/15/21,"205,572",Igneous Hammer (Adept),FALSE,The Burnout
6/4/21-6/8/21,"199,097",Exile's Curse (Adept),FALSE,Distant Shore
5/28/21-6/1/21,"174,994",Shayura’s Wrath (Adept),FALSE,Exodus Blue
5/21/21-5/25/21,"111,499",Sola’s Scar (Adept),FALSE,Midtown
5/14/21-5/18/21,"309,527",The Messenger (Adept),FALSE,Endless Vale
5/7/21-5/11/21,"175,851",Igneous Hammer (Adept),FALSE,Distant Shore
4/30/21-5/4/21,"137,815",Exile's Curse (Adept),FALSE,Widow's Court
4/23/21-4/27/21,"188,305",The Messenger (Adept),FALSE,Javelin-4
4/16/21-4/20/21,"257,108",Igneous Hammer (Adept),FALSE,Cauldron
4/9/21-4/13/21,"245,635",Tomorrow’s Answer (Adept),FALSE,The Dead Cliffs
4/2/21-4/6/21,"305,745",Astral Horizon (Adept),FALSE,Javelin-4
3/26/21-3/30/21,"341,675",The Messenger (Adept),FALSE,The Burnout
3/19/21-3/23/21,"407,234",Sola’s Scar (Adept),FALSE,Endless Vale
3/12/21-3/16/21,"161,062",The Messenger (Adept),FALSE,Midtown
2/26/21-3/2/21,"134,495",Armor(random Adept mod),FALSE,Convergence
2/19/21-2/23/21,"246,937",Igneous Hammer (Adept),FALSE,Exodus Blue
2/12/21-2/16/21,"304,540",Armor(random Adept mod),FALSE,Altar of Flame
2/5/21-2/9/21,"98,005",The Summoner (Adept),FALSE,The Burnout
1/29/21-2/2/21,"120,885",Armor(random Adept mod),FALSE,Rusted Lands
1/22/21-1/26/21,"99,080",Exile's Curse (Adept),FALSE,Exodus Blue
1/15/21-1/19/21,"108,955",Armor(random Adept mod),FALSE,Pacifica
1/8/21-1/12/21,"144,349",Eye of Sol (Adept),FALSE,The Dead Cliffs
1/1/21-1/5/21,"162,334",The Scholar (Adept),FALSE,Radiant Cliffs
12/25/20-12/29/20,"204,985",Astral Horizon (Adept),FALSE,Javelin-4
12/18/20-12/22/20,"233,539",The Summoner (Adept),FALSE,Bannerfall
11/27/20-12/1/20,936,Unknown,TRUE,Wormhaven
11/6/20-11/10/20,"106,183",Trials armor,FALSE,Endless Vale
10/30/20-11/3/20,"100,883",Trials armor,FALSE,Altar of Flame
10/23/20-10/27/20,"99,887",Trials armor,FALSE,Rusted Lands
10/16/20-10/20/20,"126,800",Trials armor,FALSE,Javelin-4
10/9/20-10/13/2020,"171,455",Trials armor,FALSE,Cauldron
10/2/20-10/6/20,"130,630",Trials armor,FALSE,Convergence
9/25/20-9/29/20,"153,017",Trials armor,FALSE,The Dead Cliffs
9/18/20-9/22/20,"158,415",Trials armor,FALSE,Altar of Flame
9/11/20-9/15/20,"125,864",Trials armor,FALSE,Exodus Blue
9/4/20-9/8/20,"244,152",Trials armor,FALSE,Javelin-4
8/28/20-9/1/20,"212,884",Trials armor,FALSE,Meltdown
8/21/20-8/25/20,"223,659",Trials armor,FALSE,Convergence
8/14/20-8/18/20,"262,662",Trials armor,FALSE,Bannerfall
8/7/20-8/11/20,"197,207",Trials armor,FALSE,Wormhaven
7/31/20-8/4/20,"237,829",Trials armor,FALSE,Distant Shore
7/24/20-7/28/20,"165,559",Trials armor,FALSE,Javelin-4
7/17/20-7/21/20,"153,790",Trials armor,FALSE,Pacifica
7/10/20-7/14/20,"181,670",Trials armor,FALSE,Convergence
7/3/20-7/7/20,"140,486",Trials armor,FALSE,The Dead Cliffs
6/26/20-6/30/20,"125,306",Trials armor,FALSE,Altar of Flame
6/19/20-6/23/20,"137,615",Trials armor,FALSE,Distant Shore
6/12/20-6/16/20,"25,908",Bug preventing loot get,TRUE,Javelin-4
6/5/20-6/9/20,"179,799",Trials armor,FALSE,Endless Vale
5/29/20-5/2/20,"166,746",Trials armor,FALSE,Altar of Flame
5/22/20-5/26/20,"164,428",Trials armor,FALSE,The Dead Cliffs
5/15/20-5/19/20,"146,524",Trials armor,FALSE,Midtown
5/8/20-5/12/20,"171,229",Trials armor,FALSE,Javelin-4
5/1/20-5/5/20,"189,958",Trials armor,FALSE,The Anomaly
4/24/20-4/28/20,"212,622",Trials armor,FALSE,The Burnout
4/17/20-4/21/20,"245,001",Trials armor,FALSE,Exodus Blue
4/10/20-4/14/20,"235,507",Trials armor,FALSE,Rusted Lands
4/3/20-4/7/20,"277,851",Trials armor,FALSE,Cauldron
3/27/20-3/31/20,"303,147",Trials armor,FALSE,Widow's Court
3/20/20-3/24/20,"347,151",Trials armor,FALSE,The Anomaly
3/13/20-3/17/20,"358,866",Trials armor,FALSE,The Burnout