TOTAL NUMBER OF PLAYERS,WEEKLY REWARD (FLAWLESS)
134504,Shayura’s Wrath (Adept)
95829,The Messenger (Adept)
135956,Eye of Sol (Adept)
142211,Igneous Hammer (Adept)
155724,Exile's Curse (Adept)
171114,Shayura’s Wrath (Adept)
206975,Sola’s Scar (Adept)
131882,The Messenger (Adept)
152303,Eye of Sol (Adept)
205572,Igneous Hammer (Adept)
199097,Exile's Curse (Adept)
174994,Shayura’s Wrath (Adept)
111499,Sola’s Scar (Adept)
309527,The Messenger (Adept)
175851,Igneous Hammer (Adept)
137815,Exile's Curse (Adept)
188305,The Messenger (Adept)
257108,Igneous Hammer (Adept)
245635,Tomorrow’s Answer (Adept)
305745,Astral Horizon (Adept)
341675,The Messenger (Adept)
407234,Sola’s Scar (Adept)
161062,The Messenger (Adept)
134495,Armor(random Adept mod)
246937,Igneous Hammer (Adept)
304540,Armor(random Adept mod)
98005,The Summoner (Adept)
120885,Armor(random Adept mod)
99080,Exile's Curse (Adept)
108955,Armor(random Adept mod)
144349,Eye of Sol (Adept)
162334,The Scholar (Adept)
204985,Astral Horizon (Adept)
233539,The Summoner (Adept)
936,Unknown
106183,Trials armor
100883,Trials armor
99887,Trials armor
126800,Trials armor
171455,Trials armor
130630,Trials armor
153017,Trials armor
158415,Trials armor
125864,Trials armor
244152,Trials armor
212884,Trials armor
223659,Trials armor
262662,Trials armor
197207,Trials armor
237829,Trials armor
165559,Trials armor
153790,Trials armor
181670,Trials armor
140486,Trials armor
125306,Trials armor
137615,Trials armor
25908,Bug preventing loot get
179799,Trials armor
166746,Trials armor
164428,Trials armor
146524,Trials armor
171229,Trials armor
189958,Trials armor
212622,Trials armor
245001,Trials armor
235507,Trials armor
277851,Trials armor
303147,Trials armor
347151,Trials armor
358866,Trials armor