TOTAL NUMBER OF PLAYERS,MAP
134504,Endless Vale
95829,Bannerfall
135956,Wormhaven
142211,Convergence
155724,Pacifica
171114,Javelin-4
206975,The Dead Cliffs
131882,Twilight Gap
152303,Altar of Flame
205572,The Burnout
199097,Distant Shore
174994,Exodus Blue
111499,Midtown
309527,Endless Vale
175851,Distant Shore
137815,Widow's Court
188305,Javelin-4
257108,Cauldron
245635,The Dead Cliffs
305745,Javelin-4
341675,The Burnout
407234,Endless Vale
161062,Midtown
134495,Convergence
246937,Exodus Blue
304540,Altar of Flame
98005,The Burnout
120885,Rusted Lands
99080,Exodus Blue
108955,Pacifica
144349,The Dead Cliffs
162334,Radiant Cliffs
204985,Javelin-4
233539,Bannerfall
936,Wormhaven
106183,Endless Vale
100883,Altar of Flame
99887,Rusted Lands
126800,Javelin-4
171455,Cauldron
130630,Convergence
153017,The Dead Cliffs
158415,Altar of Flame
125864,Exodus Blue
244152,Javelin-4
212884,Meltdown
223659,Convergence
262662,Bannerfall
197207,Wormhaven
237829,Distant Shore
165559,Javelin-4
153790,Pacifica
181670,Convergence
140486,The Dead Cliffs
125306,Altar of Flame
137615,Distant Shore
25908,Javelin-4
179799,Endless Vale
166746,Altar of Flame
164428,The Dead Cliffs
146524,Midtown
171229,Javelin-4
189958,The Anomaly
212622,The Burnout
245001,Exodus Blue
235507,Rusted Lands
277851,Cauldron
303147,Widow's Court
347151,The Anomaly
358866,The Burnout