sample,id,Gen
Normal-weight_1,869, Male
Obese_1,872, Male
Normal-weight_2,873, Male
Obese_2,874, Male
Normal-weight_3,875, Male
Obese_3,876, Male
Normal-weight_4,877, Male
Obese_4,878, Male
Normal-weight_5,879, Male
Normal-weight_6,881, Male
Normal-weight_7,883, Male
Normal-weight_8,885, Male
Obese_5,886, Male
Normal-weight_9,887, Male
Obese_6,888, Male
Normal-weight_10,889, Male
Obese_7,890, Male
Normal-weight_11,891, Male
Obese_8,892, Male
Normal-weight_12,893, Male
Obese_9,894, Male
Obese_10,896, Male
Normal-weight_13,897, Male
Obese_11,898, Male
Obese_12,899, Male
Normal-weight_14,910, Male
NAFL_1,2683, Male
NASH_1,2684, Male
NAFL_2,2685, Male
NAFL_3,2687, Male
NASH_2,2688, Female
NAFL_4,2689, Female
NAFL_5,2691, Female
NASH_3,2692, Male
NAFL_6,2693, Male
NASH_4,2696, Female
NAFL_7,2697, Male
NASH_5,2698, Male
NAFL_8,2701, Female
NAFL_9,2703, Male
NASH_6,2704, Male
NASH_7,2705, Male
NASH_8,3992, Male
NAFL_10,3993, Male
NASH_9,3994, Male
NAFL_11,3995, Male
NASH_10,3996, Female
NASH_11,3997, Female
NAFL_12,3998, Female
NASH_12,4000, Male
NAFL_13,4002, Female
NASH_13,4004, Male
NASH_14,4005, Male
NASH_15,4006, Male
NAFL_14,4007, Male
NASH_16,4008, Male
NAFL_15,4010, Female