﻿Timestamp;Ваш пол;Ваш возраст (полных лет);Я могу придумать много путей выхода из затруднительного положения.;Я энергично добиваюсь своих целей.;Я часто чувствую себя усталым.;Есть много способов обойти проблему.;Меня легко победить в споре.;Я могу найти много способов добиться в жизни того, что для меня важно.;Я беспокоюсь о своем здоровье.;Даже когда другие сдаются, я знаю, что я могу найти способ решить проблему.;Мой прошлый опыт хорошо подготовил меня к будущему.;Я очень успешен в жизни.;Я часто переживаю по разным поводам.;Я добиваюсь целей, которые я себе поставил.;В целом, я считаю себя человеком счастливым;По сравнению с большинством сверстников я считаю себя более счастливым;Некоторые люди очень счастливы по своей природе. Они радуются жизни независимо от того, что происходит вокруг. Мне также это свойственно;Некоторые люди не слишком счастливы. Пусть и не впадая в депрессию, приподнятым настроением они тоже не отличаются. Мне также это свойственно
3.19.2018 16:05:26;Женский;22;Немного ближе к тому, что это правда;В основном правда;Определенно правда;Определенно правда;В основном ложно;Немного ближе к тому, что это правда;В основном ложно;В основном правда;Определенно правда;До определенной степени правда;До определенной степени правда;Определенно правда;Согласен;Совершенно согласен;Не согласен;Немного не согласен
3.19.2018 16:05:46;Мужской;22;В основном правда;Немного ближе к тому, что это правда;В основном правда;Определенно правда;В основном ложно;Немного ближе к тому, что это ложно;В основном ложно;В основном правда;До определенной степени ложно;Определенно ложно;В основном правда;До определенной степени правда;Немного согласен;Неопределенно (и согласен, и не согласен);Немного не согласен;Немного согласен
3.19.2018 16:07:04;Женский;22;До определенной степени правда;В основном ложно;В основном правда;До определенной степени правда;В основном ложно;Немного ближе к тому, что это правда;В основном правда;Немного ближе к тому, что это ложно;В основном правда;Немного ближе к тому, что это правда;В основном правда;Немного ближе к тому, что это правда;Неопределенно (и согласен, и не согласен);Немного согласен;Совершенно не согласен;Неопределенно (и согласен, и не согласен)
3.19.2018 16:08:17;Женский;21;До определенной степени правда;В основном правда;Немного ближе к тому, что это ложно;Определенно правда;До определенной степени правда;Немного ближе к тому, что это правда;До определенной степени правда;В основном правда;До определенной степени правда;До определенной степени правда;В основном правда;До определенной степени правда;Совершенно согласен;Неопределенно (и согласен, и не согласен);Согласен;Совершенно не согласен
3.19.2018 16:08:46;Женский;20;Немного ближе к тому, что это правда;Немного ближе к тому, что это ложно;До определенной степени правда;До определенной степени правда;Немного ближе к тому, что это правда;Немного ближе к тому, что это правда;До определенной степени правда;До определенной степени ложно;Немного ближе к тому, что это правда;Немного ближе к тому, что это ложно;В основном правда;До определенной степени правда;Неопределенно (и согласен, и не согласен);Согласен;Не согласен;Не согласен
3.20.2018 12:04:35;Мужской;20;В основном правда;В основном правда;Немного ближе к тому, что это ложно;В основном правда;В основном ложно;В основном правда;В основном правда;До определенной степени правда;В основном правда;До определенной степени правда;Немного ближе к тому, что это правда;В основном правда;Согласен;Неопределенно (и согласен, и не согласен);Немного согласен;Не согласен
3.20.2018 12:04:40;Мужской;20;До определенной степени правда;До определенной степени ложно;Немного ближе к тому, что это правда;В основном правда;До определенной степени ложно;Немного ближе к тому, что это правда;В основном ложно;Немного ближе к тому, что это правда;До определенной степени правда;Немного ближе к тому, что это правда;В основном правда;Немного ближе к тому, что это правда;Неопределенно (и согласен, и не согласен);Не согласен;Совершенно не согласен;Немного согласен
3.20.2018 12:04:50;Женский;20;В основном правда;До определенной степени правда;До определенной степени правда;Немного ближе к тому, что это правда;В основном ложно;В основном правда;В основном правда;В основном правда;В основном правда;В основном правда;До определенной степени правда;В основном правда;Согласен;Согласен;Неопределенно (и согласен, и не согласен);Не согласен
3.20.2018 12:05:22;Женский;22;До определенной степени правда;До определенной степени ложно;Определенно правда;До определенной степени правда;Немного ближе к тому, что это ложно;До определенной степени правда;Немного ближе к тому, что это правда;Немного ближе к тому, что это ложно;Немного ближе к тому, что это правда;Немного ближе к тому, что это ложно;До определенной степени правда;До определенной степени правда;Неопределенно (и согласен, и не согласен);Немного согласен;Согласен;Согласен
3.20.2018 12:05:25;Женский;22;Немного ближе к тому, что это правда;Немного ближе к тому, что это ложно;В основном правда;До определенной степени правда;В основном правда;До определенной степени правда;До определенной степени ложно;Немного ближе к тому, что это правда;До определенной степени правда;До определенной степени ложно;В основном правда;Немного ближе к тому, что это правда;Немного согласен;Немного согласен;Не согласен;Согласен
3.20.2018 12:06:39;Женский;20;В основном правда;До определенной степени правда;Немного ближе к тому, что это правда;В основном правда;Определенно ложно;Определенно правда;Определенно правда;В основном правда;До определенной степени правда;Немного ближе к тому, что это ложно;Определенно правда;Немного ближе к тому, что это ложно;Немного не согласен;Совершенно согласен;Совершенно согласен;Не согласен
3.20.2018 12:07:24;Женский;20;До определенной степени правда;До определенной степени правда;В основном ложно;В основном правда;В основном ложно;Немного ближе к тому, что это правда;В основном правда;До определенной степени правда;До определенной степени правда;В основном правда;В основном правда;В основном правда;Согласен;Немного согласен;Немного согласен;Не согласен
3.20.2018 13:54:01;Женский;23;В основном правда;В основном правда;Немного ближе к тому, что это ложно;До определенной степени правда;Определенно ложно;Определенно правда;Немного ближе к тому, что это правда;Немного ближе к тому, что это правда;До определенной степени правда;До определенной степени правда;Определенно правда;Немного ближе к тому, что это правда;Согласен;Немного согласен;Неопределенно (и согласен, и не согласен);Неопределенно (и согласен, и не согласен)
3.20.2018 13:54:18;Женский;19;В основном правда;Определенно правда;Немного ближе к тому, что это правда;До определенной степени правда;Немного ближе к тому, что это правда;В основном правда;До определенной степени правда;Немного ближе к тому, что это правда;В основном правда;Немного ближе к тому, что это правда;До определенной степени правда;В основном правда;Согласен;Согласен;Согласен;Неопределенно (и согласен, и не согласен)
3.20.2018 13:54:23;Женский;20;До определенной степени правда;До определенной степени ложно;До определенной степени ложно;В основном правда;В основном ложно;Немного ближе к тому, что это правда;В основном правда;До определенной степени ложно;До определенной степени правда;Немного ближе к тому, что это ложно;В основном правда;До определенной степени правда;Неопределенно (и согласен, и не согласен);Не согласен;Немного не согласен;Немного согласен
3.20.2018 13:54:33;Женский;21;Определенно правда;Немного ближе к тому, что это ложно;Немного ближе к тому, что это правда;В основном правда;До определенной степени ложно;Немного ближе к тому, что это правда;До определенной степени ложно;До определенной степени ложно;Немного ближе к тому, что это ложно;Немного ближе к тому, что это правда;До определенной степени ложно;Немного ближе к тому, что это ложно;Согласен;Согласен;Согласен;Немного не согласен
3.20.2018 13:54:41;Женский;20;До определенной степени правда;В основном правда;До определенной степени правда;В основном правда;В основном ложно;До определенной степени правда;Определенно правда;До определенной степени правда;До определенной степени правда;До определенной степени правда;В основном правда;В основном правда;Согласен;Немного согласен;Согласен;Неопределенно (и согласен, и не согласен)
3.20.2018 13:56:18;Женский;20;В основном правда;Немного ближе к тому, что это правда;Немного ближе к тому, что это ложно;До определенной степени правда;В основном ложно;Определенно правда;Немного ближе к тому, что это правда;До определенной степени правда;Немного ближе к тому, что это правда;Немного ближе к тому, что это ложно;Немного ближе к тому, что это правда;До определенной степени правда;Неопределенно (и согласен, и не согласен);Не согласен;Неопределенно (и согласен, и не согласен);Не согласен
3.21.2018 11:44:47;Женский;19;До определенной степени правда;В основном правда;В основном ложно;Немного ближе к тому, что это правда;Определенно ложно;В основном правда;Определенно правда;До определенной степени правда;В основном правда;Немного ближе к тому, что это правда;Немного ближе к тому, что это ложно;До определенной степени правда;Согласен;Немного согласен;Немного согласен;Согласен
3.21.2018 11:45:15;Женский;21;До определенной степени правда;До определенной степени правда;В основном правда;До определенной степени правда;До определенной степени правда;Определенно правда;Определенно правда;До определенной степени правда;До определенной степени ложно;Немного ближе к тому, что это правда;В основном правда;До определенной степени правда;Совершенно согласен;Согласен;Немного не согласен;Немного не согласен
3.21.2018 11:45:27;Женский;19;До определенной степени правда;Немного ближе к тому, что это правда;В основном правда;В основном правда;До определенной степени правда;До определенной степени правда;В основном правда;В основном правда;Немного ближе к тому, что это правда;До определенной степени правда;Определенно правда;В основном правда;Согласен;Немного согласен;Не согласен;Согласен
3.21.2018 11:45:33;Женский;20;Немного ближе к тому, что это правда;До определенной степени правда;В основном правда;До определенной степени правда;Немного ближе к тому, что это ложно;До определенной степени правда;В основном правда;Немного ближе к тому, что это правда;Немного ближе к тому, что это ложно;Немного ближе к тому, что это правда;До определенной степени правда;Немного ближе к тому, что это правда;Согласен;Неопределенно (и согласен, и не согласен);Немного не согласен;Немного согласен
3.21.2018 11:46:52;Женский;22;Немного ближе к тому, что это правда;В основном правда;В основном ложно;В основном правда;До определенной степени ложно;В основном правда;В основном правда;В основном правда;До определенной степени правда;До определенной степени правда;В основном ложно;Определенно правда;Совершенно согласен;Согласен;Неопределенно (и согласен, и не согласен);Совершенно не согласен
3.13.2019 10:51:28;Женский;20;В основном правда;До определенной степени правда;Немного ближе к тому, что это ложно;В основном правда;До определенной степени правда;До определенной степени правда;Определенно правда;Немного ближе к тому, что это правда;В основном правда;До определенной степени правда;В основном правда;В основном правда;Согласен;Немного согласен;Немного не согласен;Немного не согласен
3.13.2019 10:51:28;Женский;20;В основном ложно;Определенно ложно;Определенно правда;Определенно правда;Определенно правда;Немного ближе к тому, что это ложно;Определенно правда;Определенно ложно;В основном ложно;Определенно ложно;Определенно правда;До определенной степени ложно;Немного не согласен;Не согласен;Не согласен;Согласен
3.13.2019 10:51:29;Женский;20;Немного ближе к тому, что это правда;Немного ближе к тому, что это правда;До определенной степени правда;До определенной степени правда;До определенной степени ложно;До определенной степени правда;До определенной степени ложно;Немного ближе к тому, что это правда;Немного ближе к тому, что это правда;Немного ближе к тому, что это правда;До определенной степени правда;До определенной степени правда;Немного согласен;Не согласен;Немного не согласен;Немного не согласен
3.13.2019 10:51:32;Женский;20;Немного ближе к тому, что это правда;Немного ближе к тому, что это ложно;До определенной степени ложно;В основном правда;Определенно правда;До определенной степени правда;В основном правда;Немного ближе к тому, что это ложно;До определенной степени правда;Немного ближе к тому, что это ложно;В основном правда;До определенной степени правда;Немного не согласен;Немного не согласен;Совершенно согласен;Немного согласен
3.13.2019 10:51:49;Женский;20;В основном правда;Немного ближе к тому, что это ложно;В основном правда;Определенно правда;В основном правда;До определенной степени правда;До определенной степени правда;Немного ближе к тому, что это ложно;В основном правда;До определенной степени правда;В основном правда;Немного ближе к тому, что это правда;Немного не согласен;Неопределенно (и согласен, и не согласен);Не согласен;Согласен
3.13.2019 10:52:10;Женский;20;Немного ближе к тому, что это правда;До определенной степени правда;Определенно правда;Немного ближе к тому, что это правда;В основном ложно;До определенной степени правда;Немного ближе к тому, что это правда;До определенной степени правда;Немного ближе к тому, что это правда;До определенной степени ложно;В основном правда;Определенно правда;Неопределенно (и согласен, и не согласен);Немного не согласен;Совершенно не согласен;Неопределенно (и согласен, и не согласен)
3.13.2019 15:22:31;Мужской;24;В основном правда;В основном правда;Немного ближе к тому, что это ложно;Определенно правда;Определенно ложно;В основном правда;До определенной степени правда;Определенно правда;Определенно правда;В основном правда;В основном ложно;В основном правда;Совершенно согласен;Совершенно согласен;Совершенно не согласен;Совершенно не согласен
3.13.2019 15:23:32;Мужской;19;Определенно правда;В основном правда;До определенной степени ложно;Определенно правда;До определенной степени ложно;Определенно правда;До определенной степени правда;В основном правда;Определенно правда;В основном правда;В основном правда;До определенной степени правда;Совершенно согласен;Согласен;Совершенно согласен;Неопределенно (и согласен, и не согласен)
3.13.2019 15:28:28;Женский;22;Определенно правда;До определенной степени правда;До определенной степени ложно;Определенно правда;Определенно ложно;До определенной степени правда;Определенно правда;В основном правда;Определенно правда;До определенной степени ложно;До определенной степени ложно;Немного ближе к тому, что это ложно;Немного согласен;Согласен;Согласен;Не согласен
3.13.2019 15:29:52;Женский;20;В основном ложно;Немного ближе к тому, что это ложно;Немного ближе к тому, что это правда;Немного ближе к тому, что это ложно;Немного ближе к тому, что это правда;Немного ближе к тому, что это ложно;В основном правда;В основном правда;Немного ближе к тому, что это правда;Немного ближе к тому, что это правда;Определенно правда;До определенной степени правда;Совершенно согласен;Согласен;Немного согласен;Не согласен
3.13.2019 15:30:04;Женский;20;До определенной степени правда;Немного ближе к тому, что это ложно;Немного ближе к тому, что это ложно;До определенной степени правда;До определенной степени ложно;До определенной степени правда;Немного ближе к тому, что это ложно;Немного ближе к тому, что это правда;В основном правда;В основном правда;Немного ближе к тому, что это ложно;До определенной степени правда;Согласен;Согласен;Согласен;Немного не согласен
3.13.2019 15:30:44;Женский;23;До определенной степени правда;Немного ближе к тому, что это правда;Немного ближе к тому, что это правда;В основном правда;Немного ближе к тому, что это правда;Немного ближе к тому, что это ложно;В основном правда;До определенной степени ложно;Немного ближе к тому, что это правда;Немного ближе к тому, что это правда;В основном правда;Немного ближе к тому, что это правда;Согласен;Согласен;Немного согласен;Немного не согласен
3.13.2019 15:31:20;Женский;21;До определенной степени правда;До определенной степени правда;До определенной степени ложно;До определенной степени правда;Немного ближе к тому, что это ложно;В основном правда;В основном правда;В основном правда;В основном правда;Немного ближе к тому, что это правда;Немного ближе к тому, что это правда;До определенной степени правда;Согласен;Неопределенно (и согласен, и не согласен);Немного не согласен;Не согласен
3.31.2019 13:20:30;Мужской;20;Немного ближе к тому, что это правда;В основном ложно;Определенно ложно;Определенно правда;До определенной степени ложно;Определенно ложно;В основном ложно;До определенной степени ложно;В основном ложно;Определенно ложно;В основном правда;Немного ближе к тому, что это ложно;Не согласен;Не согласен;Немного не согласен;Согласен
3.31.2019 13:25:36;Женский;20;Немного ближе к тому, что это правда;Немного ближе к тому, что это правда;Немного ближе к тому, что это правда;Немного ближе к тому, что это правда;Немного ближе к тому, что это ложно;До определенной степени правда;До определенной степени правда;Немного ближе к тому, что это правда;До определенной степени правда;Немного ближе к тому, что это правда;До определенной степени правда;Немного ближе к тому, что это правда;Немного согласен;Неопределенно (и согласен, и не согласен);Немного согласен;Немного согласен
4.5.2019 8:58:23;Женский;20;В основном правда;В основном правда;До определенной степени ложно;В основном правда;В основном ложно;В основном правда;Определенно правда;В основном правда;В основном правда;До определенной степени правда;До определенной степени правда;В основном правда;Согласен;Немного согласен;Согласен;Не согласен
4.5.2019 9:00:43;Женский;21;Немного ближе к тому, что это ложно;В основном ложно;До определенной степени правда;В основном правда;В основном правда;В основном ложно;Определенно ложно;До определенной степени ложно;До определенной степени правда;До определенной степени ложно;До определенной степени правда;Немного ближе к тому, что это ложно;Немного согласен;Немного не согласен;Немного не согласен;Неопределенно (и согласен, и не согласен)
4.5.2019 13:00:30;Женский;21;До определенной степени правда;До определенной степени правда;До определенной степени правда;В основном правда;До определенной степени ложно;В основном правда;В основном правда;В основном правда;Немного ближе к тому, что это правда;До определенной степени правда;В основном правда;В основном правда;Немного согласен;Немного не согласен;Немного согласен;Согласен
4.5.2019 14:07:21;Женский;23;В основном правда;До определенной степени правда;Немного ближе к тому, что это правда;В основном правда;В основном правда;В основном правда;В основном правда;В основном правда;В основном правда;В основном правда;Немного ближе к тому, что это правда;До определенной степени правда;Согласен;Согласен;Немного согласен;Неопределенно (и согласен, и не согласен)
4.16.2019 22:36:25;Женский;22;Немного ближе к тому, что это правда;Немного ближе к тому, что это правда;В основном правда;В основном правда;Немного ближе к тому, что это правда;В основном правда;Немного ближе к тому, что это правда;В основном правда;В основном правда;Немного ближе к тому, что это правда;До определенной степени правда;До определенной степени правда;Неопределенно (и согласен, и не согласен);Не согласен;Не согласен;Немного согласен
5.2.2019 22:16:18;Женский;20;До определенной степени правда;До определенной степени правда;Определенно правда;До определенной степени правда;До определенной степени правда;До определенной степени правда;Определенно правда;До определенной степени правда;До определенной степени правда;До определенной степени правда;Определенно правда;До определенной степени правда;Согласен;Согласен;Немного согласен;Немного согласен
5.7.2019 12:38:43;Женский;21;До определенной степени правда;До определенной степени правда;Немного ближе к тому, что это правда;До определенной степени правда;До определенной степени правда;До определенной степени правда;Определенно правда;До определенной степени правда;Немного ближе к тому, что это правда;Немного ближе к тому, что это правда;В основном правда;В основном правда;Согласен;Неопределенно (и согласен, и не согласен);Немного не согласен;Немного согласен
5.10.2019 17:12:21;Женский;29;До определенной степени правда;Немного ближе к тому, что это правда;До определенной степени правда;В основном правда;Немного ближе к тому, что это ложно;До определенной степени правда;Немного ближе к тому, что это правда;Немного ближе к тому, что это правда;В основном правда;Немного ближе к тому, что это правда;Немного ближе к тому, что это правда;Немного ближе к тому, что это правда;Неопределенно (и согласен, и не согласен);Неопределенно (и согласен, и не согласен);Неопределенно (и согласен, и не согласен);Неопределенно (и согласен, и не согласен)
5.10.2019 20:28:55;Женский;45;В основном правда;В основном правда;Немного ближе к тому, что это правда;До определенной степени правда;В основном правда;В основном правда;В основном правда;До определенной степени правда;Определенно правда;В основном правда;Немного ближе к тому, что это правда;В основном правда;Согласен;Согласен;Немного согласен;Не согласен
5.16.2019 18:16:24;Женский;19;Немного ближе к тому, что это ложно;Немного ближе к тому, что это ложно;Определенно правда;Определенно правда;Немного ближе к тому, что это правда;До определенной степени правда;До определенной степени ложно;В основном правда;В основном правда;Немного ближе к тому, что это правда;В основном правда;В основном правда;Согласен;Согласен;Согласен;Согласен
5.28.2019 16:25:35;Женский;21;До определенной степени ложно;Немного ближе к тому, что это правда;До определенной степени ложно;До определенной степени правда;Немного ближе к тому, что это правда;До определенной степени правда;Немного ближе к тому, что это правда;До определенной степени правда;До определенной степени ложно;Немного ближе к тому, что это ложно;До определенной степени правда;До определенной степени правда;Немного согласен;Немного не согласен;Не согласен;Немного согласен
3.16.2020 17:47:05;Женский;21;До определенной степени правда;В основном ложно;Определенно ложно;Определенно правда;Определенно ложно;Немного ближе к тому, что это правда;Определенно правда;В основном правда;Определенно ложно;Немного ближе к тому, что это правда;До определенной степени правда;В основном правда;Согласен;Не согласен;Не согласен;Совершенно не согласен
3.16.2020 17:47:11;Мужской;20;До определенной степени правда;До определенной степени правда;До определенной степени правда;В основном правда;Определенно ложно;В основном правда;Определенно правда;До определенной степени правда;В основном правда;Определенно ложно;До определенной степени правда;До определенной степени правда;Согласен;Согласен;Не согласен;Совершенно не согласен
3.16.2020 17:47:58;Женский;20;В основном правда;В основном правда;До определенной степени правда;В основном правда;До определенной степени ложно;В основном правда;В основном правда;В основном правда;Немного ближе к тому, что это правда;В основном правда;До определенной степени правда;Определенно правда;Согласен;Совершенно согласен;Немного согласен;Совершенно не согласен
3.16.2020 17:47:59;Мужской;21;Определенно правда;До определенной степени правда;До определенной степени правда;Определенно правда;До определенной степени ложно;В основном правда;В основном правда;В основном правда;В основном ложно;Немного ближе к тому, что это ложно;Определенно правда;До определенной степени правда;Немного не согласен;Не согласен;Немного не согласен;Немного согласен
