State/UT,Confirmed Cases,Active Cases,Cured/Discharged,Death
Andaman and Nicobar Islands,7676,2,7545,129
Andhra Pradesh,2071567,2159,2054979,14429
Arunachal Pradesh,55255,36,54939,280
Assam,615781,2976,606726,6079
Bihar,726196,45,716488,9663
Chandigarh,65415,35,64560,820
Chhattisgarh,1006616,325,992698,13593
Dadra and Nagar Haveli and Daman and Diu,10683,1,10678,4
Delhi,1440719,296,1415328,25095
Goa,178709,244,175087,3378
Gujarat,827267,319,816856,10092
Haryana,771582,140,761389,10053
Himachal Pradesh,226589,865,221889,3835
Jammu and Kashmir,335707,1647,329596,4464
Jharkhand,349161,123,343898,5140
Karnataka,2994001,6736,2949083,38182
Kerala,5109674,53350,5018279,38045
Ladakh,21369,226,20931,212
Lakshadweep,10381,16,10314,51
Madhya Pradesh,793052,90,782435,10527
Maharashtra,6631297,13152,6477379,140766
Manipur,125007,687,122357,1963
Meghalaya,84293,297,82529,1467
Mizoram,132720,4456,127782,482
Nagaland,32068,126,31246,696
Odisha,1047386,1989,1037001,8396
Puducherry,128718,301,126547,1870
Punjab,603043,270,586186,16587
Rajasthan,954651,136,945560,8955
Sikkim,32176,115,31658,403
Tamil Nadu,2721762,8536,2676825,36401
Telangana,674845,3533,667328,3984
Tripura,84748,79,83849,820
Uttar Pradesh,1710346,94,1687343,22909
Uttarakhand,344123,165,336551,7407
West Bengal,1611180,7914,1583859,19407