Competition,Opposition,Home or Away,Wicklow Goals,Wicklow Points,Opp Goals,Opp Points,Result,Year
NHL,Antrim,H,0,11,0,20,L,2020
NHL,Meath,A,3,18,2,25,L,2020
NHL,Mayo,A,1,16,1,13,W,2020
NHL,Kerry,H,1,12,1,20,L,2020
NHL,Offaly,A,2,14,4,29,L,2020
Christy Ring,Roscommon,A,2,19,3,14,W,2020
Christy Ring,Kildare,A,1,10,2,14,L,2020
NHL,Carlow,A,0,17,3,19,L,2021
NHL,Meath,H,0,11,0,20,L,2021
NHL,Down,H,0,14,3,26,L,2021
NHL,Kerry,A,1,17,4,30,L,2021
NHL,Offaly,H,0,10,1,32,L,2021
Christy Ring,Roscommon,A,2,18,1,11,W,2021
