Last name;Given names;Application number;Item ID;Digital image;Index name;Description;Source;;;;;;;;Date;
ANSELL;Lance Herbert;54;267591;http://www.archivessearch.qld.gov.au/Image/DigitalImageDisplay.aspx?ImageId=25687;TB Home applications 1923-1932;Inwards and outwards correspondence of the Anzac Committee that erected homes for homeless widows and orphans of fallen soldiers;http://www.archivessearch.qld.gov.au/Search/ItemDetails.aspx?ItemId=267591;;;;;;;;19/07/1924;
BARTLETT;Stephen Henry;23;267591;http://www.archivessearch.qld.gov.au/Image/DigitalImageDisplay.aspx?ImageId=25686;TB Home applications 1923-1932;Inwards and outwards correspondence of the Anzac Committee that erected homes for homeless widows and orphans of fallen soldiers;http://www.archivessearch.qld.gov.au/Search/ItemDetails.aspx?ItemId=267591;;;;;;;;10/10/1923;
BAYLEY;Cyril Carlyle;;267591;http://www.archivessearch.qld.gov.au/Image/DigitalImageDisplay.aspx?ImageId=25687;TB Home applications 1923-1932;Inwards and outwards correspondence of the Anzac Committee that erected homes for homeless widows and orphans of fallen soldiers;http://www.archivessearch.qld.gov.au/Search/ItemDetails.aspx?ItemId=267591;;;;;;;;03/10/1930;
BEMI;Edward Lawrence;68;267591;http://www.archivessearch.qld.gov.au/Image/DigitalImageDisplay.aspx?ImageId=25687;TB Home applications 1923-1932;Inwards and outwards correspondence of the Anzac Committee that erected homes for homeless widows and orphans of fallen soldiers;http://www.archivessearch.qld.gov.au/Search/ItemDetails.aspx?ItemId=267591;;;;;;;;04/08/1925;
BERRELL;James;5;267591;http://www.archivessearch.qld.gov.au/Image/DigitalImageDisplay.aspx?ImageId=25686;TB Home applications 1923-1932;Inwards and outwards correspondence of the Anzac Committee that erected homes for homeless widows and orphans of fallen soldiers;http://www.archivessearch.qld.gov.au/Search/ItemDetails.aspx?ItemId=267591;;;;;;;;15/10/1923;
BLECKMAN;Julius;50;267591;http://www.archivessearch.qld.gov.au/Image/DigitalImageDisplay.aspx?ImageId=25686;TB Home applications 1923-1932;Inwards and outwards correspondence of the Anzac Committee that erected homes for homeless widows and orphans of fallen soldiers;http://www.archivessearch.qld.gov.au/Search/ItemDetails.aspx?ItemId=267591;;;;;;;;26/09/1924;
BOLGER;William Henry;39;267591;http://www.archivessearch.qld.gov.au/Image/DigitalImageDisplay.aspx?ImageId=25686;TB Home applications 1923-1932;Inwards and outwards correspondence of the Anzac Committee that erected homes for homeless widows and orphans of fallen soldiers;http://www.archivessearch.qld.gov.au/Search/ItemDetails.aspx?ItemId=267591;;;;;;;;14/12/1923;
BRADBURY;Miles Coverdale;74;267591;http://www.archivessearch.qld.gov.au/Image/DigitalImageDisplay.aspx?ImageId=25687;TB Home applications 1923-1932;Inwards and outwards correspondence of the Anzac Committee that erected homes for homeless widows and orphans of fallen soldiers;http://www.archivessearch.qld.gov.au/Search/ItemDetails.aspx?ItemId=267591;;;;;;;;04/01/1926;
BUCHANAN;Percival;25;267591;http://www.archivessearch.qld.gov.au/Image/DigitalImageDisplay.aspx?ImageId=25686;TB Home applications 1923-1932;Inwards and outwards correspondence of the Anzac Committee that erected homes for homeless widows and orphans of fallen soldiers;http://www.archivessearch.qld.gov.au/Search/ItemDetails.aspx?ItemId=267591;;;;;;;;19/10/1923;
BUGGIE;John Alphonsus;55;267591;http://www.archivessearch.qld.gov.au/Image/DigitalImageDisplay.aspx?ImageId=25687;TB Home applications 1923-1932;Inwards and outwards correspondence of the Anzac Committee that erected homes for homeless widows and orphans of fallen soldiers;http://www.archivessearch.qld.gov.au/Search/ItemDetails.aspx?ItemId=267591;;;;;;;;22/08/1924;
BURGESS;George Francis;57;267591;http://www.archivessearch.qld.gov.au/Image/DigitalImageDisplay.aspx?ImageId=25687;TB Home applications 1923-1932;Inwards and outwards correspondence of the Anzac Committee that erected homes for homeless widows and orphans of fallen soldiers;http://www.archivessearch.qld.gov.au/Search/ItemDetails.aspx?ItemId=267591;;;;;;;;11/02/1925;
BURNSIDE;James;102;267591;http://www.archivessearch.qld.gov.au/Image/DigitalImageDisplay.aspx?ImageId=25687;TB Home applications 1923-1932;Inwards and outwards correspondence of the Anzac Committee that erected homes for homeless widows and orphans of fallen soldiers;http://www.archivessearch.qld.gov.au/Search/ItemDetails.aspx?ItemId=267591;;;;;;;;25/07/1928;
BYRNES;John Thomas;63;267591;http://www.archivessearch.qld.gov.au/Image/DigitalImageDisplay.aspx?ImageId=25687;TB Home applications 1923-1932;Inwards and outwards correspondence of the Anzac Committee that erected homes for homeless widows and orphans of fallen soldiers;http://www.archivessearch.qld.gov.au/Search/ItemDetails.aspx?ItemId=267591;;;;;;;;09/07/1925;
BYWATER;Enoch;78;267591;http://www.archivessearch.qld.gov.au/Image/DigitalImageDisplay.aspx?ImageId=25687;TB Home applications 1923-1932;Inwards and outwards correspondence of the Anzac Committee that erected homes for homeless widows and orphans of fallen soldiers;http://www.archivessearch.qld.gov.au/Search/ItemDetails.aspx?ItemId=267591;;;;;;;;18/11/1925;
CALVERT;George;7;267591;http://www.archivessearch.qld.gov.au/Image/DigitalImageDisplay.aspx?ImageId=25686;TB Home applications 1923-1932;Inwards and outwards correspondence of the Anzac Committee that erected homes for homeless widows and orphans of fallen soldiers;http://www.archivessearch.qld.gov.au/Search/ItemDetails.aspx?ItemId=267591;;;;;;;;08/10/1923;
CAMPBELL;Neil Alexander;8;267591;http://www.archivessearch.qld.gov.au/Image/DigitalImageDisplay.aspx?ImageId=25686;TB Home applications 1923-1932;Inwards and outwards correspondence of the Anzac Committee that erected homes for homeless widows and orphans of fallen soldiers;http://www.archivessearch.qld.gov.au/Search/ItemDetails.aspx?ItemId=267591;;;;;;;;16/10/1923;
COOMBS;Edward;;267591;http://www.archivessearch.qld.gov.au/Image/DigitalImageDisplay.aspx?ImageId=25687;TB Home applications 1923-1932;Inwards and outwards correspondence of the Anzac Committee that erected homes for homeless widows and orphans of fallen soldiers;http://www.archivessearch.qld.gov.au/Search/ItemDetails.aspx?ItemId=267591;;;;;;;;21/08/1930;
COOPER;Walter Ernest;61;267591;http://www.archivessearch.qld.gov.au/Image/DigitalImageDisplay.aspx?ImageId=25687;TB Home applications 1923-1932;Inwards and outwards correspondence of the Anzac Committee that erected homes for homeless widows and orphans of fallen soldiers;http://www.archivessearch.qld.gov.au/Search/ItemDetails.aspx?ItemId=267591;;;;;;;;21/07/1925;
COOPER;William;99;267591;http://www.archivessearch.qld.gov.au/Image/DigitalImageDisplay.aspx?ImageId=25687;TB Home applications 1923-1932;Inwards and outwards correspondence of the Anzac Committee that erected homes for homeless widows and orphans of fallen soldiers;http://www.archivessearch.qld.gov.au/Search/ItemDetails.aspx?ItemId=267591;;;;;;;;16/02/1927;
COSGROVE;William Patrick Francis;14;267591;http://www.archivessearch.qld.gov.au/Image/DigitalImageDisplay.aspx?ImageId=25686;TB Home applications 1923-1932;Inwards and outwards correspondence of the Anzac Committee that erected homes for homeless widows and orphans of fallen soldiers;http://www.archivessearch.qld.gov.au/Search/ItemDetails.aspx?ItemId=267591;;;;;;;;08/10/1923;
COSTIN;Edward;66;267591;http://www.archivessearch.qld.gov.au/Image/DigitalImageDisplay.aspx?ImageId=25687;TB Home applications 1923-1932;Inwards and outwards correspondence of the Anzac Committee that erected homes for homeless widows and orphans of fallen soldiers;http://www.archivessearch.qld.gov.au/Search/ItemDetails.aspx?ItemId=267591;;;;;;;;20/08/1925;
DAWSON;Edwin;84;267591;http://www.archivessearch.qld.gov.au/Image/DigitalImageDisplay.aspx?ImageId=25687;TB Home applications 1923-1932;Inwards and outwards correspondence of the Anzac Committee that erected homes for homeless widows and orphans of fallen soldiers;http://www.archivessearch.qld.gov.au/Search/ItemDetails.aspx?ItemId=267591;;;;;;;;10/02/1926;
DAWSON;Edwin;;267591;http://www.archivessearch.qld.gov.au/Image/DigitalImageDisplay.aspx?ImageId=25687;TB Home applications 1923-1932;Inwards and outwards correspondence of the Anzac Committee that erected homes for homeless widows and orphans of fallen soldiers;http://www.archivessearch.qld.gov.au/Search/ItemDetails.aspx?ItemId=267591;;;;;;;;26/10/1931;
DE LACEY;Henry;77;267591;http://www.archivessearch.qld.gov.au/Image/DigitalImageDisplay.aspx?ImageId=25687;TB Home applications 1923-1932;Inwards and outwards correspondence of the Anzac Committee that erected homes for homeless widows and orphans of fallen soldiers;http://www.archivessearch.qld.gov.au/Search/ItemDetails.aspx?ItemId=267591;;;;;;;;05/11/1925;
DICKINSON;Albert Norman;;267591;http://www.archivessearch.qld.gov.au/Image/DigitalImageDisplay.aspx?ImageId=25687;TB Home applications 1923-1932;Inwards and outwards correspondence of the Anzac Committee that erected homes for homeless widows and orphans of fallen soldiers;http://www.archivessearch.qld.gov.au/Search/ItemDetails.aspx?ItemId=267591;;;;;;;;24/02/1931;
DUCKWORTH;Frederic;37;267591;http://www.archivessearch.qld.gov.au/Image/DigitalImageDisplay.aspx?ImageId=25686;TB Home applications 1923-1932;Inwards and outwards correspondence of the Anzac Committee that erected homes for homeless widows and orphans of fallen soldiers;http://www.archivessearch.qld.gov.au/Search/ItemDetails.aspx?ItemId=267591;;;;;;;;10/11/1923;
DUNHAM;Charles Ernest;79;267591;http://www.archivessearch.qld.gov.au/Image/DigitalImageDisplay.aspx?ImageId=25687;TB Home applications 1923-1932;Inwards and outwards correspondence of the Anzac Committee that erected homes for homeless widows and orphans of fallen soldiers;http://www.archivessearch.qld.gov.au/Search/ItemDetails.aspx?ItemId=267591;;;;;;;;25/11/1925;
DUUS;Hans Christian;76;267591;http://www.archivessearch.qld.gov.au/Image/DigitalImageDisplay.aspx?ImageId=25687;TB Home applications 1923-1932;Inwards and outwards correspondence of the Anzac Committee that erected homes for homeless widows and orphans of fallen soldiers;http://www.archivessearch.qld.gov.au/Search/ItemDetails.aspx?ItemId=267591;;;;;;;;05/11/1925;
ELMES;Bertram James;4;267591;http://www.archivessearch.qld.gov.au/Image/DigitalImageDisplay.aspx?ImageId=25686;TB Home applications 1923-1932;Inwards and outwards correspondence of the Anzac Committee that erected homes for homeless widows and orphans of fallen soldiers;http://www.archivessearch.qld.gov.au/Search/ItemDetails.aspx?ItemId=267591;;;;;;;;15/10/1923;
FENELEY;Patrick Joseph;38;267591;http://www.archivessearch.qld.gov.au/Image/DigitalImageDisplay.aspx?ImageId=25686;TB Home applications 1923-1932;Inwards and outwards correspondence of the Anzac Committee that erected homes for homeless widows and orphans of fallen soldiers;http://www.archivessearch.qld.gov.au/Search/ItemDetails.aspx?ItemId=267591;;;;;;;;24/11/1923;
FIELD;Harry;;267591;http://www.archivessearch.qld.gov.au/Image/DigitalImageDisplay.aspx?ImageId=25687;TB Home applications 1923-1932;Inwards and outwards correspondence of the Anzac Committee that erected homes for homeless widows and orphans of fallen soldiers;http://www.archivessearch.qld.gov.au/Search/ItemDetails.aspx?ItemId=267591;;;;;;;;18/06/1931;
FISK;Samuel John;;267591;http://www.archivessearch.qld.gov.au/Image/DigitalImageDisplay.aspx?ImageId=25687;TB Home applications 1923-1932;Inwards and outwards correspondence of the Anzac Committee that erected homes for homeless widows and orphans of fallen soldiers;http://www.archivessearch.qld.gov.au/Search/ItemDetails.aspx?ItemId=267591;;;;;;;;10/11/1926;
FLEMING;William Thomas;21;267591;http://www.archivessearch.qld.gov.au/Image/DigitalImageDisplay.aspx?ImageId=25686;TB Home applications 1923-1932;Inwards and outwards correspondence of the Anzac Committee that erected homes for homeless widows and orphans of fallen soldiers;http://www.archivessearch.qld.gov.au/Search/ItemDetails.aspx?ItemId=267591;;;;;;;;13/10/1923;
FREDERICKS;John;15;267591;http://www.archivessearch.qld.gov.au/Image/DigitalImageDisplay.aspx?ImageId=25686;TB Home applications 1923-1932;Inwards and outwards correspondence of the Anzac Committee that erected homes for homeless widows and orphans of fallen soldiers;http://www.archivessearch.qld.gov.au/Search/ItemDetails.aspx?ItemId=267591;;;;;;;;14/10/1923;
FREEMAN;Henry William Dew;26;267591;http://www.archivessearch.qld.gov.au/Image/DigitalImageDisplay.aspx?ImageId=25686;TB Home applications 1923-1932;Inwards and outwards correspondence of the Anzac Committee that erected homes for homeless widows and orphans of fallen soldiers;http://www.archivessearch.qld.gov.au/Search/ItemDetails.aspx?ItemId=267591;;;;;;;;19/10/1923;
GARDINER;F W;;267591;http://www.archivessearch.qld.gov.au/Image/DigitalImageDisplay.aspx?ImageId=25687;TB Home applications 1923-1932;Inwards and outwards correspondence of the Anzac Committee that erected homes for homeless widows and orphans of fallen soldiers;http://www.archivessearch.qld.gov.au/Search/ItemDetails.aspx?ItemId=267591;;;;;;;;02/11/1926;
GORDON;George Edward;62;267591;http://www.archivessearch.qld.gov.au/Image/DigitalImageDisplay.aspx?ImageId=25687;TB Home applications 1923-1932;Inwards and outwards correspondence of the Anzac Committee that erected homes for homeless widows and orphans of fallen soldiers;http://www.archivessearch.qld.gov.au/Search/ItemDetails.aspx?ItemId=267591;;;;;;;;26/06/1925;
GORMAN;Thomas;2;267591;http://www.archivessearch.qld.gov.au/Image/DigitalImageDisplay.aspx?ImageId=25686;TB Home applications 1923-1932;Inwards and outwards correspondence of the Anzac Committee that erected homes for homeless widows and orphans of fallen soldiers;http://www.archivessearch.qld.gov.au/Search/ItemDetails.aspx?ItemId=267591;;;;;;;;16/10/1923;
GRATTAN;William;88;267591;http://www.archivessearch.qld.gov.au/Image/DigitalImageDisplay.aspx?ImageId=25687;TB Home applications 1923-1932;Inwards and outwards correspondence of the Anzac Committee that erected homes for homeless widows and orphans of fallen soldiers;http://www.archivessearch.qld.gov.au/Search/ItemDetails.aspx?ItemId=267591;;;;;;;;21/05/1926;
GREEN;Francis Peter;48;267591;http://www.archivessearch.qld.gov.au/Image/DigitalImageDisplay.aspx?ImageId=25686;TB Home applications 1923-1932;Inwards and outwards correspondence of the Anzac Committee that erected homes for homeless widows and orphans of fallen soldiers;http://www.archivessearch.qld.gov.au/Search/ItemDetails.aspx?ItemId=267591;;;;;;;;28/08/1924;
GREEN;Percy Thompson;53;267591;http://www.archivessearch.qld.gov.au/Image/DigitalImageDisplay.aspx?ImageId=25687;TB Home applications 1923-1932;Inwards and outwards correspondence of the Anzac Committee that erected homes for homeless widows and orphans of fallen soldiers;http://www.archivessearch.qld.gov.au/Search/ItemDetails.aspx?ItemId=267591;;;;;;;;03/12/1924;
GREGORY;Jonathan George;58;267591;http://www.archivessearch.qld.gov.au/Image/DigitalImageDisplay.aspx?ImageId=25687;TB Home applications 1923-1932;Inwards and outwards correspondence of the Anzac Committee that erected homes for homeless widows and orphans of fallen soldiers;http://www.archivessearch.qld.gov.au/Search/ItemDetails.aspx?ItemId=267591;;;;;;;;05/03/1925;
GRICE;Frederick John;59;267591;http://www.archivessearch.qld.gov.au/Image/DigitalImageDisplay.aspx?ImageId=25687;TB Home applications 1923-1932;Inwards and outwards correspondence of the Anzac Committee that erected homes for homeless widows and orphans of fallen soldiers;http://www.archivessearch.qld.gov.au/Search/ItemDetails.aspx?ItemId=267591;;;;;;;;11/02/1925;
HAMLET;Herbert William;97;267591;http://www.archivessearch.qld.gov.au/Image/DigitalImageDisplay.aspx?ImageId=25687;TB Home applications 1923-1932;Inwards and outwards correspondence of the Anzac Committee that erected homes for homeless widows and orphans of fallen soldiers;http://www.archivessearch.qld.gov.au/Search/ItemDetails.aspx?ItemId=267591;;;;;;;;21/01/1928;
HARRIS;Harry Coleman;51;267591;http://www.archivessearch.qld.gov.au/Image/DigitalImageDisplay.aspx?ImageId=25687;TB Home applications 1923-1932;Inwards and outwards correspondence of the Anzac Committee that erected homes for homeless widows and orphans of fallen soldiers;http://www.archivessearch.qld.gov.au/Search/ItemDetails.aspx?ItemId=267591;;;;;;;;29/10/1924;
HARVEY;George;67;267591;http://www.archivessearch.qld.gov.au/Image/DigitalImageDisplay.aspx?ImageId=25687;TB Home applications 1923-1932;Inwards and outwards correspondence of the Anzac Committee that erected homes for homeless widows and orphans of fallen soldiers;http://www.archivessearch.qld.gov.au/Search/ItemDetails.aspx?ItemId=267591;;;;;;;;03/08/1925;
HARVEY;Peter James;30;267591;http://www.archivessearch.qld.gov.au/Image/DigitalImageDisplay.aspx?ImageId=25686;TB Home applications 1923-1932;Inwards and outwards correspondence of the Anzac Committee that erected homes for homeless widows and orphans of fallen soldiers;http://www.archivessearch.qld.gov.au/Search/ItemDetails.aspx?ItemId=267591;;;;;;;;16/10/1923;
HOATH;George Francis;27;267591;http://www.archivessearch.qld.gov.au/Image/DigitalImageDisplay.aspx?ImageId=25686;TB Home applications 1923-1932;Inwards and outwards correspondence of the Anzac Committee that erected homes for homeless widows and orphans of fallen soldiers;http://www.archivessearch.qld.gov.au/Search/ItemDetails.aspx?ItemId=267591;;;;;;;;18/10/1923;
HODGES;George Douglas;19;267591;http://www.archivessearch.qld.gov.au/Image/DigitalImageDisplay.aspx?ImageId=25686;TB Home applications 1923-1932;Inwards and outwards correspondence of the Anzac Committee that erected homes for homeless widows and orphans of fallen soldiers;http://www.archivessearch.qld.gov.au/Search/ItemDetails.aspx?ItemId=267591;;;;;;;;15/10/1923;
HOLMAN;Joseph James;33;267591;http://www.archivessearch.qld.gov.au/Image/DigitalImageDisplay.aspx?ImageId=25686;TB Home applications 1923-1932;Inwards and outwards correspondence of the Anzac Committee that erected homes for homeless widows and orphans of fallen soldiers;http://www.archivessearch.qld.gov.au/Search/ItemDetails.aspx?ItemId=267591;;;;;;;;16/10/1923;
HOPPE;Arthur Henry;72;267591;http://www.archivessearch.qld.gov.au/Image/DigitalImageDisplay.aspx?ImageId=25687;TB Home applications 1923-1932;Inwards and outwards correspondence of the Anzac Committee that erected homes for homeless widows and orphans of fallen soldiers;http://www.archivessearch.qld.gov.au/Search/ItemDetails.aspx?ItemId=267591;;;;;;;;05/10/1925;
JAMES;Stuart Christopher;12;267591;http://www.archivessearch.qld.gov.au/Image/DigitalImageDisplay.aspx?ImageId=25686;TB Home applications 1923-1932;Inwards and outwards correspondence of the Anzac Committee that erected homes for homeless widows and orphans of fallen soldiers;http://www.archivessearch.qld.gov.au/Search/ItemDetails.aspx?ItemId=267591;;;;;;;;09/10/1923;
KENNEDY;David John;22;267591;http://www.archivessearch.qld.gov.au/Image/DigitalImageDisplay.aspx?ImageId=25686;TB Home applications 1923-1932;Inwards and outwards correspondence of the Anzac Committee that erected homes for homeless widows and orphans of fallen soldiers;http://www.archivessearch.qld.gov.au/Search/ItemDetails.aspx?ItemId=267591;;;;;;;;13/10/1923;
KOSTIN;John;90;267591;http://www.archivessearch.qld.gov.au/Image/DigitalImageDisplay.aspx?ImageId=25687;TB Home applications 1923-1932;Inwards and outwards correspondence of the Anzac Committee that erected homes for homeless widows and orphans of fallen soldiers;http://www.archivessearch.qld.gov.au/Search/ItemDetails.aspx?ItemId=267591;;;;;;;;20/05/1929;
LAYTON;Ernest Fred;89;267591;http://www.archivessearch.qld.gov.au/Image/DigitalImageDisplay.aspx?ImageId=25687;TB Home applications 1923-1932;Inwards and outwards correspondence of the Anzac Committee that erected homes for homeless widows and orphans of fallen soldiers;http://www.archivessearch.qld.gov.au/Search/ItemDetails.aspx?ItemId=267591;;;;;;;;04/09/1926;
LINES;;William Charles;;267591;http://www.archivessearch.qld.gov.au/Image/DigitalImageDisplay.aspx?ImageId=25687;TB Home applications 1923-1932;Inwards and outwards correspondence of the Anzac Committee that erected homes for homeless widows and orphans of fallen soldiers;http://www.archivessearch.qld.gov.au/Search/ItemDetails.aspx?ItemId=267591;;;;;;;;29/06/1931
LOCKETT;Fred;91;267591;http://www.archivessearch.qld.gov.au/Image/DigitalImageDisplay.aspx?ImageId=25687;TB Home applications 1923-1932;Inwards and outwards correspondence of the Anzac Committee that erected homes for homeless widows and orphans of fallen soldiers;http://www.archivessearch.qld.gov.au/Search/ItemDetails.aspx?ItemId=267591;;;;;;;;23/06/1926;
LOHFIN;William Joseph;64;267591;http://www.archivessearch.qld.gov.au/Image/DigitalImageDisplay.aspx?ImageId=25687;TB Home applications 1923-1932;Inwards and outwards correspondence of the Anzac Committee that erected homes for homeless widows and orphans of fallen soldiers;http://www.archivessearch.qld.gov.au/Search/ItemDetails.aspx?ItemId=267591;;;;;;;;27/07/1925;
LOMAS;Ernest Edward;3;267591;http://www.archivessearch.qld.gov.au/Image/DigitalImageDisplay.aspx?ImageId=25686;TB Home applications 1923-1932;Inwards and outwards correspondence of the Anzac Committee that erected homes for homeless widows and orphans of fallen soldiers;http://www.archivessearch.qld.gov.au/Search/ItemDetails.aspx?ItemId=267591;;;;;;;;18/10/1923;
LOPATEN;Vladimir Raul;40;267591;http://www.archivessearch.qld.gov.au/Image/DigitalImageDisplay.aspx?ImageId=25686;TB Home applications 1923-1932;Inwards and outwards correspondence of the Anzac Committee that erected homes for homeless widows and orphans of fallen soldiers;http://www.archivessearch.qld.gov.au/Search/ItemDetails.aspx?ItemId=267591;;;;;;;;18/12/1923;
LOWE;Albert;41;267591;http://www.archivessearch.qld.gov.au/Image/DigitalImageDisplay.aspx?ImageId=25686;TB Home applications 1923-1932;Inwards and outwards correspondence of the Anzac Committee that erected homes for homeless widows and orphans of fallen soldiers;http://www.archivessearch.qld.gov.au/Search/ItemDetails.aspx?ItemId=267591;;;;;;;;04/12/1923;
LYNN;Wilfred;104;267591;http://www.archivessearch.qld.gov.au/Image/DigitalImageDisplay.aspx?ImageId=25687;TB Home applications 1923-1932;Inwards and outwards correspondence of the Anzac Committee that erected homes for homeless widows and orphans of fallen soldiers;http://www.archivessearch.qld.gov.au/Search/ItemDetails.aspx?ItemId=267591;;;;;;;;09/05/1929;
MACSWEENEY;William John;;267591;http://www.archivessearch.qld.gov.au/Image/DigitalImageDisplay.aspx?ImageId=25687;TB Home applications 1923-1932;Inwards and outwards correspondence of the Anzac Committee that erected homes for homeless widows and orphans of fallen soldiers;http://www.archivessearch.qld.gov.au/Search/ItemDetails.aspx?ItemId=267591;;;;;;;;02/09/1930;
MANUELL;James Bright;;267591;http://www.archivessearch.qld.gov.au/Image/DigitalImageDisplay.aspx?ImageId=25687;TB Home applications 1923-1932;Inwards and outwards correspondence of the Anzac Committee that erected homes for homeless widows and orphans of fallen soldiers;http://www.archivessearch.qld.gov.au/Search/ItemDetails.aspx?ItemId=267591;;;;;;;;16/06/1931;
MARKS;Walter John;70;267591;http://www.archivessearch.qld.gov.au/Image/DigitalImageDisplay.aspx?ImageId=25687;TB Home applications 1923-1932;Inwards and outwards correspondence of the Anzac Committee that erected homes for homeless widows and orphans of fallen soldiers;http://www.archivessearch.qld.gov.au/Search/ItemDetails.aspx?ItemId=267591;;;;;;;;05/10/1925;
MARSHALL;William John;95;267591;http://www.archivessearch.qld.gov.au/Image/DigitalImageDisplay.aspx?ImageId=25687;TB Home applications 1923-1932;Inwards and outwards correspondence of the Anzac Committee that erected homes for homeless widows and orphans of fallen soldiers;http://www.archivessearch.qld.gov.au/Search/ItemDetails.aspx?ItemId=267591;;;;;;;;15/11/1924;
McCARTHY;Daniel;20;267591;http://www.archivessearch.qld.gov.au/Image/DigitalImageDisplay.aspx?ImageId=25686;TB Home applications 1923-1932;Inwards and outwards correspondence of the Anzac Committee that erected homes for homeless widows and orphans of fallen soldiers;http://www.archivessearch.qld.gov.au/Search/ItemDetails.aspx?ItemId=267591;;;;;;;;19/10/1923;
McCLURE;James;18;267591;http://www.archivessearch.qld.gov.au/Image/DigitalImageDisplay.aspx?ImageId=25686;TB Home applications 1923-1932;Inwards and outwards correspondence of the Anzac Committee that erected homes for homeless widows and orphans of fallen soldiers;http://www.archivessearch.qld.gov.au/Search/ItemDetails.aspx?ItemId=267591;;;;;;;;15/10/1923;
McDONNELL;Daniel;82;267591;http://www.archivessearch.qld.gov.au/Image/DigitalImageDisplay.aspx?ImageId=25687;TB Home applications 1923-1932;Inwards and outwards correspondence of the Anzac Committee that erected homes for homeless widows and orphans of fallen soldiers;http://www.archivessearch.qld.gov.au/Search/ItemDetails.aspx?ItemId=267591;;;;;;;;09/01/1925;
McFARLANE;Joseph William;43;267591;http://www.archivessearch.qld.gov.au/Image/DigitalImageDisplay.aspx?ImageId=25686;TB Home applications 1923-1932;Inwards and outwards correspondence of the Anzac Committee that erected homes for homeless widows and orphans of fallen soldiers;http://www.archivessearch.qld.gov.au/Search/ItemDetails.aspx?ItemId=267591;;;;;;;;11/04/1924;
McKIM;William Cameron;69;267591;http://www.archivessearch.qld.gov.au/Image/DigitalImageDisplay.aspx?ImageId=25687;TB Home applications 1923-1932;Inwards and outwards correspondence of the Anzac Committee that erected homes for homeless widows and orphans of fallen soldiers;http://www.archivessearch.qld.gov.au/Search/ItemDetails.aspx?ItemId=267591;;;;;;;;26/10/1925;
McLOUGHLIN;James Felix;11;267591;http://www.archivessearch.qld.gov.au/Image/DigitalImageDisplay.aspx?ImageId=25686;TB Home applications 1923-1932;Inwards and outwards correspondence of the Anzac Committee that erected homes for homeless widows and orphans of fallen soldiers;http://www.archivessearch.qld.gov.au/Search/ItemDetails.aspx?ItemId=267591;;;;;;;;08/10/1923;
MOORE;Alexander;28;267591;http://www.archivessearch.qld.gov.au/Image/DigitalImageDisplay.aspx?ImageId=25686;TB Home applications 1923-1932;Inwards and outwards correspondence of the Anzac Committee that erected homes for homeless widows and orphans of fallen soldiers;http://www.archivessearch.qld.gov.au/Search/ItemDetails.aspx?ItemId=267591;;;;;;;;17/10/1923;
NELSON;George;86;267591;http://www.archivessearch.qld.gov.au/Image/DigitalImageDisplay.aspx?ImageId=25687;TB Home applications 1923-1932;Inwards and outwards correspondence of the Anzac Committee that erected homes for homeless widows and orphans of fallen soldiers;http://www.archivessearch.qld.gov.au/Search/ItemDetails.aspx?ItemId=267591;;;;;;;;15/04/1926;
NORRIS;Patrick William;34;267591;http://www.archivessearch.qld.gov.au/Image/DigitalImageDisplay.aspx?ImageId=25686;TB Home applications 1923-1932;Inwards and outwards correspondence of the Anzac Committee that erected homes for homeless widows and orphans of fallen soldiers;http://www.archivessearch.qld.gov.au/Search/ItemDetails.aspx?ItemId=267591;;;;;;;;18/10/1923;
OHMAN;Ernest Victor;16;267591;http://www.archivessearch.qld.gov.au/Image/DigitalImageDisplay.aspx?ImageId=25686;TB Home applications 1923-1932;Inwards and outwards correspondence of the Anzac Committee that erected homes for homeless widows and orphans of fallen soldiers;http://www.archivessearch.qld.gov.au/Search/ItemDetails.aspx?ItemId=267591;;;;;;;;10/10/1923;
PASCOE;Vivian Lawrence;93;267591;http://www.archivessearch.qld.gov.au/Image/DigitalImageDisplay.aspx?ImageId=25687;TB Home applications 1923-1932;Inwards and outwards correspondence of the Anzac Committee that erected homes for homeless widows and orphans of fallen soldiers;http://www.archivessearch.qld.gov.au/Search/ItemDetails.aspx?ItemId=267591;;;;;;;;15/04/1926;
PICKLES;Percival Victor;65;267591;http://www.archivessearch.qld.gov.au/Image/DigitalImageDisplay.aspx?ImageId=25687;TB Home applications 1923-1932;Inwards and outwards correspondence of the Anzac Committee that erected homes for homeless widows and orphans of fallen soldiers;http://www.archivessearch.qld.gov.au/Search/ItemDetails.aspx?ItemId=267591;;;;;;;;18/05/1925;
PILKINGTON;Alfred;47;267591;http://www.archivessearch.qld.gov.au/Image/DigitalImageDisplay.aspx?ImageId=25686;TB Home applications 1923-1932;Inwards and outwards correspondence of the Anzac Committee that erected homes for homeless widows and orphans of fallen soldiers;http://www.archivessearch.qld.gov.au/Search/ItemDetails.aspx?ItemId=267591;;;;;;;;02/08/1924;
PRESTON;Arthur;31;267591;http://www.archivessearch.qld.gov.au/Image/DigitalImageDisplay.aspx?ImageId=25686;TB Home applications 1923-1932;Inwards and outwards correspondence of the Anzac Committee that erected homes for homeless widows and orphans of fallen soldiers;http://www.archivessearch.qld.gov.au/Search/ItemDetails.aspx?ItemId=267591;;;;;;;;18/10/1923;
PRESTON;Arthur;;267591;http://www.archivessearch.qld.gov.au/Image/DigitalImageDisplay.aspx?ImageId=25687;TB Home applications 1923-1932;Inwards and outwards correspondence of the Anzac Committee that erected homes for homeless widows and orphans of fallen soldiers;http://www.archivessearch.qld.gov.au/Search/ItemDetails.aspx?ItemId=267591;;;;;;;;14/01/1926;
PRICE;Richard Fowler;105;267591;http://www.archivessearch.qld.gov.au/Image/DigitalImageDisplay.aspx?ImageId=25687;TB Home applications 1923-1932;Inwards and outwards correspondence of the Anzac Committee that erected homes for homeless widows and orphans of fallen soldiers;http://www.archivessearch.qld.gov.au/Search/ItemDetails.aspx?ItemId=267591;;;;;;;;07/05/1929;
ROBILLARD;Herbert Joseph;1;267591;http://www.archivessearch.qld.gov.au/Image/DigitalImageDisplay.aspx?ImageId=25686;TB Home applications 1923-1932;Inwards and outwards correspondence of the Anzac Committee that erected homes for homeless widows and orphans of fallen soldiers;http://www.archivessearch.qld.gov.au/Search/ItemDetails.aspx?ItemId=267591;;;;;;;;15/10/1923;
ROWLANDS;George Henry;100;267591;http://www.archivessearch.qld.gov.au/Image/DigitalImageDisplay.aspx?ImageId=25687;TB Home applications 1923-1932;Inwards and outwards correspondence of the Anzac Committee that erected homes for homeless widows and orphans of fallen soldiers;http://www.archivessearch.qld.gov.au/Search/ItemDetails.aspx?ItemId=267591;;;;;;;;14/03/1927;
RUSSELL;Cyril Walter;101;267591;http://www.archivessearch.qld.gov.au/Image/DigitalImageDisplay.aspx?ImageId=25687;TB Home applications 1923-1932;Inwards and outwards correspondence of the Anzac Committee that erected homes for homeless widows and orphans of fallen soldiers;http://www.archivessearch.qld.gov.au/Search/ItemDetails.aspx?ItemId=267591;;;;;;;;01/11/1928;
RUSSELL;John;103;267591;http://www.archivessearch.qld.gov.au/Image/DigitalImageDisplay.aspx?ImageId=25687;TB Home applications 1923-1932;Inwards and outwards correspondence of the Anzac Committee that erected homes for homeless widows and orphans of fallen soldiers;http://www.archivessearch.qld.gov.au/Search/ItemDetails.aspx?ItemId=267591;;;;;;;;19/03/1929;
SCOTT;Reginald;98;267591;http://www.archivessearch.qld.gov.au/Image/DigitalImageDisplay.aspx?ImageId=25687;TB Home applications 1923-1932;Inwards and outwards correspondence of the Anzac Committee that erected homes for homeless widows and orphans of fallen soldiers;http://www.archivessearch.qld.gov.au/Search/ItemDetails.aspx?ItemId=267591;;;;;;;;15/03/1929;
SIMMONS;Rupert Wesley;;267591;http://www.archivessearch.qld.gov.au/Image/DigitalImageDisplay.aspx?ImageId=25687;TB Home applications 1923-1932;Inwards and outwards correspondence of the Anzac Committee that erected homes for homeless widows and orphans of fallen soldiers;http://www.archivessearch.qld.gov.au/Search/ItemDetails.aspx?ItemId=267591;;;;;;;;23/12/1925;
SIMS;Harold Ernest Albert;;267591;http://www.archivessearch.qld.gov.au/Image/DigitalImageDisplay.aspx?ImageId=25687;TB Home applications 1923-1932;Inwards and outwards correspondence of the Anzac Committee that erected homes for homeless widows and orphans of fallen soldiers;http://www.archivessearch.qld.gov.au/Search/ItemDetails.aspx?ItemId=267591;;;;;;;;06/11/1930;
SMITH;Ernest;;267591;http://www.archivessearch.qld.gov.au/Image/DigitalImageDisplay.aspx?ImageId=25687;TB Home applications 1923-1932;Inwards and outwards correspondence of the Anzac Committee that erected homes for homeless widows and orphans of fallen soldiers;http://www.archivessearch.qld.gov.au/Search/ItemDetails.aspx?ItemId=267591;;;;;;;;22/12/1925;
SMITH;George Martin;106;267591;http://www.archivessearch.qld.gov.au/Image/DigitalImageDisplay.aspx?ImageId=25687;TB Home applications 1923-1932;Inwards and outwards correspondence of the Anzac Committee that erected homes for homeless widows and orphans of fallen soldiers;http://www.archivessearch.qld.gov.au/Search/ItemDetails.aspx?ItemId=267591;;;;;;;;15/10/1930;
SMITH;Osvane Ernest;81;267591;http://www.archivessearch.qld.gov.au/Image/DigitalImageDisplay.aspx?ImageId=25687;TB Home applications 1923-1932;Inwards and outwards correspondence of the Anzac Committee that erected homes for homeless widows and orphans of fallen soldiers;http://www.archivessearch.qld.gov.au/Search/ItemDetails.aspx?ItemId=267591;;;;;;;;12/11/1926;
STEELE;James;;267591;http://www.archivessearch.qld.gov.au/Image/DigitalImageDisplay.aspx?ImageId=25687;TB Home applications 1923-1932;Inwards and outwards correspondence of the Anzac Committee that erected homes for homeless widows and orphans of fallen soldiers;http://www.archivessearch.qld.gov.au/Search/ItemDetails.aspx?ItemId=267591;;;;;;;;26/06/1931;
STEIGMAN;George Edward;75;267591;http://www.archivessearch.qld.gov.au/Image/DigitalImageDisplay.aspx?ImageId=25687;TB Home applications 1923-1932;Inwards and outwards correspondence of the Anzac Committee that erected homes for homeless widows and orphans of fallen soldiers;http://www.archivessearch.qld.gov.au/Search/ItemDetails.aspx?ItemId=267591;;;;;;;;16/12/1925;
STEPHSON;Walter Harold;92;267591;http://www.archivessearch.qld.gov.au/Image/DigitalImageDisplay.aspx?ImageId=25687;TB Home applications 1923-1932;Inwards and outwards correspondence of the Anzac Committee that erected homes for homeless widows and orphans of fallen soldiers;http://www.archivessearch.qld.gov.au/Search/ItemDetails.aspx?ItemId=267591;;;;;;;;25/02/1926;
STIRLING;John;42;267591;http://www.archivessearch.qld.gov.au/Image/DigitalImageDisplay.aspx?ImageId=25686;TB Home applications 1923-1932;Inwards and outwards correspondence of the Anzac Committee that erected homes for homeless widows and orphans of fallen soldiers;http://www.archivessearch.qld.gov.au/Search/ItemDetails.aspx?ItemId=267591;;;;;;;;29/11/1923;
STRINGER;John;52;267591;http://www.archivessearch.qld.gov.au/Image/DigitalImageDisplay.aspx?ImageId=25687;TB Home applications 1923-1932;Inwards and outwards correspondence of the Anzac Committee that erected homes for homeless widows and orphans of fallen soldiers;http://www.archivessearch.qld.gov.au/Search/ItemDetails.aspx?ItemId=267591;;;;;;;;22/11/1924;
STYLES;James Percival;13;267591;http://www.archivessearch.qld.gov.au/Image/DigitalImageDisplay.aspx?ImageId=25686;TB Home applications 1923-1932;Inwards and outwards correspondence of the Anzac Committee that erected homes for homeless widows and orphans of fallen soldiers;http://www.archivessearch.qld.gov.au/Search/ItemDetails.aspx?ItemId=267591;;;;;;;;15/10/1923;
SUDGEN;Albert;;267591;http://www.archivessearch.qld.gov.au/Image/DigitalImageDisplay.aspx?ImageId=25687;TB Home applications 1923-1932;Inwards and outwards correspondence of the Anzac Committee that erected homes for homeless widows and orphans of fallen soldiers;http://www.archivessearch.qld.gov.au/Search/ItemDetails.aspx?ItemId=267591;;;;;;;;01/11/1926;
SUGDEN;Albert;80;267591;http://www.archivessearch.qld.gov.au/Image/DigitalImageDisplay.aspx?ImageId=25687;TB Home applications 1923-1932;Inwards and outwards correspondence of the Anzac Committee that erected homes for homeless widows and orphans of fallen soldiers;http://www.archivessearch.qld.gov.au/Search/ItemDetails.aspx?ItemId=267591;;;;;;;;12/11/1926;
SULLIVAN;William;87;267591;http://www.archivessearch.qld.gov.au/Image/DigitalImageDisplay.aspx?ImageId=25687;TB Home applications 1923-1932;Inwards and outwards correspondence of the Anzac Committee that erected homes for homeless widows and orphans of fallen soldiers;http://www.archivessearch.qld.gov.au/Search/ItemDetails.aspx?ItemId=267591;;;;;;;;23/04/1926;
SUTCLIFFE;Victor John George;83;267591;http://www.archivessearch.qld.gov.au/Image/DigitalImageDisplay.aspx?ImageId=25687;TB Home applications 1923-1932;Inwards and outwards correspondence of the Anzac Committee that erected homes for homeless widows and orphans of fallen soldiers;http://www.archivessearch.qld.gov.au/Search/ItemDetails.aspx?ItemId=267591;;;;;;;;10/11/1924;
TAPLIN;Stanley Russell Stuart;;267591;http://www.archivessearch.qld.gov.au/Image/DigitalImageDisplay.aspx?ImageId=25687;TB Home applications 1923-1932;Inwards and outwards correspondence of the Anzac Committee that erected homes for homeless widows and orphans of fallen soldiers;http://www.archivessearch.qld.gov.au/Search/ItemDetails.aspx?ItemId=267591;;;;;;;;28/08/1930;
TAPLIN;Stanley Russell Stuart;;267591;http://www.archivessearch.qld.gov.au/Image/DigitalImageDisplay.aspx?ImageId=25687;TB Home applications 1923-1932;Inwards and outwards correspondence of the Anzac Committee that erected homes for homeless widows and orphans of fallen soldiers;http://www.archivessearch.qld.gov.au/Search/ItemDetails.aspx?ItemId=267591;;;;;;;;23/06/1931;
TAYLOR;Albert B;85;267591;http://www.archivessearch.qld.gov.au/Image/DigitalImageDisplay.aspx?ImageId=25687;TB Home applications 1923-1932;Inwards and outwards correspondence of the Anzac Committee that erected homes for homeless widows and orphans of fallen soldiers;http://www.archivessearch.qld.gov.au/Search/ItemDetails.aspx?ItemId=267591;;;;;;;;06/02/1926;
THALLON;Alexander Edwin;32;267591;http://www.archivessearch.qld.gov.au/Image/DigitalImageDisplay.aspx?ImageId=25686;TB Home applications 1923-1932;Inwards and outwards correspondence of the Anzac Committee that erected homes for homeless widows and orphans of fallen soldiers;http://www.archivessearch.qld.gov.au/Search/ItemDetails.aspx?ItemId=267591;;;;;;;;10/10/1923;
THALLON;Alexander Edwin;73;267591;http://www.archivessearch.qld.gov.au/Image/DigitalImageDisplay.aspx?ImageId=25687;TB Home applications 1923-1932;Inwards and outwards correspondence of the Anzac Committee that erected homes for homeless widows and orphans of fallen soldiers;http://www.archivessearch.qld.gov.au/Search/ItemDetails.aspx?ItemId=267591;;;;;;;;27/10/1924;
TOWLE;George;;267591;http://www.archivessearch.qld.gov.au/Image/DigitalImageDisplay.aspx?ImageId=25687;TB Home applications 1923-1932;Inwards and outwards correspondence of the Anzac Committee that erected homes for homeless widows and orphans of fallen soldiers;http://www.archivessearch.qld.gov.au/Search/ItemDetails.aspx?ItemId=267591;;;;;;;;14/11/1930;
TOWNSEND;John;9;267591;http://www.archivessearch.qld.gov.au/Image/DigitalImageDisplay.aspx?ImageId=25686;TB Home applications 1923-1932;Inwards and outwards correspondence of the Anzac Committee that erected homes for homeless widows and orphans of fallen soldiers;http://www.archivessearch.qld.gov.au/Search/ItemDetails.aspx?ItemId=267591;;;;;;;;10/10/1923;
TURNER;Charles Edward;46;267591;http://www.archivessearch.qld.gov.au/Image/DigitalImageDisplay.aspx?ImageId=25686;TB Home applications 1923-1932;Inwards and outwards correspondence of the Anzac Committee that erected homes for homeless widows and orphans of fallen soldiers;http://www.archivessearch.qld.gov.au/Search/ItemDetails.aspx?ItemId=267591;;;;;;;;31/07/1924;
WALL;Harry;29;267591;http://www.archivessearch.qld.gov.au/Image/DigitalImageDisplay.aspx?ImageId=25686;TB Home applications 1923-1932;Inwards and outwards correspondence of the Anzac Committee that erected homes for homeless widows and orphans of fallen soldiers;http://www.archivessearch.qld.gov.au/Search/ItemDetails.aspx?ItemId=267591;;;;;;;;09/10/1923;
WALLACE;Leslie John;35;267591;http://www.archivessearch.qld.gov.au/Image/DigitalImageDisplay.aspx?ImageId=25686;TB Home applications 1923-1932;Inwards and outwards correspondence of the Anzac Committee that erected homes for homeless widows and orphans of fallen soldiers;http://www.archivessearch.qld.gov.au/Search/ItemDetails.aspx?ItemId=267591;;;;;;;;18/10/1923;
WATSON;Fred;60;267591;http://www.archivessearch.qld.gov.au/Image/DigitalImageDisplay.aspx?ImageId=25687;TB Home applications 1923-1932;Inwards and outwards correspondence of the Anzac Committee that erected homes for homeless widows and orphans of fallen soldiers;http://www.archivessearch.qld.gov.au/Search/ItemDetails.aspx?ItemId=267591;;;;;;;;09/07/1925;
WEBB;Harry D C;96;267591;http://www.archivessearch.qld.gov.au/Image/DigitalImageDisplay.aspx?ImageId=25687;TB Home applications 1923-1932;Inwards and outwards correspondence of the Anzac Committee that erected homes for homeless widows and orphans of fallen soldiers;http://www.archivessearch.qld.gov.au/Search/ItemDetails.aspx?ItemId=267591;;;;;;;;21/01/1927;
WHITTLE;Arthur;6;267591;http://www.archivessearch.qld.gov.au/Image/DigitalImageDisplay.aspx?ImageId=25686;TB Home applications 1923-1932;Inwards and outwards correspondence of the Anzac Committee that erected homes for homeless widows and orphans of fallen soldiers;http://www.archivessearch.qld.gov.au/Search/ItemDetails.aspx?ItemId=267591;;;;;;;;16/10/1923;
WILKIE;Alexander;;267591;http://www.archivessearch.qld.gov.au/Image/DigitalImageDisplay.aspx?ImageId=25687;TB Home applications 1923-1932;Inwards and outwards correspondence of the Anzac Committee that erected homes for homeless widows and orphans of fallen soldiers;http://www.archivessearch.qld.gov.au/Search/ItemDetails.aspx?ItemId=267591;;;;;;;;24/06/1931;
WILKIE;Robert Anderson;24;267591;http://www.archivessearch.qld.gov.au/Image/DigitalImageDisplay.aspx?ImageId=25686;TB Home applications 1923-1932;Inwards and outwards correspondence of the Anzac Committee that erected homes for homeless widows and orphans of fallen soldiers;http://www.archivessearch.qld.gov.au/Search/ItemDetails.aspx?ItemId=267591;;;;;;;;15/10/1923;
WILLEY;William Henry;10;267591;http://www.archivessearch.qld.gov.au/Image/DigitalImageDisplay.aspx?ImageId=25686;TB Home applications 1923-1932;Inwards and outwards correspondence of the Anzac Committee that erected homes for homeless widows and orphans of fallen soldiers;http://www.archivessearch.qld.gov.au/Search/ItemDetails.aspx?ItemId=267591;;;;;;;;09/10/1923;
WILLIAMS;John;107;267591;http://www.archivessearch.qld.gov.au/Image/DigitalImageDisplay.aspx?ImageId=25687;TB Home applications 1923-1932;Inwards and outwards correspondence of the Anzac Committee that erected homes for homeless widows and orphans of fallen soldiers;http://www.archivessearch.qld.gov.au/Search/ItemDetails.aspx?ItemId=267591;;;;;;;;11/05/1929;
WILLIAMS;John Joseph;56;267591;http://www.archivessearch.qld.gov.au/Image/DigitalImageDisplay.aspx?ImageId=25687;TB Home applications 1923-1932;Inwards and outwards correspondence of the Anzac Committee that erected homes for homeless widows and orphans of fallen soldiers;http://www.archivessearch.qld.gov.au/Search/ItemDetails.aspx?ItemId=267591;;;;;;;;18/03/1925;
WILLIAMS;William Thomas;49;267591;http://www.archivessearch.qld.gov.au/Image/DigitalImageDisplay.aspx?ImageId=25686;TB Home applications 1923-1932;Inwards and outwards correspondence of the Anzac Committee that erected homes for homeless widows and orphans of fallen soldiers;http://www.archivessearch.qld.gov.au/Search/ItemDetails.aspx?ItemId=267591;;;;;;;;29/09/1924;
WILLIAMSON;George McKay;45;267591;http://www.archivessearch.qld.gov.au/Image/DigitalImageDisplay.aspx?ImageId=25686;TB Home applications 1923-1932;Inwards and outwards correspondence of the Anzac Committee that erected homes for homeless widows and orphans of fallen soldiers;http://www.archivessearch.qld.gov.au/Search/ItemDetails.aspx?ItemId=267591;;;;;;;;23/05/1924;
WILLIS;John William;36;267591;http://www.archivessearch.qld.gov.au/Image/DigitalImageDisplay.aspx?ImageId=25686;TB Home applications 1923-1932;Inwards and outwards correspondence of the Anzac Committee that erected homes for homeless widows and orphans of fallen soldiers;http://www.archivessearch.qld.gov.au/Search/ItemDetails.aspx?ItemId=267591;;;;;;;;23/11/1923;
WOODFORD;Harry;17;267591;http://www.archivessearch.qld.gov.au/Image/DigitalImageDisplay.aspx?ImageId=25686;TB Home applications 1923-1932;Inwards and outwards correspondence of the Anzac Committee that erected homes for homeless widows and orphans of fallen soldiers;http://www.archivessearch.qld.gov.au/Search/ItemDetails.aspx?ItemId=267591;;;;;;;;15/10/1923;
WOODFORD;Harry;71;267591;http://www.archivessearch.qld.gov.au/Image/DigitalImageDisplay.aspx?ImageId=25687;TB Home applications 1923-1932;Inwards and outwards correspondence of the Anzac Committee that erected homes for homeless widows and orphans of fallen soldiers;http://www.archivessearch.qld.gov.au/Search/ItemDetails.aspx?ItemId=267591;;;;;;;;28/01/1925;
ZERK;Felix Clarence;108;267591;http://www.archivessearch.qld.gov.au/Image/DigitalImageDisplay.aspx?ImageId=25687;TB Home applications 1923-1932;Inwards and outwards correspondence of the Anzac Committee that erected homes for homeless widows and orphans of fallen soldiers;http://www.archivessearch.qld.gov.au/Search/ItemDetails.aspx?ItemId=267591;;;;;;;;08/05/1929;
