name,url_profile,highest rank,gold count,city
bestfitting,https://www.kaggle.com/bestfitting,1,33,Changsha
Eureka,https://www.kaggle.com/pengyan,3,23,Beijing
Guanshuo Xu,https://www.kaggle.com/wowfattie,1,22,Kearny
Owen,https://www.kaggle.com/owenzhang1,1,18,Jupiter
Little Boat,https://www.kaggle.com/xiaozhouwang,4,18,Toronto
Shize Su,https://www.kaggle.com/sushize,5,17,Bellevue
Jiwei Liu,https://www.kaggle.com/jiweiliu,8,17,Pittsburgh
Bo,https://www.kaggle.com/boliu0,12,15,New York
Qishen Ha,https://www.kaggle.com/haqishen,6,15,Tokyo
Weimin Wang,https://www.kaggle.com/weimin,29,12,Boston
Gary,https://www.kaggle.com/garybios,11,12,Shenzhen
SeuTao,https://www.kaggle.com/shentao,8,11,Shenzhen
weiwei,https://www.kaggle.com/shixw125,5,9,Beijing
Qingchen,https://www.kaggle.com/qwang88,14,9,Amsterdam
Cola,https://www.kaggle.com/kelexu,28,9,Changsha
Kun Hao Yeh,https://www.kaggle.com/khyeh0719,41,9,Hsinchu
Kyle Y. Lee,https://www.kaggle.com/kylelee,9,8,George Town
yelan,https://www.kaggle.com/lanjunyelan,12,8,Shanghai
earhian,https://www.kaggle.com/qiaojian,17,8,Beijing
Yuanhao,https://www.kaggle.com/wuyhbb,36,8,Shanghai
daishu,https://www.kaggle.com/daishu,66,8,Xiamen
Fengari,https://www.kaggle.com/fengari,132,8,Beijing
Guocong Song,https://www.kaggle.com/songgc,8,7,San Francisco
30CrMnSiA,https://www.kaggle.com/h4211819,12,7,Beijing
Liao,https://www.kaggle.com/alexanderliao,17,7,Beijing
woshialex,https://www.kaggle.com/woshialex,20,7,Chicago
乔世吉,https://www.kaggle.com/qiaoshiji,30,7,Hohhot
Xuan Cao,https://www.kaggle.com/naivelamb,45,7,Sunnyvale
senkin13,https://www.kaggle.com/senkin13,89,7,Zhenjiang
sheep,https://www.kaggle.com/steamedsheep,21,7,Guangzhou
plantsgo,https://www.kaggle.com/plantsgo,12,6,Shanghai
spongebob,https://www.kaggle.com/baomengjiao,103,6,Beijing
outrunner,https://www.kaggle.com/outrunner,7,6,Taipei 
Arsenal,https://www.kaggle.com/arsenal,4,5,Palo Alto
Wayne Zhang,https://www.kaggle.com/waynezhang,6,5,Hong Kong
xing zhao,https://www.kaggle.com/xingzhao,8,5,San diego
chenglongchen,https://www.kaggle.com/chenglongchen,10,5,Hangzhou
piupiu,https://www.kaggle.com/pureheart,27,5,Hangzhou
FAndy,https://www.kaggle.com/zhanpengfang,27,5,San Francisco
Hikkiiiiiiiii,https://www.kaggle.com/wochidadonggua,39,5,Beijing
zr,https://www.kaggle.com/mzr2017,41,5,Beijing
qianqian,https://www.kaggle.com/qqgeogor,46,5,Shanghai
Halla Yang,https://www.kaggle.com/hallayang,46,5,Chicago
qrfaction,https://www.kaggle.com/action,57,5,Wuxi
mgchbot,https://www.kaggle.com/mgchbot,79,5,Beijing
Bing Xu,https://www.kaggle.com/binghsu,90,5,Edmonton
bird,https://www.kaggle.com/whitebird,90,5,Hangzhou
R Guo,https://www.kaggle.com/rguo97,41,5,Ann Arbor
chlxyd,https://www.kaggle.com/chlxyd,177,5,Beijing
Heng CherKeng,https://www.kaggle.com/hengck23,34,5,Singapore
Anisotropic,https://www.kaggle.com/arthurtok,-,1,London
Yirun Zhang,https://www.kaggle.com/gogo827jz,1188,1,London
