{"approvals": [{"state": "approved", "reviewedAutomatically": false, "submissionDetails": {"permissionType": "READ"}, "submissionOutcomeApplication": {"failureCount": 0, "status": "success"}, "submissionObject": "public_audience_request", "reviewedAt": 1489509922, "workflowId": 2212, "submissionId": 882880, "submissionOutcome": "change_audience", "submitter": {"displayName": "ChelseaU", "id": "95pg-i79k"}, "submittedAt": 1489509922, "reviewer": {"displayName": "ChelseaU", "id": "95pg-i79k"}}], "viewLastModified": 1536101638, "viewType": "tabular", "oid": 29626358, "columns": [{"renderTypeName": "calendar_date", "cachedContents": {"largest": "2018-07-18T00:00:00", "top": [{"count": 20, "item": "2015-07-30T00:00:00"}, {"count": 19, "item": "2015-08-30T00:00:00"}, {"count": 18, "item": "2015-09-29T00:00:00"}, {"count": 17, "item": "2015-10-29T00:00:00"}, {"count": 16, "item": "2015-11-29T00:00:00"}, {"count": 15, "item": "2015-12-29T00:00:00"}, {"count": 14, "item": "2016-01-28T00:00:00"}, {"count": 13, "item": "2016-02-28T00:00:00"}, {"count": 12, "item": "2016-03-29T00:00:00"}, {"count": 11, "item": "2016-04-28T00:00:00"}, {"count": 10, "item": "2016-05-29T00:00:00"}, {"count": 9, "item": "2016-06-28T00:00:00"}, {"count": 8, "item": "2016-07-28T00:00:00"}, {"count": 7, "item": "2016-08-28T00:00:00"}, {"count": 6, "item": "2016-09-28T00:00:00"}, {"count": 5, "item": "2016-10-28T00:00:00"}, {"count": 4, "item": "2016-11-28T00:00:00"}, {"count": 3, "item": "2016-12-28T00:00:00"}, {"count": 2, "item": "2017-01-28T00:00:00"}, {"count": 1, "item": "2017-02-28T00:00:00"}], "non_null": 37, "smallest": "2015-07-30T00:00:00", "null": 0}, "dataTypeName": "calendar_date", "format": {"displayStyle": "plain", "align": "left", "view": "date_shortmonthy"}, "id": 373595091, "position": 1, "fieldName": "date", "name": "Month-Year", "tableColumnId": 68990309, "description": "month in the year"}, {"renderTypeName": "number", "cachedContents": {"largest": "113", "top": [{"count": 20, "item": "111"}, {"count": 19, "item": "110"}, {"count": 18, "item": "109"}, {"count": 17, "item": "107"}, {"count": 16, "item": "108"}, {"count": 15, "item": "106"}, {"count": 14, "item": "105"}, {"count": 13, "item": "104"}, {"count": 12, "item": "103"}, {"count": 11, "item": "102"}, {"count": 10, "item": "113"}, {"count": 9, "item": "112"}], "non_null": 37, "smallest": "102", "average": "106.7027027027027", "sum": "3948", "null": 0}, "dataTypeName": "number", "width": 556, "format": {"noCommas": "false", "align": "right", "precisionStyle": "standard"}, "id": 373595090, "position": 2, "fieldName": "per_capita_water_use_gallons_per_day", "name": "GPCD-12 Month Rolling Conservation", "tableColumnId": 20022286, "description": "GPCD-12 Month Rolling Conservation"}], "rowsUpdatedAt": 1536101640, "name": "Mayor's ED No.5 GPCD Target Progress", "averageRating": 0, "description": "This metric measures the average total daily water use in Los Angeles, divided by the total number of residents. As this figure includes commercial, industrial, and institutional water use, this figure does not represent the average personal daily use of an individual Angeleno.", "licenseId": "CC0_10", "displayType": "table", "rowsUpdatedBy": "5442-vebw", "downloadCount": 1602, "totalTimesRated": 0, "hideFromCatalog": false, "publicationAppendEnabled": false, "tableAuthor": {"flags": ["mayBeStoriesCoOwner"], "profileImageUrlMedium": "/api/users/hb8e-gdsp/profile_images/THUMB", "type": "interactive", "profileImageUrlLarge": "/api/users/hb8e-gdsp/profile_images/LARGE", "displayName": "LA DWP OpenData", "screenName": "LA DWP OpenData", "id": "hb8e-gdsp", "profileImageUrlSmall": "/api/users/hb8e-gdsp/profile_images/TINY", "userSegment": "site_member"}, "owner": {"flags": ["mayBeStoriesCoOwner"], "profileImageUrlMedium": "/api/users/hb8e-gdsp/profile_images/THUMB", "type": "interactive", "profileImageUrlLarge": "/api/users/hb8e-gdsp/profile_images/LARGE", "displayName": "LA DWP OpenData", "screenName": "LA DWP OpenData", "id": "hb8e-gdsp", "profileImageUrlSmall": "/api/users/hb8e-gdsp/profile_images/TINY", "userSegment": "site_member"}, "viewCount": 554, "publicationDate": 1536101496, "category": "A Livable and Sustainable City", "metadata": {"renderTypeConfig": {"visible": {"table": true}}, "rdfSubject": "0", "custom_fields": {"Committed Update Frequency": {"Refresh rate": "Monthly"}, "Data Owner": {"Department": "LADWP"}, "Location Specified": {"Does this data have a Location column? (Yes or No)": "No"}}, "availableDisplayTypes": ["table", "fatrow", "page"], "rowLabel": ""}, "createdAt": 1401488245, "tableId": 15493034, "hideFromDataJson": false, "flags": ["default", "restorable", "restorePossibleForType"], "id": "ubph-b4it", "rights": ["read"], "tags": ["water", "conservation", "per capita", "water use"], "publicationGroup": 1600628, "newBackend": true, "grants": [{"type": "viewer", "inherited": false, "flags": ["public"]}], "publicationStage": "published", "numberOfComments": 0, "provenance": "official", "indexUpdatedAt": 1536101784, "query": {}, "license": {"termsLink": "http://creativecommons.org/publicdomain/zero/1.0/legalcode", "name": "Creative Commons 1.0 Universal (Public Domain Dedication)", "logoUrl": "images/licenses/ccZero.png"}}