Products and product groups3 4,Dec-19,Jan-20,Feb-20,Mar-20,Apr-20
All-items,136.4,136.8,137.4,136.6,135.7
Food 5,151.9,153.5,152.9,152.8,154
Shelter 6,146.3,146.4,146.7,146.5,146
"Household operations, furnishings and equipment",122.9,122.6,123.3,123.7,124.2
Clothing and footwear,95.3,95.8,97.4,99,93.2
Transportation,143.1,143.4,144,138.9,136.7
Gasoline,165.8,166.4,163.1,134,113.6
Health and personal care,127.9,128.6,128.8,128.6,128.7
"Recreation, education and reading",113.2,113,116,116,115
"Alcoholic beverages, tobacco products and recreational cannabis",170,171.4,171.4,171.5,172.1
All-items excluding food and energy 7,130.8,131,132.1,132.2,131.8
All-items excluding energy 7,134.5,134.9,135.7,135.8,135.7
Energy 7,158.3,158.6,156.6,140.6,128.3
Goods 8,122.6,123.7,123.9,122,120.2
Services 9,150.1,149.7,150.8,151.1,151.1
,,,,,
,,,,,
,,,,,
,,,,,
,,,,,
,,,,,
,,,,,
,,,,,
,,,,,
,,,,,
,,,,,
,,,,,
,,,,,
