North American Industry Classification System (NAICS),Nov-19,Dec-19,Jan-20,Feb-20,Mar-20
All industries  [T001]4,"19,81,970","19,87,713","19,88,839","19,90,433","18,46,869"
Goods-producing industries  [T002]4,"5,71,952","5,72,822","5,74,167","5,75,858","5,49,519"
Service-producing industries  [T003]4,"14,06,484","14,11,249","14,11,159","14,11,203","12,96,191"
Business sector industries  [T004],"16,31,026","16,36,516","16,37,443","16,39,850","15,22,290"
Non-business sector industries  [T007],"3,51,077","3,51,371","3,51,555","3,50,824","3,24,870"
Industrial production  [T010]4,"3,95,811","3,96,820","3,97,304","3,97,747","3,76,978"
Non-durable manufacturing industries  [T011]4,"91,319","91,971","92,684","92,242","91,243"
Durable manufacturing industries  [T012]4,"1,07,650","1,07,022","1,06,548","1,06,584","94,789"
Information and communication technology sector  [T013]4,"96,205","96,268","96,493","96,390","94,933"
Energy sector  [T016]4,"1,77,291","1,79,041","1,78,045","1,79,094","1,73,449"
Industrial production (1950 definition)  [T017]4,"3,89,140","3,90,082","3,90,460","3,90,912","3,70,668"
Public Sector  [T018]4,"3,80,558","3,80,923","3,81,116","3,80,588","3,44,764"
Content and media sector  [T019]4,"13,818","13,804","13,743","13,842","11,614"
All industries (except cannabis sector)  [T020]4,"19,73,739","19,80,124","19,81,315","19,82,691","18,39,375"
Cannabis sector  [T021]4,"8,769","7,951","7,842","8,195","7,997"
All industries (except unlicensed cannabis sector)  [T024]4,"19,77,419","19,83,203","19,84,380","19,85,987","18,42,527"
"Agriculture, forestry, fishing and hunting  [11]","41,490","40,788","40,745","40,975","40,966"
"Mining, quarrying, and oil and gas extraction  [21]","1,44,090","1,46,391","1,47,290","1,48,511","1,41,143"
Utilities  [22],"44,355","43,914","43,529","43,658","43,853"
Construction  [23],"1,42,149","1,42,761","1,43,659","1,44,552","1,38,196"
Manufacturing  [31-33],"1,98,941","1,98,946","1,99,170","1,98,769","1,85,841"
Wholesale trade  [41],"1,02,210","1,02,770","1,03,630","1,03,815","98,500"
Retail trade  [44-45],"1,02,352","1,02,901","1,02,986","1,03,194","93,314"
Transportation and warehousing  [48-49],"88,464","90,283","89,058","87,823","77,068"
Information and cultural industries  [51],"64,855","65,059","65,113","65,246","63,047"
Finance and insurance  [52],"1,33,844","1,34,720","1,34,085","1,34,102","1,32,759"
Real estate and rental and leasing  [53],"2,53,957","2,54,453","2,54,751","2,56,103","2,53,443"
"Professional, scientific and technical services  [54]","1,20,424","1,20,454","1,20,895","1,21,195","1,10,803"
Management of companies and enterprises  [55],"9,341","9,330","9,382","9,445","8,999"
"Administrative and support, waste management and remediation services  [56]","52,501","52,484","52,648","52,525","45,224"
Educational services  [61],"1,05,115","1,04,742","1,04,108","1,02,795","88,873"
Health care and social assistance  [62],"1,41,459","1,41,916","1,42,264","1,42,637","1,26,866"
"Arts, entertainment and recreation  [71]","15,546","15,648","15,504","15,551","9,128"
Accommodation and food services  [72],"45,016","44,934","44,595","44,429","28,054"
Other services (except public administration)  [81],"37,906","37,816","37,913","37,766","32,118"
Public administration  [91],"1,33,964","1,34,235","1,34,701","1,35,089","1,28,957"
