Nombre,Raza,Tipo,Madera,Barro,Hierro,Cereal,Ataque,Definf,Defcab,Velocidad,Saqueo,Consumo,Tiempo
Falange,Galos,Infanteria,100,130,55,30,15,40,50,7,35,1,17
Espadachin,Galos,Infanteria,140,150,185,60,65,35,20,6,45,1,24
Batidor,Galos,Caballeria,170,150,20,40,0,20,10,17,0,2,23
Rayo de theutates,Galos,Caballeria,350,450,230,60,90,25,40,19,75,2,41
Jinete druida,Galos,Caballeria,360,330,280,120,45,115,55,16,35,2,43
Jinete Eduo,Galos,Caballeria,500,620,675,170,140,60,165,13,65,3,52
Ariete de madera,Galos,Asalto,950,555,330,75,50,30,105,4,0,3,83
Catapulta de guerra,Galos,Asalto,960,1450,630,90,70,45,10,3,0,6,150
Cacique,Galos,,30750,45400,31000,37500,40,50,50,5,0,4,1512
Colono,Galos,,4400,5600,4200,3900,0,80,80,5,3000,1,378
Legionario,Romanos,Infanteria,120,100,150,30,40,35,50,6,50,1,27
Pretoriano,Romanos,Infanteria,100,130,160,70,30,65,35,5,20,1,29
Imperano,Romanos,Infanteria,150,160,210,80,70,40,25,7,50,1,32
Equites legati,Romanos,Caballeria,140,160,20,40,0,20,10,16,0,2,23
Equites imperatoris,Romanos,Caballeria,550,440,320,100,120,65,50,14,100,3,44
Equites caesaris,Romanos,Caballeria,550,640,800,180,180,80,105,10,70,4,59
Ariete,Romanos,Asalto,900,360,500,70,60,30,75,4,0,3,77
Catapulta de fuego,Romanos,Asalto,950,1350,600,90,75,60,10,3,0,6,150
Senador,Romanos,,30750,27200,45000,37500,50,40,30,4,0,5,1512
Colono,Romanos,,4600,4200,5800,4400,0,80,80,5,3000,1,448
Luchador de porra,Germanos,Infanteria,95,75,40,40,40,20,5,7,60,1,12
Lancero,Germanos,Infanteria,145,70,85,40,10,35,60,7,40,1,19
Luchador de hacha,Germanos,Infanteria,130,120,170,70,60,30,30,6,50,1,20
Emisario,Germanos,Infanteria,160,100,50,50,0,10,5,9,0,1,19
Paladin,Germanos,Caballeria,370,270,290,75,55,100,40,10,110,2,40
Jinete teuton,Germanos,Caballeria,450,515,480,80,150,50,75,9,80,3,49
Ariete de madera,Germanos,Asalto,1000,300,350,70,65,30,80,4,0,3,70
Catapulta,Germanos,Asalto,900,1200,600,60,50,60,10,3,0,6,150
Cabecilla,Germanos,,35500,26600,25000,27200,40,60,40,4,0,4,1175
Colono,Germanos,,5800,4400,4600,5200,10,80,80,5,3000,1,517
Infante esclavo,Egipcios,Infanteria,45,60,30,15,10,30,20,7,15,1,9
Guardia ash,Egipcios,Infanteria,115,100,145,60,30,55,40,6,50,1,22
Guerrero de khopes,Egipcios,Infanteria,170,180,220,80,65,50,20,7,45,1,24
Explorador sopdu,Egipcios,Caballeria,170,150,20,40,0,20,10,16,0,2,23
Guarda osiris,Egipcios,Caballeria,360,330,280,120,50,110,50,15,50,2,43
Carros de reshef,Egipcios,Caballeria,450,560,610,180,110,120,150,10,70,3,54
Ariete,Egipcios,Asalto,995,575,340,80,55,30,95,4,0,3,80
Catapulta de piedra,Egipcios,Asalto,980,1510,660,100,65,55,10,3,0,6,150
Visir,Egipcios,,34000,50000,34000,42000,40,50,50,4,0,4,1512
Colono,Egipcios,,4560,5890,4370,4180,0,80,80,5,3000,1,413
Mercenario,Hunos,Infanteria,130,80,40,40,35,40,30,6,50,1,14
Arquero,Hunos,Infanteria,140,110,60,60,50,30,10,6,30,1,19
Observador,Hunos,Caballeria,170,150,20,40,0,20,10,19,0,2,23
Jinete estepario,Hunos,Caballeria,290,370,190,45,120,30,15,16,115,2,40
Jinete certero,Hunos,Caballeria,320,350,330,50,115,80,70,16,105,2,41
Merodeador,Hunos,Caballeria,450,560,610,140,180,60,40,14,80,3,50
Ariete,Hunos,Asalto,1060,330,360,70,65,30,90,4,0,3,73
Catapulta,Hunos,Asalto,950,1280,620,60,45,55,10,3,0,6,150
Logades,Hunos,,37200,27600,25200,27600,50,40,30,5,0,4,1512
Colono,Hunos,,6100,4600,4800,5400,10,80,80,5,3000,1,483
