Domain Code,Domain,Area Code,Area,Element Code,Element,Item Code,Item,Year Code,Year,Unit,Value,Flag,Flag Description,Note
"OA","Annual population","2","Afghanistan","511","Total Population - Both sexes","3010","Population - Est. & Proj.","2017","2017","1000 persons","35530.081","X","International reliable sources","UNDESA, Population Division – World Population Prospects, the 2017 Revision"
"OA","Annual population","3","Albania","511","Total Population - Both sexes","3010","Population - Est. & Proj.","2017","2017","1000 persons","2930.187","X","International reliable sources","UNDESA, Population Division – World Population Prospects, the 2017 Revision"
"OA","Annual population","4","Algeria","511","Total Population - Both sexes","3010","Population - Est. & Proj.","2017","2017","1000 persons","41318.142","X","International reliable sources","UNDESA, Population Division – World Population Prospects, the 2017 Revision"
"OA","Annual population","5","American Samoa","511","Total Population - Both sexes","3010","Population - Est. & Proj.","2017","2017","1000 persons","55.641","X","International reliable sources","UNDESA, Population Division – World Population Prospects, the 2017 Revision"
"OA","Annual population","6","Andorra","511","Total Population - Both sexes","3010","Population - Est. & Proj.","2017","2017","1000 persons","76.965","X","International reliable sources","UNDESA, Population Division – World Population Prospects, the 2017 Revision"
"OA","Annual population","7","Angola","511","Total Population - Both sexes","3010","Population - Est. & Proj.","2017","2017","1000 persons","29784.193","X","International reliable sources","UNDESA, Population Division – World Population Prospects, the 2017 Revision"
"OA","Annual population","258","Anguilla","511","Total Population - Both sexes","3010","Population - Est. & Proj.","2017","2017","1000 persons","14.909","X","International reliable sources","UNDESA, Population Division – World Population Prospects, the 2017 Revision"
"OA","Annual population","8","Antigua and Barbuda","511","Total Population - Both sexes","3010","Population - Est. & Proj.","2017","2017","1000 persons","102.012","X","International reliable sources","UNDESA, Population Division – World Population Prospects, the 2017 Revision"
"OA","Annual population","9","Argentina","511","Total Population - Both sexes","3010","Population - Est. & Proj.","2017","2017","1000 persons","44271.041","X","International reliable sources","UNDESA, Population Division – World Population Prospects, the 2017 Revision"
"OA","Annual population","1","Armenia","511","Total Population - Both sexes","3010","Population - Est. & Proj.","2017","2017","1000 persons","2930.45","X","International reliable sources","UNDESA, Population Division – World Population Prospects, the 2017 Revision"
"OA","Annual population","22","Aruba","511","Total Population - Both sexes","3010","Population - Est. & Proj.","2017","2017","1000 persons","105.264","X","International reliable sources","UNDESA, Population Division – World Population Prospects, the 2017 Revision"
"OA","Annual population","10","Australia","511","Total Population - Both sexes","3010","Population - Est. & Proj.","2017","2017","1000 persons","24450.561","X","International reliable sources","UNDESA, Population Division – World Population Prospects, the 2017 Revision"
"OA","Annual population","11","Austria","511","Total Population - Both sexes","3010","Population - Est. & Proj.","2017","2017","1000 persons","8735.453","X","International reliable sources","UNDESA, Population Division – World Population Prospects, the 2017 Revision"
"OA","Annual population","52","Azerbaijan","511","Total Population - Both sexes","3010","Population - Est. & Proj.","2017","2017","1000 persons","9827.589","X","International reliable sources","UNDESA, Population Division – World Population Prospects, the 2017 Revision"
"OA","Annual population","12","Bahamas","511","Total Population - Both sexes","3010","Population - Est. & Proj.","2017","2017","1000 persons","395.361","X","International reliable sources","UNDESA, Population Division – World Population Prospects, the 2017 Revision"
"OA","Annual population","13","Bahrain","511","Total Population - Both sexes","3010","Population - Est. & Proj.","2017","2017","1000 persons","1492.584","X","International reliable sources","UNDESA, Population Division – World Population Prospects, the 2017 Revision"
"OA","Annual population","16","Bangladesh","511","Total Population - Both sexes","3010","Population - Est. & Proj.","2017","2017","1000 persons","164669.751","X","International reliable sources","UNDESA, Population Division – World Population Prospects, the 2017 Revision"
"OA","Annual population","14","Barbados","511","Total Population - Both sexes","3010","Population - Est. & Proj.","2017","2017","1000 persons","285.719","X","International reliable sources","UNDESA, Population Division – World Population Prospects, the 2017 Revision"
"OA","Annual population","57","Belarus","511","Total Population - Both sexes","3010","Population - Est. & Proj.","2017","2017","1000 persons","9468.338","X","International reliable sources","UNDESA, Population Division – World Population Prospects, the 2017 Revision"
"OA","Annual population","255","Belgium","511","Total Population - Both sexes","3010","Population - Est. & Proj.","2017","2017","1000 persons","11429.336","X","International reliable sources","UNDESA, Population Division – World Population Prospects, the 2017 Revision"
"OA","Annual population","23","Belize","511","Total Population - Both sexes","3010","Population - Est. & Proj.","2017","2017","1000 persons","374.681","X","International reliable sources","UNDESA, Population Division – World Population Prospects, the 2017 Revision"
"OA","Annual population","53","Benin","511","Total Population - Both sexes","3010","Population - Est. & Proj.","2017","2017","1000 persons","11175.692","X","International reliable sources","UNDESA, Population Division – World Population Prospects, the 2017 Revision"
"OA","Annual population","17","Bermuda","511","Total Population - Both sexes","3010","Population - Est. & Proj.","2017","2017","1000 persons","61.349","X","International reliable sources","UNDESA, Population Division – World Population Prospects, the 2017 Revision"
"OA","Annual population","18","Bhutan","511","Total Population - Both sexes","3010","Population - Est. & Proj.","2017","2017","1000 persons","807.61","X","International reliable sources","UNDESA, Population Division – World Population Prospects, the 2017 Revision"
"OA","Annual population","19","Bolivia (Plurinational State of)","511","Total Population - Both sexes","3010","Population - Est. & Proj.","2017","2017","1000 persons","11051.6","X","International reliable sources","UNDESA, Population Division – World Population Prospects, the 2017 Revision"
"OA","Annual population","80","Bosnia and Herzegovina","511","Total Population - Both sexes","3010","Population - Est. & Proj.","2017","2017","1000 persons","3507.017","X","International reliable sources","UNDESA, Population Division – World Population Prospects, the 2017 Revision"
"OA","Annual population","20","Botswana","511","Total Population - Both sexes","3010","Population - Est. & Proj.","2017","2017","1000 persons","2291.661","X","International reliable sources","UNDESA, Population Division – World Population Prospects, the 2017 Revision"
"OA","Annual population","21","Brazil","511","Total Population - Both sexes","3010","Population - Est. & Proj.","2017","2017","1000 persons","209288.278","X","International reliable sources","UNDESA, Population Division – World Population Prospects, the 2017 Revision"
"OA","Annual population","239","British Virgin Islands","511","Total Population - Both sexes","3010","Population - Est. & Proj.","2017","2017","1000 persons","31.196","X","International reliable sources","UNDESA, Population Division – World Population Prospects, the 2017 Revision"
"OA","Annual population","26","Brunei Darussalam","511","Total Population - Both sexes","3010","Population - Est. & Proj.","2017","2017","1000 persons","428.697","X","International reliable sources","UNDESA, Population Division – World Population Prospects, the 2017 Revision"
"OA","Annual population","27","Bulgaria","511","Total Population - Both sexes","3010","Population - Est. & Proj.","2017","2017","1000 persons","7084.571","X","International reliable sources","UNDESA, Population Division – World Population Prospects, the 2017 Revision"
"OA","Annual population","233","Burkina Faso","511","Total Population - Both sexes","3010","Population - Est. & Proj.","2017","2017","1000 persons","19193.382","X","International reliable sources","UNDESA, Population Division – World Population Prospects, the 2017 Revision"
"OA","Annual population","29","Burundi","511","Total Population - Both sexes","3010","Population - Est. & Proj.","2017","2017","1000 persons","10864.245","X","International reliable sources","UNDESA, Population Division – World Population Prospects, the 2017 Revision"
"OA","Annual population","35","Cabo Verde","511","Total Population - Both sexes","3010","Population - Est. & Proj.","2017","2017","1000 persons","546.388","X","International reliable sources","UNDESA, Population Division – World Population Prospects, the 2017 Revision"
"OA","Annual population","115","Cambodia","511","Total Population - Both sexes","3010","Population - Est. & Proj.","2017","2017","1000 persons","16005.373","X","International reliable sources","UNDESA, Population Division – World Population Prospects, the 2017 Revision"
"OA","Annual population","32","Cameroon","511","Total Population - Both sexes","3010","Population - Est. & Proj.","2017","2017","1000 persons","24053.727","X","International reliable sources","UNDESA, Population Division – World Population Prospects, the 2017 Revision"
"OA","Annual population","33","Canada","511","Total Population - Both sexes","3010","Population - Est. & Proj.","2017","2017","1000 persons","36624.199","X","International reliable sources","UNDESA, Population Division – World Population Prospects, the 2017 Revision"
"OA","Annual population","36","Cayman Islands","511","Total Population - Both sexes","3010","Population - Est. & Proj.","2017","2017","1000 persons","61.559","X","International reliable sources","UNDESA, Population Division – World Population Prospects, the 2017 Revision"
"OA","Annual population","37","Central African Republic","511","Total Population - Both sexes","3010","Population - Est. & Proj.","2017","2017","1000 persons","4659.08","X","International reliable sources","UNDESA, Population Division – World Population Prospects, the 2017 Revision"
"OA","Annual population","39","Chad","511","Total Population - Both sexes","3010","Population - Est. & Proj.","2017","2017","1000 persons","14899.994","X","International reliable sources","UNDESA, Population Division – World Population Prospects, the 2017 Revision"
"OA","Annual population","259","Channel Islands","511","Total Population - Both sexes","3010","Population - Est. & Proj.","2017","2017","1000 persons","165.314","X","International reliable sources","UNDESA, Population Division – World Population Prospects, the 2017 Revision"
"OA","Annual population","40","Chile","511","Total Population - Both sexes","3010","Population - Est. & Proj.","2017","2017","1000 persons","18054.726","X","International reliable sources","UNDESA, Population Division – World Population Prospects, the 2017 Revision"
"OA","Annual population","96","China, Hong Kong SAR","511","Total Population - Both sexes","3010","Population - Est. & Proj.","2017","2017","1000 persons","7364.883","X","International reliable sources","UNDESA, Population Division – World Population Prospects, the 2017 Revision"
"OA","Annual population","128","China, Macao SAR","511","Total Population - Both sexes","3010","Population - Est. & Proj.","2017","2017","1000 persons","622.567","X","International reliable sources","UNDESA, Population Division – World Population Prospects, the 2017 Revision"
"OA","Annual population","41","China, mainland","511","Total Population - Both sexes","3010","Population - Est. & Proj.","2017","2017","1000 persons","1409517.397","X","International reliable sources","UNDESA, Population Division – World Population Prospects, the 2017 Revision"
"OA","Annual population","214","China, Taiwan Province of","511","Total Population - Both sexes","3010","Population - Est. & Proj.","2017","2017","1000 persons","23626.456","X","International reliable sources","UNDESA, Population Division – World Population Prospects, the 2017 Revision"
"OA","Annual population","44","Colombia","511","Total Population - Both sexes","3010","Population - Est. & Proj.","2017","2017","1000 persons","49065.615","X","International reliable sources","UNDESA, Population Division – World Population Prospects, the 2017 Revision"
"OA","Annual population","45","Comoros","511","Total Population - Both sexes","3010","Population - Est. & Proj.","2017","2017","1000 persons","813.912","X","International reliable sources","UNDESA, Population Division – World Population Prospects, the 2017 Revision"
"OA","Annual population","46","Congo","511","Total Population - Both sexes","3010","Population - Est. & Proj.","2017","2017","1000 persons","5260.75","X","International reliable sources","UNDESA, Population Division – World Population Prospects, the 2017 Revision"
"OA","Annual population","47","Cook Islands","511","Total Population - Both sexes","3010","Population - Est. & Proj.","2017","2017","1000 persons","17.38","X","International reliable sources","UNDESA, Population Division – World Population Prospects, the 2017 Revision"
"OA","Annual population","48","Costa Rica","511","Total Population - Both sexes","3010","Population - Est. & Proj.","2017","2017","1000 persons","4905.769","X","International reliable sources","UNDESA, Population Division – World Population Prospects, the 2017 Revision"
"OA","Annual population","107","Côte d'Ivoire","511","Total Population - Both sexes","3010","Population - Est. & Proj.","2017","2017","1000 persons","24294.75","X","International reliable sources","UNDESA, Population Division – World Population Prospects, the 2017 Revision"
"OA","Annual population","98","Croatia","511","Total Population - Both sexes","3010","Population - Est. & Proj.","2017","2017","1000 persons","4189.353","X","International reliable sources","UNDESA, Population Division – World Population Prospects, the 2017 Revision"
"OA","Annual population","49","Cuba","511","Total Population - Both sexes","3010","Population - Est. & Proj.","2017","2017","1000 persons","11484.636","X","International reliable sources","UNDESA, Population Division – World Population Prospects, the 2017 Revision"
"OA","Annual population","50","Cyprus","511","Total Population - Both sexes","3010","Population - Est. & Proj.","2017","2017","1000 persons","1179.551","X","International reliable sources","UNDESA, Population Division – World Population Prospects, the 2017 Revision"
"OA","Annual population","167","Czechia","511","Total Population - Both sexes","3010","Population - Est. & Proj.","2017","2017","1000 persons","10618.303","X","International reliable sources","UNDESA, Population Division – World Population Prospects, the 2017 Revision"
"OA","Annual population","116","Democratic People's Republic of Korea","511","Total Population - Both sexes","3010","Population - Est. & Proj.","2017","2017","1000 persons","25490.965","X","International reliable sources","UNDESA, Population Division – World Population Prospects, the 2017 Revision"
"OA","Annual population","250","Democratic Republic of the Congo","511","Total Population - Both sexes","3010","Population - Est. & Proj.","2017","2017","1000 persons","81339.988","X","International reliable sources","UNDESA, Population Division – World Population Prospects, the 2017 Revision"
"OA","Annual population","54","Denmark","511","Total Population - Both sexes","3010","Population - Est. & Proj.","2017","2017","1000 persons","5733.551","X","International reliable sources","UNDESA, Population Division – World Population Prospects, the 2017 Revision"
"OA","Annual population","72","Djibouti","511","Total Population - Both sexes","3010","Population - Est. & Proj.","2017","2017","1000 persons","956.985","X","International reliable sources","UNDESA, Population Division – World Population Prospects, the 2017 Revision"
"OA","Annual population","55","Dominica","511","Total Population - Both sexes","3010","Population - Est. & Proj.","2017","2017","1000 persons","73.925","X","International reliable sources","UNDESA, Population Division – World Population Prospects, the 2017 Revision"
"OA","Annual population","56","Dominican Republic","511","Total Population - Both sexes","3010","Population - Est. & Proj.","2017","2017","1000 persons","10766.998","X","International reliable sources","UNDESA, Population Division – World Population Prospects, the 2017 Revision"
"OA","Annual population","58","Ecuador","511","Total Population - Both sexes","3010","Population - Est. & Proj.","2017","2017","1000 persons","16624.858","X","International reliable sources","UNDESA, Population Division – World Population Prospects, the 2017 Revision"
"OA","Annual population","59","Egypt","511","Total Population - Both sexes","3010","Population - Est. & Proj.","2017","2017","1000 persons","97553.151","X","International reliable sources","UNDESA, Population Division – World Population Prospects, the 2017 Revision"
"OA","Annual population","60","El Salvador","511","Total Population - Both sexes","3010","Population - Est. & Proj.","2017","2017","1000 persons","6377.853","X","International reliable sources","UNDESA, Population Division – World Population Prospects, the 2017 Revision"
"OA","Annual population","61","Equatorial Guinea","511","Total Population - Both sexes","3010","Population - Est. & Proj.","2017","2017","1000 persons","1267.689","X","International reliable sources","UNDESA, Population Division – World Population Prospects, the 2017 Revision"
"OA","Annual population","178","Eritrea","511","Total Population - Both sexes","3010","Population - Est. & Proj.","2017","2017","1000 persons","5068.831","X","International reliable sources","UNDESA, Population Division – World Population Prospects, the 2017 Revision"
"OA","Annual population","63","Estonia","511","Total Population - Both sexes","3010","Population - Est. & Proj.","2017","2017","1000 persons","1309.632","X","International reliable sources","UNDESA, Population Division – World Population Prospects, the 2017 Revision"
"OA","Annual population","238","Ethiopia","511","Total Population - Both sexes","3010","Population - Est. & Proj.","2017","2017","1000 persons","104957.438","X","International reliable sources","UNDESA, Population Division – World Population Prospects, the 2017 Revision"
"OA","Annual population","65","Falkland Islands (Malvinas)","511","Total Population - Both sexes","3010","Population - Est. & Proj.","2017","2017","1000 persons","2.91","X","International reliable sources","UNDESA, Population Division – World Population Prospects, the 2017 Revision"
"OA","Annual population","64","Faroe Islands","511","Total Population - Both sexes","3010","Population - Est. & Proj.","2017","2017","1000 persons","49.29","X","International reliable sources","UNDESA, Population Division – World Population Prospects, the 2017 Revision"
"OA","Annual population","66","Fiji","511","Total Population - Both sexes","3010","Population - Est. & Proj.","2017","2017","1000 persons","905.502","X","International reliable sources","UNDESA, Population Division – World Population Prospects, the 2017 Revision"
"OA","Annual population","67","Finland","511","Total Population - Both sexes","3010","Population - Est. & Proj.","2017","2017","1000 persons","5523.231","X","International reliable sources","UNDESA, Population Division – World Population Prospects, the 2017 Revision"
"OA","Annual population","68","France","511","Total Population - Both sexes","3010","Population - Est. & Proj.","2017","2017","1000 persons","64979.548","X","International reliable sources","UNDESA, Population Division – World Population Prospects, the 2017 Revision"
"OA","Annual population","69","French Guiana","511","Total Population - Both sexes","3010","Population - Est. & Proj.","2017","2017","1000 persons","282.731","X","International reliable sources","UNDESA, Population Division – World Population Prospects, the 2017 Revision"
"OA","Annual population","70","French Polynesia","511","Total Population - Both sexes","3010","Population - Est. & Proj.","2017","2017","1000 persons","283.007","X","International reliable sources","UNDESA, Population Division – World Population Prospects, the 2017 Revision"
"OA","Annual population","74","Gabon","511","Total Population - Both sexes","3010","Population - Est. & Proj.","2017","2017","1000 persons","2025.137","X","International reliable sources","UNDESA, Population Division – World Population Prospects, the 2017 Revision"
"OA","Annual population","75","Gambia","511","Total Population - Both sexes","3010","Population - Est. & Proj.","2017","2017","1000 persons","2100.568","X","International reliable sources","UNDESA, Population Division – World Population Prospects, the 2017 Revision"
"OA","Annual population","73","Georgia","511","Total Population - Both sexes","3010","Population - Est. & Proj.","2017","2017","1000 persons","3912.061","X","International reliable sources","UNDESA, Population Division – World Population Prospects, the 2017 Revision"
"OA","Annual population","79","Germany","511","Total Population - Both sexes","3010","Population - Est. & Proj.","2017","2017","1000 persons","82114.224","X","International reliable sources","UNDESA, Population Division – World Population Prospects, the 2017 Revision"
"OA","Annual population","81","Ghana","511","Total Population - Both sexes","3010","Population - Est. & Proj.","2017","2017","1000 persons","28833.629","X","International reliable sources","UNDESA, Population Division – World Population Prospects, the 2017 Revision"
"OA","Annual population","82","Gibraltar","511","Total Population - Both sexes","3010","Population - Est. & Proj.","2017","2017","1000 persons","34.571","X","International reliable sources","UNDESA, Population Division – World Population Prospects, the 2017 Revision"
"OA","Annual population","84","Greece","511","Total Population - Both sexes","3010","Population - Est. & Proj.","2017","2017","1000 persons","11159.773","X","International reliable sources","UNDESA, Population Division – World Population Prospects, the 2017 Revision"
"OA","Annual population","85","Greenland","511","Total Population - Both sexes","3010","Population - Est. & Proj.","2017","2017","1000 persons","56.48","X","International reliable sources","UNDESA, Population Division – World Population Prospects, the 2017 Revision"
"OA","Annual population","86","Grenada","511","Total Population - Both sexes","3010","Population - Est. & Proj.","2017","2017","1000 persons","107.825","X","International reliable sources","UNDESA, Population Division – World Population Prospects, the 2017 Revision"
"OA","Annual population","87","Guadeloupe","511","Total Population - Both sexes","3010","Population - Est. & Proj.","2017","2017","1000 persons","449.568","X","International reliable sources","UNDESA, Population Division – World Population Prospects, the 2017 Revision"
"OA","Annual population","88","Guam","511","Total Population - Both sexes","3010","Population - Est. & Proj.","2017","2017","1000 persons","164.229","X","International reliable sources","UNDESA, Population Division – World Population Prospects, the 2017 Revision"
"OA","Annual population","89","Guatemala","511","Total Population - Both sexes","3010","Population - Est. & Proj.","2017","2017","1000 persons","16913.503","X","International reliable sources","UNDESA, Population Division – World Population Prospects, the 2017 Revision"
"OA","Annual population","90","Guinea","511","Total Population - Both sexes","3010","Population - Est. & Proj.","2017","2017","1000 persons","12717.176","X","International reliable sources","UNDESA, Population Division – World Population Prospects, the 2017 Revision"
"OA","Annual population","175","Guinea-Bissau","511","Total Population - Both sexes","3010","Population - Est. & Proj.","2017","2017","1000 persons","1861.283","X","International reliable sources","UNDESA, Population Division – World Population Prospects, the 2017 Revision"
"OA","Annual population","91","Guyana","511","Total Population - Both sexes","3010","Population - Est. & Proj.","2017","2017","1000 persons","777.859","X","International reliable sources","UNDESA, Population Division – World Population Prospects, the 2017 Revision"
"OA","Annual population","93","Haiti","511","Total Population - Both sexes","3010","Population - Est. & Proj.","2017","2017","1000 persons","10981.229","X","International reliable sources","UNDESA, Population Division – World Population Prospects, the 2017 Revision"
"OA","Annual population","94","Holy See","511","Total Population - Both sexes","3010","Population - Est. & Proj.","2017","2017","1000 persons","0.792","X","International reliable sources","UNDESA, Population Division – World Population Prospects, the 2017 Revision"
"OA","Annual population","95","Honduras","511","Total Population - Both sexes","3010","Population - Est. & Proj.","2017","2017","1000 persons","9265.067","X","International reliable sources","UNDESA, Population Division – World Population Prospects, the 2017 Revision"
"OA","Annual population","97","Hungary","511","Total Population - Both sexes","3010","Population - Est. & Proj.","2017","2017","1000 persons","9721.559","X","International reliable sources","UNDESA, Population Division – World Population Prospects, the 2017 Revision"
"OA","Annual population","99","Iceland","511","Total Population - Both sexes","3010","Population - Est. & Proj.","2017","2017","1000 persons","335.025","X","International reliable sources","UNDESA, Population Division – World Population Prospects, the 2017 Revision"
"OA","Annual population","100","India","511","Total Population - Both sexes","3010","Population - Est. & Proj.","2017","2017","1000 persons","1339180.127","X","International reliable sources","UNDESA, Population Division – World Population Prospects, the 2017 Revision"
"OA","Annual population","101","Indonesia","511","Total Population - Both sexes","3010","Population - Est. & Proj.","2017","2017","1000 persons","263991.379","X","International reliable sources","UNDESA, Population Division – World Population Prospects, the 2017 Revision"
"OA","Annual population","102","Iran (Islamic Republic of)","511","Total Population - Both sexes","3010","Population - Est. & Proj.","2017","2017","1000 persons","81162.788","X","International reliable sources","UNDESA, Population Division – World Population Prospects, the 2017 Revision"
"OA","Annual population","103","Iraq","511","Total Population - Both sexes","3010","Population - Est. & Proj.","2017","2017","1000 persons","38274.618","X","International reliable sources","UNDESA, Population Division – World Population Prospects, the 2017 Revision"
"OA","Annual population","104","Ireland","511","Total Population - Both sexes","3010","Population - Est. & Proj.","2017","2017","1000 persons","4761.657","X","International reliable sources","UNDESA, Population Division – World Population Prospects, the 2017 Revision"
"OA","Annual population","264","Isle of Man","511","Total Population - Both sexes","3010","Population - Est. & Proj.","2017","2017","1000 persons","84.287","X","International reliable sources","UNDESA, Population Division – World Population Prospects, the 2017 Revision"
"OA","Annual population","105","Israel","511","Total Population - Both sexes","3010","Population - Est. & Proj.","2017","2017","1000 persons","8321.57","X","International reliable sources","UNDESA, Population Division – World Population Prospects, the 2017 Revision"
"OA","Annual population","106","Italy","511","Total Population - Both sexes","3010","Population - Est. & Proj.","2017","2017","1000 persons","59359.9","X","International reliable sources","UNDESA, Population Division – World Population Prospects, the 2017 Revision"
"OA","Annual population","109","Jamaica","511","Total Population - Both sexes","3010","Population - Est. & Proj.","2017","2017","1000 persons","2890.299","X","International reliable sources","UNDESA, Population Division – World Population Prospects, the 2017 Revision"
"OA","Annual population","110","Japan","511","Total Population - Both sexes","3010","Population - Est. & Proj.","2017","2017","1000 persons","127484.45","X","International reliable sources","UNDESA, Population Division – World Population Prospects, the 2017 Revision"
"OA","Annual population","112","Jordan","511","Total Population - Both sexes","3010","Population - Est. & Proj.","2017","2017","1000 persons","9702.353","X","International reliable sources","UNDESA, Population Division – World Population Prospects, the 2017 Revision"
"OA","Annual population","108","Kazakhstan","511","Total Population - Both sexes","3010","Population - Est. & Proj.","2017","2017","1000 persons","18204.499","X","International reliable sources","UNDESA, Population Division – World Population Prospects, the 2017 Revision"
"OA","Annual population","114","Kenya","511","Total Population - Both sexes","3010","Population - Est. & Proj.","2017","2017","1000 persons","49699.862","X","International reliable sources","UNDESA, Population Division – World Population Prospects, the 2017 Revision"
"OA","Annual population","83","Kiribati","511","Total Population - Both sexes","3010","Population - Est. & Proj.","2017","2017","1000 persons","116.398","X","International reliable sources","UNDESA, Population Division – World Population Prospects, the 2017 Revision"
"OA","Annual population","118","Kuwait","511","Total Population - Both sexes","3010","Population - Est. & Proj.","2017","2017","1000 persons","4136.528","X","International reliable sources","UNDESA, Population Division – World Population Prospects, the 2017 Revision"
"OA","Annual population","113","Kyrgyzstan","511","Total Population - Both sexes","3010","Population - Est. & Proj.","2017","2017","1000 persons","6045.117","X","International reliable sources","UNDESA, Population Division – World Population Prospects, the 2017 Revision"
"OA","Annual population","120","Lao People's Democratic Republic","511","Total Population - Both sexes","3010","Population - Est. & Proj.","2017","2017","1000 persons","6858.16","X","International reliable sources","UNDESA, Population Division – World Population Prospects, the 2017 Revision"
"OA","Annual population","119","Latvia","511","Total Population - Both sexes","3010","Population - Est. & Proj.","2017","2017","1000 persons","1949.67","X","International reliable sources","UNDESA, Population Division – World Population Prospects, the 2017 Revision"
"OA","Annual population","121","Lebanon","511","Total Population - Both sexes","3010","Population - Est. & Proj.","2017","2017","1000 persons","6082.357","X","International reliable sources","UNDESA, Population Division – World Population Prospects, the 2017 Revision"
"OA","Annual population","122","Lesotho","511","Total Population - Both sexes","3010","Population - Est. & Proj.","2017","2017","1000 persons","2233.339","X","International reliable sources","UNDESA, Population Division – World Population Prospects, the 2017 Revision"
"OA","Annual population","123","Liberia","511","Total Population - Both sexes","3010","Population - Est. & Proj.","2017","2017","1000 persons","4731.906","X","International reliable sources","UNDESA, Population Division – World Population Prospects, the 2017 Revision"
"OA","Annual population","124","Libya","511","Total Population - Both sexes","3010","Population - Est. & Proj.","2017","2017","1000 persons","6374.616","X","International reliable sources","UNDESA, Population Division – World Population Prospects, the 2017 Revision"
"OA","Annual population","125","Liechtenstein","511","Total Population - Both sexes","3010","Population - Est. & Proj.","2017","2017","1000 persons","37.922","X","International reliable sources","UNDESA, Population Division – World Population Prospects, the 2017 Revision"
"OA","Annual population","126","Lithuania","511","Total Population - Both sexes","3010","Population - Est. & Proj.","2017","2017","1000 persons","2890.297","X","International reliable sources","UNDESA, Population Division – World Population Prospects, the 2017 Revision"
"OA","Annual population","256","Luxembourg","511","Total Population - Both sexes","3010","Population - Est. & Proj.","2017","2017","1000 persons","583.455","X","International reliable sources","UNDESA, Population Division – World Population Prospects, the 2017 Revision"
"OA","Annual population","129","Madagascar","511","Total Population - Both sexes","3010","Population - Est. & Proj.","2017","2017","1000 persons","25570.895","X","International reliable sources","UNDESA, Population Division – World Population Prospects, the 2017 Revision"
"OA","Annual population","130","Malawi","511","Total Population - Both sexes","3010","Population - Est. & Proj.","2017","2017","1000 persons","18622.104","X","International reliable sources","UNDESA, Population Division – World Population Prospects, the 2017 Revision"
"OA","Annual population","131","Malaysia","511","Total Population - Both sexes","3010","Population - Est. & Proj.","2017","2017","1000 persons","31624.264","X","International reliable sources","UNDESA, Population Division – World Population Prospects, the 2017 Revision"
"OA","Annual population","132","Maldives","511","Total Population - Both sexes","3010","Population - Est. & Proj.","2017","2017","1000 persons","436.33","X","International reliable sources","UNDESA, Population Division – World Population Prospects, the 2017 Revision"
"OA","Annual population","133","Mali","511","Total Population - Both sexes","3010","Population - Est. & Proj.","2017","2017","1000 persons","18541.98","X","International reliable sources","UNDESA, Population Division – World Population Prospects, the 2017 Revision"
"OA","Annual population","134","Malta","511","Total Population - Both sexes","3010","Population - Est. & Proj.","2017","2017","1000 persons","430.835","X","International reliable sources","UNDESA, Population Division – World Population Prospects, the 2017 Revision"
"OA","Annual population","127","Marshall Islands","511","Total Population - Both sexes","3010","Population - Est. & Proj.","2017","2017","1000 persons","53.127","X","International reliable sources","UNDESA, Population Division – World Population Prospects, the 2017 Revision"
"OA","Annual population","135","Martinique","511","Total Population - Both sexes","3010","Population - Est. & Proj.","2017","2017","1000 persons","384.896","X","International reliable sources","UNDESA, Population Division – World Population Prospects, the 2017 Revision"
"OA","Annual population","136","Mauritania","511","Total Population - Both sexes","3010","Population - Est. & Proj.","2017","2017","1000 persons","4420.184","X","International reliable sources","UNDESA, Population Division – World Population Prospects, the 2017 Revision"
"OA","Annual population","137","Mauritius","511","Total Population - Both sexes","3010","Population - Est. & Proj.","2017","2017","1000 persons","1265.138","X","International reliable sources","UNDESA, Population Division – World Population Prospects, the 2017 Revision"
"OA","Annual population","270","Mayotte","511","Total Population - Both sexes","3010","Population - Est. & Proj.","2017","2017","1000 persons","253.045","X","International reliable sources","UNDESA, Population Division – World Population Prospects, the 2017 Revision"
"OA","Annual population","138","Mexico","511","Total Population - Both sexes","3010","Population - Est. & Proj.","2017","2017","1000 persons","129163.276","X","International reliable sources","UNDESA, Population Division – World Population Prospects, the 2017 Revision"
"OA","Annual population","145","Micronesia (Federated States of)","511","Total Population - Both sexes","3010","Population - Est. & Proj.","2017","2017","1000 persons","105.544","X","International reliable sources","UNDESA, Population Division – World Population Prospects, the 2017 Revision"
"OA","Annual population","140","Monaco","511","Total Population - Both sexes","3010","Population - Est. & Proj.","2017","2017","1000 persons","38.695","X","International reliable sources","UNDESA, Population Division – World Population Prospects, the 2017 Revision"
"OA","Annual population","141","Mongolia","511","Total Population - Both sexes","3010","Population - Est. & Proj.","2017","2017","1000 persons","3075.647","X","International reliable sources","UNDESA, Population Division – World Population Prospects, the 2017 Revision"
"OA","Annual population","273","Montenegro","511","Total Population - Both sexes","3010","Population - Est. & Proj.","2017","2017","1000 persons","628.96","X","International reliable sources","UNDESA, Population Division – World Population Prospects, the 2017 Revision"
"OA","Annual population","142","Montserrat","511","Total Population - Both sexes","3010","Population - Est. & Proj.","2017","2017","1000 persons","5.177","X","International reliable sources","UNDESA, Population Division – World Population Prospects, the 2017 Revision"
"OA","Annual population","143","Morocco","511","Total Population - Both sexes","3010","Population - Est. & Proj.","2017","2017","1000 persons","35739.58","X","International reliable sources","UNDESA, Population Division – World Population Prospects, the 2017 Revision"
"OA","Annual population","144","Mozambique","511","Total Population - Both sexes","3010","Population - Est. & Proj.","2017","2017","1000 persons","29668.834","X","International reliable sources","UNDESA, Population Division – World Population Prospects, the 2017 Revision"
"OA","Annual population","28","Myanmar","511","Total Population - Both sexes","3010","Population - Est. & Proj.","2017","2017","1000 persons","53370.609","X","International reliable sources","UNDESA, Population Division – World Population Prospects, the 2017 Revision"
"OA","Annual population","147","Namibia","511","Total Population - Both sexes","3010","Population - Est. & Proj.","2017","2017","1000 persons","2533.794","X","International reliable sources","UNDESA, Population Division – World Population Prospects, the 2017 Revision"
"OA","Annual population","148","Nauru","511","Total Population - Both sexes","3010","Population - Est. & Proj.","2017","2017","1000 persons","11.359","X","International reliable sources","UNDESA, Population Division – World Population Prospects, the 2017 Revision"
"OA","Annual population","149","Nepal","511","Total Population - Both sexes","3010","Population - Est. & Proj.","2017","2017","1000 persons","29304.998","X","International reliable sources","UNDESA, Population Division – World Population Prospects, the 2017 Revision"
"OA","Annual population","150","Netherlands","511","Total Population - Both sexes","3010","Population - Est. & Proj.","2017","2017","1000 persons","17035.938","X","International reliable sources","UNDESA, Population Division – World Population Prospects, the 2017 Revision"
"OA","Annual population","153","New Caledonia","511","Total Population - Both sexes","3010","Population - Est. & Proj.","2017","2017","1000 persons","276.255","X","International reliable sources","UNDESA, Population Division – World Population Prospects, the 2017 Revision"
"OA","Annual population","156","New Zealand","511","Total Population - Both sexes","3010","Population - Est. & Proj.","2017","2017","1000 persons","4705.818","X","International reliable sources","UNDESA, Population Division – World Population Prospects, the 2017 Revision"
"OA","Annual population","157","Nicaragua","511","Total Population - Both sexes","3010","Population - Est. & Proj.","2017","2017","1000 persons","6217.581","X","International reliable sources","UNDESA, Population Division – World Population Prospects, the 2017 Revision"
"OA","Annual population","158","Niger","511","Total Population - Both sexes","3010","Population - Est. & Proj.","2017","2017","1000 persons","21477.348","X","International reliable sources","UNDESA, Population Division – World Population Prospects, the 2017 Revision"
"OA","Annual population","159","Nigeria","511","Total Population - Both sexes","3010","Population - Est. & Proj.","2017","2017","1000 persons","190886.311","X","International reliable sources","UNDESA, Population Division – World Population Prospects, the 2017 Revision"
"OA","Annual population","160","Niue","511","Total Population - Both sexes","3010","Population - Est. & Proj.","2017","2017","1000 persons","1.618","X","International reliable sources","UNDESA, Population Division – World Population Prospects, the 2017 Revision"
"OA","Annual population","163","Northern Mariana Islands","511","Total Population - Both sexes","3010","Population - Est. & Proj.","2017","2017","1000 persons","55.144","X","International reliable sources","UNDESA, Population Division – World Population Prospects, the 2017 Revision"
"OA","Annual population","162","Norway","511","Total Population - Both sexes","3010","Population - Est. & Proj.","2017","2017","1000 persons","5305.383","X","International reliable sources","UNDESA, Population Division – World Population Prospects, the 2017 Revision"
"OA","Annual population","299","Palestine","511","Total Population - Both sexes","3010","Population - Est. & Proj.","2017","2017","1000 persons","4920.724","X","International reliable sources","UNDESA, Population Division – World Population Prospects, the 2017 Revision"
"OA","Annual population","221","Oman","511","Total Population - Both sexes","3010","Population - Est. & Proj.","2017","2017","1000 persons","4636.262","X","International reliable sources","UNDESA, Population Division – World Population Prospects, the 2017 Revision"
"OA","Annual population","165","Pakistan","511","Total Population - Both sexes","3010","Population - Est. & Proj.","2017","2017","1000 persons","197015.955","X","International reliable sources","UNDESA, Population Division – World Population Prospects, the 2017 Revision"
"OA","Annual population","180","Palau","511","Total Population - Both sexes","3010","Population - Est. & Proj.","2017","2017","1000 persons","21.729","X","International reliable sources","UNDESA, Population Division – World Population Prospects, the 2017 Revision"
"OA","Annual population","166","Panama","511","Total Population - Both sexes","3010","Population - Est. & Proj.","2017","2017","1000 persons","4098.587","X","International reliable sources","UNDESA, Population Division – World Population Prospects, the 2017 Revision"
"OA","Annual population","168","Papua New Guinea","511","Total Population - Both sexes","3010","Population - Est. & Proj.","2017","2017","1000 persons","8251.162","X","International reliable sources","UNDESA, Population Division – World Population Prospects, the 2017 Revision"
"OA","Annual population","169","Paraguay","511","Total Population - Both sexes","3010","Population - Est. & Proj.","2017","2017","1000 persons","6811.297","X","International reliable sources","UNDESA, Population Division – World Population Prospects, the 2017 Revision"
"OA","Annual population","170","Peru","511","Total Population - Both sexes","3010","Population - Est. & Proj.","2017","2017","1000 persons","32165.485","X","International reliable sources","UNDESA, Population Division – World Population Prospects, the 2017 Revision"
"OA","Annual population","171","Philippines","511","Total Population - Both sexes","3010","Population - Est. & Proj.","2017","2017","1000 persons","104918.09","X","International reliable sources","UNDESA, Population Division – World Population Prospects, the 2017 Revision"
"OA","Annual population","173","Poland","511","Total Population - Both sexes","3010","Population - Est. & Proj.","2017","2017","1000 persons","38170.712","X","International reliable sources","UNDESA, Population Division – World Population Prospects, the 2017 Revision"
"OA","Annual population","174","Portugal","511","Total Population - Both sexes","3010","Population - Est. & Proj.","2017","2017","1000 persons","10329.506","X","International reliable sources","UNDESA, Population Division – World Population Prospects, the 2017 Revision"
"OA","Annual population","177","Puerto Rico","511","Total Population - Both sexes","3010","Population - Est. & Proj.","2017","2017","1000 persons","3663.131","X","International reliable sources","UNDESA, Population Division – World Population Prospects, the 2017 Revision"
"OA","Annual population","179","Qatar","511","Total Population - Both sexes","3010","Population - Est. & Proj.","2017","2017","1000 persons","2639.211","X","International reliable sources","UNDESA, Population Division – World Population Prospects, the 2017 Revision"
"OA","Annual population","117","Republic of Korea","511","Total Population - Both sexes","3010","Population - Est. & Proj.","2017","2017","1000 persons","50982.212","X","International reliable sources","UNDESA, Population Division – World Population Prospects, the 2017 Revision"
"OA","Annual population","146","Republic of Moldova","511","Total Population - Both sexes","3010","Population - Est. & Proj.","2017","2017","1000 persons","4051.212","X","International reliable sources","UNDESA, Population Division – World Population Prospects, the 2017 Revision"
"OA","Annual population","182","Réunion","511","Total Population - Both sexes","3010","Population - Est. & Proj.","2017","2017","1000 persons","876.562","X","International reliable sources","UNDESA, Population Division – World Population Prospects, the 2017 Revision"
"OA","Annual population","183","Romania","511","Total Population - Both sexes","3010","Population - Est. & Proj.","2017","2017","1000 persons","19679.306","X","International reliable sources","UNDESA, Population Division – World Population Prospects, the 2017 Revision"
"OA","Annual population","185","Russian Federation","511","Total Population - Both sexes","3010","Population - Est. & Proj.","2017","2017","1000 persons","143989.754","X","International reliable sources","UNDESA, Population Division – World Population Prospects, the 2017 Revision"
"OA","Annual population","184","Rwanda","511","Total Population - Both sexes","3010","Population - Est. & Proj.","2017","2017","1000 persons","12208.407","X","International reliable sources","UNDESA, Population Division – World Population Prospects, the 2017 Revision"
"OA","Annual population","187","Saint Helena, Ascension and Tristan da Cunha","511","Total Population - Both sexes","3010","Population - Est. & Proj.","2017","2017","1000 persons","4.049","X","International reliable sources","UNDESA, Population Division – World Population Prospects, the 2017 Revision"
"OA","Annual population","188","Saint Kitts and Nevis","511","Total Population - Both sexes","3010","Population - Est. & Proj.","2017","2017","1000 persons","55.345","X","International reliable sources","UNDESA, Population Division – World Population Prospects, the 2017 Revision"
"OA","Annual population","189","Saint Lucia","511","Total Population - Both sexes","3010","Population - Est. & Proj.","2017","2017","1000 persons","178.844","X","International reliable sources","UNDESA, Population Division – World Population Prospects, the 2017 Revision"
"OA","Annual population","190","Saint Pierre and Miquelon","511","Total Population - Both sexes","3010","Population - Est. & Proj.","2017","2017","1000 persons","6.32","X","International reliable sources","UNDESA, Population Division – World Population Prospects, the 2017 Revision"
"OA","Annual population","191","Saint Vincent and the Grenadines","511","Total Population - Both sexes","3010","Population - Est. & Proj.","2017","2017","1000 persons","109.897","X","International reliable sources","UNDESA, Population Division – World Population Prospects, the 2017 Revision"
"OA","Annual population","244","Samoa","511","Total Population - Both sexes","3010","Population - Est. & Proj.","2017","2017","1000 persons","196.44","X","International reliable sources","UNDESA, Population Division – World Population Prospects, the 2017 Revision"
"OA","Annual population","192","San Marino","511","Total Population - Both sexes","3010","Population - Est. & Proj.","2017","2017","1000 persons","33.4","X","International reliable sources","UNDESA, Population Division – World Population Prospects, the 2017 Revision"
"OA","Annual population","193","Sao Tome and Principe","511","Total Population - Both sexes","3010","Population - Est. & Proj.","2017","2017","1000 persons","204.327","X","International reliable sources","UNDESA, Population Division – World Population Prospects, the 2017 Revision"
"OA","Annual population","194","Saudi Arabia","511","Total Population - Both sexes","3010","Population - Est. & Proj.","2017","2017","1000 persons","32938.213","X","International reliable sources","UNDESA, Population Division – World Population Prospects, the 2017 Revision"
"OA","Annual population","195","Senegal","511","Total Population - Both sexes","3010","Population - Est. & Proj.","2017","2017","1000 persons","15850.567","X","International reliable sources","UNDESA, Population Division – World Population Prospects, the 2017 Revision"
"OA","Annual population","272","Serbia","511","Total Population - Both sexes","3010","Population - Est. & Proj.","2017","2017","1000 persons","8790.574","X","International reliable sources","UNDESA, Population Division – World Population Prospects, the 2017 Revision"
"OA","Annual population","196","Seychelles","511","Total Population - Both sexes","3010","Population - Est. & Proj.","2017","2017","1000 persons","94.737","X","International reliable sources","UNDESA, Population Division – World Population Prospects, the 2017 Revision"
"OA","Annual population","197","Sierra Leone","511","Total Population - Both sexes","3010","Population - Est. & Proj.","2017","2017","1000 persons","7557.212","X","International reliable sources","UNDESA, Population Division – World Population Prospects, the 2017 Revision"
"OA","Annual population","200","Singapore","511","Total Population - Both sexes","3010","Population - Est. & Proj.","2017","2017","1000 persons","5708.844","X","International reliable sources","UNDESA, Population Division – World Population Prospects, the 2017 Revision"
"OA","Annual population","199","Slovakia","511","Total Population - Both sexes","3010","Population - Est. & Proj.","2017","2017","1000 persons","5447.662","X","International reliable sources","UNDESA, Population Division – World Population Prospects, the 2017 Revision"
"OA","Annual population","198","Slovenia","511","Total Population - Both sexes","3010","Population - Est. & Proj.","2017","2017","1000 persons","2079.976","X","International reliable sources","UNDESA, Population Division – World Population Prospects, the 2017 Revision"
"OA","Annual population","25","Solomon Islands","511","Total Population - Both sexes","3010","Population - Est. & Proj.","2017","2017","1000 persons","611.343","X","International reliable sources","UNDESA, Population Division – World Population Prospects, the 2017 Revision"
"OA","Annual population","201","Somalia","511","Total Population - Both sexes","3010","Population - Est. & Proj.","2017","2017","1000 persons","14742.523","X","International reliable sources","UNDESA, Population Division – World Population Prospects, the 2017 Revision"
"OA","Annual population","202","South Africa","511","Total Population - Both sexes","3010","Population - Est. & Proj.","2017","2017","1000 persons","56717.156","X","International reliable sources","UNDESA, Population Division – World Population Prospects, the 2017 Revision"
"OA","Annual population","277","South Sudan","511","Total Population - Both sexes","3010","Population - Est. & Proj.","2017","2017","1000 persons","12575.714","X","International reliable sources","UNDESA, Population Division – World Population Prospects, the 2017 Revision"
"OA","Annual population","203","Spain","511","Total Population - Both sexes","3010","Population - Est. & Proj.","2017","2017","1000 persons","46354.321","X","International reliable sources","UNDESA, Population Division – World Population Prospects, the 2017 Revision"
"OA","Annual population","38","Sri Lanka","511","Total Population - Both sexes","3010","Population - Est. & Proj.","2017","2017","1000 persons","20876.917","X","International reliable sources","UNDESA, Population Division – World Population Prospects, the 2017 Revision"
"OA","Annual population","276","Sudan","511","Total Population - Both sexes","3010","Population - Est. & Proj.","2017","2017","1000 persons","40533.33","X","International reliable sources","UNDESA, Population Division – World Population Prospects, the 2017 Revision"
"OA","Annual population","207","Suriname","511","Total Population - Both sexes","3010","Population - Est. & Proj.","2017","2017","1000 persons","563.402","X","International reliable sources","UNDESA, Population Division – World Population Prospects, the 2017 Revision"
"OA","Annual population","209","Eswatini","511","Total Population - Both sexes","3010","Population - Est. & Proj.","2017","2017","1000 persons","1367.254","X","International reliable sources","UNDESA, Population Division – World Population Prospects, the 2017 Revision"
"OA","Annual population","210","Sweden","511","Total Population - Both sexes","3010","Population - Est. & Proj.","2017","2017","1000 persons","9910.701","X","International reliable sources","UNDESA, Population Division – World Population Prospects, the 2017 Revision"
"OA","Annual population","211","Switzerland","511","Total Population - Both sexes","3010","Population - Est. & Proj.","2017","2017","1000 persons","8476.005","X","International reliable sources","UNDESA, Population Division – World Population Prospects, the 2017 Revision"
"OA","Annual population","212","Syrian Arab Republic","511","Total Population - Both sexes","3010","Population - Est. & Proj.","2017","2017","1000 persons","18269.868","X","International reliable sources","UNDESA, Population Division – World Population Prospects, the 2017 Revision"
"OA","Annual population","208","Tajikistan","511","Total Population - Both sexes","3010","Population - Est. & Proj.","2017","2017","1000 persons","8921.343","X","International reliable sources","UNDESA, Population Division – World Population Prospects, the 2017 Revision"
"OA","Annual population","216","Thailand","511","Total Population - Both sexes","3010","Population - Est. & Proj.","2017","2017","1000 persons","69037.513","X","International reliable sources","UNDESA, Population Division – World Population Prospects, the 2017 Revision"
"OA","Annual population","154","North Macedonia","511","Total Population - Both sexes","3010","Population - Est. & Proj.","2017","2017","1000 persons","2083.16","X","International reliable sources","UNDESA, Population Division – World Population Prospects, the 2017 Revision"
"OA","Annual population","176","Timor-Leste","511","Total Population - Both sexes","3010","Population - Est. & Proj.","2017","2017","1000 persons","1296.311","X","International reliable sources","UNDESA, Population Division – World Population Prospects, the 2017 Revision"
"OA","Annual population","217","Togo","511","Total Population - Both sexes","3010","Population - Est. & Proj.","2017","2017","1000 persons","7797.694","X","International reliable sources","UNDESA, Population Division – World Population Prospects, the 2017 Revision"
"OA","Annual population","218","Tokelau","511","Total Population - Both sexes","3010","Population - Est. & Proj.","2017","2017","1000 persons","1.3","X","International reliable sources","UNDESA, Population Division – World Population Prospects, the 2017 Revision"
"OA","Annual population","219","Tonga","511","Total Population - Both sexes","3010","Population - Est. & Proj.","2017","2017","1000 persons","108.02","X","International reliable sources","UNDESA, Population Division – World Population Prospects, the 2017 Revision"
"OA","Annual population","220","Trinidad and Tobago","511","Total Population - Both sexes","3010","Population - Est. & Proj.","2017","2017","1000 persons","1369.125","X","International reliable sources","UNDESA, Population Division – World Population Prospects, the 2017 Revision"
"OA","Annual population","222","Tunisia","511","Total Population - Both sexes","3010","Population - Est. & Proj.","2017","2017","1000 persons","11532.127","X","International reliable sources","UNDESA, Population Division – World Population Prospects, the 2017 Revision"
"OA","Annual population","223","Turkey","511","Total Population - Both sexes","3010","Population - Est. & Proj.","2017","2017","1000 persons","80745.02","X","International reliable sources","UNDESA, Population Division – World Population Prospects, the 2017 Revision"
"OA","Annual population","213","Turkmenistan","511","Total Population - Both sexes","3010","Population - Est. & Proj.","2017","2017","1000 persons","5758.075","X","International reliable sources","UNDESA, Population Division – World Population Prospects, the 2017 Revision"
"OA","Annual population","224","Turks and Caicos Islands","511","Total Population - Both sexes","3010","Population - Est. & Proj.","2017","2017","1000 persons","35.446","X","International reliable sources","UNDESA, Population Division – World Population Prospects, the 2017 Revision"
"OA","Annual population","227","Tuvalu","511","Total Population - Both sexes","3010","Population - Est. & Proj.","2017","2017","1000 persons","11.192","X","International reliable sources","UNDESA, Population Division – World Population Prospects, the 2017 Revision"
"OA","Annual population","226","Uganda","511","Total Population - Both sexes","3010","Population - Est. & Proj.","2017","2017","1000 persons","42862.958","X","International reliable sources","UNDESA, Population Division – World Population Prospects, the 2017 Revision"
"OA","Annual population","230","Ukraine","511","Total Population - Both sexes","3010","Population - Est. & Proj.","2017","2017","1000 persons","44222.947","X","International reliable sources","UNDESA, Population Division – World Population Prospects, the 2017 Revision"
"OA","Annual population","225","United Arab Emirates","511","Total Population - Both sexes","3010","Population - Est. & Proj.","2017","2017","1000 persons","9400.145","X","International reliable sources","UNDESA, Population Division – World Population Prospects, the 2017 Revision"
"OA","Annual population","229","United Kingdom","511","Total Population - Both sexes","3010","Population - Est. & Proj.","2017","2017","1000 persons","66181.585","X","International reliable sources","UNDESA, Population Division – World Population Prospects, the 2017 Revision"
"OA","Annual population","215","United Republic of Tanzania","511","Total Population - Both sexes","3010","Population - Est. & Proj.","2017","2017","1000 persons","57310.019","X","International reliable sources","UNDESA, Population Division – World Population Prospects, the 2017 Revision"
"OA","Annual population","231","United States of America","511","Total Population - Both sexes","3010","Population - Est. & Proj.","2017","2017","1000 persons","324459.463","X","International reliable sources","UNDESA, Population Division – World Population Prospects, the 2017 Revision"
"OA","Annual population","240","United States Virgin Islands","511","Total Population - Both sexes","3010","Population - Est. & Proj.","2017","2017","1000 persons","104.901","X","International reliable sources","UNDESA, Population Division – World Population Prospects, the 2017 Revision"
"OA","Annual population","234","Uruguay","511","Total Population - Both sexes","3010","Population - Est. & Proj.","2017","2017","1000 persons","3456.75","X","International reliable sources","UNDESA, Population Division – World Population Prospects, the 2017 Revision"
"OA","Annual population","235","Uzbekistan","511","Total Population - Both sexes","3010","Population - Est. & Proj.","2017","2017","1000 persons","31910.641","X","International reliable sources","UNDESA, Population Division – World Population Prospects, the 2017 Revision"
"OA","Annual population","155","Vanuatu","511","Total Population - Both sexes","3010","Population - Est. & Proj.","2017","2017","1000 persons","276.244","X","International reliable sources","UNDESA, Population Division – World Population Prospects, the 2017 Revision"
"OA","Annual population","236","Venezuela (Bolivarian Republic of)","511","Total Population - Both sexes","3010","Population - Est. & Proj.","2017","2017","1000 persons","31977.065","X","International reliable sources","UNDESA, Population Division – World Population Prospects, the 2017 Revision"
"OA","Annual population","237","Viet Nam","511","Total Population - Both sexes","3010","Population - Est. & Proj.","2017","2017","1000 persons","95540.8","X","International reliable sources","UNDESA, Population Division – World Population Prospects, the 2017 Revision"
"OA","Annual population","243","Wallis and Futuna Islands","511","Total Population - Both sexes","3010","Population - Est. & Proj.","2017","2017","1000 persons","11.773","X","International reliable sources","UNDESA, Population Division – World Population Prospects, the 2017 Revision"
"OA","Annual population","205","Western Sahara","511","Total Population - Both sexes","3010","Population - Est. & Proj.","2017","2017","1000 persons","552.628","X","International reliable sources","UNDESA, Population Division – World Population Prospects, the 2017 Revision"
"OA","Annual population","249","Yemen","511","Total Population - Both sexes","3010","Population - Est. & Proj.","2017","2017","1000 persons","28250.42","X","International reliable sources","UNDESA, Population Division – World Population Prospects, the 2017 Revision"
"OA","Annual population","251","Zambia","511","Total Population - Both sexes","3010","Population - Est. & Proj.","2017","2017","1000 persons","17094.13","X","International reliable sources","UNDESA, Population Division – World Population Prospects, the 2017 Revision"
"OA","Annual population","181","Zimbabwe","511","Total Population - Both sexes","3010","Population - Est. & Proj.","2017","2017","1000 persons","16529.904","X","International reliable sources","UNDESA, Population Division – World Population Prospects, the 2017 Revision"
"OA","Annual population","351","China","511","Total Population - Both sexes","3010","Population - Est. & Proj.","2017","2017","1000 persons","1441131.303","X","International reliable sources","UNDESA, Population Division – World Population Prospects, the 2017 Revision"
