id,type
Patient 0,Patient 0
Matatu Tout,Matatu
Matatu Passenger 1,Matatu
Matatu Passenger 2,Matatu
Matatu Passenger 3,Matatu
Matatu Passenger 4,Matatu
Matatu Passenger 5,Matatu
Matatu Passenger 6,Matatu
Matatu Passenger 7,Matatu
Matatu Passenger 8,Matatu
Matatu Passenger 9,Matatu
Matatu Passenger 10,Matatu
Matatu Passenger 11,Matatu
Matatu Passenger 12,Matatu
Matatu Passenger 13,Matatu
Matatu Passenger 14,Matatu
Matatu Driver,Matatu
Spouse ,Family
Daughter ,Family
Brother in-law,Family
Sister in law,Family
Father,Family
Mother,Family
Brother,Family
Sister,Family
Gateman,Family
Friend 1,Friends
Friend 2,Friends
Friend 3,Friends
Friend 4,Friends
Friend 5,Friends
Friend 6,Friends
Taxi Driver,Taxi
Taxi Passenger 1,Taxi
Taxi Passenger 2,Taxi
Taxi Passenger 3,Taxi
Airport Staff 1,Airport Staff
Airport Staff 2,Airport Staff
Airport Staff 3,Airport Staff
Airport Staff 4,Airport Staff
Airport Staff 5,Airport Staff
Plane Passenger 1,Plane
Plane Passenger 2,Plane
Plane Passenger 3,Plane
Plane Passenger 4,Plane
Plane Passenger 5,Plane
Plane Passenger 6,Plane
Plane Passenger 7,Plane
Plane Passenger 8,Plane
Plane Passenger 9,Plane
Plane Passenger 10,Plane
Plane Passenger 11,Plane
Plane Passenger 12,Plane
