from,to,weight,type
Patient 0,Plane Passenger 1,10,Patient 0
Patient 0,Plane Passenger 2,10,Patient 0
Patient 0,Plane Passenger 3,9,Patient 0
Patient 0,Plane Passenger 4,8,Patient 0
Patient 0,Plane Passenger 5,7,Patient 0
Patient 0,Plane Passenger 6,6,Patient 0
Patient 0,Spouse ,10,Patient 0
Patient 0,Friend 1,10,Patient 0
Patient 0,Friend 2,9,Patient 0
Patient 0,Friend 3,9,Patient 0
Patient 0,Daughter ,10,Patient 0
Patient 0,Father,10,Patient 0
Patient 0,Mother,10,Patient 0
Patient 0,Matatu Tout,10,Patient 0
Patient 0,Gateman,7,Patient 0
Patient 0,Matatu Passenger 1,10,Patient 0
Patient 0,Matatu Passenger 2,10,Patient 0
Patient 0,Matatu Passenger 3,10,Patient 0
Patient 0,Taxi Driver,10,Patient 0
Patient 0,Airport Staff 1,10,Patient 0
Patient 0,Airport Staff 2,10,Patient 0
Patient 0,Airport Staff 3,9,Patient 0
Patient 0,Airport Staff 4,9,Patient 0
Patient 0,Airport Staff 5,9,Patient 0
Matatu Tout,Matatu Driver,10,Matatu
Matatu Tout,Matatu Passenger 1,10,Matatu
Matatu Tout,Matatu Passenger 2,10,Matatu
Matatu Tout,Matatu Passenger 3,10,Matatu
Matatu Tout,Matatu Passenger 4,10,Matatu
Matatu Tout,Matatu Passenger 5,10,Matatu
Matatu Tout,Matatu Passenger 6,10,Matatu
Matatu Tout,Matatu Passenger 7,10,Matatu
Matatu Tout,Matatu Passenger 8,10,Matatu
Matatu Tout,Matatu Passenger 9,10,Matatu
Matatu Tout,Matatu Passenger 10,10,Matatu
Matatu Tout,Matatu Passenger 11,10,Matatu
Matatu Tout,Matatu Passenger 12,10,Matatu
Matatu Tout,Matatu Passenger 13,10,Matatu
Matatu Tout,Matatu Passenger 14,10,Matatu
Matatu Passenger 1,Matatu Passenger 2,10,Matatu
Matatu Passenger 1,Matatu Passenger 3,9,Matatu
Matatu Passenger 1,Matatu Passenger 4,8,Matatu
Matatu Passenger 2,Matatu Passenger 3,10,Matatu
Matatu Passenger 2,Matatu Passenger 4,9,Matatu
Matatu Passenger 2,Matatu Passenger 5,8,Matatu
Matatu Passenger 3,Matatu Passenger 4,10,Matatu
Matatu Passenger 3,Matatu Passenger 5,9,Matatu
Matatu Passenger 3,Matatu Passenger 6,8,Matatu
Matatu Driver,Matatu Passenger 13,10,Matatu
Matatu Driver,Matatu Passenger 14,9,Matatu
Spouse ,Daughter ,10,Family
Spouse ,Brother in-law,10,Family
Spouse ,Sister in law,10,Family
Spouse ,Father,7,Family
Spouse ,Mother,7,Family
Father,Mother,10,Family
Father,Brother,10,Family
Father,Daughter ,10,Family
Father,Sister,10,Family
Mother,Brother,10,Family
Mother,Sister,10,Family
Daughter ,Gateman,7,Family
Spouse ,Gateman,7,Family
Mother,Daughter ,9,Family
Spouse ,Friend 1,10,Family
Spouse ,Friend 2,6,Family
Spouse ,Friend 3,5,Family
Spouse ,Friend 4,4,Family
Friend 1,Friend 2,10,Friends
Friend 1,Friend 3,9,Friends
Friend 1,Friend 4,8,Friends
Friend 1,Friend 5,7,Friends
Friend 1,Friend 6,6,Friends
Friend 2,Friend 3,9,Friends
Friend 2,Friend 4,8,Friends
Friend 2,Friend 5,7,Friends
Friend 2,Friend 6,6,Friends
Friend 3,Friend 4,9,Friends
Friend 3,Friend 5,8,Friends
Friend 3,Friend 6,7,Friends
Taxi Driver,Taxi Passenger 1,10,Taxi
Taxi Driver,Taxi Passenger 2,10,Taxi
Taxi Driver,Taxi Passenger 3,10,Taxi
Airport Staff 1,Airport Staff 2,20,Airport Staff
Airport Staff 5,Taxi Driver,6,Airport Staff
Airport Staff 1,Plane Passenger 1,9,Airport Staff
Airport Staff 1,Plane Passenger 2,9,Airport Staff
Airport Staff 1,Plane Passenger 3,9,Airport Staff
Airport Staff 1,Plane Passenger 4,9,Airport Staff
Airport Staff 1,Plane Passenger 5,9,Airport Staff
Airport Staff 1,Plane Passenger 6,9,Airport Staff
Airport Staff 1,Plane Passenger 7,9,Airport Staff
Airport Staff 1,Plane Passenger 8,9,Airport Staff
Airport Staff 1,Plane Passenger 9,9,Airport Staff
Airport Staff 1,Plane Passenger 10,9,Airport Staff
Airport Staff 1,Plane Passenger 11,9,Airport Staff
Airport Staff 1,Plane Passenger 12,9,Airport Staff
Airport Staff 2,Plane Passenger 1,9,Airport Staff
Airport Staff 2,Plane Passenger 2,9,Airport Staff
Airport Staff 2,Plane Passenger 3,9,Airport Staff
Airport Staff 2,Plane Passenger 4,9,Airport Staff
Airport Staff 2,Plane Passenger 5,9,Airport Staff
Airport Staff 2,Plane Passenger 6,9,Airport Staff
Airport Staff 2,Plane Passenger 7,9,Airport Staff
Airport Staff 2,Plane Passenger 8,9,Airport Staff
Airport Staff 2,Plane Passenger 9,9,Airport Staff
Airport Staff 2,Plane Passenger 10,9,Airport Staff
Airport Staff 2,Plane Passenger 11,9,Airport Staff
Airport Staff 2,Plane Passenger 12,9,Airport Staff
Airport Staff 3,Plane Passenger 1,9,Airport Staff
Airport Staff 3,Plane Passenger 2,9,Airport Staff
Airport Staff 3,Plane Passenger 3,9,Airport Staff
Airport Staff 3,Plane Passenger 4,9,Airport Staff
Airport Staff 3,Plane Passenger 5,9,Airport Staff
Airport Staff 3,Plane Passenger 6,9,Airport Staff
Airport Staff 3,Plane Passenger 7,9,Airport Staff
Airport Staff 3,Plane Passenger 8,9,Airport Staff
Airport Staff 3,Plane Passenger 9,9,Airport Staff
Airport Staff 3,Plane Passenger 10,9,Airport Staff
Airport Staff 3,Plane Passenger 11,9,Airport Staff
Airport Staff 3,Plane Passenger 12,9,Airport Staff
Airport Staff 4,Plane Passenger 1,9,Airport Staff
Airport Staff 4,Plane Passenger 2,9,Airport Staff
Airport Staff 4,Plane Passenger 3,9,Airport Staff
Airport Staff 4,Plane Passenger 4,9,Airport Staff
Airport Staff 4,Plane Passenger 5,9,Airport Staff
Airport Staff 4,Plane Passenger 6,9,Airport Staff
Airport Staff 4,Plane Passenger 7,9,Airport Staff
Airport Staff 4,Plane Passenger 8,9,Airport Staff
Airport Staff 4,Plane Passenger 9,9,Airport Staff
Airport Staff 4,Plane Passenger 10,9,Airport Staff
Airport Staff 4,Plane Passenger 11,9,Airport Staff
Airport Staff 4,Plane Passenger 12,9,Airport Staff
Airport Staff 5,Plane Passenger 1,9,Airport Staff
Airport Staff 5,Plane Passenger 2,9,Airport Staff
Airport Staff 5,Plane Passenger 3,9,Airport Staff
Airport Staff 5,Plane Passenger 4,9,Airport Staff
Airport Staff 5,Plane Passenger 5,9,Airport Staff
Airport Staff 5,Plane Passenger 6,9,Airport Staff
Airport Staff 5,Plane Passenger 7,9,Airport Staff
Airport Staff 5,Plane Passenger 8,9,Airport Staff
Airport Staff 5,Plane Passenger 9,9,Airport Staff
Airport Staff 5,Plane Passenger 10,9,Airport Staff
Airport Staff 5,Plane Passenger 11,9,Airport Staff
Airport Staff 5,Plane Passenger 12,9,Airport Staff
Airport Staff 5,Taxi Passenger 1,9,Airport Staff
Airport Staff 5,Taxi Passenger 2,9,Airport Staff
Airport Staff 5,Taxi Passenger 3,9,Airport Staff
