State,Rural Expenditure Per Capita,Urban Expenditure Per Capita,2011 rural percentage
Andhra Pradesh,1753.96,2685.09,70.42
Arunachal Pradesh,1781.74,2654.17,77.33
Assam,1218.57,2189.15,85.92
Bihar,1126.75,1506.58,88.7
Chhattisgarh,1026.73,1867.86,76.76
Goa,2407.88,3051.19,37.83
Gujarat,1535.66,2581.28,57.42
Haryana,2176.04,3817.33,75.75
Himachal Pradesh,2034.15,3258.54,89.96
Jammu & Kashmir,1742.64,2485.34,72.79
Jharkhand,1005.55,2018.29,75.95
Karnataka,1561.28,3025.52,61.43
Kerala,2668.73,3408.45,52.28
Madhya Pradesh,1152.39,2058.02,72.37
Maharashtra,1619.22,3189.14,54.77
Manipur,1501.89,1482.63,79.79
Meghalaya,1474.78,2435.66,79.92
Mizoram,1643.69,2567.72,48.49
Nagaland,2058.58,2284.43,71.03
Orissa/Odisha,1002.61,1940.61,83.82
Punjab,2344.66,2794.02,62.51
Rajasthan,1597.50,2442.40,75.11
Sikkim,1564.91,2607.87,75.03
Tamil Nadu,1692.93,2622.18,51.55
Tripura,1334.39,2144.45,73.82
Uttar Pradesh,1156.03,2051.22,77.72
Uttarkhand,1725.77,2338.99,69.45
West Bengal,1290.68,2591.04,68.11
A & N Islands,2711.62,4641.92,64.33
Chandigarh,2632.97,3357.05,2.75
Dadra & Nagar Haveli,1123.16,2671.34,53.38
Daman & Diu,2435.76,2388.42,24.84
Delhi,3298.47,3298.47,2.5
Lakshadweep,3287.20,3287.20,21.2
Puducherry,3215.85,3215.85,31.69
