Country,Navy,Commissioned,In reserve,Undergoing trials,Under construction,Ordered,Planned
Australia,Australia,02 2,0,0,0,0,0
Brazil,Brazil,01 1,0,0,0,0,1
China,China,01 2,0,0,3,0,2
Egypt,Egypt,02 2,0,0,0,0,0
France,France,04 4,0,0,0,0,1
India,India,"01 1 IISS 2010 , p. 361",0,0,1,0,5
Italy,Italy,04 2,0,0,1,0,3
Japan,Japan,03 4,0,0,0,0,0
Russia,Russia,"01 1 IISS 2010 , p. 225",0,0,0,2,1
South Korea,South Korea,01 1,0,1,0,0,2
Spain,Spain,01 1,0,0,0,0,0
Thailand,Thailand,"01 1 IISS 2010 , p. 430",0,0,0,0,0
Turkey,Turkey,0,0,1,0,0,1
United Kingdom,United Kingdom,02 2,0,0,"0 IISS 2010 , p. 206",0,0
United States,United States,20,3,1,3,2,13
