Rank,Country/Region,Billion passenger-kilometres,Data year
1,China,1346.0,2017
2,India,1161.0,2017
3,Japan,431.8,2016
4,Russia,129.4,2018
5,France,110.5,2017
6,Germany,95.5,2017
7,United Kingdom,80.2,2017
8,South Korea,77.8,2016
9,Italy,52.2,2017
10,Ukraine,37.1,2015
11,Spain,27.5,2017
12,Switzerland,20.8,2017
13,Pakistan,20.3,2015
14,Poland,20.3,2015
15,Taiwan,19.8,2015
16,Indonesia,18.5,2015
17,Netherlands,18.4,2017
18,Kazakhstan,16.6,2011
19,Iran,16.3,2014
20,Australia,15.7,2015
21,Sweden,13.3,2017
22,Austria,12.6,2017
23,United States,10.6,2017
24,Belgium,10.2,2017
25,Czech Republic,9.5,2017
26,Belarus,9.0,2013
27,Argentina,8.4,2017
28,Hungary,7.7,2017
29,Thailand,7.5,2011
30,Bangladesh,7.3,2010
31,Denmark,6.7,2016
32,Romania,5.7,2015
33,Morocco,5.3,2014
,World,2954.0,2014
,Europe,583.7,2015
