product_name,product_type,product_description,product_purpose,cost_per_unit
Super Spot Remover,acne treatment,Acne Treatment Gel,Acne & Oil Control,$19.00 
Fire Fighter,aftershave,To Take the Burn out of Shaving,Soothing,$24.00 
Pinch Your Cheeks,blush,Gel Blush: Coralberry,(none),$20.00 
Pinch Your Cheeks,blush,Powder Blush: Sweet Shimmer,(none),$27.00 
Gloomaway,body cleanser,Grapefruit Body-buffing Cleanser,(none),$28.00 
A Perfect World,body cream,Intensely Hydrating Body Cream with White Tea,Hydrating,$42.00 
Ginger Souffle,body cream,Whipped Body Cream,Nourishes,$38.00 
Ginger Souffle,body cream,Whipped Body Cream,(none),$16.50 
Gloomaway,body cream,Grapefruit Body Souffle,(none),$38.00 
Smoothing Souffle,body cream,Whipped Body Cream,(none),$38.00 
A Perfect World,body lotion,Highly Hydrating body lotion with White Tea,Smoothing & Hydrating,$33.00 
Precipitation,body lotion,Moisture Recovery for Body,(none),$34.00 
Precipitation,body lotion,Extra Moisture Recovery for Very Dry Skin,(none),$38.00 
Ginger Gloss,body oil,Smoothing Body Oil,Hydration,$26.50 
Clear Improvement,body soap,Purifying Charcoal Body Soap,(none),$20.00 
Ginger Bar,body soap,Savory Bath Soap,Nourishing,$20.00 
Ginger Body Scrub,body scrub,Smoothing Body Buffer,(none),$43.00 
Ginger Burst,body wash,Savory Body Wash,(none),$26.00 
Gloomaway,body wash,Grapefruit Body Wash and Bubble Bath,(none),$26.00 
Incredible Spreadable,body scrub,Smoothing Ginger Body Scrub,(none),$33.00 
Incredible Spreadable,body scrub,Smoothing Salt Body Scrub,Renewal & Radiance,$33.00 
Warm Down,body scrub,Warming Lava Scrub to Detox and Smooth,Purify & Smooth,$37.50 
Ginger Float,bubble bath,Cream Bubble Bath,(none),$33.00 
Plantscription,concealer,Anti-Aging Concealer: Light,Lines & Wrinkle Reduction,$21.00 
No Offense,deodorant,Alcohol and Aluminum Free deodorant,(none),$19.00 
Modern Friction,exfoliator,Nature's Gentle Dermabrasion,Smoother & Brighter Looking Skin,$44.00 
Never A Dull Moment,exfoliator,Skin-brightening Face Polisher with Fruit Extracts,Renewal & Radiance,$32.00 
A Perfect World,eye cream,Age-Defense Eye Cream with SPF 20,Sun Protection & Hydration,$44.00 
Dr. Andrew Weil for Origins,eye cream,Mega-Mushroom Relief & Resilience Soothing Gel Cream for Eyes,(none),$48.00 
GinZing,eye cream,Refreshing Eye Cream to Brighten and Depuff,"Brighten & Depuff Eyes, Refresh",$33.00 
GinZing,eye cream,Refreshing Eye Cream To Brighten & Depuff On-the-Go,Brighten & Reduce Dark Circles,$27.00 
Plantscription,eye cream,Anti-Aging Power Eye Cream,Line & Wrinkle Reduction,$51.00 
Peeper Pleaser,eye shadow,Eye Shadow: Toasted Sesame,(none),$20.00 
Dr. Andrew Weil for Origins,eye treatment,Mega-Bright Dark Circle Minimizer,Diminishes Dark Circles,$50.00 
Eye Doctor,eye treatment,Moisture Care for Skin Around Eyes,Hydrates Undereye,$45.00 
No Puffery,eye treatment,Cooling Roll-on for Puffy Eyes,Cools & De-Puffs,$31.00 
Plantscription,eye treatment,Anti-aging Eye Treatment,Line & Wrinkle Reduction,$51.00 
Fill In The Blanks,eyebrow liner,Eyebrow Enhancer: For Brunettes,(none),$20.00 
Eye Defining Liner,eyeliner,Charcoal,"Creamy, Tug-Free Definition",$20.00 
A Perfect World,face cleanser,Antioxidant Cleanser with White Tea,Gentle Foaming Cleanse,$27.00 
Clean Energy,face cleanser,Gentle Cleansing Oil: Clean Energy w/pump,Gentle Cleanse,$34.00 
Clear Improvement,face cleanser,Zero Oil Cleanser with Charcoal,Deep Clean and Clear Pores,$24.00 
Dr. Andrew Weil for Origins,face cleanser,Mega-Mushroom Skin Relief Micellar Cleanser,No-Rinse Gentle Cleanse,$35.00 
Dr. Andrew Weil for Origins,face cleanser,Mega-Mushroom Skin Relief Face Cleanser,Cleanse & Reduce Redness,$34.00 
GinZing,face cleanser,Refreshing Scrub Cleanser,Gentle Exfoliating Cleanse,$23.00 
Modern Friction,face cleanser,Cleansing Oil with Radiance-Boosting White & Purple Rice,Gentle & Dual Phase Cleanse,$31.00 
Plantscription,face cleanser,Anti-aging Cleanser,Cleansing,$34.00 
Three Part Harmony,face cleanser,"Foaming Cream-To-Oil Cleanser For Renewal, Replenishment and Radiance",Renewal & Radiance,$43.00 
Dr. Andrew Weil for Origins,face cream,Mega-Mushroom Relief & Resilience Soothing Cream,"Hydration, Redness & Sensitivity Reduction",$69.00 
GinZing,face cream,"Ultra Hydrating, Energy-Boosting Cream","72-Hour Hydration, Increased Radiance",$31.00 
Make A Difference Plus+,face cream,Ultra-rich Rejuvenating Cream,Hydration,$47.50 
Plantscription,face cream,SPF 25 Power Anti-aging Cream,Line Reduction,$64.00 
Plantscription,face cream,SPF 25 Power Anti-Aging Oil-free Cream,Line Reduction,$64.00 
Plantscription,face cream,Youth-Renewing Power Night Cream,Line & Wrinkle Reduction,$64.00 
Plantscription,face cream,Powerful Lifting Cream,Lift & Firm Skin,$65.00 
Three Part Harmony,face cream,"Nourishing Cream for Renewal, Repair and Radiance","Ageless Skin, Renewal & Radiance",$72.00 
Dr. Andrew Weil for Origins,face lotion,Mega-Mushroom Relief & Resilience Hydra Burst Gel Lotion,Hydration,$69.00 
Dr. Andrew Weil for Origins,face lotion,Mega-Mushroom Skin Relief Soothing Face Lotion,Redness Reduction,$68.00 
Plantscription,face oil,Youth-renewing Face Oil,Wrinkle Reduction,$59.00 
Checks and Balances,face scrub,Polishing Face Scrub,"Exfoliation, Smoothness, Visibly Minimizes Pores",$25.00 
Origins Skincare Tools,face sponge,Green Tea Infused Facial Sponge,(none),$15.00 
Origins Skincare Tools,face sponge,Charcoal Infused Facial Sponge,(none),$15.00 
Origins Skincare Tools,face sponge,Face & Eye Cleansing Sponges,(none),$14.00 
Make A Difference Plus+,face treatment,Rejuvenating Treatment,Hydration,$47.50 
Checks and Balances,face wash,Frothy Face Wash,Gently Cleanse,$24.00 
Reinventing The Heel,foot lotion,"Mega-moisture for Dry, Cracked Feet",(none),$30.00 
All and Nothing,foundation,Pressed Powder: One shade fits all.,(none),$34.00 
Pretty in Bloom,foundation,Flower-Infused Long-Wear Foundation SPF20: 100 Very Light Cool,"24-Hour Coverage, High-Performance",$38.00 
Silk Screen,foundation,Refining Powder Foundation: Honey,(none),$34.00 
Ginger Essence,fragrance,Sensuous Skin Scent,(none),$53.00 
Ginger,hand lotion,Hand Lotion,(none),$21.00 
Make A Difference,hand treatment,Rejuvenating Hand Treatment,Hydration,$26.00 
Plantscription,hand lotion,Anti-aging Hand Cream,(none),$35.00 
Ginger,hand soap,Hand Cleanser,(none),$21.00 
Underwear For Lashes,lash primer,Lash Primer,Lifts & Lengthens,$23.00 
Blooming Sheer,lip balm,Lip Balm: 3 Honey Blush,Nourishing Hint of Color,$20.00 
Blooming Sheer,lip balm,Lip Balm: 10 Tulip Glow,Nourishing Hint of Color,$20.00 
Drink Up,lip balm,Nourishing Avocado Lip Butter,Hydration,$18.00 
Blooming Shine,lip gloss,Nourishing Lip Glaze: 06 Petal Punch,"Buildable Color, High-Shine, Non Sticky",$20.00 
Lip Defining Liner,lip liner,Pencil: Maple Blossom,"Creamy, Tug-Free Definition",$19.00 
Blooming Bold,lipstick,Lipstick: 8 Dusky Rose,"Bold, Long-Wear Color",$20.00 
Origins Skincare Tools,loofah,Charcoal Infused Body Puff,(none),$15.00 
Eyeshadow Brush,makeup brush,(none),(none),$25.00 
Foundation Brush,makeup brush,"For Creating a Smooth, Even Canvas",(none),$33.50 
Liquid Foundation Brush,makeup brush,(none),(none),$34.00 
Powder Foundation Brush,makeup brush,(none),(none),$31.50 
Original Skin,makeup remover,Cleansing Makeup-Removing Jelly with Willowherb,Jelly To Foam Deep Cleanse,$24.00 
Well Off,makeup remover,Fast and Gentle Eye Makeup Remover,Gentle Eye Cleanse,$22.00 
Fringe Benefits,mascara,Mascara: Brown,"Bold, Long-Wear Color",$23.00 
GinZing,mascara,Volumizing Mascara: Black,(none),$23.00 
Clear Improvement,mask,Active Charcoal Mask to Clear Pores,Detox & Purify,$27.00 
Clear Improvement,mask,Charcoal Honey Mask to Purify & Nourish,Gently Purifies & Hydrates,$34.00 
Dr. Andrew Weil for Origins,mask,Mega-Bright Dark Spot Correcting Night Mask,Even Tone & Dark Spot Reduction,$62.00 
Dr. Andrew Weil for Origins,mask,Mega-Mushroom Relief & Resilience Soothing Face Mask,Redness & Sensitivity,$37.00 
Drink Up,mask,10 Minute Hydrating Mask with Apricot & Glacier Water,Hydration,$27.00 
Drink Up Intensive,mask,Overnight Hydrating Mask with Avocado & Glacier Water,72-Hour Hydration,$27.00 
Flower Fusion,mask,Orange Radiance-Boosting Sheet Mask: Orange,Radiance,$7.00 
Flower Fusion,mask,Rose Hydrating Sheet Mask: Rose,Hydration,$7.00 
Flower Fusion,mask,Jasmine Softening Sheet Mask: Jasmine,Softening,$7.00 
Flower Fusion,mask,Lavender Soothing Sheet Mask: Lavender,Soothing,$7.00 
Flower Fusion,mask,Raspberry Refreshing Sheet Mask: Raspberry,Refreshing,$7.00 
Flower Fusion,mask,Violet Nourishing Sheet Mask: Violet,Nourishing,$7.00 
"Hello, Calm",mask,Relaxing & Hydrating Face Mask with Cannabis Sativa Seed Oil,Calms & Hydrates Skin,$28.00 
Original Skin,mask,Retexturizing Mask with Rose Clay,Clarity & Glow,$27.00 
Out of Trouble,mask,10 Minute Mask to Rescue Problem Skin,Acne & Oil Control,$27.00 
Plantscription,mask,Powerful Lifting Overnight Mask,Lifting & Firming,$65.00 
Leg Lifts,massage lotion,To Rev Up Tired Legs,(none),$30.00 
Dr. Andrew Weil for Origins,mist,Mega-Mushroom Soothing Hydra-Mist with Reishi and Snow Mushroom,"Instant Hydration, Luminosity, Plumpness, Rapid Soothing",$24.00 
A Perfect World,moisturizer,SPF 40 Age-Defense Moisturizer with White Tea,Age Prevention & Protection,$47.00 
A Perfect World,moisturizer,Antioxidant Moisturizer with White Tea,Pollution Protection,$47.00 
Clear Improvement,moisturizer,Pore Clearing Moisturizer with Bamboo Charcoal,All-day Oil-free Hydration; Clears & Helps Prevent Acne Breakouts & Blackheads,$36.00 
Dr. Andrew Weil for Origins,moisturizer,Mega-Mushroom Weightless Hydrating Moisturizer,"Barrier Boosting, Instant Hydration, Rapid Soothing",$34.00 
Dr. Andrew Weil for Origins,moisturizer,Mega-Bright Skin Illuminating Moisturizer,Brighten,$62.00 
Dr. Andrew Weil for Origins,moisturizer,Mega-Bright SPF 30 Oil-Free Moisturizer,Even Tone & Dark Spot Reduction,$62.00 
GinZing,moisturizer,SPF 40 Energy-Boosting Tinted Moisturizer,Skin Tint & Sun Protection,$41.00 
GinZing,moisturizer,Oil-Free Energy Boosting Gel Moisturizer,"72-Hour Hydration, Increased Radiance",$31.00 
Make A Difference Plus+,moisturizer,Rejuvenating Moisturizer,Hydration,$47.50 
Original Skin,moisturizer,Matte Moisturizer with Willowherb,Mattify & Visibly Minimize Pores,$36.00 
Plantscription,moisturizer,Retinol Night Moisturizer with Alpine Flower,"Dryness, Fights Dullness, Lines, Pores & Uneven Skin Tone",$64.00 
Save the Males,moisturizer,Multi-benefit Moisturizer,Hydration,$43.00 
VitaZing,moisturizer,SPF 15 Energy-boosting Moisturizer,Skin Tint & Sun Protection,$40.00 
BE RADIANT,multi-product set,Refreshing and Radiance-Boosting Essentials ($77 Value),"Radiance and 72-Hour Hydration; Renew, Refine, and Resurface the Look of Skin",$46.00 
BE REFINED,multi-product set,Original Skin Mattifying and Perfecting Essentials ($70 Value),Refine the Look of Pores; Mattify and Hydrate,$44.00 
BE REFRESHED,multi-product set,Multi-Masking Essentials ($34 Value),Soothe the Look of Visible Irritation; Purify and Nourish; Retexturize; Purify Pores; 72-Hour Hydration,$20.00 
BE SOOTHED,multi-product set,Mega-Mushroom Skin Strengthening Essentials ($114 Value),Skin and Strengthen Skin; Reduce Visible Lines,$72.00 
BE YOUTHFUL,multi-product set,Plantscription Youth-Boosting Essentials ($138 Value),"Comprehensive Youth Boosting; Reduces the Look of Pores, Lines and Wrinkles; Increases Firmness",$84.00 
"GOODNIGHT, LINES",multi-product set,Plantscription Youth-Boosting Nighttime Regimen ($232 Value),"Cleanse; Reduce the Look of Pores, Lift & Firm Skin, Lines & Wrinkles; Increase Firmness; Hydrate",$149.00 
Origins Best-Sellers Set,multi-product set,($83 Value),"Cleanse and Refresh; Purify Pores; Reduce Visible Redness; Reduce the Look of Pores, Lines, Wrinkles; Increase Firmness; Radiance and 72-Hour Hydration",$29.00 
SKIN GLOW-BOOSTERS,multi-product set,Cleansing and Glow-Boosting Trio,Cleanse & Refresh; Radiance & 72-Hour Hydration; Brighten Under Eyes,$15.00 
SKIN PRETTIFIERS,multi-product set,"Cleansing, Retexturizing and Mattifying Trio",Cleanse & Refresh; Retexturize; Mattify & Hydrate,$15.00 
Original Skin,primer,Pore-Perfecting Cooling Primer with Willowherb,Renewal & Radiance,$35.00 
High-Potency Night-A-Mins,resurfacing cream,Resurfacing Cream with Fruit-Derived AHAs,Overnight Hydration & Peel,$47.00 
High-Potency Night-A-Mins,resurfacing cream,Oil-Free Resurfacing Cream with Fruit-Derived AHAs,"Refine & Resurface, Renew",$47.00 
A Perfect World,serum,Age-defense Skin Guardian with White Tea,Pollution Protection,$47.00 
Dr. Andrew Weil for Origins,serum,Mega-Bright Dark Spot Correcting Serum,Even Tone & Dark Spot Reduction,$84.00 
Dr. Andrew Weil for Origins,serum,Mega-Mushroom Relief & Resilience Advanced Face Serum,Redness Reduction & Calms Skin,$76.00 
GinZing,serum,Into the Glow Brightening Serum,"Boost Radiance, Smooths Skin & Reduces Look of Pores",$44.00 
Original Skin,serum,Renewal Serum with Willowherb,Boost Glow & Radiance,$57.00 
Plantscription,serum,Multi-Powered Youth Serum,"15 Youth Boosting Results; Reduces Look of Pores, Wrinkles; Increases Firmness",$82.00 
Three Part Harmony,serum,"Oil-infused Serum for Renewal, Repair and Radiance",Concentrated Renewal and Radiance & Ageless Skin,$72.00 
Blade Runner,shaving cream,Energizing Shave Cream,Softens & Energizes,$22.00 
Dr. Andrew Weil for Origins,sunscreen,Mega-Defense Advanced daily UV defender SPF 45,Hydration & Sun Protection,$46.00 
Original Skin,toner,Essence Lotion With Dual Ferment Complex,Boost Glow & Hydration,$33.00 
Zero Oil,toner,Pore Purifying Toner with Saw Palmetto & Mint,Acne & Oil Control,$24.00 
United State,tonic,Balancing Tonic,Benefit: Rebalances & Refines Skin,$25.00 
A Perfect World,treatment lotion,Age-Defense Treatment Lotion with White Tea,Preps for Pollution Protection Treatments,$27.00 
Dr. Andrew Weil for Origins,treatment lotion,Mega-Mushroom Relief & Resilience Soothing Treatment Lotion,"Redness and Sensitivity, Visibly Reduce Redness & Boost Hydration",$36.00 
Dr. Andrew Weil for Origins,treatment lotion,Mega-Mushroom Relief & Resilience Treatment Lotion ($72 Value),Reduces Visible Redness,$58.00 
Dr. Andrew Weil for Origins,treatment lotion,Collector's Edition Mega-Mushroom Relief & Resilience Soothing Treatment Lotion,Visibly Reduce Redness & Boost Hydration,$49.00 
Plantscription,treatment lotion,Anti-aging Treatment Lotion,Line & Wrinkle Reduction,$34.00 
,,,,
,,,,
,,,,
,,,,
,,,,
,,,,
,,,,
,,,,
,,,,
,,,,
,,,,
,,,,
,,,,
,,,,
,,,,
,,,,
,,,,
,,,,
,,,,
,,,,
,,,,
,,,,
,,,,
,,,,
,,,,
,,,,
,,,,
,,,,
,,,,
,,,,
,,,,
