States/UTs,Number of ventilators in public sector,Number of ventilators in private sector,Total number of ventilators (public + private)
Lakshadweep,8,3,11
Dadra & Nagar Haveli,15,8,24
Daman And Diu,6,25,31
Andaman Nicobar Islands,27,5,32
Manipur,36,9,45
Sikkim,39,10,49
Mizoram,50,12,62
Nagaland,47,17,64
Arunachal Pradesh,60,6,66
Goa,75,39,115
Tripura,111,6,117
Puducherry,89,40,129
Meghalaya,111,20,131
Chandigarh,94,47,141
Jammu And Kashmir,182,18,200
Himachal Pradesh,310,91,401
Chhattisgarh,235,200,436
Uttarakhand,213,383,596
Assam,429,176,604
Odisha,463,178,641
Jharkhand,270,393,662
Bihar,292,480,771
Haryana,281,623,904
Delhi,610,377,986
Punjab,448,"1,077","1,525"
Gujarat,504,"1,117","1,622"
Madhya Pradesh,778,846,"1,623"
Andhra Pradesh,578,"1,502","2,081"
Rajasthan,"1,176","1,153","2,329"
Kerala,950,"1,531","1,481"
Telangana,525,"1,973","2,498"
West Bengal,"1,964",874,"2,838"
Tamil Nadu,"1,938","1,946","3,884"
Maharashtra,"1,286","4,507","5,793"
Karnataka,"1,743","4,810","6,553"
Uttar Pradesh,"1,907","5,129","7,035"
Ladakh,NA,NA,NA