NIK,Nama,Alamat,Foto,ID Vaksinasi,Status Vaksin
"	818616487598395392	","Ferina Nurhamidah	",Surabaya,https://drive.google.com/file/d/14X9Hrn6BUTnpRU2TrWRyzqbdYkrtmS_r/view?usp=sharing,123456,Sudah 
"	821211124074844160",Fuad Syah,Surabaya,https://drive.google.com/file/d/1qp-4EA3BQGe0iatKO__2P67MkqpryJzM/view?usp=sharing,123458,Sudah 
"	822227423831830528",Achmad Arif Fahrudin,Surabaya,https://drive.google.com/file/d/1SnsEhWcyHbApLrTNL5jZ5p3zBoYhFn1-/view?usp=sharing,126658,Sudah 
8.24908E+17,Aini Kusuma Aswin,Surabaya,https://drive.google.com/file/d/1C2jJNdwUWTpltKcy2bLQdqVOhUl1cT3-/view?usp=sharing,126698,Sudah 
8.25216E+17,Robertus Pebruwantor,Surabaya,https://drive.google.com/file/d/1ITVaJs-hTFdDpACZcyhLqtTtNvjxNERI/view?usp=sharing,166658,Sudah 
"	852430007880122368",Tyaz Vanza,Surabaya,https://drive.google.com/file/d/15qR_Oam03Zg8qoLHhjN3uncX5ZKD2Dhu/view?usp=sharing,926658,Sudah 
"	867230542248456192",Dyah Ratri,Surabaya,https://drive.google.com/file/d/1WDokmhBvxRR9XzzFdh10bD-dmLiz9yOS/view?usp=sharing,123338,Belum
"	883516243805786112	",Fahmi Ardiansyah,Surabaya,https://drive.google.com/file/d/1nQwpi3lxgxnENdCVal4xgjz-TxVq-vzs/view?usp=sharing,126448,Belum
9.22292E+17,Kurnia Setiawan,Surabaya,https://drive.google.com/file/d/13xpRCQN-3r_vdD-A5xXsVAWR6qJcQ-2N/view?usp=sharing,127778,Belum
