Symbol,Name,Last price in Sep 21,Change,% change,Volume
TATASTEEL.NS,Tata Steel Limited,"1,296.45",0.9,0.07%,"55,61,918"
HINDALCO.NS,Hindalco Industries Limited,493.55,-0.6,-0.12%,"1,07,10,864"
COALINDIA.NS,Coal India Limited,186.2,0.5,0.27%,"3,86,59,970"
ONGC.NS,Oil and Natural Gas Corporation Limited,144.3,-0.45,-0.31%,"1,96,61,635"
ITC.NS,ITC Limited,237.35,-0.75,-0.31%,"1,02,92,253"
INDUSINDBK.NS,IndusInd Bank Limited,"1,118.90",-4.3,-0.38%,"19,81,811"
BHARTIARTL.NS,Bharti Airtel Limited,696.8,2.7,0.39%,"99,05,851"
CIPLA.NS,Cipla Limited,983.65,-3.95,-0.40%,"15,15,284"
WIPRO.NS,Wipro Limited,638.1,-2.65,-0.41%,"34,68,470"
NTPC.NS,NTPC Limited,141.25,0.6,0.43%,"2,25,41,585"
NESTLEIND.NS,Nestl� India Limited,"19,420.80",-85.95,-0.44%,"18,837"
BRITANNIA.NS,Britannia Industries Limited,"3,950.00",-22.75,-0.57%,"1,30,493"
TECHM.NS,Tech Mahindra Limited,"1,387.35",-8,-0.57%,"26,83,905"
ICICIBANK.NS,ICICI Bank Limited,704.8,-4.7,-0.66%,"73,84,420"
RELIANCE.NS,Reliance Industries Limited,"2,510.15",-17.7,-0.70%,"32,07,822"
KOTAKBANK.NS,Kotak Mahindra Bank Limited,"2,016.00",-14.45,-0.71%,"27,20,917"
TCS.NS,Tata Consultancy Services Limited,"3,764.30",-27.6,-0.73%,"11,42,272"
ULTRACEMCO.NS,UltraTech Cement Limited,"7,406.50",-58.05,-0.78%,"2,52,171"
MARUTI.NS,Maruti Suzuki India Limited,"7,324.95",-59.1,-0.80%,"3,93,613"
BAJAJFINSV.NS,Bajaj Finserv Ltd.,"17,573.70",139.95,0.80%,"2,22,120"
TITAN.NS,Titan Company Limited,"2,166.35",18.85,0.88%,"9,56,912"
GRASIM.NS,Grasim Industries Limited,"1,685.15",15.25,0.91%,"5,90,301"
HDFCLIFE.NS,HDFC Life Insurance Company Limited,726.9,-7.85,-1.07%,"17,10,794"
LT.NS,Larsen & Toubro Limited,"1,701.85",-19.15,-1.11%,"11,61,851"
TATACONSUM.NS,Tata Consumer Products Limited,813,-10.45,-1.27%,"8,72,802"
SHREECEM.NS,Shree Cement Limited,"29,004.75",-377.65,-1.29%,"17,792"
HEROMOTOCO.NS,Hero MotoCorp Limited,"2,847.10",-39.05,-1.35%,"7,01,982"
BAJFINANCE.NS,Bajaj Finance Limited,"7,645.95",130.55,1.74%,"9,65,856"
BAJAJ-AUTO.NS,Bajaj Auto Limited,"3,821.40",-77.85,-2.00%,"2,21,869"
NTPC.NS,NTPC Limited,140.65,8.7,6.59%,"7,58,51,487"
