,Tahta Geçişi,Tahttan İnişi,Saltanat Süresi,Tahta Çıkış Yaşı,Ünvan,Doğum Yeri,Ölüm Yeri,Devraldığı Toprak(km2),Devrettiği Toprak(km2),Devletin Merkezi
Osman I,1299,1326,27,41,Gazi,Söğüt,Bursa,5631,16000,Söğüt
Orhan I,1326,1362,36,43,Gazi,Söğüt,Bursa,16000,95000,Bursa
Murad I,1362,1389,27,36,Hüdâvendigâr,Bursa,Kosova,95000,500000,Edirne Sarayı
Beyazid I,1389,1402,13,48,Yıldırım,Edirne,Akşehir,500000,430407,Edirne Sarayı
Mehmed I,1413,1421,8,24,Çelebi,Bursa,Edirne,430407,500000,Edirne Sarayı
Murad II,1421,1452,28,17,Koca Sultân,Amasya,Edirne,500000,880000,Edirne Sarayı
Mehmed II,1452,1481,33,19,Fatih,Edirne,Gebze,880000,2214000,Eski Saray
Beyazid II,1481,1512,31,34,Velî,Dimetoka,Edirne,2214000,2375000,Topkapı Sarayı
Selim I,1512,1520,8,42,Yavuz,Amasya,Çorlu,2375000,6557000,Topkapı Sarayı
Süleyman I,1520,1566,46,26,Kanûnî,Trabzon,Zigetvar,6557000,14983000,Topkapı Sarayı
Selim II,1566,1574,8,42,Sarı,İstanbul,İstanbul,14983000,15162000,Topkapı Sarayı
Murad III,1574,1595,21,28,,Manisa,İstanbul,15162000,19902000,Topkapı Sarayı
Mehmed III,1595,1603,8,29,Adlî,Manisa,İstanbul,19902000,,Topkapı Sarayı
Ahmed I,1603,1617,14,13,Bahtî,Manisa,İstanbul,,,Topkapı Sarayı
Mustafa I,1617,1618,1,26,Deli,Manisa,İstanbul,,,Topkapı Sarayı
Osman II,1618,1622,4,14,Genç,İstanbul,İstanbul,,,Topkapı Sarayı
Murad IV,1623,1640,17,11,"Bağdat Fâtihi, Sahib-î-Kıran",İstanbul,İstanbul,,,Topkapı Sarayı
İbrahim I,1640,1648,8,25,"Girit Fâtihi, Asabî",İstanbul,İstanbul,,,Topkapı Sarayı
Mehmed IV,1648,1687,39,6,Avcı,İstanbul,İstanbul,,,Topkapı Sarayı
Süleyman II,1687,1691,4,45,Gazi,İstanbul,İstanbul,,,Topkapı Sarayı
Ahmed II,1691,1695,4,48,Gazi,İstanbul,İstanbul,,24000000,Topkapı Sarayı
Mustafa II,1695,1703,8,31,Gazi,Edirne,İstanbul,24000000,,Topkapı Sarayı
Ahmed III,1703,1730,27,30,Lâle Devri Pâdişâhı,Dobriç,İstanbul,,,Topkapı Sarayı
Mahmud I,1730,1754,24,34,Gazi,Edirne,İstanbul,,,Topkapı Sarayı
Osman III,1754,1757,3,55,Sofu,Edirne,İstanbul,,,Topkapı Sarayı
Mustafa III,1757,1774,17,40,İlk Yenilikçi,İstanbul,İstanbul,,,Topkapı Sarayı
Abdülhamid I,1774,1789,15,49,Islâhatçı,İstanbul,İstanbul,,,Topkapı Sarayı
Selim III,1789,1807,18,28,"Bestekâr, Nizâmî",İstanbul,İstanbul,,,Topkapı Sarayı
Mustafa IV,1807,1808,1,28,,İstanbul,İstanbul,,,Topkapı Sarayı
Mahmud II,1808,1839,31,23,İnkılâpçı,İstanbul,İstanbul,,,Topkapı Sarayı
Abdülmecid I,1839,1861,22,16,Tanzimâtçı,İstanbul,İstanbul,,,Dolmabahçe Sarayı
Abdülaziz I,1861,1876,15,31,Bahtsız,İstanbul,İstanbul,,,Dolmabahçe Sarayı
Murad V,1876,1876,0,36,Deli,İstanbul,İstanbul,,,Dolmabahçe Sarayı
Abdülhamid II,1876,1909,33,34,Gazi,İstanbul,İstanbul,,4980000,Yıldız Sarayı
Mehmed V,1909,1918,9,65,Reşâd,İstanbul,İstanbul,4980000,,Dolmabahçe Sarayı
Mehmed VI,1918,1922,4,57,Vahideddin,İstanbul,İstanbul,,,Dolmabahçe Sarayı
