﻿Fish Name,Family,Origin,Environment,Feeding,Life Span,Temperament
Afra Cichlid,Cichlidae,"Lake Malawi, Africa", freshwater,Cynotilapia afra (Afra cichlid) accepts most food types including pellets.,7-10 years,Aggressive
"	
African Butterfly Cichlid",Cichlidae,Western Africa: Sierra Leone and Liberia,freshwater,Accepts flake food as well as most other food types.,3-5 years,Peaceful
African Butter Catfish,Schilbeidae,Africa. including the Nile and the Zambesi system,freshwater,Accepts all kinds of food.,6 years,non aggressive
African Knife Fish,Rhamphichthyidae,"Africa. coastal river basins in Sierra Leone, Liberia, Togo, Benin and Cameroon; also in the Chad, the Nile, the Congo, the Niger (Benue and Niger Delta), the Ogôoué and the Congo (Cuvette Centrale and Ubangui) basins.",Freshwater,Accepts live and frozen food. Some species accepts pellets and flakes others need too be weaned before they accepts pellets and flakes.,10 years,non aggressive
African Snakehead, Channidae,"White Nile, Lake Chad basin, Zaire", freshwater,Parachanna obscura (African Snakehead) will accept all live food and often frozen food.,not mentioned,Predatory
"	
Agassiz Dwarf Cichlid",Cichlidae,South America,freshwater,Apistogramma agassizii (Agassiz' Dwarf Cichlid ) prefers frozen food. They need a varied diet and should not be kept on flake food alone even if some fish accept flake food.,5-10 years,Peaceful
"	
Akar Betta",Belontiidae,"Sarawak, Brunei",freshwater,Omnivorous,2-3 years,Peaceful
Albino Corydora ,Callichthyidae,South American Amazon Region,Freshwater,"C. Aeneus will feed upon any small bits of flake that fall to the bottom of the aquarium, some algaes, and their diet can be supplemented with sinking shrimp pellets.",10 years,very peaceful
El Abra Pygmy Swordtail,Poeciliidae,"Central America: Rio Choy of the Rio Panuco basin in San Luis Potosi, Mexico.",freshwater, El Abra Pygmy Swordtail accept most food sources.,not mentioned,Peaceful
Amiet's Lyretail,Aplocheilidae,"Fundulopanchax amieti (Amiet's Lyretail) is found in a forest stream on the road to Koupongo, 500 meters west of Somakak, Sanaga basin, Cameroon.", freshwater,Fundulopanchax amieti (Amiet's Lyretail) is best kept on live food. They will however accept commercial foods. Frozen Mosquito larvae are recommended if live food isn’t an option.,1-2 years,Peaceful
Asian Arowana,Osteoglossidae (Arowanas),"Asia. Indonesia, Malaysia, Thailand, Cambodia and Viet Nam",freshwater,Accepts all kind of live food,60 years,non aggressive
Archerfish,Toxotidae,"Asia and Oceania. India eastward to the Philippines, and south to Indonesia, Vanuatu, Solomon Islands, Papua New Guinea, and northern Australia",fresh and brackish water,Prefers living food which it eats by the surface such as insects and surface dwelling fish. Flake food and frozen food are sometimes accepted however flake food must not be the only food source.,two years,non aggressive
Argus Fish,Scatophagidae,"Indo-Pacific. Kuwait to Vanuatu and New Caledonia, north to southern Japan; Palau to Pohnpei in Micronesia"," Fresh, brackish and marine water",Accepts most foods including flakes.,20 years,non aggressive
Arnoldi,Aplocheilidae, Mainly restricted to the Niger Delta ., Freshwater,Fundulopanchax arnoldi will usually accept flake food but should preferable be feed frozen and live food.,3 years,Peaceful
"	
Aulonocara Maulana","Cichlidae (Cichlids) , subfamily: Pseudocrenilabrinae",Lake Malawi,freshwater,Accepts all kinds of food.,6 to 10 years,Aggressive
Aulonocara Benga,"Cichlidae (Cichlids) , subfamily: Pseudocrenilabrinae","Lake Malawi: Chipoka, Maleri Islands, Nkhomo, and Usisya",freshwater,Accepts all kinds of food.,6 years,non aggressive
Australian Pearl Arowana,Osteoglossidae,Asia and Oceania. northern Australia and New Guinea., Freshwater,"Fish, crayfish, insects and after training pellets.",20 years,non aggressive
Azureus Cichlid ,"Cichlidae (Cichlids) , subfamily: Pseudocrenilabrinae","Lake Malawi: Mbenji Islands Nakatenga and Maleri Islands, Nkhomo Reef near Benga and Eccles Reef south of Makanjila.",freshwater,Accepts all kinds of food.,5-6 years,non aggressive
Badis,Badidae, India,freshwater,Badis Badis (Badis) accepts most small foods including small flake food.,3-6 years,Peaceful
"	
Bala Shark",Cyprinidae,Southeast Asia,freshwater,Balantiocheilus melanoptrus (Bala shark) accepts most foods and might eat some aquarium plants,10 years,Peaceful
Banded Knife Fish,Gymnotidae,South America,Freshwater,Accepts live and frozen food. Some accepts pellets and flakes right away others need too be weaned before they accepts pellets and flakes.,15 years,non aggressive
Bangka Snakehead,Channidae,"Sumatra, Bangka Island",freshwater,Channa bankanensis (Bangka Snakehead) accepts all meaty food.,8 years,Aggressive
Baram Snakehead,Channidae,"Northern Sarawak, Brunei, and western Sabah (northern Borneo).",freshwater,Accepts all meaty foods. They prefer to be feed live food.,8 years,Predatory
"	
Barca Snakehead",Channidae,"Channa barca (Barca Snakehead) is found in Ganges and Brahmaputra River basin, India and Bangladesh.",freshwater,Channa barca (Barca Snakehead) prefers live food but accepts most live food.,8 years,Aggressive
Batik Loach,Cobitidae,India,freshwater,Neomacheilus triangularis (Batik Loach) excepts most foods.,3-5 years,Peaceful
Banded Bichir,Polypteridae,"Central basin of Congo River, Africa",Freshwater,All kinds if frozen foods. Some specimens can be trained to accept pellets.,10-15 years,non aggressive but predatory
Banded Shovelnose Catfish,Pimelodidae (Long-whiskered catfishes),South America. Amazon and Orinoco River basin.,freshwater,Accepts all kind of live food. This species is sometimes hard to get to accept other kinds of food,not mentioned,Non aggresive Predator
Barred Knife Fish,Hypopomidae,South America. Guinas and the Amazon River basin.,Freshwater,accepts live and frozen food. After some weaning they usually accepts carnivore pellets.,15 years,non aggressive
"	
Barred Sorubim",Pimelodidae,"South America. Amazon, Corintijns, Essequibo, Orinoco and Paraná River basins",freshwater,Accepts all kinds of live food. Can be thought too eat meat and fish pieces.,not mentioned,Aggresive Predator
Cardinal Tetra, Characidae,Paracheirodon axelrodi (Cardinal Tetra) is widespread from Brazil to Eastern Colombia.,Freshwater,Paracheirodon axelrodi eats flake food. However live foods is often required to get them in spawning condition.,upto 5 years,Peaceful
Catemaco Livebearer,Poeciliidae," Central America: Catemaco in Veracruz, Mexico.",freshwater,The Catemaco Livebeare prefers live and froze food. They will however usually accept most food sources.,not mentioned,Peaceful
"	
Celebes Halfbeak",Hemiramphidae,"Island of Sulawesi, Indonesia, Asia", Freshwater,All kinds of small food.,2-3 years,Peaceful
"	
Ceylon Snakehead ",Channidae,Southwestern Sri Lanka, freshwater,Channa orientalis (Ceylon Snakehead) accepts live and frozen food.,8 years,Predatory
Chel Snakehead,Channidae,"Brahmaputra River drainage, Northeastern India and Bhutan",freshwater,Channa amphibeus (Chel Snakehead) are a predatory species and should be feed accordingly,8 years,Predatory
Cherry Barb,Cyprinidae,Sri Lanka,freshwater,Barbus titteya (Cherry Barb) accepts most food sources including flake food,4 years,Predatory
Chevron Snakehead ,Channidae,"Pakistan, most drainages of India, Southern Nepal, Sri Lanka, Bangladesh, Myanmar, Thailand, Cambodia, Southern China, Malay Archipelago",freshwater,Channa striata (Chevron Snakehead) will accept all living food that is appropriate for their size. Fry eat algae,8 years,Predatory
Chilumba,Cichlidae,"Endemic to Lake Malawi, Africa. Particularly concentrated around the shores of Mbenji Island",freshwater, Aulonocara stuartgranti sp. Chilumba(Chilumba) accepts all kinds of food. Vegetables should be an important part of their diet,25-35 years,Peaceful
Chinese Snakehead ,Channidae,"China, middle and lower Chang Jiang (Yangtze) basin, and Xun River basin in Guangxi and Guangdong provinces",freshwater,Channa asiatica (Chinese Snakehead) accepts most meaty food,8 years,Aggressive
"	
Cinnamon Killifish",Aplocheilidae (Killifishes),Africa. Endemic to the upper reaches of the Mungo drainage.,freshwater,Accepts all kinds of food. Their diet should if possible include small live food,3-10 months,non aggressive
Clown Barb,Cyprinds,"Southeast Asia; Borneo, Bunguran Islands, Singapore",Still and slow-moving fresh water,Barbus Everetti (Clown barb) will accept most food including flake food,4-8 years,Peaceful
Clown Killifish,Aplocheilidae,"Africa: Guinea, Liberia and Sierra Leone",Fresh water,Accepts most foods including flakes,3-5 years,"Peaceful,timid"
Clown Killi,Aplocheilidae,West Africa,Freshwater,"Small sinking pellets. They will eat debris from bottom also. They enjoy brine shrimp, tubifex worms, bloodworms, and frozen mysis",3-5 years,Peaceful
Clown Knife Fish,Notopteridae (Featherbacks or knifefishes),"Asia. Mekong basin in Laos, Thailand, Cambodia and Viet Nam; Chao Phraya and Meklong basins",freshwater,Accepts most kinds of live and frozen food. Some specimens accept pellets and try food. Many specimens will only eat during the night,8-15 years,Aggressive towards its own species but timid towards other species
Demasoni Cichlid,"Cichlidae (Cichlids) , subfamily: Pseudocrenilabrinae",Lake Malawi¸ Pombo Rocks,,"Accepts all kinds, however the bulk of their diet should consist of vegetables",about 10 years,Very Aggressive
Diamond Tetra,Characidae,"South America - in the waters of Lake Valencia, Rio Bue, Rio Tiquiriti and in Venezuela",freshwater,They are not fussy eaters and accept most foods including flake food,3-6 years,Peaceful
Dovii Cichlid,Cichlidae," Central America, Hondorus, Costa Rica, Nicaragua",Freshwater,"The Dovii is an opportunistic eater and should be feed extra large pellets , worms, bloodworms, tubfex works, beefheart, insects, krill, and due to the size it is very common to feed goldfish. If goldfish are used due to the fish size and nutritional requirements use a separate quarantine tank to prevent spreading disease",30 years,Very Aggressive
Double Lipspot Mouthbrooder,Belontiidae,Malaysia,freshwater,Betta spilotogena (Double lipspot Mouthbrooder) accepts most frozen and live food,not mentioned,Peaceful
Duckbill Catfish,Pimelodidae,"South America: Amazon, Orinoco, Paraná and Parnaíba River basins", freshwater,Accepts all kinds of live food. Can be thought too accept frozen food and pellets,around 10 years,Aggressive Predator
Dusky Piranha,Serrasalmidae,Amazon,freshwater,Serrasalmus calmoni (Dusky Piranha) should be feed live food,10-20 years,Aggressive
Dwarf Croaking Gourami,Belontiidae,N/A,freshwater,They prefer live and frozen food but usually accept flake food,2 years,Peaceful
Electric Blue Hap,"Cichlidae (Cichlids) , subfamily: Pseudocrenilabrinae",Lake Malawi,freshwater,Accepts all kinds,7-10 years,Aggressive
Electric Catfish,Malapteruridae, throughout Central Africa,freshwater,They prefer live and frozen food. Can sometimes be thought to accept pellets,8-10 years,Peaceful
Electric Yellow Lab,"Cichlidae (Cichlids) , subfamily: Pseudocrenilabrinae","Lake Malawi, north-western coast",freshwater,"Accepts all kinds, vegetable is important and should be the bulk of their diet",6-10 years,Aggressive
El Quince Swordtail,Poeciliidae,"Central America: Rio Panuco drainage in San Luis Potosi, Mexico",freshwater,Xiphophorus continens (El Quince Swordtail) accept most types of food,3-5 years,peaceful
Emperor Snakehead,Channidae,"Channa marulioides (Emperor Snakehead) is found in rivers in southeastern Sumatra, Kapuas basin of western Kalimantan",freshwater,Will like most other snakeheads eat almost any meaty food you give them or can be trained to do so,8 years,Aggressive
Eureka Cichlid,"Cichlidae (Cichlids) , subfamily: Pseudocrenilabrinae"," Lake Malawi: Nkudzi, Monkey Bay, Nankumba, Domwe Islands, Otter Point",freshwater, Accepts all kinds of food,8-10 years,non aggressive
Eyespot Mouthbrooder,Belontiidae,"Sabah, Borneo; Tawau",freshwater,Omnivorous,4 years,Peaceful
Indian Glassfish,Ambassidae,"Asia. Pakistan, India, Bangladesh, Myanmar, Thailand, and Malaysia",Fresh water, Accepts most foods including flakes,3-4 years,"Peaceful,timid"
Indonesian Datnoid,Coiidae,"Southeast Asia, including Chao Phraya and Mekong basins of the mainland and the Kapuas basin in western Borneo and Musi basin in Sumatra","Freshwater, light brackish rivers and lakes","Live fish, after training frozen shrimps, worms and pellets",15 years,Semi-aggressive
Inle Snakehead,Channidae,Channa harcourtbutleri (Inle Snakehead) is found in Yawnghwe and nearby areas of Myanmar, freshwater,This Channa accept most meaty foods,8 years,Aggressive
Jack Dempsey Cichlid,Cichlidae,"Yucatan Peninsula, Central America", freshwater,Archocentrus octofasciatum (Jack Dempsey) accepts all kind of food,not mentioned,Aggressive
Javan Mouthbrooding Fighting Fish,Belontiidae,Sumatra; Java; Malaysia,freshwater,Betta picta (Javan Mouth-brooding Fighting Fish accept most types of food,3-5 years,Peaceful
Jelly Bean Tetra,Alestidae,"Liberia, Ivory Coast, Sierra Leone, Ghana",freshwater,Ladigesia roloffi (Jelly Bean Tetra) will accept flake food,3-5 years,Peaceful
Julii Cory,Callichthyidae,Lower Amazon River and coastal rivers in northeastern Brazil,Freshwater,"Accepts flake foods, algae wafers, Cory pellets, shrimp pellets, insects, benthic crustaceans, most types of worms including diced earthworms, and most plant and vegetable matter",5 years,very peaceful