Factor,Class,Symbol,Adjustment
Skills,Superskill,A1,0.15
Skills,Superskill,A2,0.13
Skills,Excellent,B1,0.11
Skills,Excellent,B2,0.08
Skills,Good,C1,0.06
Skills,Good,C2,0.03
Skills,Average,D,0
Skills,Fair,E1,-0.05
Skills,Fair,E2,-0.1
Skills,Poor,F1,-0.16
Skills,Poor,F2,-0.22
Effort,Excessive,A1,0.13
Effort,Excessive,A2,0.12
Effort,Excellent,B1,0.1
Effort,Excellent,B2,0.08
Effort,Good,C1,0.05
Effort,Good,C2,0.02
Effort,Average,D,0
Effort,Fair,E1,-0.04
Effort,Fair,E2,-0.08
Effort,Poor,F1,-0.12
Effort,Poor,F2,-0.17
Condition,Ideal,A,0.06
Condition,Excellently,B,0.04
Condition,Good,C,0.02
Condition,Average,D,0
Condition,Fair,E,-0.03
Condition,Poor,F,-0.07
Consistency,Perfect,A,0.04
Consistency,Excellently,B,0.03
Consistency,Good,C,0.01
Consistency,Average,D,0
Consistency,Fair,E,-0.02
Consistency,Poor,F,-0.04
