{"realtime_start": "2019-12-06", "realtime_end": "2019-12-06", "seriess": [{"id": "PEAAUS00000A647NCEN", "realtime_start": "2019-12-06", "realtime_end": "2019-12-06", "title": "Estimate of People of All Ages in Poverty in United States", "observation_start": "1989-01-01", "observation_end": "2017-01-01", "frequency": "Annual", "frequency_short": "A", "units": "Persons", "units_short": "Persons", "seasonal_adjustment": "Not Seasonally Adjusted", "seasonal_adjustment_short": "NSA", "last_updated": "2018-12-20 14:31:06-06", "popularity": 34, "notes": "For further information about this series go to https://www.census.gov/programs-surveys/saipe/about.html."}]}