{"realtime_start": "2019-12-06", "realtime_end": "2019-12-06", "seriess": [{"id": "PPAAUS00000A156NCEN", "realtime_start": "2019-12-06", "realtime_end": "2019-12-06", "title": "Estimated Percent of People of All Ages in Poverty for United States", "observation_start": "1989-01-01", "observation_end": "2017-01-01", "frequency": "Annual", "frequency_short": "A", "units": "Percent", "units_short": "%", "seasonal_adjustment": "Not Seasonally Adjusted", "seasonal_adjustment_short": "NSA", "last_updated": "2018-12-20 14:31:07-06", "popularity": 44, "notes": "For further information about this series go to https://www.census.gov/programs-surveys/saipe/about.html."}]}