 Subject: Community Services 
 Topic : Social and Family Services 
" Title  : M890701 - Number, Capacity And Enrolment In Child Care Centres, Annual "
, , , , , , , , , , , , , , , , ,
 Variables , 2002 , 2003 , 2004 , 2005 , 2006 , 2007 , 2008 , 2009 , 2010 , 2011 , 2012 , 2013 , 2014 , 2015 , 2016 , 2017 , 2018 ,
 Number Of Child Care Centres (Number) , 629 , 653 , 690 , 713 , 725 , 743 , 744 , 777 , 855 , 944 ," 1,002 "," 1,077 "," 1,148 "," 1,243 "," 1,332 "," 1,398 "," 1,486 ",
     Child Care Centres Which Also Provide Infant Care Services (Number) , na , na , na , na , na , 111 , 121 , 147 , 198 , 253 , 285 , 324 , 361 , 418 , 471 , 512 , 578 ,
 Capacity In Child Care Centres (Number) ," 53,182 "," 54,238 "," 57,479 "," 59,433 "," 61,119 "," 62,911 "," 63,387 "," 65,006 "," 75,738 "," 84,665 "," 91,387 "," 100,388 "," 109,856 "," 121,698 "," 135,224 "," 146,987 "," 165,919 ",
 Total Enrolment In Child Care Centres (Number) ," 39,068 "," 40,259 "," 42,679 "," 44,224 "," 45,409 "," 50,290 "," 54,892 "," 59,911 "," 66,193 "," 73,547 "," 79,679 "," 86,124 "," 92,932 "," 99,175 "," 106,155 "," 114,318 "," 123,660 ",
     Full-day Programme (Number) , na , na , na , na , na ," 40,367 "," 42,448 "," 48,598 "," 55,422 "," 62,649 "," 69,075 "," 75,986 "," 82,872 "," 89,855 "," 97,672 "," 106,327 "," 115,626 ",
         Anchor Operators (Number) , na , na , na , na , na ," 6,083 "," 6,120 "," 7,248 "," 9,513 "," 12,812 "," 15,879 "," 19,076 "," 23,668 "," 28,219 "," 33,105 "," 38,847 "," 45,021 ",
         Social Service Agencies (Number) , na , na , na , na , na ," 8,801 "," 8,841 "," 9,668 "," 9,953 "," 10,309 "," 10,514 "," 10,793 "," 10,058 "," 9,945 "," 7,048 "," 6,973 "," 6,917 ",
         Private (Number) , na , na , na , na , na ," 25,483 "," 27,487 "," 31,682 "," 35,956 "," 39,528 "," 42,682 "," 46,117 "," 49,146 "," 51,691 "," 43,059 "," 45,496 "," 44,819 ",
         Partner Operators (Number) , na , na , na , na , na , na , na , na , na , na , na , na , na , na ," 14,460 "," 15,011 "," 18,869 ",
     Half-day Programme (Number) , na , na , na , na , na ," 10,145 "," 9,878 "," 8,917 "," 8,509 "," 8,811 "," 8,504 "," 7,940 "," 7,230 "," 6,912 "," 6,362 "," 6,180 "," 5,954 ",
     Flexicare Programme (Number) , na , na , na , na , na ," 2,646 "," 2,566 "," 2,396 "," 2,262 "," 2,087 "," 2,100 "," 2,198 "," 2,830 "," 2,408 "," 2,121 "," 1,811 "," 2,080 ",
 Enrolment Rate In Child Care Centres (Per Cent) , 73.5 , 74.2 , 74.3 , 74.4 , 74.3 , 79.9 , 86.6 , 92.2 , 87.4 , 86.9 , 87.2 , 85.8 , 84.6 , 81.5 , 78.5 , 77.8 , 74.5 ,



"Annual data reported are presented as at October each year as it is when enrolment in child care centres peaks for the year, which is taken into account in the planning of child care capacity.  Prior to November 2012, data were obtained from Ministry of Community Development, Youth and Sports.  From November 2012 to March 2013, data were obtained from Ministry of Social and Family Development.  With effect from April 2013, data are obtained from Early Childhood Development Agency."

NUMBER OF CHILD CARE CENTRES 
    CHILD CARE CENTRES WHICH ALSO PROVIDE INFANT CARE SERVICES - Infant care services cater for children aged 2 to 18 months.
TOTAL ENROLMENT IN CHILD CARE CENTRES 
    FULL-DAY PROGRAMME 
"        ANCHOR OPERATORS - Refers to the 5 operators appointed by ECDA under the Anchor Operator Scheme, i.e. PAP Community Foundation, My First Skool, MY World Preschool, Skool4Kidz, and E-Bridge Pre-school."
"        PRIVATE - With effect from 2013, data for full-day programme in workplaces are subsumed under the Private category."
        PARTNER OPERATORS - Refers to the 23 operators appointed by ECDA under the Partner Operator Scheme introduced in 2016.  More information is available in ECDA website (https://www.ecda.gov.sg/parents/pages/POP.aspxoperators).
"SOURCE: EARLY CHILDHOOD DEVELOPMENT AGENCY, MINISTRY OF SOCIAL AND FAMILY DEVELOPMENT, MINISTRY OF COMMUNITY DEVELOPMENT, YOUTH AND SPORTS"




Generated by: SingStat Table Builder 
Date generated: 06/10/2019
Contact: info@singstat.gov.sg 
