Date,Downloads,Uploads,Total usage,Plan,Service Address
2020-09-26,29.29 GB,2.80 GB,32.09 GB,Bell Mobility 35,4283-461 Cripfield Lane County
2020-09-25,29.67 GB,3.28 GB,32.95 GB,Bell Mobility 36,4283-461 Cripfield Lane County
2020-09-24,25.28 GB,3.78 GB,29.06 GB,Bell Mobility 37,4283-461 Cripfield Lane County
2020-09-23,20.16 GB,1.87 GB,22.02 GB,Bell Mobility 38,4283-461 Cripfield Lane County
2020-09-22,14.68 GB,2.59 GB,17.28 GB,Bell Mobility 39,4283-461 Cripfield Lane County
2020-09-21,21.89 GB,1.89 GB,23.78 GB,Bell Mobility 40,4283-461 Cripfield Lane County
2020-09-20,19.50 GB,1.76 GB,21.26 GB,Bell Mobility 41,4283-461 Cripfield Lane County
2020-09-19,23.14 GB,2.01 GB,25.15 GB,Bell Mobility 42,4283-461 Cripfield Lane County
2020-09-18,13.70 GB,2.87 GB,16.57 GB,Bell Mobility 43,4283-461 Cripfield Lane County
2020-09-17,11.82 GB,2.37 GB,14.20 GB,Bell Mobility 44,4283-461 Cripfield Lane County
2020-09-16,12.58 GB,1.26 GB,13.84 GB,Bell Mobility 45,4283-461 Cripfield Lane County
2020-09-15,16.34 GB,2.78 GB,19.11 GB,Bell Mobility 46,4283-461 Cripfield Lane County
2020-09-14,8.16 GB,1.28 GB,9.44 GB,Bell Mobility 47,4283-461 Cripfield Lane County
2020-09-13,10.65 GB,2.49 GB,13.14 GB,Bell Mobility 48,4283-461 Cripfield Lane County
2020-09-12,14.65 GB,1.37 GB,16.02 GB,Bell Mobility 49,4283-461 Cripfield Lane County
2020-09-11,7.87 GB,0.67 GB,8.54 GB,Bell Mobility 50,4283-461 Cripfield Lane County
2020-09-10,10.52 GB,1.38 GB,11.90 GB,Bell Mobility 51,4283-461 Cripfield Lane County
2020-09-09,11.73 GB,2.13 GB,13.86 GB,Bell Mobility 52,4283-461 Cripfield Lane County
2020-09-08,57.26 GB,7.15 GB,64.41 GB,Bell Mobility 53,4283-461 Cripfield Lane County
2020-09-07,54.63 GB,4.85 GB,59.49 GB,Bell Mobility 54,4283-461 Cripfield Lane County
2020-09-06,11.79 GB,0.64 GB,12.43 GB,Bell Mobility 55,4283-461 Cripfield Lane County
2020-09-05,14.93 GB,1.91 GB,16.83 GB,Bell Mobility 56,4283-461 Cripfield Lane County
2020-09-04,13.29 GB,6.70 GB,19.99 GB,Bell Mobility 57,4283-461 Cripfield Lane County
2020-09-03,74.44 GB,12.37 GB,86.81 GB,Bell Mobility 58,4283-461 Cripfield Lane County
2020-09-02,30.94 GB,3.47 GB,34.41 GB,Bell Mobility 59,4283-461 Cripfield Lane County
2020-09-01,12.27 GB,2.71 GB,14.98 GB,Bell Mobility 60,4283-461 Cripfield Lane County
2020-08-31,17.00 GB,3.50 GB,20.50 GB,Bell Mobility 61,4283-461 Cripfield Lane County
2020-08-30,10.98 GB,1.52 GB,12.50 GB,Bell Mobility 62,4283-461 Cripfield Lane County
2020-08-29,11.69 GB,0.86 GB,12.55 GB,Bell Mobility 63,4283-461 Cripfield Lane County
2020-08-28,14.97 GB,2.36 GB,17.34 GB,Bell Mobility 64,4283-461 Cripfield Lane County
2020-08-27,15.10 GB,2.38 GB,17.48 GB,Bell Mobility 65,4283-461 Cripfield Lane County
2020-08-26,18.81 GB,4.06 GB,22.87 GB,Bell Mobility 66,4283-461 Cripfield Lane County
2020-08-25,39.62 GB,5.31 GB,44.92 GB,Bell Mobility 67,4283-461 Cripfield Lane County
2020-08-24,13.41 GB,1.59 GB,15.01 GB,Bell Mobility 68,4283-461 Cripfield Lane County
2020-08-23,18.20 GB,1.88 GB,20.08 GB,Bell Mobility 69,4283-461 Cripfield Lane County
2020-08-22,8.20 GB,1.00 GB,9.19 GB,Bell Mobility 70,4283-461 Cripfield Lane County
2020-08-21,24.67 GB,3.15 GB,27.81 GB,Bell Mobility 71,4283-461 Cripfield Lane County
2020-08-20,44.82 GB,5.70 GB,50.52 GB,Bell Mobility 72,4283-461 Cripfield Lane County
2020-08-19,24.66 GB,3.66 GB,28.32 GB,Bell Mobility 73,4283-461 Cripfield Lane County
2020-08-18,18.13 GB,2.77 GB,20.90 GB,Bell Mobility 74,4283-461 Cripfield Lane County
2020-08-17,14.05 GB,3.08 GB,17.13 GB,Bell Mobility 75,4283-461 Cripfield Lane County
2020-08-16,13.72 GB,1.38 GB,15.10 GB,Bell Mobility 76,4283-461 Cripfield Lane County
2020-08-15,12.48 GB,0.75 GB,13.23 GB,Bell Mobility 77,4283-461 Cripfield Lane County
2020-08-14,16.30 GB,1.44 GB,17.74 GB,Bell Mobility 78,4283-461 Cripfield Lane County
2020-08-13,21.61 GB,2.90 GB,24.50 GB,Bell Mobility 79,4283-461 Cripfield Lane County
2020-08-12,23.31 GB,4.01 GB,27.32 GB,Bell Mobility 80,4283-461 Cripfield Lane County
2020-08-11,18.85 GB,4.30 GB,23.15 GB,Bell Mobility 81,4283-461 Cripfield Lane County
2020-08-10,20.99 GB,2.60 GB,23.59 GB,Bell Mobility 82,4283-461 Cripfield Lane County
2020-08-09,33.52 GB,2.93 GB,36.45 GB,Bell Mobility 83,4283-461 Cripfield Lane County
2020-08-08,8.05 GB,2.22 GB,10.28 GB,Bell Mobility 84,4283-461 Cripfield Lane County
2020-08-07,11.94 GB,0.87 GB,12.81 GB,Bell Mobility 85,4283-461 Cripfield Lane County
2020-08-06,24.43 GB,4.79 GB,29.22 GB,Bell Mobility 86,4283-461 Cripfield Lane County
2020-08-05,15.83 GB,1.82 GB,17.65 GB,Bell Mobility 87,4283-461 Cripfield Lane County
2020-08-04,19.49 GB,2.16 GB,21.65 GB,Bell Mobility 88,4283-461 Cripfield Lane County
2020-08-03,22.14 GB,3.26 GB,25.40 GB,Bell Mobility 89,4283-461 Cripfield Lane County
2020-08-02,8.99 GB,1.02 GB,10.01 GB,Bell Mobility 90,4283-461 Cripfield Lane County
2020-08-01,13.01 GB,1.08 GB,14.09 GB,Bell Mobility 91,4283-461 Cripfield Lane County
2020-07-31,14.07 GB,1.94 GB,16.01 GB,Bell Mobility 92,4283-461 Cripfield Lane County
2020-07-30,21.21 GB,4.26 GB,25.47 GB,Bell Mobility 93,4283-461 Cripfield Lane County
2020-07-29,18.87 GB,6.28 GB,25.15 GB,Bell Mobility 94,4283-461 Cripfield Lane County
2020-07-28,17.46 GB,2.32 GB,19.78 GB,Bell Mobility 95,4283-461 Cripfield Lane County
2020-07-27,19.07 GB,2.73 GB,21.80 GB,Bell Mobility 96,4283-461 Cripfield Lane County
2020-07-26,15.65 GB,4.34 GB,19.99 GB,Bell Mobility 97,4283-461 Cripfield Lane County
2020-07-25,7.39 GB,1.13 GB,8.52 GB,Bell Mobility 98,4283-461 Cripfield Lane County
2020-07-24,17.36 GB,1.69 GB,19.04 GB,Bell Mobility 99,4283-461 Cripfield Lane County
2020-07-23,21.64 GB,2.26 GB,23.90 GB,Bell Mobility 100,4283-461 Cripfield Lane County
2020-07-22,18.45 GB,2.05 GB,20.50 GB,Bell Mobility 101,4283-461 Cripfield Lane County
2020-07-21,10.15 GB,2.38 GB,12.53 GB,Bell Mobility 102,4283-461 Cripfield Lane County
2020-07-20,25.09 GB,2.24 GB,27.33 GB,Bell Mobility 103,4283-461 Cripfield Lane County
2020-07-19,17.77 GB,3.82 GB,21.59 GB,Bell Mobility 104,4283-461 Cripfield Lane County
2020-07-18,16.64 GB,1.47 GB,18.11 GB,Bell Mobility 105,4283-461 Cripfield Lane County
2020-07-17,8.52 GB,1.72 GB,10.23 GB,Bell Mobility 106,4283-461 Cripfield Lane County
2020-07-16,17.03 GB,4.18 GB,21.21 GB,Bell Mobility 107,4283-461 Cripfield Lane County
2020-07-15,22.80 GB,2.71 GB,25.51 GB,Bell Mobility 108,4283-461 Cripfield Lane County
2020-07-14,23.81 GB,3.73 GB,27.53 GB,Bell Mobility 109,4283-461 Cripfield Lane County
2020-07-13,20.66 GB,4.28 GB,24.95 GB,Bell Mobility 110,4283-461 Cripfield Lane County
2020-07-12,17.94 GB,3.95 GB,21.89 GB,Bell Mobility 111,4283-461 Cripfield Lane County
2020-07-11,11.96 GB,1.13 GB,13.08 GB,Bell Mobility 112,4283-461 Cripfield Lane County
2020-07-10,12.83 GB,3.22 GB,16.05 GB,Bell Mobility 113,4283-461 Cripfield Lane County
2020-07-09,17.70 GB,2.77 GB,20.47 GB,Bell Mobility 114,4283-461 Cripfield Lane County
2020-07-08,23.73 GB,3.76 GB,27.49 GB,Bell Mobility 115,4283-461 Cripfield Lane County
2020-07-07,14.78 GB,3.41 GB,18.19 GB,Bell Mobility 116,4283-461 Cripfield Lane County
2020-07-06,25.64 GB,7.67 GB,33.32 GB,Bell Mobility 117,4283-461 Cripfield Lane County
2020-07-05,11.55 GB,2.43 GB,13.97 GB,Bell Mobility 118,4283-461 Cripfield Lane County
2020-07-04,16.72 GB,3.17 GB,19.89 GB,Bell Mobility 119,4283-461 Cripfield Lane County
2020-07-03,9.20 GB,4.52 GB,13.72 GB,Bell Mobility 120,4283-461 Cripfield Lane County
2020-07-02,0.03 GB,0.01 GB,0.04 GB,Bell Mobility 121,4283-461 Cripfield Lane County
2020-07-01,12.33 GB,1.21 GB,13.55 GB,Bell Mobility 122,4283-461 Cripfield Lane County
2020-06-30,14.56 GB,3.40 GB,17.96 GB,Bell Mobility 123,4283-461 Cripfield Lane County
2020-06-29,0.02 GB,0.01 GB,0.03 GB,Bell Mobility 124,4283-461 Cripfield Lane County
2020-06-28,12.34 GB,1.17 GB,13.51 GB,Bell Mobility 125,4283-461 Cripfield Lane County
2020-06-27,16.41 GB,5.70 GB,22.11 GB,Bell Mobility 126,4283-461 Cripfield Lane County
2020-06-26,21.22 GB,3.20 GB,24.42 GB,Bell Mobility 127,4283-461 Cripfield Lane County
2020-06-25,17.92 GB,3.73 GB,21.65 GB,Bell Mobility 128,4283-461 Cripfield Lane County
2020-06-24,22.07 GB,3.01 GB,25.07 GB,Bell Mobility 129,4283-461 Cripfield Lane County
2020-06-23,31.12 GB,4.47 GB,35.59 GB,Bell Mobility 130,4283-461 Cripfield Lane County
2020-06-22,18.94 GB,3.28 GB,22.22 GB,Bell Mobility 131,4283-461 Cripfield Lane County
2020-06-21,17.69 GB,2.17 GB,19.86 GB,Bell Mobility 132,4283-461 Cripfield Lane County
2020-06-20,12.86 GB,4.23 GB,17.09 GB,Bell Mobility 133,4283-461 Cripfield Lane County
2020-06-19,4.70 GB,1.20 GB,5.90 GB,Bell Mobility 134,4283-461 Cripfield Lane County
2020-06-18,18.32 GB,3.61 GB,21.93 GB,Bell Mobility 135,4283-461 Cripfield Lane County
2020-06-17,13.30 GB,3.10 GB,16.40 GB,Bell Mobility 136,4283-461 Cripfield Lane County
2020-06-16,24.33 GB,3.86 GB,28.19 GB,Bell Mobility 137,4283-461 Cripfield Lane County
2020-06-15,13.93 GB,2.07 GB,15.99 GB,Bell Mobility 138,4283-461 Cripfield Lane County
2020-06-15,13.93 GB,2.07 GB,15.99 GB,Bell Mobility 139,4283-461 Cripfield Lane County
2020-06-14,16.36 GB,2.00 GB,18.36 GB,Bell Mobility 140,4283-461 Cripfield Lane County
2020-06-14,16.36 GB,2.00 GB,18.36 GB,Bell Mobility 141,4283-461 Cripfield Lane County
2020-06-13,10.59 GB,2.94 GB,13.53 GB,Bell Mobility 142,4283-461 Cripfield Lane County
2020-06-12,10.12 GB,2.40 GB,12.53 GB,Bell Mobility 143,4283-461 Cripfield Lane County
2020-06-11,10.11 GB,1.49 GB,11.60 GB,Bell Mobility 144,4283-461 Cripfield Lane County
2020-06-10,10.91 GB,1.89 GB,12.80 GB,Bell Mobility 145,4283-461 Cripfield Lane County
2020-06-09,18.48 GB,4.51 GB,22.99 GB,Bell Mobility 146,4283-461 Cripfield Lane County
2020-06-08,26.03 GB,3.69 GB,29.72 GB,Bell Mobility 147,4283-461 Cripfield Lane County
2020-06-07,51.91 GB,6.83 GB,58.75 GB,Bell Mobility 148,4283-461 Cripfield Lane County
2020-06-06,8.56 GB,1.94 GB,10.51 GB,Bell Mobility 149,4283-461 Cripfield Lane County
2020-06-05,11.55 GB,1.72 GB,13.27 GB,Bell Mobility 150,4283-461 Cripfield Lane County
2020-06-04,15.26 GB,1.40 GB,16.66 GB,Bell Mobility 151,4283-461 Cripfield Lane County
2020-06-03,14.09 GB,3.58 GB,17.68 GB,Bell Mobility 152,4283-461 Cripfield Lane County
2020-06-02,17.85 GB,3.20 GB,21.05 GB,Bell Mobility 153,4283-461 Cripfield Lane County
2020-06-02,17.85 GB,3.20 GB,21.05 GB,Bell Mobility 154,4283-461 Cripfield Lane County
2020-05-31,13.98 GB,2.39 GB,16.37 GB,Bell Mobility 155,4283-461 Cripfield Lane County
2020-05-30,5.17 GB,1.85 GB,7.02 GB,Bell Mobility 156,4283-461 Cripfield Lane County
2020-05-29,11.33 GB,2.60 GB,13.93 GB,Bell Mobility 157,4283-461 Cripfield Lane County
2020-05-28,15.83 GB,5.56 GB,21.39 GB,Bell Mobility 158,4283-461 Cripfield Lane County
2020-05-27,18.49 GB,2.82 GB,21.31 GB,Bell Mobility 159,4283-461 Cripfield Lane County
2020-05-26,13.92 GB,1.42 GB,15.35 GB,Bell Mobility 160,4283-461 Cripfield Lane County
2020-05-25,11.83 GB,1.49 GB,13.32 GB,Bell Mobility 161,4283-461 Cripfield Lane County
2020-05-24,11.44 GB,4.86 GB,16.30 GB,Bell Mobility 162,4283-461 Cripfield Lane County
2020-05-23,12.04 GB,2.38 GB,14.43 GB,Bell Mobility 163,4283-461 Cripfield Lane County
2020-05-22,13.07 GB,2.90 GB,15.97 GB,Bell Mobility 164,4283-461 Cripfield Lane County
2020-05-21,13.38 GB,2.53 GB,15.92 GB,Bell Mobility 165,4283-461 Cripfield Lane County
2020-05-20,13.55 GB,2.06 GB,15.61 GB,Bell Mobility 166,4283-461 Cripfield Lane County
2020-05-19,12.70 GB,2.40 GB,15.09 GB,Bell Mobility 167,4283-461 Cripfield Lane County
2020-05-18,17.54 GB,4.00 GB,21.54 GB,Bell Mobility 168,4283-461 Cripfield Lane County
2020-05-17,7.10 GB,1.77 GB,8.88 GB,Bell Mobility 169,4283-461 Cripfield Lane County
2020-05-16,8.48 GB,1.44 GB,9.92 GB,Bell Mobility 170,4283-461 Cripfield Lane County
2020-05-15,20.92 GB,3.25 GB,24.17 GB,Bell Mobility 171,4283-461 Cripfield Lane County
2020-05-14,21.41 GB,2.05 GB,23.45 GB,Bell Mobility 172,4283-461 Cripfield Lane County
2020-05-13,18.63 GB,3.65 GB,22.29 GB,Bell Mobility 173,4283-461 Cripfield Lane County
2020-05-12,13.30 GB,5.18 GB,18.47 GB,Bell Mobility 174,4283-461 Cripfield Lane County
2020-05-11,17.25 GB,7.69 GB,24.94 GB,Bell Mobility 175,4283-461 Cripfield Lane County
2020-05-10,12.59 GB,2.19 GB,14.78 GB,Bell Mobility 176,4283-461 Cripfield Lane County
2020-05-09,10.07 GB,2.71 GB,12.78 GB,Bell Mobility 177,4283-461 Cripfield Lane County
2020-05-08,4.87 GB,1.69 GB,6.56 GB,Bell Mobility 178,4283-461 Cripfield Lane County
2020-05-07,13.09 GB,3.97 GB,17.05 GB,Bell Mobility 179,4283-461 Cripfield Lane County
2020-05-06,24.74 GB,8.92 GB,33.66 GB,Bell Mobility 180,4283-461 Cripfield Lane County
2020-05-05,35.29 GB,5.64 GB,40.93 GB,Bell Mobility 181,4283-461 Cripfield Lane County
2020-05-04,11.81 GB,5.09 GB,16.90 GB,Bell Mobility 182,4283-461 Cripfield Lane County
2020-05-03,20.96 GB,5.54 GB,26.50 GB,Bell Mobility 183,4283-461 Cripfield Lane County
2020-05-02,9.76 GB,2.94 GB,12.70 GB,Bell Mobility 184,4283-461 Cripfield Lane County
2020-05-01,13.02 GB,2.85 GB,15.87 GB,Bell Mobility 185,4283-461 Cripfield Lane County
2020-04-30,19.78 GB,1.78 GB,21.56 GB,Bell Mobility 186,4283-461 Cripfield Lane County
2020-04-29,12.29 GB,1.96 GB,14.25 GB,Bell Mobility 187,4283-461 Cripfield Lane County
2020-04-28,16.39 GB,1.89 GB,18.28 GB,Bell Mobility 188,4283-461 Cripfield Lane County
2020-04-27,8.73 GB,1.74 GB,10.47 GB,Bell Mobility 189,4283-461 Cripfield Lane County
2020-04-26,14.94 GB,1.78 GB,16.72 GB,Bell Mobility 190,4283-461 Cripfield Lane County
2020-04-25,5.34 GB,2.53 GB,7.87 GB,Bell Mobility 191,4283-461 Cripfield Lane County
2020-04-24,7.09 GB,0.96 GB,8.05 GB,Bell Mobility 192,4283-461 Cripfield Lane County
2020-04-23,8.70 GB,2.82 GB,11.51 GB,Bell Mobility 193,4283-461 Cripfield Lane County
2020-04-22,13.28 GB,4.65 GB,17.93 GB,Bell Mobility 194,4283-461 Cripfield Lane County
2020-04-21,10.12 GB,1.51 GB,11.64 GB,Bell Mobility 195,4283-461 Cripfield Lane County
2020-04-20,13.53 GB,5.05 GB,18.58 GB,Bell Mobility 196,4283-461 Cripfield Lane County
2020-04-19,11.19 GB,4.13 GB,15.33 GB,Bell Mobility 197,4283-461 Cripfield Lane County
2020-04-18,8.36 GB,1.17 GB,9.53 GB,Bell Mobility 198,4283-461 Cripfield Lane County
2020-04-17,6.00 GB,3.35 GB,9.36 GB,Bell Mobility 199,4283-461 Cripfield Lane County
2020-04-16,12.12 GB,2.93 GB,15.05 GB,Bell Mobility 200,4283-461 Cripfield Lane County
2020-04-15,9.50 GB,2.45 GB,11.95 GB,Bell Mobility 201,4283-461 Cripfield Lane County
2020-04-14,14.23 GB,2.96 GB,17.20 GB,Bell Mobility 202,4283-461 Cripfield Lane County
2020-04-13,11.10 GB,4.19 GB,15.29 GB,Bell Mobility 203,4283-461 Cripfield Lane County
2020-04-12,17.00 GB,3.98 GB,20.98 GB,Bell Mobility 204,4283-461 Cripfield Lane County
2020-04-11,16.49 GB,2.77 GB,19.26 GB,Bell Mobility 205,4283-461 Cripfield Lane County
2020-04-10,8.30 GB,1.93 GB,10.23 GB,Bell Mobility 206,4283-461 Cripfield Lane County
2020-04-09,7.67 GB,1.45 GB,9.12 GB,Bell Mobility 207,4283-461 Cripfield Lane County
2020-04-08,14.55 GB,2.74 GB,17.29 GB,Bell Mobility 208,4283-461 Cripfield Lane County
2020-04-07,9.88 GB,1.44 GB,11.33 GB,Bell Mobility 209,4283-461 Cripfield Lane County
2020-04-06,14.64 GB,3.97 GB,18.61 GB,Bell Mobility 210,4283-461 Cripfield Lane County
2020-04-05,19.28 GB,4.17 GB,23.45 GB,Bell Mobility 211,4283-461 Cripfield Lane County
2020-04-04,8.96 GB,3.69 GB,12.65 GB,Bell Mobility 212,4283-461 Cripfield Lane County
2020-04-03,12.57 GB,2.85 GB,15.43 GB,Bell Mobility 213,4283-461 Cripfield Lane County
2020-04-02,8.95 GB,4.47 GB,13.42 GB,Bell Mobility 214,4283-461 Cripfield Lane County
2020-04-01,13.95 GB,5.23 GB,19.18 GB,Bell Mobility 215,4283-461 Cripfield Lane County
2020-03-31,9.76 GB,2.76 GB,12.53 GB,Bell Mobility 216,4283-461 Cripfield Lane County
2020-03-30,10.11 GB,3.79 GB,13.90 GB,Bell Mobility 217,4283-461 Cripfield Lane County
2020-03-29,8.20 GB,3.94 GB,12.14 GB,Bell Mobility 218,4283-461 Cripfield Lane County
2020-03-28,8.50 GB,2.33 GB,10.83 GB,Bell Mobility 219,4283-461 Cripfield Lane County
2020-03-27,123.66 GB,15.38 GB,139.04 GB,Bell Mobility 220,4283-461 Cripfield Lane County
2020-03-26,30.25 GB,3.84 GB,34.08 GB,Bell Mobility 221,4283-461 Cripfield Lane County
2020-03-25,27.90 GB,4.67 GB,32.57 GB,Bell Mobility 222,4283-461 Cripfield Lane County
2020-03-24,25.12 GB,2.76 GB,27.88 GB,Bell Mobility 223,4283-461 Cripfield Lane County
2020-03-23,7.55 GB,2.96 GB,10.51 GB,Bell Mobility 224,4283-461 Cripfield Lane County
2020-03-22,20.96 GB,2.98 GB,23.94 GB,Bell Mobility 225,4283-461 Cripfield Lane County
2020-03-21,19.68 GB,0.93 GB,20.61 GB,Bell Mobility 226,4283-461 Cripfield Lane County
2020-03-20,9.08 GB,1.17 GB,10.26 GB,Bell Mobility 227,4283-461 Cripfield Lane County
2020-03-19,16.95 GB,2.82 GB,19.76 GB,Bell Mobility 228,4283-461 Cripfield Lane County
2020-03-18,8.95 GB,2.04 GB,10.99 GB,Bell Mobility 229,4283-461 Cripfield Lane County
2020-03-17,23.37 GB,3.59 GB,26.95 GB,Bell Mobility 230,4283-461 Cripfield Lane County
2020-03-16,11.68 GB,1.84 GB,13.52 GB,Bell Mobility 231,4283-461 Cripfield Lane County
2020-03-15,19.90 GB,1.06 GB,20.96 GB,Bell Mobility 232,4283-461 Cripfield Lane County
2020-03-14,11.09 GB,1.40 GB,12.49 GB,Bell Mobility 233,4283-461 Cripfield Lane County
2020-03-13,7.01 GB,1.02 GB,8.03 GB,Bell Mobility 234,4283-461 Cripfield Lane County
2020-03-12,8.56 GB,1.58 GB,10.13 GB,Bell Mobility 235,4283-461 Cripfield Lane County
2020-03-11,4.40 GB,1.41 GB,5.81 GB,Bell Mobility 236,4283-461 Cripfield Lane County
2020-03-10,6.46 GB,0.77 GB,7.24 GB,Bell Mobility 237,4283-461 Cripfield Lane County
2020-03-09,6.34 GB,1.22 GB,7.56 GB,Bell Mobility 238,4283-461 Cripfield Lane County
2020-03-08,5.64 GB,0.46 GB,6.09 GB,Bell Mobility 239,4283-461 Cripfield Lane County
2020-03-07,7.63 GB,0.61 GB,8.24 GB,Bell Mobility 240,4283-461 Cripfield Lane County
2020-03-06,12.08 GB,0.99 GB,13.07 GB,Bell Mobility 241,4283-461 Cripfield Lane County
2020-03-05,7.21 GB,0.59 GB,7.81 GB,Bell Mobility 242,4283-461 Cripfield Lane County
2020-03-04,2.14 GB,0.37 GB,2.51 GB,Bell Mobility 243,4283-461 Cripfield Lane County
2020-03-03,5.98 GB,0.45 GB,6.43 GB,Bell Mobility 244,4283-461 Cripfield Lane County
2020-03-02,5.59 GB,0.66 GB,6.25 GB,Bell Mobility 245,4283-461 Cripfield Lane County
2020-03-01,8.31 GB,0.92 GB,9.23 GB,Bell Mobility 246,4283-461 Cripfield Lane County
2020-02-29,10.96 GB,0.71 GB,11.67 GB,Bell Mobility 247,4283-461 Cripfield Lane County
2020-02-28,7.01 GB,1.00 GB,8.00 GB,Bell Mobility 248,4283-461 Cripfield Lane County
2020-02-27,5.68 GB,0.32 GB,6.00 GB,Bell Mobility 249,4283-461 Cripfield Lane County
2020-02-26,9.89 GB,0.53 GB,10.42 GB,Bell Mobility 250,4283-461 Cripfield Lane County
2020-02-25,5.34 GB,0.20 GB,5.53 GB,Bell Mobility 251,4283-461 Cripfield Lane County
2020-02-25,4.28 GB,0.71 GB,4.99 GB,Bell Mobility 252,4283-461 Cripfield Lane County
2020-02-24,1.85 GB,0.11 GB,1.96 GB,Bell Mobility 253,4283-461 Cripfield Lane County
2020-02-24,0.81 GB,0.21 GB,1.02 GB,Bell Mobility 254,4283-461 Cripfield Lane County
2020-02-23,5.22 GB,0.31 GB,5.53 GB,Bell Mobility 255,4283-461 Cripfield Lane County
2020-02-22,13.74 GB,0.91 GB,14.65 GB,Bell Mobility 256,4283-461 Cripfield Lane County
2020-02-21,8.61 GB,0.70 GB,9.31 GB,Bell Mobility 257,4283-461 Cripfield Lane County
2020-02-20,8.64 GB,0.63 GB,9.27 GB,Bell Mobility 258,4283-461 Cripfield Lane County
2020-02-19,13.34 GB,0.66 GB,14.01 GB,Bell Mobility 259,4283-461 Cripfield Lane County
2020-02-18,12.29 GB,0.68 GB,12.98 GB,Bell Mobility 260,4283-461 Cripfield Lane County
2020-02-17,8.25 GB,0.53 GB,8.77 GB,Bell Mobility 261,4283-461 Cripfield Lane County
2020-02-16,12.76 GB,0.90 GB,13.66 GB,Bell Mobility 262,4283-461 Cripfield Lane County
2020-02-15,10.38 GB,0.31 GB,10.69 GB,Bell Mobility 263,4283-461 Cripfield Lane County
2020-02-14,7.93 GB,0.43 GB,8.37 GB,Bell Mobility 264,4283-461 Cripfield Lane County
2020-02-13,6.66 GB,0.77 GB,7.43 GB,Bell Mobility 265,4283-461 Cripfield Lane County
2020-02-12,9.71 GB,0.39 GB,10.10 GB,Bell Mobility 266,4283-461 Cripfield Lane County
2020-02-11,10.93 GB,1.42 GB,12.36 GB,Bell Mobility 267,4283-461 Cripfield Lane County
2020-02-10,4.21 GB,1.05 GB,5.26 GB,Bell Mobility 268,4283-461 Cripfield Lane County
2020-02-09,6.39 GB,0.61 GB,7.00 GB,Bell Mobility 269,4283-461 Cripfield Lane County
2020-02-08,10.42 GB,1.90 GB,12.33 GB,Bell Mobility 270,4283-461 Cripfield Lane County
2020-02-07,3.17 GB,0.20 GB,3.37 GB,Bell Mobility 271,4283-461 Cripfield Lane County
2020-02-06,8.63 GB,0.57 GB,9.20 GB,Bell Mobility 272,4283-461 Cripfield Lane County
2020-02-05,3.49 GB,0.54 GB,4.04 GB,Bell Mobility 273,4283-461 Cripfield Lane County
2020-02-04,7.30 GB,0.97 GB,8.28 GB,Bell Mobility 274,4283-461 Cripfield Lane County
2020-02-03,6.81 GB,3.48 GB,10.29 GB,Bell Mobility 275,4283-461 Cripfield Lane County
2020-02-02,5.73 GB,1.45 GB,7.19 GB,Bell Mobility 276,4283-461 Cripfield Lane County
2020-02-01,7.15 GB,0.44 GB,7.60 GB,Bell Mobility 277,4283-461 Cripfield Lane County
2020-01-31,6.46 GB,1.59 GB,8.05 GB,Bell Mobility 278,4283-461 Cripfield Lane County
2020-01-30,12.85 GB,0.99 GB,13.85 GB,Bell Mobility 279,4283-461 Cripfield Lane County
2020-01-29,6.27 GB,0.80 GB,7.06 GB,Bell Mobility 280,4283-461 Cripfield Lane County
2020-01-28,11.32 GB,0.71 GB,12.02 GB,Bell Mobility 281,4283-461 Cripfield Lane County
2020-01-27,3.13 GB,0.17 GB,3.30 GB,Bell Mobility 282,4283-461 Cripfield Lane County
2020-01-26,9.69 GB,0.55 GB,10.23 GB,Bell Mobility 283,4283-461 Cripfield Lane County
2020-01-25,6.40 GB,0.40 GB,6.80 GB,Bell Mobility 284,4283-461 Cripfield Lane County
2020-01-24,7.70 GB,0.50 GB,8.20 GB,Bell Mobility 285,4283-461 Cripfield Lane County
2020-01-23,8.45 GB,0.63 GB,9.08 GB,Bell Mobility 286,4283-461 Cripfield Lane County
2020-01-22,5.06 GB,0.29 GB,5.36 GB,Bell Mobility 287,4283-461 Cripfield Lane County
2020-01-21,18.76 GB,1.29 GB,20.06 GB,Bell Mobility 288,4283-461 Cripfield Lane County
2020-01-20,6.16 GB,0.42 GB,6.58 GB,Bell Mobility 289,4283-461 Cripfield Lane County
2020-01-19,10.69 GB,1.00 GB,11.69 GB,Bell Mobility 290,4283-461 Cripfield Lane County
2020-01-18,9.12 GB,1.40 GB,10.52 GB,Bell Mobility 291,4283-461 Cripfield Lane County
2020-01-17,8.95 GB,0.83 GB,9.78 GB,Bell Mobility 292,4283-461 Cripfield Lane County
2020-01-16,15.34 GB,1.32 GB,16.66 GB,Bell Mobility 293,4283-461 Cripfield Lane County
2020-01-15,14.50 GB,1.02 GB,15.53 GB,Bell Mobility 294,4283-461 Cripfield Lane County
2020-01-14,14.03 GB,0.56 GB,14.59 GB,Bell Mobility 295,4283-461 Cripfield Lane County
2020-01-13,10.74 GB,0.43 GB,11.17 GB,Bell Mobility 296,4283-461 Cripfield Lane County
2020-01-12,9.06 GB,0.46 GB,9.52 GB,Bell Mobility 297,4283-461 Cripfield Lane County
2020-01-11,9.30 GB,5.01 GB,14.31 GB,Bell Mobility 298,4283-461 Cripfield Lane County
2020-01-10,10.94 GB,0.57 GB,11.50 GB,Bell Mobility 299,4283-461 Cripfield Lane County
2020-01-09,8.15 GB,0.38 GB,8.54 GB,Bell Mobility 300,4283-461 Cripfield Lane County
2020-01-08,12.79 GB,0.48 GB,13.27 GB,Bell Mobility 301,4283-461 Cripfield Lane County
2020-01-07,14.38 GB,1.82 GB,16.19 GB,Bell Mobility 302,4283-461 Cripfield Lane County
2020-01-06,9.63 GB,0.38 GB,10.01 GB,Bell Mobility 303,4283-461 Cripfield Lane County
2020-01-05,12.87 GB,0.84 GB,13.71 GB,Bell Mobility 304,4283-461 Cripfield Lane County
2020-01-04,11.64 GB,1.13 GB,12.76 GB,Bell Mobility 305,4283-461 Cripfield Lane County
2020-01-03,7.65 GB,0.42 GB,8.07 GB,Bell Mobility 306,4283-461 Cripfield Lane County
2020-01-02,12.32 GB,0.35 GB,12.67 GB,Bell Mobility 307,4283-461 Cripfield Lane County
2020-01-01,12.95 GB,0.56 GB,13.51 GB,Bell Mobility 308,4283-461 Cripfield Lane County
2019-12-31,15.48 GB,1.10 GB,16.58 GB,Bell Mobility 309,4283-461 Cripfield Lane County
2019-12-30,8.92 GB,0.88 GB,9.80 GB,Bell Mobility 310,4283-461 Cripfield Lane County
2019-12-29,18.83 GB,0.99 GB,19.82 GB,Bell Mobility 311,4283-461 Cripfield Lane County
2019-12-28,21.10 GB,1.03 GB,22.13 GB,Bell Mobility 312,4283-461 Cripfield Lane County
2019-12-27,9.40 GB,1.29 GB,10.69 GB,Bell Mobility 313,4283-461 Cripfield Lane County
2019-12-26,8.71 GB,2.45 GB,11.16 GB,Bell Mobility 314,4283-461 Cripfield Lane County
2019-12-25,7.48 GB,2.50 GB,9.98 GB,Bell Mobility 315,4283-461 Cripfield Lane County
2019-12-24,15.57 GB,1.36 GB,16.93 GB,Bell Mobility 316,4283-461 Cripfield Lane County
2019-12-23,9.52 GB,0.77 GB,10.29 GB,Bell Mobility 317,4283-461 Cripfield Lane County
2019-12-22,9.14 GB,1.12 GB,10.26 GB,Bell Mobility 318,4283-461 Cripfield Lane County
2019-12-21,10.74 GB,1.46 GB,12.20 GB,Bell Mobility 319,4283-461 Cripfield Lane County
2019-12-20,10.18 GB,0.95 GB,11.14 GB,Bell Mobility 320,4283-461 Cripfield Lane County
2019-12-19,11.65 GB,1.15 GB,12.80 GB,Bell Mobility 321,4283-461 Cripfield Lane County
2019-12-18,9.69 GB,0.50 GB,10.19 GB,Bell Mobility 322,4283-461 Cripfield Lane County
2019-12-17,15.03 GB,1.59 GB,16.62 GB,Bell Mobility 323,4283-461 Cripfield Lane County
2019-12-16,7.16 GB,0.44 GB,7.59 GB,Bell Mobility 324,4283-461 Cripfield Lane County
2019-12-15,7.30 GB,0.41 GB,7.71 GB,Bell Mobility 325,4283-461 Cripfield Lane County
2019-12-14,9.37 GB,0.93 GB,10.30 GB,Bell Mobility 326,4283-461 Cripfield Lane County
2019-12-13,10.52 GB,0.53 GB,11.06 GB,Bell Mobility 327,4283-461 Cripfield Lane County
2019-12-12,8.91 GB,1.32 GB,10.24 GB,Bell Mobility 328,4283-461 Cripfield Lane County
2019-12-11,8.84 GB,0.62 GB,9.46 GB,Bell Mobility 329,4283-461 Cripfield Lane County
2019-12-10,7.70 GB,0.58 GB,8.28 GB,Bell Mobility 330,4283-461 Cripfield Lane County
2019-12-09,11.31 GB,1.80 GB,13.12 GB,Bell Mobility 331,4283-461 Cripfield Lane County
2019-12-08,12.04 GB,0.85 GB,12.89 GB,Bell Mobility 332,4283-461 Cripfield Lane County
2019-12-07,7.92 GB,0.51 GB,8.43 GB,Bell Mobility 333,4283-461 Cripfield Lane County
2019-12-06,13.88 GB,0.72 GB,14.59 GB,Bell Mobility 334,4283-461 Cripfield Lane County
2019-12-05,12.32 GB,1.47 GB,13.79 GB,Bell Mobility 335,4283-461 Cripfield Lane County
2019-12-04,7.06 GB,1.29 GB,8.35 GB,Bell Mobility 336,4283-461 Cripfield Lane County
2019-12-03,3.18 GB,0.24 GB,3.42 GB,Bell Mobility 337,4283-461 Cripfield Lane County
2019-12-02,4.46 GB,0.41 GB,4.87 GB,Bell Mobility 338,4283-461 Cripfield Lane County
2019-12-01,9.34 GB,1.52 GB,10.86 GB,Bell Mobility 339,4283-461 Cripfield Lane County
2019-11-30,7.43 GB,0.43 GB,7.86 GB,Bell Mobility 340,4283-461 Cripfield Lane County
2019-11-29,11.62 GB,0.69 GB,12.32 GB,Bell Mobility 341,4283-461 Cripfield Lane County
2019-11-28,4.39 GB,1.31 GB,5.70 GB,Bell Mobility 342,4283-461 Cripfield Lane County
2019-11-27,8.63 GB,0.35 GB,8.98 GB,Bell Mobility 343,4283-461 Cripfield Lane County