Home,Away,Stage,Scorer,ScoringTeam,Type,Result,FinalResult
Russia,Saudi Arabia,GroupRound1,Gazinsky,Russia,Inside,1-0,5-0
Russia,Saudi Arabia,GroupRound1,Cheryshev,Russia,Inside,2-0,5-0
Russia,Saudi Arabia,GroupRound1,Dzyuba,Russia,Inside,3-0,5-0
Russia,Saudi Arabia,GroupRound1,Cheryshev,Russia,Inside,4-0,5-0
Russia,Saudi Arabia,GroupRound1,Golovin,Russia,Freekick,5-0,5-0
Egypt,Uruguay,GroupRound1,Gimenez,Uruguay,Inside,0-1,0-1
Russia,Egypt,GroupRound2,Fathy,Russia,Own,1-0,3-1
Russia,Egypt,GroupRound2,Cheryshev,Russia,Inside,2-0,3-1
Russia,Egypt,GroupRound2,Dzyuba,Russia,Inside,3-0,3-1
Russia,Egypt,GroupRound2,Salah,Egypt,Penalty,3-1,3-1
Uruguay,Saudi Arabia,GroupRound2,Suarez,Uruguay,Inside,1-0,1-0
Uruguay,Russia,GroupRound3,Suarez,Uruguay,Freekick,1-0,3-0
Uruguay,Russia,GroupRound3,Cheryshev,Uruguay,Own,2-0,3-0
Uruguay,Russia,GroupRound3,Cavani,Uruguay,Inside,3-0,3-0
Saudi Arabia,Egypt,GroupRound3,Salah,Egypt,Outside,0-1,2-1
Saudi Arabia,Egypt,GroupRound3,Al-Faraj,Saudi Arabia,Penalty,1-1,2-1
Saudi Arabia,Egypt,GroupRound3,Al-Dawsari,Saudi Arabia,Inside,2-1,2-1
Morocco,Iran,GroupRound1,Bouhaddouz,Iran,Own,0-1,0-1
Portugal,Spain,GroupRound1,Ronaldo,Portugal,Penalty,1-0,3-3
Portugal,Spain,GroupRound1,Costa,Spain,Inside,1-1,3-3
Portugal,Spain,GroupRound1,Ronaldo,Portugal,Outside,2-1,3-3
Portugal,Spain,GroupRound1,Costa,Spain,Inside,2-2,3-3
Portugal,Spain,GroupRound1,Nacho,Spain,Outside,2-3,3-3
Portugal,Spain,GroupRound1,Ronaldo,Portugal,Freekick,3-3,3-3
Portugal,Morocco,GroupRound2,Ronaldo,Portugal,Inside,1-0,1-0
Iran,Spain,GroupRound2,Costa,Spain,Inside,0-1,0-1
Iran,Portugal,GroupRound3,Quaresma,Portugal,Outside,0-1,1-1
Iran,Portugal,GroupRound3,Ansarifard,Iran,Penalty,1-1,1-1
Spain,Morocco,GroupRound3,Boutaib,Morocco,Inside,0-1,2-2
Spain,Morocco,GroupRound3,Isco,Spain,Inside,1-1,2-2
Spain,Morocco,GroupRound3,En-Nesyri,Morocco,Inside,1-2,2-2
Spain,Morocco,GroupRound3,Aspas,Spain,Inside,2-2,2-2
France,Australia,GroupRound1,Griezmann,France,Penalty,1-0,2-1
France,Australia,GroupRound1,Jedinak,Australia,Penalty,1-1,2-1
France,Australia,GroupRound1,Behich,France,Own,2-1,2-1
Peru,Denmark,GroupRound1,Poulsen,Denmark,Inside,0-1,0-1
Denmark,Australia,GroupRound2,Eriksen,Denmark,Inside,1-0,1-1
Denmark,Australia,GroupRound2,Jedinak,Australia,Penalty,1-1,1-1
France,Peru,GroupRound2,Mbappe,France,Inside,1-0,1-0
Australia,Peru,GroupRound3,Carillo,Peru,Inside,0-1,0-2
Australia,Peru,GroupRound3,Guerrero,Peru,Inside,0-2,0-2
Argentina,Iceland,GroupRound1,Aguero,Argentina,Inside,1-0,1-1
Argentina,Iceland,GroupRound1,Finnbogason,Iceland,Inside,1-1,1-1
Croatia,Nigeria,GroupRound1,Etebo,Croatia,Own,1-0,2-0
Croatia,Nigeria,GroupRound1,Modric,Croatia,Penalty,2-0,2-0
Argentina,Croatia,GroupRound2,Rebic,Croatia,Inside,0-1,0-3
Argentina,Croatia,GroupRound2,Modric,Croatia,Outside,0-2,0-3
Argentina,Croatia,GroupRound2,Rakitic,Croatia,Inside,0-3,0-3
Nigeria,Iceland,GroupRound2,Musa,Nigeria,Inside,1-0,2-0
Nigeria,Iceland,GroupRound2,Musa,Nigeria,Inside,2-0,2-0
Nigeria,Argentina,GroupRound3,Messi,Argentina,Inside,0-1,1-2
Nigeria,Argentina,GroupRound3,Moses,Nigeria,Penalty,1-1,1-2
Nigeria,Argentina,GroupRound3,Rojo,Argentina,Inside,1-2,1-2
Iceland,Croatia,GroupRound3,Badelj,Croatia,Inside,0-1,1-2
Iceland,Croatia,GroupRound3,Sigurdsson,Iceland,Penalty,1-1,1-2
Iceland,Croatia,GroupRound3,Perisic,Croatia,Inside,1-2,1-2
Costa Rica,Serbia,GroupRound1,Kolarov,Serbia,Freekick,0-1,0-1
Brazil,Switzerland,GroupRound1,Coutinho,Brazil,Outside,1-0,1-1
Brazil,Switzerland,GroupRound1,Zuber,Switzerland,Inside,1-1,1-1
Brazil,Costa Rica,GroupRound2,Coutinho,Brazil,Inside,1-0,2-0
Brazil,Costa Rica,GroupRound2,Neymar,Brazil,Inside,2-0,2-0
Serbia,Switzerland,GroupRound2,Mitrovic,Serbia,Inside,1-0,1-2
Serbia,Switzerland,GroupRound2,Xhaka,Switzerland,Outside,1-1,1-2
Serbia,Switzerland,GroupRound2,Shaqiri,Switzerland,Inside,1-2,1-2
Serbia,Brazil,GroupRound3,Paulinho,Brazil,Inside,0-1,0-2
Serbia,Brazil,GroupRound3,Thiago Silva,Brazil,Inside,0-2,0-2
Switzerland,Costa Rica,GroupRound3,Dzemaili,Switzerland,Inside,1-0,2-2
Switzerland,Costa Rica,GroupRound3,Watson,Costa Rica,Inside,1-1,2-2
Switzerland,Costa Rica,GroupRound3,Drmic,Switzerland,Inside,2-1,2-2
Switzerland,Costa Rica,GroupRound3,Sommer,Costa Rica,Own,2-2,2-2
Germany,Mexico,GroupRound1,Lozano,Mexico,Inside,0-1,0-1
Sweden,South Korea,GroupRound1,Granqvist,Sweden,Penalty,1-0,1-0
South Korea,Mexico,GroupRound2,Vela,Mexico,Penalty,0-1,1-2
South Korea,Mexico,GroupRound2,Hernandez,Mexico,Inside,0-2,1-2
South Korea,Mexico,GroupRound2,Son Heung-min,South Korea,Outside,1-2,1-2
Germany,Sweden,GroupRound2,Toivonen,Sweden,Inside,0-1,2-1
Germany,Sweden,GroupRound2,Reus,Germany,Inside,1-1,2-1
Germany,Sweden,GroupRound2,Kroos,Germany,Inside,2-1,2-1
South Korea,Germany,GroupRound3,Kim Young-gwon,South Korea,Inside,1-0,2-0
South Korea,Germany,GroupRound3,Son Heung-min,South Korea,Inside,2-0,2-0
Mexico,Sweden,GroupRound3,Augustinsson,Sweden,Inside,0-1,0-3
Mexico,Sweden,GroupRound3,Granqvist,Sweden,Penalty,0-2,0-3
Mexico,Sweden,GroupRound3,Alvarez,Sweden,Own,0-3,0-3
Belgium,Panama,GroupRound1,Mertens,Belgium,Inside,1-0,3-0
Belgium,Panama,GroupRound1,Lukaku,Belgium,Inside,2-0,3-0
Belgium,Panama,GroupRound1,Lukaku,Belgium,Inside,3-0,3-0
Tunisia,England,GroupRound1,Kane,England,Inside,0-1,1-2
Tunisia,England,GroupRound1,Sassi,Tunisia,Penalty,1-1,1-2
Tunisia,England,GroupRound1,Kane,England,Inside,1-2,1-2
Belgium,Tunisia,GroupRound2,Hazard,Belgium,Penalty,1-0,5-2
Belgium,Tunisia,GroupRound2,Lukaku,Belgium,Inside,2-0,5-2
Belgium,Tunisia,GroupRound2,Bronn,Tunisia,Inside,2-1,5-2
Belgium,Tunisia,GroupRound2,Lukaku,Belgium,Inside,3-1,5-2
Belgium,Tunisia,GroupRound2,Hazard,Belgium,Inside,4-1,5-2
Belgium,Tunisia,GroupRound2,Batshuayi,Belgium,Inside,5-1,5-2
Belgium,Tunisia,GroupRound2,Khazri,Tunisia,Inside,5-2,5-2
England,Panama,GroupRound2,Stones,England,Inside,1-0,6-1
England,Panama,GroupRound2,Kane,England,Penalty,2-0,6-1
England,Panama,GroupRound2,Lingard,England,Outside,3-0,6-1
England,Panama,GroupRound2,Stones,England,Inside,4-0,6-1
England,Panama,GroupRound2,Kane,England,Penalty,5-0,6-1
England,Panama,GroupRound2,Kane,England,Inside,6-0,6-1
England,Panama,GroupRound2,Baloy,Panama,Inside,6-1,6-1
England,Belgium,GroupRound3,Januzaj,Belgium,Inside,0-1,0-1
Panama,Tunisia,GroupRound3,Meriah,Panama,Own,1-0,1-2
Panama,Tunisia,GroupRound3,Ben Youssef,Tunisia,Inside,1-1,1-2
Panama,Tunisia,GroupRound3,Khazri,Tunisia,Inside,1-2,1-2
Colombia,Japan,GroupRound1,Kagawa,Japan,Penalty,0-1,1-2
Colombia,Japan,GroupRound1,Quintero,Colombia,Freekick,1-1,1-2
Colombia,Japan,GroupRound1,Osako,Japan,Inside,1-2,1-2
Poland,Senegal,GroupRound1,Cionek,Senegal,Own,0-1,1-2
Poland,Senegal,GroupRound1,Niang,Senegal,Inside,0-2,1-2
Poland,Senegal,GroupRound1,Krychowiak,Poland,Inside,1-2,1-2
Japan,Senegal,GroupRound2,Mane,Senegal,Inside,0-1,2-2
Japan,Senegal,GroupRound2,Inui,Japan,Inside,1-1,2-2
Japan,Senegal,GroupRound2,Wague,Senegal,Inside,1-2,2-2
Japan,Senegal,GroupRound2,Honda,Japan,Inside,2-2,2-2
Poland,Colombia,GroupRound2,Mina,Colombia,Inside,0-1,0-3
Poland,Colombia,GroupRound2,Falcao,Colombia,Inside,0-2,0-3
Poland,Colombia,GroupRound2,Cuadrado,Colombia,Inside,0-3,0-3
Japan,Poland,GroupRound3,Bednarek,Poland,Inside,0-1,0-1
Senegal,Colombia,GroupRound3,Mina,Colombia,Inside,0-1,0-1
France,Argentina,Round16,Griezmann,France,Penalty,1-0,4-3
France,Argentina,Round16,Di Maria,Argentina,Outside,1-1,4-3
France,Argentina,Round16,Mercado,Argentina,Inside,1-2,4-3
France,Argentina,Round16,Pavard,France,Outside,2-2,4-3
France,Argentina,Round16,Mbappe,France,Inside,3-2,4-3
France,Argentina,Round16,Mbappe,France,Inside,4-2,4-3
France,Argentina,Round16,Aguero,Argentina,Inside,4-3,4-3
Uruguay,Portugal,Round16,Cavani,Uruguay,Inside,1-0,2-1
Uruguay,Portugal,Round16,Pepe,Portugal,Inside,1-1,2-1
Uruguay,Portugal,Round16,Cavani,Uruguay,Inside,2-1,2-1
Spain,Russia,Round16,Ignashevich,Spain,Own,1-0,1-1
Spain,Russia,Round16,Dzyuba,Russia,Penalty,1-1,1-1
Croatia,Denmark,Round16,Jorgensen,Denmark,Inside,0-1,1-1
Croatia,Denmark,Round16,Mandzukic,Croatia,Inside,1-1,1-1
Brazil,Mexico,Round16,Neymar,Brazil,Inside,1-0,2-0
Brazil,Mexico,Round16,Firmino,Brazil,Inside,2-0,2-0
Belgium,Japan,Round16,Haraguchi,Japan,Inside,0-1,3-2
Belgium,Japan,Round16,Inui,Japan,Outside,0-2,3-2
Belgium,Japan,Round16,Vertonghen,Belgium,Inside,1-2,3-2
Belgium,Japan,Round16,Fellaini,Belgium,Inside,2-2,3-2
Belgium,Japan,Round16,Chadli,Belgium,Inside,3-2,3-2
Sweden,Switzerland,Round16,Forsberg,Sweden,Outside,1-0,1-0
Colombia,England,Round16,Kane,England,Penalty,0-1,1-1
Colombia,England,Round16,Mina,Colombia,Inside,1-1,1-1
Uruguay,France,Quarterfinals,Varane,France,Inside,0-1,0-2
Uruguay,France,Quarterfinals,Griezmann,France,Outside,0-2,0-2
Brazil,Belgium,Quarterfinals,Fernandinho,Belgium,Own,0-1,1-2
Brazil,Belgium,Quarterfinals,De Bruyne,Belgium,Outside,0-2,1-2
Brazil,Belgium,Quarterfinals,Renato Augusto,Brazil,Inside,1-2,1-2
Sweden,England,Quarterfinals,Maguire,England,Inside,0-1,0-2
Sweden,England,Quarterfinals,Alli,England,Inside,0-2,0-2
Russia,Croatia,Quarterfinals,Cheryshev,Russia,Outside,1-0,2-2
Russia,Croatia,Quarterfinals,Kramaric,Croatia,Inside,1-1,2-2
Russia,Croatia,Quarterfinals,Vida,Croatia,Inside,1-2,2-2
Russia,Croatia,Quarterfinals,Fernandes,Russia,Inside,2-2,2-2
France,Belgium,Semifinals,Umtiti,France,Inside,1-0,1-0
Croatia,England,Semifinals,Trippier,England,Freekick,0-1,2-1
Croatia,England,Semifinals,Perisic,Croatia,Inside,1-1,2-1
Croatia,England,Semifinals,Mandzukic,Croatia,Inside,2-1,2-1
Belgium,England,ThirdPlace,Meunier,Belgium,Inside,1-0,2-0
Belgium,England,ThirdPlace,Hazard,Belgium,Inside,2-0,2-0
France,Croatia,Final,Mandzukic,France,Own,1-0,4-2
France,Croatia,Final,Perisic,Croatia,Inside,1-1,4-2
France,Croatia,Final,Griezmann,France,Penalty,2-1,4-2
France,Croatia,Final,Pogba,France,Outside,3-1,4-2
France,Croatia,Final,Mbappe,France,Outside,4-1,4-2
France,Croatia,Final,Mandzukic,Croatia,Inside,4-2,4-2
