,,
branch,Category ,place
MECHANICAL ENGINEERING,1 3,Shillong
CSE CORE,,Bihar
Cse core,2,"Gurgaon, haryana"
CS core,,
CS Core,3 1 3 1 3,Gurgaon
Cse specialtions iot,,Gurgaon Maharashtra
CSE CORE,1 1 2 2 2,Bihar
Cse blockchain,,Banglore
CSE Core,3 3,"Jalgaon, Maharashtra Shillong"
Mechanical Engineering,,
Cse core vellore campus,1,I live in navi mumbai Kharghar but i am bengali Faridabad
IT,,Telangana hyderabad
Chennai cse,1 2,"Navi Mumbai, Maharashtra"
CSE Core,,
Computer science and engineering,2 1 2001,Delhi
CSE with AI,,Rajasthan
CSBS,2,Bokaro
CSE WITH BUSINESS SYS.,,JHARKHAND
CSE Core,2 2,Indore
CSE with specialization in Information Security CSE with Information Security,,"Lucknow,Uttar Pradesh Gurgaon"
Cse core,2 2,
CSE CORE,category 1 One,"Faridabad, Haryana Rohini, Delhi Begusarai"
Cse core,1,Lucknow
Cse data science,2 3,"Hyderabad, Telangana Kolkata"
CS with BS,,
Computer Science and Engineering,3 3 2003,"Faridabad, haryana Gurgaon"
CSE with specialization in bioinformatics,,Allahabad
CSE with Information Security,2 2 2002,Delhi
Cse with block chain,,
CSE core,1 2,Gurugram
Computer science and engineering,,Bhopal
Computer Science and Engineering,2 2,Rajasthan
CSE core,,"Indore, MP Coimbatore,Tamil Nadu Pune, Maharashtra Bulandshahr, U.P"
Computer Science with Specialization in IOT CSE with DS,3 1,
Information Technology,,delhi
CSE CORE,2 1 1 1 2,
CSE with specialization in iot,2 3,Gurugram
,,Faridabad Haryana
IT,3 3 2003,Lucknow
IT,,"gurgaon,haryana"
CSE with IS,2 2 2002,Kolkata
cse with buisness system,,Jharkhand
CSE CORE,1 2,Kerala
CSE,,Chennai
CSE with specialisation in data science,2 2,"I live in Hyderabad but i am from Bihar Aurangabad, Maharashtra"
CSE with specialization in IoT,,"Pune , Maharashtra"
CSE,3 1,"BEGUSARAI, BIHAR"
Computer Science and Engineering,,Delhi
CSE with specialisation in data science,2 1 1 1 2,"Faridabad,Haryana"
CSE with data science,2 3,"jamshedpur, jharkhand Bulandshahr ( Delhi NCR) - UP Gurgaon"
Computer science (CORE) vellore,,Gurgaon
Electronics and Communication Engineering CSE-core,3 3 2003,Varanasi
CSE with IOT,,"Mughalsarai, Chandauli-232101 Delhi rohini"
cse with specialisation in information security Information Technology,2 2 2002,Pune
Cse specialization in block chain technology ECE,,Patna
Cse with bioinformatics,1 2,Jaipur
CSE with specialization in Information Security Ece vellore,,Gwalior(M.P)
Biotech,2 2,Lucknow
Cs core,,Chandigarh
CSE Spec. in Information Security,3 1,"Maharashtra, Pune"
CSE with specialisation in data science,,"Gurgaon , Haryana"
CSe core,2 1 1 1 2,Gurgaon
Cse info security,2 3,Gurgaon
Computer science core,,Delhi
btech - cse core,3 3 2003,Gurgaon
CSE,,Faridabad
Cse core,2 2 2002,Gurgaon
IT,,Kerala
Cs core,1 2,"Lucknow, UP"
Cs with ds,,"Roorkee,uttrakhand"
CSE core,2 2,Qatar
Mechanical,,"Bharatpur, Rajasthan"
Cse core,3 1,Hyderabad
Cse core,,Nashik
Csc core,2 1 1 1 2,"BHOPAL,MP"
ECE,2 3,Bihar
Mechanical Engineer (minor in AI and ML),,Delhi
Cs core,3 3 2003,"Jamshedpur, Jharkhand"
IT,,Bangalore
Cse core,2 2 2002,Kerala
cse,,Lucknow
Cs with specialization in bioinformatics,1 2,"Durgapur,west bengal"
EEE,,Rewari haryana
Mechanical Engineering,2 2,Gurgaon
CSe core,,Navi Mumbai
EEE,3 1,Faridabad
IT,,Faridabad
Cse- core,2 1 1 1 2,"Valsad , Gujarat"
CSE IoT,2 3,"Valsad , Gujarat"
Mechanical engineering Core,,Delhi
Mechanical engineering,3 3 2003,Mumbai
Cse and business system,,Odisha
Cse and business system,2 2 2002,Kolkata
CSE core,,"DONGARGARH, CHHATTISGARH Chennai"
CSE with Business System,1 2,Delhi
EEE,,Mumbai
Civil Engineering spl in CSE,2 2,
Mechanical Engeenering with minor in AI and ML EEE,,
Cse core,3 1,
Computer Science Engineering,,
,2 1 1 1 2,