﻿crime_type,crime_detail,reported_crime_happen_at_datetime,crime_reported_at_datetime,reported_crime_latitude,reported_crime_longitude,area_sublocality,area_locality,city_name,provience_name,country_name
Mobile Snatching,Two persons on bike snatch a mobile phone on point from ITU employee,2020-01-07 20:00:00.000,2020-02-27 12:42:48.833,31.4756022,74.3422004,SevenCentric Ferozepur Road,Nishtar Town,Lahore,Punjab,Pakistan
Robbery,"Two robbers, who brought weapons in a schoolbag, held a minor girl hostage and robbed the house of gold jewelry, cash and a motorcycle.",2020-02-26 17:29:57.000,2020-02-28 17:31:22.567,31.469693,74.2728461,NULL,Johar Town,Lahore,Punjab,Pakistan
Robbery,"The suspects were on a motorcycle and were robbing people,",2020-02-28 17:32:54.000,2020-02-28 17:35:24.470,33.6275363,73.0716395,Benazir Bhutto Hospital Murree Road,Chah Sultan,Rawalpindi,Punjab,Pakistan
Robbery,Approximately Rs30 million in cash and jewellery was stolen on Sunday from a house in Lahore’s Defence Housing Authority Phase V. The police believe the guards at the house were involved.,2020-02-28 17:39:40.000,2020-02-28 17:40:37.697,31.4748712,74.3734092,NULL,DHA Phase 3,Lahore,Punjab,Pakistan
Robbery,Six men robbed valuables worth Rs3.2 million from a house  on Monday.,2020-02-24 17:41:44.000,2020-02-28 17:42:54.700,30.1609082,72.6961535,Truck Adda wali Road,Shah Faisal Colony,Vehari,Punjab,Pakistan
Robbery,A man had to experience this bizarre snatching attempt as he was travelling to Karachi in the Rahman Baba Express.,2020-02-28 13:45:00.000,2020-02-28 17:47:15.843,24.8850818,67.1295734,Cantt Bazar Road,Shah Faisal Colony,Karachi City,Sindh,Pakistan
Hostage Taking (Barricade Incident),Six dacoits robbed on Wednesday the house of the Multan Motorway DSP after holding his family hostage in Multan’s Shalimar Colony.,2020-02-28 13:47:00.000,2020-02-28 17:49:17.410,30.2397989,71.4937643,Main Road,Shalimar Colony,Multan,Punjab,Pakistan
Robbery,The robber first snatched the shopkeeper’s mobile phone and then stole cash from him.,2020-02-05 17:51:15.000,2020-02-28 17:53:59.787,30.1798398,66.9749731,NULL,Brahimzai,Quetta,Balochistan,Pakistan
Kill,"Ruhi Mohammad was going to Quetta from Chaman in a car when some unidentified men tried stopping him. Mohammad, however, did not stop the car. The men followed him and opened fire on the car. Mohammad lost control because of the firing and collided with another vehicle. He died on the spot",2020-02-12 22:56:00.000,2020-02-28 17:57:37.760,30.9283622,66.4553698,NULL,Unnamed Road,Killa Abdullah,Balochistan,Pakistan
Robbery,"The police said that Hamza Mukhtar and Muhammad Faisal had befriended Waseem Shahzad at their university and they used to ask him about his family and house. Shahzad, however, didn’t realise that his friends had something else in their minds.",2020-02-10 09:00:00.000,2020-02-28 18:02:57.060,27.530578,68.7557394,NULL,Mirwah Colony,Khairpur,Sindh,Pakistan
Murder,A man attempted suicide after shooting dead a nurse here on Wednesday,2020-02-07 06:45:00.000,2020-02-29 09:46:51.947,26.970599,64.08868,NULL,Unnamed Road,Killa Abdullah,Balochistan,Pakistan
Hostage Taking (Kidnapping),Police on Sunday recovered an abducted minor girl and arrested a female kidnapper. ,2020-02-11 09:50:47.000,2020-02-29 09:52:50.343,28.8188647,62.0070233,Regional Cooperation for Development Highway,Koh-e-Taftan,Chagai,Balochistan,Pakistan
Murder,"A seven-year-old boy was found dead after alleged kidnapping and murder which caused protests demanding justice, ",2020-02-12 09:58:01.000,2020-02-29 09:59:50.647,24.6458593,68.8466544,NULL,Unnamed Location,Badin,Sindh,Pakistan
Car Theft,some one stolen the car parts while car was standing outside house during night time,2019-10-10 23:00:00.000,2020-03-02 10:24:21.590,31.5020534,74.4076961,Allah Rakha Market Mian Jamal Ul Din Street Number 2,Ali Park Lahore Cantt,Lahore,Punjab,Pakistan
Robbery,"during day time some one stollen bicycle, mobile phone from a house while house people were there in house",2018-08-15 10:26:00.000,2020-03-02 10:28:42.120,31.5020534,74.4076961,Allah Rakha Market Mian Jamal Ul Din Street Number 2,Ali Park Lahore Cantt,Lahore,Punjab,Pakistan
Bike Theft,theft took away bike on gun point from a person,2019-12-03 04:29:00.000,2020-03-02 10:30:16.497,31.469693,74.2728461,NULL,Johar Town,Lahore,Punjab,Pakistan
Robbery,It is very sad that during day time three to four people gang came in a shop and on gun point took all valuable items from shopkeeper worth 20 lac,2020-01-14 03:30:00.000,2020-03-02 10:32:56.657,31.5480095,74.3535234,Canal Bank Road Canal Road,Upper Mall Scheme,Lahore,Punjab,Pakistan
Robbery,"In sadar bazar location, two persons with gun in their hand took valuable money from a. person ",2019-06-13 05:00:00.000,2020-03-02 10:35:35.940,33.5968788,73.0528412,Rawalpindi ,Saddar,Rawalpindi,Punjab,Pakistan
Hostage Taking (Kidnapping),Toddler kidnapped when his grandmother looks away for just a few seconds in supermarket,2020-03-02 12:27:40.000,2020-03-02 12:29:26.287,25.2509599,63.4154233,NULL,پسنى ,Gwadar,Balochistan,Pakistan
Hostage Taking (Kidnapping),Man tries to snatch six-year-old girl from her mom’s lap,2020-02-20 12:43:48.000,2020-03-02 12:45:28.240,33.8997434,70.1002699,Unnamed Road,Parachinar Cantt,Kurram Agency,Federally Administered Tribal Areas,Pakistan
Robbery,"Security guards break into house, steal Rs five million 💷💷💷💵💵💴💴💴",2020-02-28 00:50:00.000,2020-03-02 12:53:44.620,32.2210155,70.3851006,Unnamed Road,Qutub Colony,Tank,Khyber Pakhtunkhwa,Pakistan
Robbery, At least three robbers looted a person at gunpoint at a signal ,2020-02-26 14:56:00.000,2020-03-02 13:01:41.763,28.4904849,66.2625232,NULL,Surab Grid Station Road,Kalat,Balochistan,Pakistan
Hostage Taking (Kidnapping),The six-year-old had gone to buy someth­ing from a shop near her house when she went missin­g,2020-02-19 17:15:00.000,2020-03-02 13:17:29.603,29.8966568,69.2535897,NULL,Kohlu-Sibbi,Kohlu,Balochistan,Pakistan
Hostage Taking (Kidnapping),The nine-year-old had gone to buy someth­ing from a shop near her house when she went missin­g,2020-02-13 19:20:00.000,2020-03-02 13:24:59.123,28.4186239,70.2857817,NULL,Unnamed Road,Killa Abdullah,Balochistan,Pakistan