1904,1908,1920–1936,1948,1952–1964,1968–1980,1984–2000,2004–2008,2012–2016,2020
Heavyweight +158 &nbsp; lb (+71.7 &nbsp; kg),Heavyweight +175 &nbsp; lb (+79.4 &nbsp; kg),Heavyweight +80 &nbsp; kg,Heavyweight +81 &nbsp; kg,Super-Heavyweight +91 &nbsp; kg,,,,,
Heavyweight +158 &nbsp; lb (+71.7 &nbsp; kg),Heavyweight +175 &nbsp; lb (+79.4 &nbsp; kg),Heavyweight +80 &nbsp; kg,Heavyweight +81 &nbsp; kg,Heavyweight 81–91 &nbsp; kg,,,,,
Heavyweight +158 &nbsp; lb (+71.7 &nbsp; kg),Heavyweight +175 &nbsp; lb (+79.4 &nbsp; kg),Heavyweight +80 &nbsp; kg,Light-Heavyweight 75–81 &nbsp; kg,,,,,,
Heavyweight +158 &nbsp; lb (+71.7 &nbsp; kg),Heavyweight +175 &nbsp; lb (+79.4 &nbsp; kg),Light-Heavyweight 73–80 &nbsp; kg,Light-Heavyweight 75–81 &nbsp; kg,,,,,,
Heavyweight +158 &nbsp; lb (+71.7 &nbsp; kg),Light-Heavyweight 160–175 &nbsp; lb (72.6–79.4 &nbsp; kg),Light-Heavyweight 73–80 &nbsp; kg,Light-Heavyweight 75–81 &nbsp; kg,,,,,,
Heavyweight +158 &nbsp; lb (+71.7 &nbsp; kg),Light-Heavyweight 160–175 &nbsp; lb (72.6–79.4 &nbsp; kg),Light-Heavyweight 73–80 &nbsp; kg,Middleweight 71–75 &nbsp; kg,Middleweight 69–75 &nbsp; kg,,,,,
Heavyweight +158 &nbsp; lb (+71.7 &nbsp; kg),Light-Heavyweight 160–175 &nbsp; lb (72.6–79.4 &nbsp; kg),Middleweight 67–73 &nbsp; kg,Middleweight 71–75 &nbsp; kg,Middleweight 69–75 &nbsp; kg,,,,,
Heavyweight +158 &nbsp; lb (+71.7 &nbsp; kg),Middleweight 147–160 &nbsp; lb (66.7–72.6 &nbsp; kg),Middleweight 67–73 &nbsp; kg,Middleweight 71–75 &nbsp; kg,Middleweight 69–75 &nbsp; kg,,,,,
Middleweight 145–158 &nbsp; lb (65.8–71.7 &nbsp; kg),Middleweight 147–160 &nbsp; lb (66.7–72.6 &nbsp; kg),Middleweight 67–73 &nbsp; kg,Middleweight 71–75 &nbsp; kg,Middleweight 69–75 &nbsp; kg,Middleweight 140–158 &nbsp; lb (63.5–71.7 &nbsp; kg),,,,
Middleweight 145–158 &nbsp; lb (65.8–71.7 &nbsp; kg),Middleweight 147–160 &nbsp; lb (66.7–72.6 &nbsp; kg),Middleweight 67–73 &nbsp; kg,Light-Middleweight 67–71 &nbsp; kg,Middleweight 69–75 &nbsp; kg,Middleweight 140–158 &nbsp; lb (63.5–71.7 &nbsp; kg),,,,
Middleweight 145–158 &nbsp; lb (65.8–71.7 &nbsp; kg),Middleweight 147–160 &nbsp; lb (66.7–72.6 &nbsp; kg),Middleweight 67–73 &nbsp; kg,Light-Middleweight 67–71 &nbsp; kg,Welterweight 64–69 &nbsp; kg,Middleweight 140–158 &nbsp; lb (63.5–71.7 &nbsp; kg),Welterweight 63–69 &nbsp; kg,,,
Middleweight 145–158 &nbsp; lb (65.8–71.7 &nbsp; kg),Middleweight 147–160 &nbsp; lb (66.7–72.6 &nbsp; kg),Welterweight 62–67 &nbsp; kg,Welterweight 63.5–67 &nbsp; kg,Welterweight 64–69 &nbsp; kg,Middleweight 140–158 &nbsp; lb (63.5–71.7 &nbsp; kg),Welterweight 63–69 &nbsp; kg,,,
Middleweight 145–158 &nbsp; lb (65.8–71.7 &nbsp; kg),Welterweight 135–147 &nbsp; lb (61.2–66.7 &nbsp; kg),Welterweight 62–67 &nbsp; kg,Welterweight 63.5–67 &nbsp; kg,Welterweight 64–69 &nbsp; kg,Middleweight 140–158 &nbsp; lb (63.5–71.7 &nbsp; kg),Welterweight 63–69 &nbsp; kg,,,
Welterweight 135–145 &nbsp; lb (61.2–65.8 &nbsp; kg),Welterweight 135–147 &nbsp; lb (61.2–66.7 &nbsp; kg),Welterweight 62–67 &nbsp; kg,Welterweight 63.5–67 &nbsp; kg,Welterweight 64–69 &nbsp; kg,Middleweight 140–158 &nbsp; lb (63.5–71.7 &nbsp; kg),Welterweight 63–69 &nbsp; kg,,,
Welterweight 135–145 &nbsp; lb (61.2–65.8 &nbsp; kg),Welterweight 135–147 &nbsp; lb (61.2–66.7 &nbsp; kg),Welterweight 62–67 &nbsp; kg,Welterweight 63.5–67 &nbsp; kg,Light-Welterweight 60–64 &nbsp; kg,Middleweight 140–158 &nbsp; lb (63.5–71.7 &nbsp; kg),Welterweight 63–69 &nbsp; kg,,,
Welterweight 135–145 &nbsp; lb (61.2–65.8 &nbsp; kg),Welterweight 135–147 &nbsp; lb (61.2–66.7 &nbsp; kg),Welterweight 62–67 &nbsp; kg,Lightweight 126–140 &nbsp; lb (57.2–63.5 &nbsp; kg),Light-Welterweight 60–64 &nbsp; kg,Light-Welterweight 60–63.5 &nbsp; kg,Lightweight 57–63 &nbsp; kg,,,
Welterweight 135–145 &nbsp; lb (61.2–65.8 &nbsp; kg),Welterweight 135–147 &nbsp; lb (61.2–66.7 &nbsp; kg),Lightweight 58–62 &nbsp; kg,Lightweight 126–140 &nbsp; lb (57.2–63.5 &nbsp; kg),Light-Welterweight 60–64 &nbsp; kg,Light-Welterweight 60–63.5 &nbsp; kg,Lightweight 57–63 &nbsp; kg,,,
Lightweight 125–135 &nbsp; lb (56.7–61.2 &nbsp; kg),Lightweight 126–135 &nbsp; lb (57.2–61.2 &nbsp; kg),Lightweight 58–62 &nbsp; kg,Lightweight 126–140 &nbsp; lb (57.2–63.5 &nbsp; kg),Light-Welterweight 60–64 &nbsp; kg,Light-Welterweight 60–63.5 &nbsp; kg,Lightweight 57–63 &nbsp; kg,,,
Lightweight 125–135 &nbsp; lb (56.7–61.2 &nbsp; kg),Lightweight 126–135 &nbsp; lb (57.2–61.2 &nbsp; kg),Lightweight 58–62 &nbsp; kg,Lightweight 126–140 &nbsp; lb (57.2–63.5 &nbsp; kg),Lightweight 57–60 &nbsp; kg,Lightweight 56–60 &nbsp; kg,Lightweight 57–63 &nbsp; kg,,,
Lightweight 125–135 &nbsp; lb (56.7–61.2 &nbsp; kg),Lightweight 126–135 &nbsp; lb (57.2–61.2 &nbsp; kg),Featherweight 54–58 &nbsp; kg,Lightweight 126–140 &nbsp; lb (57.2–63.5 &nbsp; kg),Lightweight 57–60 &nbsp; kg,Lightweight 56–60 &nbsp; kg,Lightweight 57–63 &nbsp; kg,,,
Lightweight 125–135 &nbsp; lb (56.7–61.2 &nbsp; kg),Featherweight 116–126 &nbsp; lb (52.6–57.2 &nbsp; kg),Featherweight 54–58 &nbsp; kg,Featherweight 118 The division between Bantamweight and Featherweight was moved from 118 lb to 119 lb for 1932–1936. –126 &nbsp; lb (53.5–57.2 &nbsp; kg),Lightweight 57–60 &nbsp; kg,Lightweight 56–60 &nbsp; kg,Lightweight 57–63 &nbsp; kg,,,
Lightweight 125–135 &nbsp; lb (56.7–61.2 &nbsp; kg),Featherweight 116–126 &nbsp; lb (52.6–57.2 &nbsp; kg),Featherweight 54–58 &nbsp; kg,Featherweight 118 The division between Bantamweight and Featherweight was moved from 118 lb to 119 lb for 1932–1936. –126 &nbsp; lb (53.5–57.2 &nbsp; kg),Featherweight 54–57 &nbsp; kg,Lightweight 56–60 &nbsp; kg,Featherweight 52–57 &nbsp; kg,,,
Featherweight 115–125 &nbsp; lb (52.2–56.7 &nbsp; kg),Featherweight 116–126 &nbsp; lb (52.6–57.2 &nbsp; kg),Featherweight 54–58 &nbsp; kg,Featherweight 118 The division between Bantamweight and Featherweight was moved from 118 lb to 119 lb for 1932–1936. –126 &nbsp; lb (53.5–57.2 &nbsp; kg),Featherweight 54–57 &nbsp; kg,Bantamweight 52–56 &nbsp; kg,Featherweight 52–57 &nbsp; kg,,,
Featherweight 115–125 &nbsp; lb (52.2–56.7 &nbsp; kg),Featherweight 116–126 &nbsp; lb (52.6–57.2 &nbsp; kg),Bantamweight 51–54 &nbsp; kg,Featherweight 118 The division between Bantamweight and Featherweight was moved from 118 lb to 119 lb for 1932–1936. –126 &nbsp; lb (53.5–57.2 &nbsp; kg),,Bantamweight 52–56 &nbsp; kg,Featherweight 52–57 &nbsp; kg,,,
Featherweight 115–125 &nbsp; lb (52.2–56.7 &nbsp; kg),Featherweight 116–126 &nbsp; lb (52.6–57.2 &nbsp; kg),Bantamweight 51–54 &nbsp; kg,Bantamweight 112–118 lb (50.8–53.5 &nbsp; kg),,Bantamweight 52–56 &nbsp; kg,Featherweight 52–57 &nbsp; kg,,,
Featherweight 115–125 &nbsp; lb (52.2–56.7 &nbsp; kg),Bantamweight –116 &nbsp; lb (-52.6 &nbsp; kg),Bantamweight 51–54 &nbsp; kg,Bantamweight 112–118 lb (50.8–53.5 &nbsp; kg),,Bantamweight 52–56 &nbsp; kg,Featherweight 52–57 &nbsp; kg,,,
Bantamweight 105–115 &nbsp; lb (47.6–52.2 &nbsp; kg),Bantamweight –116 &nbsp; lb (-52.6 &nbsp; kg),Bantamweight 51–54 &nbsp; kg,Bantamweight 112–118 lb (50.8–53.5 &nbsp; kg),Flyweight 49–52 &nbsp; kg,Flyweight 48–52 &nbsp; kg,,,,
Bantamweight 105–115 &nbsp; lb (47.6–52.2 &nbsp; kg),Bantamweight –116 &nbsp; lb (-52.6 &nbsp; kg),Flyweight -51 &nbsp; kg,Bantamweight 112–118 lb (50.8–53.5 &nbsp; kg),Flyweight 49–52 &nbsp; kg,Flyweight 48–52 &nbsp; kg,Flyweight 48–51 &nbsp; kg,,,
Bantamweight 105–115 &nbsp; lb (47.6–52.2 &nbsp; kg),Bantamweight –116 &nbsp; lb (-52.6 &nbsp; kg),Flyweight -51 &nbsp; kg,Flyweight –112 &nbsp; lb (-50.8 &nbsp; kg),Light-Flyweight 46–49 &nbsp; kg,Flyweight 48–52 &nbsp; kg,Flyweight 48–51 &nbsp; kg,,,
Bantamweight 105–115 &nbsp; lb (47.6–52.2 &nbsp; kg),Bantamweight –116 &nbsp; lb (-52.6 &nbsp; kg),Flyweight -51 &nbsp; kg,Flyweight –112 &nbsp; lb (-50.8 &nbsp; kg),Light-Flyweight 46–49 &nbsp; kg,Flyweight 48–52 &nbsp; kg,Light-Flyweight -48 &nbsp; kg,,,
Flyweight –105 &nbsp; lb (-47.6 &nbsp; kg),Bantamweight –116 &nbsp; lb (-52.6 &nbsp; kg),Flyweight -51 &nbsp; kg,Flyweight –112 &nbsp; lb (-50.8 &nbsp; kg),Light-Flyweight 46–49 &nbsp; kg,Flyweight 48–52 &nbsp; kg,Light-Flyweight -48 &nbsp; kg,,,
7,5,8,8,10,11,12,11.0,10.0,8.0
