,company_name,company_code,market_cap,stock_price,daily_loss/gain,country
0,Comcast,CMCSA,$272.17 B,$59.30,-0.44%,🇺🇸 USA
1,Verizon,VZ,$224.51 B,$54.23,-0.39%,🇺🇸 USA
2,AT&T,T,$194.06 B,$27.18,-0.88%,🇺🇸 USA
3,T-Mobile US,TMUS,$163.24 B,$130.81,-0.48%,🇺🇸 USA
4,Charter Communications,CHTR,$144.68 B,$787.12, 0.22%,🇺🇸 USA
5,American Tower,AMT,$133.75 B,$293.88,-0.99%,🇺🇸 USA
6,China Mobile,0941.HK,$128.48 B,$6.28, 1.14%,🇨🇳 China
7,SoftBank,SFTBF,$111.12 B,$64.75, 0.36%,🇯🇵 Japan
8,Nippon Telegraph & Telephone,NPPXF,$107.58 B,$29.75,-1.75%,🇯🇵 Japan
9,Deutsche Telekom,DTE.DE,$97.34 B,$20.52,-2.20%,🇩🇪 Germany
10,Crown Castle,CCI,$81.40 B,$188.36,-2.13%,🇺🇸 USA
11,KDDI,KDDIF,$76.05 B,$33.80,-3.43%,🇯🇵 Japan
12,America Movil,AMX,$62.36 B,$18.87, 0.91%,🇲🇽 Mexico
13,China Telecom,0728.HK,$59.58 B,$0.35, 0.74%,🇨🇳 China
14,Bharti Airtel,BHARTIARTL.NS,$51.30 B,$9.35, 2.74%,🇮🇳 India
15,BCE,BCE,$47.59 B,$52.51,-0.38%,🇨🇦 Canada
16,Cellnex Telecom,CLNX.MC,$45.99 B,$67.74,-2.39%,🇪🇸 Spain
17,Vodafone,VOD,$45.08 B,$16.32,-1.75%,🇬🇧 UK
18,Telstra,TLS.AX,$34.14 B,$2.87, 0.00%,🇦🇺 Australia
19,Chunghwa Telecom,CHT,$30.68 B,$39.55,-1.25%,🇹🇼 Taiwan
20,Orange,ORAN,$29.37 B,$11.03,-1.25%,🇫🇷 France
21,Singtel,SNGNF,$29.23 B,$1.75, 0.57%,🇸🇬 Singapore
22,Sirius XM,SIRI,$24.30 B,$6.00,-1.15%,🇺🇸 USA
23,Telenor,TEL.OL,$24.18 B,$17.29,-1.09%,🇳🇴 Norway
24,China Tower,0788.HK,$23.99 B,$0.14, 0.00%,🇨🇳 China
25,ZTE,000063.SZ,$23.94 B,$5.47, 1.56%,🇨🇳 China
26,Telkom Indonesia,TLK,$23.20 B,$23.34,-0.93%,🇮🇩 Indonesia
27,Dish Network,DISH,$22.56 B,$42.75,-2.60%,🇺🇸 USA
28,SK Telecom,SKM,$18.45 B,$28.74, 0.52%,🇰🇷 S. Korea
29,Telia Company,TLSNF,$17.89 B,$4.38, 0.00%,🇸🇪 Sweden
30,China Unicom,0762.HK,$16.40 B,$0.54, 0.72%,🇨🇳 China
31,Vodacom,5VD.F,$16.19 B,$9.47, 0.00%,🇿🇦 South Africa
32,Liberty Global,LBTYB,$16.11 B,$29.54, 0.00%,🇬🇧 UK
33,Sinch,SINCH.ST,$15.79 B,$21.73,-2.04%,🇸🇪 Sweden
34,Shaw Communications,SJR,$14.48 B,$28.89, 0.17%,🇨🇦 Canada
35,Telefonica Brasil,VIV,$13.57 B,$8.03,-0.12%,🇧🇷 Brazil
36,BT Group,BT-A.L,$13.41 B,$31.13,-2.35%,🇬🇧 UK
37,Lumen,LUMN,$13.22 B,$11.97,-3.16%,🇺🇸 USA
38,Iliad,IL2.F,$12.60 B,$215.20, 0.00%,🇫🇷 France
39,Altice USA,ATUS,$12.19 B,$26.69,-1.88%,🇺🇸 USA
40,Cable One,CABO,$11.98 B,"$1,985",-0.04%,🇺🇸 USA
41,INWIT,INW.MI,$11.32 B,$11.80,-1.31%,🇮🇹 Italy
42,Tele2,TEL2-A.ST,$10.76 B,$15.45, 0.00%,🇸🇪 Sweden
43,Hong Kong Telecom,6823.HK,$10.40 B,$1.37, 0.38%,🇭🇰 Hong Kong
44,Elisa,ELISA.HE,$10.23 B,$63.88,-0.95%,🇫🇮 Finland
45,Taiwan Mobile,3045.TW,$10.12 B,$3.60, 0.91%,🇹🇼 Taiwan
46,TPG Telecom,TPG.AX,$9.13 B,$4.91,-0.45%,🇦🇺 Australia
47,Indus Towers,INDUSTOWER.NS,$8.90 B,$3.30, 2.73%,🇮🇳 India
48,OTE Group,OTE.F,$8.74 B,$18.80, 0.99%,🇬🇷 Greece
49,Elang Mahkota Teknologi,EMTK.JK,$8.43 B,$0.14, 4.17%,🇮🇩 Indonesia
50,Ciena,CIEN,$8.35 B,$53.91,-2.85%,🇺🇸 USA
51,Far EasTone,4904.TW,$7.14 B,$2.19, 0.33%,🇹🇼 Taiwan
52,Spark New Zealand,NZTCF,$6.38 B,$3.33, 0.00%,🇳🇿 New Zealand
53,A1 Telekom Austria,TA1.F,$5.90 B,$8.75,-0.14%,🇦🇹 Austria
54,1&1 Drillisch,DRI.F,$5.57 B,$31.52, 0.00%,🇩🇪 Germany
55,Sarana Menara Nusantara,TOWR.JK,$4.78 B,$0.10,-1.80%,🇮🇩 Indonesia
56,Globalstar,GSAT,$4.66 B,$2.60, 0.78%,🇺🇸 USA
57,Tower Bersama Infrastructure,TBIG.JK,$4.50 B,$0.21,-1.33%,🇮🇩 Indonesia
58,Turkcell,TKC,$4.17 B,$4.68,-1.89%,🇹🇷 Turkey
59,PCCW,0008.HK,$4.08 B,$0.53, 0.24%,🇭🇰 Hong Kong
60,Millicom,TIGO,$3.74 B,$36.99,-2.27%,🇱🇺 Luxembourg
61,VEON,VEON.AS,$3.67 B,$2.10,-2.63%,🇳🇱 Netherlands
62,O2 Czech Republic,TEE.F,$3.66 B,$12.07, 0.00%, Czech Republic
63,Vodafone Idea,IDEA.NS,$3.28 B,$0.11, 4.35%,🇮🇳 India
64,Indoritel,DNET.JK,$3.19 B,$0.23, 0.63%,🇮🇩 Indonesia
65,Türk Telekom,TTKOM.IS,$2.97 B,$0.85,-1.65%,🇹🇷 Turkey
66,NetLink Trust,CJLU.SI,$2.82 B,$0.72,-0.51%,🇸🇬 Singapore
67,Eutelsat,ETL.PA,$2.67 B,$11.62,-0.75%,🇫🇷 France
68,Bandwidth,BAND,$2.66 B,$106.22,-2.04%,🇺🇸 USA
69,Orange Polska,TPA1.F,$2.66 B,$1.99,-1.93%,🇵🇱 Poland
70,Chorus,CNU.NZ,$2.18 B,$4.90,-2.84%,🇳🇿 New Zealand
71,Criteo,CRTO,$2.18 B,$35.74,-0.64%,🇫🇷 France
72,NOS,PMV.F,$2.06 B,$4.01, 0.24%,🇵🇹 Portugal
73,XL Axiata,E5F.F,$2.04 B,$0.16, 3.73%,🇮🇩 Indonesia
74,Sinclair Broadcast,SBGI,$2.03 B,$26.91,-0.96%,🇺🇸 USA
75,TANLA,TANLA.NS,$1.61 B,$11.96,-0.22%,🇮🇳 India
76,Telia Lietuva,ZWS.F,$1.41 B,$2.38,-0.99%, Lithuania
77,Gogo Inflight Internet,GOGO,$1.39 B,$12.70,-1.93%,🇺🇸 USA
78,IDT Corporation,IDT,$1.17 B,$45.71, 2.63%,🇺🇸 USA
79,Tata Teleservices,TTML.NS,$0.97 B,$0.49, 1.55%,🇮🇳 India
80,Consolidated Communications,CNSL,$0.89 B,$9.03,-0.88%,🇺🇸 USA
81,ATN International,ATNI,$0.73 B,$46.50,-0.73%,🇺🇸 USA
82,Sify,SIFY,$0.69 B,$3.83, 0.26%,🇮🇳 India
83,AST SpaceMobile,ASTS,$0.60 B,$11.67,-1.68%,🇺🇸 USA
84,Hathway,HATHWAY.NS,$0.57 B,$0.32,-1.25%,🇮🇳 India
85,Gilat Telecom,GILT,$0.52 B,$9.35,-1.99%,🇮🇱 Israel
86,Ooma,OOMA,$0.50 B,$21.69, 3.43%,🇺🇸 USA
87,Zix,ZIXI,$0.40 B,$7.16,-3.11%,🇺🇸 USA
88,GTPL Hathway,GTPL.NS,$0.35 B,$3.11, 3.53%,🇮🇳 India
89,Sasken Technologies,SASKEN.NS,$0.27 B,$18.39,-1.38%,🇮🇳 India
90,B Communications,BCOM,$0.27 B,$2.28, 3.17%,🇮🇱 Israel
91,RigNet,RNET,$0.20 B,$9.60,-2.24%,🇺🇸 USA
92,Spok Holdings,SPOK,$0.19 B,$10.00,-2.06%,🇺🇸 USA
93,Alaska Communications,ALSK,$0.18 B,$3.40, 0.29%,🇺🇸 USA
94,Nelco,NELCO.NS,$0.17 B,$7.46,-1.28%,🇮🇳 India
95,Resonant,RESN,$0.16 B,$2.65,-2.21%,🇺🇸 USA
96,Mahanagar Telephone Nigam,MTNL.NS,$0.15 B,$0.25,-0.53%,🇮🇳 India
97,GTT Communications,GTT,$0.13 B,$2.36, 0.00%,🇺🇸 USA
98,Reliance Communications,RCOM.NS,$0.11 B,$0.04, 3.51%,🇮🇳 India
99,Vislink Technologies,VISL,$0.09 B,$1.99,-1.49%,🇺🇸 USA
