Country,Natural sites,Cultural sites,Mixed sites,Total sites,Shared sites,UNESCO region
Afghanistan Afghanistan,,2,,2,,Asia and the Pacific
Albania Albania,1,2,1,4,2,Europe and North America
Algeria Algeria,,6,1,7,,Arab States
Andorra Andorra,,1,,1,,Europe and North America
Angola Angola,,1,,1,,Africa
Antigua and Barbuda Antigua and Barbuda,,1,,1,,Latin America and the Caribbean
Argentina Argentina,5,"6 The cultural site Jesuit Missions of the Guaranis: San Ignacio Mini, Santa Ana, Nuestra Señora de Loreto and Santa Maria Mayor (Argentina), Ruins of Sao Miguel das Missoes (Brazil) is shared between Argentina and Brazil. The cultural site The Architectural Work of Le Corbusier, an Outstanding Contribution to the Modern Movement is shared between Argentina, Belgium, France, Germany, India, Japan, and Switzerland. The cultural site Qhapaq Ñan, Andean Road System is shared between Argentina, Bolivia, Colombia, Chile, Ecuador and Peru.",,11,3,Latin America and the Caribbean
Armenia Armenia,,2,1,3,,Europe and North America
Australia Australia,12,4,4,20,,Asia and the Pacific
Austria Austria,1,"9 The cultural site Fertö / Neusiedlersee Cultural Landscape is shared between Austria and Hungary. The cultural site Prehistoric Pile dwellings around the Alps is shared between Austria, France, Germany, Italy, Slovenia and Switzerland.",,10,3,Europe and North America
Azerbaijan Azerbaijan,,3,,3,,Europe and North America
Bahrain Bahrain,,3,,3,,Arab States
Bangladesh Bangladesh,1,2,,3,,Asia and the Pacific
Barbados Barbados,,1,,1,,Latin America and the Caribbean
Belarus Belarus,1 The natural site Belovezhskaya Pushcha / Białowieża Forest is shared between Belarus and Poland.,"3 The cultural site Struve Geodetic Arc is shared among Belarus, Estonia, Finland, Latvia, Lithuania, Norway, Moldova, Russia, Sweden, and Ukraine.",,4,2,Europe and North America
Belgium Belgium,1,12 The cultural site Belfries of Belgium and France is shared between Belgium and France.,,13,3,Europe and North America
Belize Belize,1,,,1,,Latin America and the Caribbean
Benin Benin,"1 The natural site W-Arly-Pendjari Complex is shared between Benin, Burkina Faso, and Niger.",1,,2,1,Africa
Bolivia Bolivia,1,6,,7,1,Latin America and the Caribbean
Bosnia and Herzegovina Bosnia and Herzegovina,,"3 The cultural site Stecci : Medivial Tombstones is shared between Bosnia and Herzegovina, Croatia, Montenegro, Serbia.",,3,1,Europe and North America
Botswana Botswana,1,1,,2,,Africa
Brazil Brazil,7,14,1,22,1,Latin America and the Caribbean
Bulgaria Bulgaria,3,7,,10,1,Europe and North America
Burkina Faso Burkina Faso,1,2,,3,1,Africa
Cambodia Cambodia,,3,,3,,Asia and the Pacific
Cameroon Cameroon,"2 The natural site Sangha Trinational is shared between Cameroon, Central African Republic, Congo( The Republic of).",,,2,1,Africa
Canada Canada,10 The natural sites Kluane / Wrangell-St Elias / Glacier Bay / Tatshenshini-Alsek and Waterton Glacier International Peace Park are shared between Canada and the United States.,9,1,20,2,Europe and North America
Cape Verde Cape Verde,,1,,1,,Africa
Central African Republic Central African Republic,2,,,2,1,Africa
Chad Chad,1,,1,2,,Africa
Chile Chile,,6,,6,1,Latin America and the Caribbean
China China,14,"37 The cultural site Silk Roads: the Routes Network of Chang'an-Tianshan Corridor is shared between China, Kazakhstan, Kyrgyzstan.",4,55,1,Asia and the Pacific
Colombia Colombia,2,6,1,9,1,Latin America and the Caribbean
Congo Congo,1,,,1,1,Africa
Costa Rica Costa Rica,3 The natural site Talamanca Range-La Amistad Reserves / La Amistad National Park is shared between Costa Rica and Panama.,1,,4,1,Latin America and the Caribbean
Côte d'Ivoire Côte d'Ivoire,3 The natural site Mount Nimba Strict Nature Reserve is shared between Côte d'Ivoire and Guinea.,1,,4,1,Africa
Croatia Croatia,2,8,,10,3,Europe and North America
Cuba Cuba,2,7,,9,,Latin America and the Caribbean
Cyprus Cyprus,,3,,3,,Europe and North America
Czech Republic Czech Republic,,14 The cultural site Erzgebirge/Krušnohoří Mining Region is shared between Germany and Czechia.,,14,1,Europe and North America
Democratic People's Republic of Korea Democratic People's Republic of Korea,,2,,2,,Asia and the Pacific
Democratic Republic of the Congo Democratic Republic of the Congo,5,,,5,,Africa
Denmark Denmark,3,7,,10,1,Europe and North America
Dominica Dominica,1,,,1,,Latin America and the Caribbean
Dominican Republic Dominican Republic,,1,,1,,Latin America and the Caribbean
Ecuador Ecuador,2,3,,5,1,Latin America and the Caribbean
Egypt Egypt,1,6,,7,,Arab States
El Salvador El Salvador,,1,,1,,Latin America and the Caribbean
Eritrea Eritrea,,1,,1,,Africa
Estonia Estonia,,2,,2,1,Europe and North America
Ethiopia Ethiopia,1,8,,9,,Africa
Fiji Fiji,,1,,1,,Asia and the Pacific
Finland Finland,1 The natural site High Coast / Kvarken Archipelago is shared between Finland and Sweden.,6,,7,2,Europe and North America
France France,"5 The natural site French Austral Lands and Seas is located in the Indian Ocean. The natural site Lagoons of New Caledonia: Reef Diversity and Associated Ecosystems is located in New Caledonia. The natural site Pitons, cirques and remparts of Reunion Island is located in the Réunion.",39 The cultural site Taputapuatea is located in the French Polynesia.,1 The mixed site Pyrénées – Mont Perdu is shared between France and Spain.,45,4,"Europe, North America and Antarctica ."
Gabon Gabon,,,1,1,,Africa
Gambia Gambia,,2 The cultural site Stone Circles of Senegambia is shared between Gambia and Senegal.,,2,1,Africa
Georgia (country) Georgia,,3,,3,,Europe and North America
Germany Germany,3 The natural site The Wadden Sea is shared between Germany and the Netherlands.,"43 The cultural site Frontiers of the Roman Empire is shared between Germany and the United Kingdom. The cultural site Muskauer Park / Park Mużakowski is shared between Germany and Poland. In addition, the former cultural site Dresden Elbe Valley has been delisted.",,46,6,Europe and North America
Ghana Ghana,,2,,2,,Africa
Greece Greece,,16,2,18,,Europe and North America
Guatemala Guatemala,,2,1,3,,Latin America and the Caribbean
Guinea Guinea,1,,,1,1,Africa
Haiti Haiti,,1,,1,,Latin America and the Caribbean
Vatican City /Vatican City,,"2 The cultural site Historic Centre of Rome, the Properties of the Holy See in that City Enjoying Extraterritorial Rights and San Paolo Fuori le Mura is shared between the Holy See and Italy.",,2,1,Europe and North America
Honduras Honduras,1,1,,2,,Latin America and the Caribbean
Hungary Hungary,1 The natural site Caves of Aggtelek Karst and Slovak Karst is shared between Hungary and Slovakia.,7,,8,2,Europe and North America
Iceland Iceland,2,1,,3,,Europe and North America
India India,7,30,1,38,1,Asia and the Pacific
Indonesia Indonesia,4,5,,9,,Asia and the Pacific
Iran Iran,2,22,,24,,Asia and the Pacific
Iraq Iraq,,5,1,6,,Arab States
Ireland Ireland,,2,,2,,Europe and North America
Israel Israel,,9,,9,,"Europe and North America According to UNESCO, Israel is part of Europe and North America Region, http://www.unesco.org/new/en/unesco/worldwide/europe-and-north-america/"
Italy Italy,5 The natural site Monte San Giorgio is shared between Italy and Switzerland.,50 The cultural site Rhaetian Railway in the Albula / Bernina Landscapes is shared between Italy and Switzerland.,,55,6,Europe and North America
Jamaica Jamaica,,,1,1,,Latin America and the Caribbean
Japan Japan,4,19,,23,1,Asia and the Pacific
"Jerusalem (Site proposed by Jordan) ""Old City of Jerusalem and its Walls"" is listed separately, without State Party, owing to the unresolved nature of its status. For purposes of convenience, it is listed in the ""Arab States"" UNESCO region, without inference as to it legal or political status therein.",,1,,1,,without State Party
Jordan Jordan,,4,1,5,,Arab States
Kazakhstan Kazakhstan,"2 The natural site Western Tien-Shan is shared between Kazakhstan, Kyrgyzstan, Uzbekistan.",3,,5,2,Asia and the Pacific
Kenya Kenya,3,4,,7,,Africa
Kiribati Kiribati,1,,,1,,Asia and the Pacific
Kyrgyzstan Kyrgyzstan,1,2,,3,2,Asia and the Pacific
Laos Laos,,3,,3,,Asia and the Pacific
Latvia Latvia,,2,,2,1,Europe and North America
Lebanon Lebanon,,5,,5,,Arab States
Lesotho Lesotho,,,1 The mixed site Maloti-Drakensberg Park is shared between Lesotho and South Africa.,1,1,Africa
Libya Libya,,5,,5,,Arab States
Lithuania Lithuania,,4 The cultural site Curonian Spit is shared between Lithuania and Russia.,,4,2,Europe and North America
Luxembourg Luxembourg,,1,,1,,Europe and North America
Madagascar Madagascar,2,1,,3,,Africa
Malawi Malawi,1,1,,2,,Africa
Malaysia Malaysia,2,2,,4,,Asia and the Pacific
Mali Mali,,3,1,4,,Africa
Malta Malta,,3,,3,,Europe and North America
Marshall Islands Marshall Islands,,1,,1,,Asia and the Pacific
Mauritania Mauritania,1,1,,2,,Arab States
Mauritius Mauritius,,2,,2,,Africa
Mexico Mexico,6,27,2,35,,Latin America and the Caribbean
Moldova Moldova,,1,,1,1,Europe and North America
Micronesia Micronesia,,2,,2,,Asia and the Pacific
Mongolia Mongolia,2 The natural site Uvs Nuur Basin is shared between Mongolia and Russia.,3,,5,2,Asia and the Pacific
Montenegro Montenegro,1,3,,4,2,Europe and North America
Morocco Morocco,,9,,9,,Arab States
Mozambique Mozambique,,1,,1,,Africa
Myanmar Myanmar,,2,,2,,Asia and the Pacific
Namibia Namibia,1,1,,2,,Africa
Nepal Nepal,2,"2 Kathmandu Valley has seven groups of monuments & buildings within its boundaries and are listed under one name. The seven groups are: the Durbar Square s of Kathmandu , Patan , and Bhaktapur , Buddhist Stupas of Swayambhunath and Boudhanath , and Hindu Temples of Pashupatinath and Changu Narayan , also there are places like muktinath, budanilkantha which are listed are world heritage site",,4,,Asia and the Pacific
Netherlands Netherlands,1,9,,10,1,Europe and North America
New Zealand New Zealand,2,,1,3,,Asia and the Pacific
Nicaragua Nicaragua,,2,,2,,Latin America and the Caribbean
Niger Niger,2,1,,3,1,Africa
Nigeria Nigeria,,2,,2,,Africa
Norway Norway,1,7,,8,1,Europe and North America
Republic of North Macedonia North Macedonia,,,1,1,,Europe and North America
Oman Oman,"In addition, the former natural site Arabian Oryx Sanctuary has been delisted.",5,,5,,Arab States
Pakistan Pakistan,,6,,6,,Asia and the Pacific
Palau Palau,,,1,1,,Asia and the Pacific
Palestine Palestine,,2,,2,,Arab States
Panama Panama,3,2,,5,1,Latin America and the Caribbean
Papua New Guinea Papua New Guinea,,1,,1,,Asia and the Pacific
Paraguay Paraguay,,1,,1,,Latin America and the Caribbean
Peru Peru,2,8,2,12,1,Latin America and the Caribbean
Philippines Philippines,3,3,,6,,Asia and the Pacific
Poland Poland,1,15 The cultural site Wooden Tserkvas of the Carpathian Region in Poland and Ukraine is shared between Poland and Ukraine.,,16,3,Europe and North America
Portugal Portugal,1,16 The cultural site Prehistoric Rock-Art Sites in the Côa Valley and Siega Verde is shared between Portugal and Spain.,,17,1,Europe and North America
Qatar Qatar,,1,,1,,Arab States
Republic of Korea Republic of Korea,1,13,,14,,Asia and the Pacific
Romania Romania,2,6,,8,1,Europe and North America
Russian Federation Russia,11,18,,29,4,Europe and North America
Saint Kitts and Nevis Saint Kitts and Nevis,,1,,1,,Latin America and the Caribbean
Saint Lucia Saint Lucia,1,,,1,,Latin America and the Caribbean
San Marino San Marino,,1,,1,,Europe and North America
Saudi Arabia Saudi Arabia,,5,,5,,Arab States
Senegal Senegal,2,5,,7,1,Africa
Serbia Serbia,,5,,5,1,Europe and North America
Seychelles Seychelles,2,,,2,,Africa
Singapore Singapore,,1,,1,,Asia and the Pacific
Slovakia Slovakia,"2 The natural site Ancient and Primeval Beech Forests of the Carpathians and Other Regions of Europe is shared between Albania, Austria, Belgium, Bulgaria, Croatia, Germany, Italy, Romania, Slovakia, Slovenia, Spain, and Ukraine.",5,,7,2,Europe and North America
Slovenia Slovenia,2,2 The cultural site Heritage of Mercury. Almadén and Idrija is shared between Slovenia and Spain.,,4,3,Europe and North America
Solomon Islands Solomon Islands,1,,,1,,Asia and the Pacific
South Africa South Africa,4,5,1,10,1,Africa
Spain Spain,4,42,2,48,4,Europe and North America
Sri Lanka Sri Lanka,2,6,,8,,Asia and the Pacific
Sudan Sudan,1,2,,3,,Arab States
Suriname Suriname,1,1,,2,,Latin America and the Caribbean
Sweden Sweden,1,13,1,15,2,Europe and North America
Switzerland Switzerland,3,9,,12,4,Europe and North America
Syria Syria,,6,,6,,Arab States
Tajikistan Tajikistan,1,1,,2,,Asia and the Pacific
Tanzania Tanzania,3,3,1,7,,Africa
Thailand Thailand,2,3,,5,,Asia and the Pacific
Togo Togo,,1,,1,,Africa
Tunisia Tunisia,1,7,,8,,Arab States
Turkey Turkey,,16,2,18,,Europe and North America
Turkmenistan Turkmenistan,,3,,3,,Asia and the Pacific
Uganda Uganda,2,1,,3,,Africa
Ukraine Ukraine,1,6,,7,3,Europe and North America
United Kingdom United Kingdom,4,27,1,32,1,Europe and North America
United States of America United States,12,11,1,24,2,Europe and North America
United Arab Emirates United Arab Emirates,,1,,1,,Arab States
Uruguay Uruguay,,2,,2,,Latin America and the Caribbean
Uzbekistan Uzbekistan,1,4,,5,1,Asia and the Pacific
Vanuatu Vanuatu,,1,,1,,Asia and the Pacific
Venezuela Venezuela,1,2,,3,,Latin America and the Caribbean
Vietnam Vietnam,2,5,1,8,,Asia and the Pacific
Yemen Yemen,1,3,,4,,Arab States
Zambia Zambia,1 The natural site Mosi-oa-Tunya / Victoria Falls is shared between Zambia and Zimbabwe.,,,1,1,Africa
Zimbabwe Zimbabwe,2,3,,5,1,Africa
(less Transboundary Sites),14,18,2,34,,
Total,213,869,39,1 121,38,167 State Parties
