Rank,County,GDP in mil KES,GDP in mil USD (PPP),Equivalent country
1,Nairobi County,1492323,27798,Armenia
2,Nakuru County,517462,10333,Timor-Leste
3,Kiambu County,421918,8425,Suriname
4,Mombasa County,332122,6632,Lesotho
5,Nyandarua County,245203,4896,Barbados
6,Machakos County,232860,4650,Barbados
7,Meru County,229646,4585,Aruba
8,Kisumu County,194489,3883,Cape Verde
9,Bungoma County,183509,3664,Cayman Islands
10,Kakamega County,182563,3645,Cayman Islands
11,Narok County,179226,3579,Cayman Islands
12,Nyeri County,174961,3493,Central African Republic
13,Muranga County,173018,3455,Central African Republic
14,Kisii County,163546,3266,Belize
15,Uasin Gishu County,162273,3240,Belize
16,Bomet County,159569,3186,Belize
17,Elgeyo-Marakwet County,159531,3185,Belize
18,Kericho County,136799,2732,Seychelles
19,Nandi County,119691,2390,Antigua and Barbuda
20,Kilifi County,119295,2382,Antigua and Barbuda
21,Trans-Nzoia County,116683,2330,Antigua and Barbuda
22,Homa Bay County,114198,2280,Comoros
23,Kajiado County,107805,2153,San Marino
24,Embu County,103734,2071,San Marino
25,Nyamira County,103239,2061,San Marino
26,Kitui County,101560,2028,San Marino
27,Makueni County,100924,2015,San Marino
28,Kirinyaga County,100836,2013,San Marino
29,Migori County,96337,1923,San Marino
30,Siaya County,95265,1902,San Marino
31,Baringo County,92866,1854,Grenada
32,Busia County,86712,1731,Grenada
33,Kwale County,86278,1723,Grenada
34,Laikipia County,81095,1619,Grenada
35,Turkana County,78301,1563,Saint Kitts and Nevis
36,Tharaka-Nithi County,67692,1352,Samoa
37,Vihiga County,59050,1179,Saint Vincent and the Grenadines
38,Taita–Taveta County,51381,1026,Vanuatu
39,West Pokot County,46785,934,Vanuatu
40,Garissa County,39394,787,Dominica
41,Wajir County,37159,742,Dominica
42,Mandera County,35101,701,São Tomé and Príncipe
43,Marsabit County,34073,680,São Tomé and Príncipe
44,Tana River County,33498,669,São Tomé and Príncipe
45,Lamu County,32386,647,Tonga
46,Samburu County,26503,529,Tonga
47,Isiolo County,15850,316,Palau
,Kenya,8196666,163668,Tanzania
