Plant_Name,Operator_Name,Prime_Mover,Fuel_Code,Netgen_January,Netgen_February,Netgen_March,Netgen_April,Netgen_May,Netgen_June,Netgen_July,Netgen_August,Netgen_September,Netgen_October,Netgen_November,Netgen_December,Netgen_Total
Pattern Santa Isabel LLC,Pattern Operators LP,WT,WND,0,1331,2031,4845,10431,12703,18743,18297,10731,5980,8905,12870,106867
EcoElectrica,EcoElectrica LP,CA,NG,0,22573,102311,94746,93782,93943,93204,77245,92168,96791,15124,73249,855136
EcoElectrica,EcoElectrica LP,CT,NG,173700,109087,210469,199224,195817,201024,192930,136950,192354,207010,195190,197014,2210769
AES ILUMINA,"AES ILUMINA, LLC",PV,SUN,0,54,585,1088,2051,2743,3039,3239,2947,2747,2602,2826,23921
AES Puerto Rico,AES Puerto Rico LP,ST,BIT,0,97442,202650,242115,251078,152046,267918,267331,258096,210734,290495,266544,2506449
Oriana Energy Hybrid,Oriana Energy LLC,BA,MWH,0,0,0,0,0,-12,-33,-164,-164,-72,-155,-187,-787
Oriana Energy Hybrid,Oriana Energy LLC,PV,SUN,0,0,0,38,-49,799,2104,1939,2511,2860,4818,6481,21500
San Fermin Solar Farm,San Fermin Solar Farm LLC,BA,MWH,0,0,0,0,-1,-7,-9,-10,57,-15,-12,-16,-13
San Fermin Solar Farm,San Fermin Solar Farm LLC,IC,DFO,0,0,0,0,0,0,0,2,1,2,6,11,22
San Fermin Solar Farm,San Fermin Solar Farm LLC,PV,SUN,0,0,0,0,51,688,1129,1572,1346,1351,1584,2337,10058
Punta Lima Wind Farm,"Punta Lima Wind Farm, LLC",WT,WND,0,0,,,,,,,,,,,0
"Humacao Solar Project, LLC","Fonroche Energy America, Inc.",PV,SUN,0,0,0,0,0,28,314,399,643,991,1501,1825,5701
Aguirre Plant,Puerto Rico Electric Pwr Authority,CA,DFO,0,0,,,-103,,,,0,2792,5,1509,4203
Aguirre Plant,Puerto Rico Electric Pwr Authority,CT,DFO,17800,1780,,,8169,,,,7343,25505,12654,21916,95167
Aguirre Plant,Puerto Rico Electric Pwr Authority,GT,DFO,0,0,,,0,,,,0,13,31,47,91
Aguirre Plant,Puerto Rico Electric Pwr Authority,ST,DFO,0,0,,,0,,,,0,378,126,292,795
Aguirre Plant,Puerto Rico Electric Pwr Authority,ST,RFO,204392,168866,,,182351,,,,253517,277981,338748,319853,1745709
Costa Sur Plant,Puerto Rico Electric Pwr Authority,GT,DFO,0,0,0,0,0,0,0,0,0,0,0,0,0
Costa Sur Plant,Puerto Rico Electric Pwr Authority,ST,NG,217184,196999,141388,126290,232361,291098,252878,333427,344545,346233,327830,210070,3020303
Costa Sur Plant,Puerto Rico Electric Pwr Authority,ST,RFO,0,80629,6426,0,0,1128,0,28193,0,0,9022,0,125398
Central San Juan Plant,Puerto Rico Electric Pwr Authority,CA,DFO,35486,30086,36258,55497,,54002,56974,64889,56875,44884,27641,41378,503970
Central San Juan Plant,Puerto Rico Electric Pwr Authority,CT,DFO,112143,93932,114552,175186,,166096,174944,195737,170944,136967,93986,130410,1564897
Central San Juan Plant,Puerto Rico Electric Pwr Authority,ST,RFO,138694,62147,83866,44985,,48729,56612,26033,39097,20091,0,0,520254
Palo Seco Plant,Puerto Rico Electric Pwr Authority,GT,DFO,30100,25991,16028,12135,5138,7867,4981,8219,95,1237,6140,3207,121138
Palo Seco Plant,Puerto Rico Electric Pwr Authority,ST,RFO,61265,90144,58606,64510,74303,72607,89281,103778,72327,100442,63993,85019,936275
Cambalache Plant,Puerto Rico Electric Pwr Authority,GT,DFO,14851,4378,1476,14056,7638,17446,5898,6459,163,1848,4193,3382,81788
Mayaguez Plant,Puerto Rico Electric Pwr Authority,GT,DFO,35811,11984,18391,20763,10285,8267,4881,10086,268,319,2008,1811,124874
Jobos,Puerto Rico Electric Pwr Authority,GT,DFO,62,53,50,70,22,66,69,80,63,65,43,60,703
Caonillas,Puerto Rico Electric Pwr Authority,HY,WAT,0,0,0,0,,0,0,0,0,0,0,0,0
Culebra,Puerto Rico Electric Pwr Authority,IC,RFO,743,638,601,834,264,793,824,951,754,775,516,714,8407
Daguao,Puerto Rico Electric Pwr Authority,GT,DFO,4509,3871,3648,5056,1604,4809,4999,5767,4572,4698,3127,4330,50989
Vega Baja,Puerto Rico Electric Pwr Authority,GT,DFO,443,381,359,497,158,473,491,567,449,462,307,426,5013
Vieques,Puerto Rico Electric Pwr Authority,IC,RFO,18,16,15,21,7,20,20,24,19,19,13,18,209
Yabucoa,Puerto Rico Electric Pwr Authority,GT,DFO,1433,1230,1159,1607,510,1528,1589,1833,1453,1493,994,1376,16207
"Holsum de Puerto Rico, Inc.","Holsum de Puerto Rico, Inc.",IC,DFO,0,0,0,0,0,0,0,0,0,0,0,0,0
Janssen Ortho LLC,Janssen Ortho LLC,IC,DFO,174,150,141,195,62,186,193,223,177,182,121,167,1970
Janssen Ortho LLC,Janssen Ortho LLC,PV,SUN,0,0,0,0,0,0,0,0,0,0,0,0,0
HIMA San Pablo - Caguas,HIMA San Pablo Caguas,IC,DFO,52,45,42,58,19,56,58,67,53,54,36,50,589
