﻿Sentence,Label (1 is +ve)
M’ani  agye papa,1
Paul ani gye komputer ho adwuma yiye,1
Me maame  ho yɛ fɛ sen oibara,1
Kwame ani agye efisɛ aduane pii wɔ apontow no ase,1
Ghana yɛ ɔman a eye sen biara wɔ wiase,1
Kwame ani agye efisɛ ɔtwaa n’sɔhwɛ no nyinaa,1
"Ɛnnɛ yɛ anigye da, efisɛ bere biribiara akɔ so pɛpɛɛpɛ wɔ biakoyɛ mu no",1
Nkurɔfo dɔ Kwame paa na wobu no,1
M’ani gye me ne Paul fekubɔ no ho yiye,1
"Me ne m'abusua, me nnamfo ne me mfɛfo adwumayɛfo wɔ abusuabɔ pa",1
Kwabena ti awu na n'adwenen sua,0
Me papa ani nnye bɔɔlbɔ ho koraa,0
Nneɛma bɔne pii na ahyɛ wiase ma,0
Nnipa pii awu wɔ Nigeria,0
Sister Akosua aduane no nnyɛ dɛ,0
Kar akwanhyia  ɛkum nnipa pii wo Accra,0
"Mayɛ basaa, da mu no nyinaa mede awerɛhow nenam",0
"Kwame sui esiane sɛ, ne kraman no awu",0
Afie ne mu fĩ asɛe asubɔnten no,0
Corona yare no ɛkum nipa pii wɔ Italy,0
