{"realtime_start": "2019-12-23", "realtime_end": "2019-12-23", "seriess": [{"id": "DISCOUNT", "realtime_start": "2019-12-23", "realtime_end": "2019-12-23", "title": "Discount Rate Changes: Historical Dates of Changes and Rates (DISCONTINUED)", "observation_start": "1934-02-02", "observation_end": "2002-11-06", "frequency": "Not Applicable", "frequency_short": "NA", "units": "Percent", "units_short": "%", "seasonal_adjustment": "Not Seasonally Adjusted", "seasonal_adjustment_short": "NSA", "last_updated": "2003-07-23 12:37:44-05", "popularity": 38, "notes": "Effective Date\nData before 1975 represent the date of the New York Fed discount rate change, data after 1975 represent the date of the first Federal Reserve bank discount rate change.\nSource: Board of Governors: Banking and Monetary Statistics, 1914-1941, and 1941-1970; the Annual Statistical Digest, 1970-1979; and the Federal Reserve Bulletin, 1978 - January 8, 2003.\n\nPlease refer to http://www.federalreserve.gov/boarddocs/press/monetary/2003/20030106/default.htm for further information on the discontinuation of this series effective January 9, 2003."}]}