Date,Country/Region,Confirmed,Recovered,Deaths,Population
2020/1/22,United Arab Emirates,0,0,0,9902079
2020/1/23,United Arab Emirates,0,0,0,9902079
2020/1/24,United Arab Emirates,0,0,0,9902079
2020/1/25,United Arab Emirates,0,0,0,9902079
2020/1/26,United Arab Emirates,0,0,0,9902079
2020/1/27,United Arab Emirates,0,0,0,9902079
2020/1/28,United Arab Emirates,0,0,0,9902079
2020/1/29,United Arab Emirates,4,0,0,9902079
2020/1/30,United Arab Emirates,4,0,0,9902079
2020/1/31,United Arab Emirates,4,0,0,9902079
2020/2/1,United Arab Emirates,4,0,0,9902079
2020/2/2,United Arab Emirates,5,0,0,9902079
2020/2/3,United Arab Emirates,5,0,0,9902079
2020/2/4,United Arab Emirates,5,0,0,9902079
2020/2/5,United Arab Emirates,5,0,0,9902079
2020/2/6,United Arab Emirates,5,0,0,9902079
2020/2/7,United Arab Emirates,5,0,0,9902079
2020/2/8,United Arab Emirates,7,0,0,9902079
2020/2/9,United Arab Emirates,7,0,0,9902079
2020/2/10,United Arab Emirates,8,0,0,9902079
2020/2/11,United Arab Emirates,8,0,0,9902079
2020/2/12,United Arab Emirates,8,1,0,9902079
2020/2/13,United Arab Emirates,8,1,0,9902079
2020/2/14,United Arab Emirates,8,1,0,9902079
2020/2/15,United Arab Emirates,8,3,0,9902079
2020/2/16,United Arab Emirates,9,4,0,9902079
2020/2/17,United Arab Emirates,9,4,0,9902079
2020/2/18,United Arab Emirates,9,4,0,9902079
2020/2/19,United Arab Emirates,9,4,0,9902079
2020/2/20,United Arab Emirates,9,4,0,9902079
2020/2/21,United Arab Emirates,9,4,0,9902079
2020/2/22,United Arab Emirates,13,4,0,9902079
2020/2/23,United Arab Emirates,13,4,0,9902079
2020/2/24,United Arab Emirates,13,4,0,9902079
2020/2/25,United Arab Emirates,13,4,0,9902079
2020/2/26,United Arab Emirates,13,4,0,9902079
2020/2/27,United Arab Emirates,13,4,0,9902079
2020/2/28,United Arab Emirates,19,5,0,9902079
2020/2/29,United Arab Emirates,21,5,0,9902079
2020/3/1,United Arab Emirates,21,5,0,9902079
2020/3/2,United Arab Emirates,21,5,0,9902079
2020/3/3,United Arab Emirates,27,5,0,9902079
2020/3/4,United Arab Emirates,27,5,0,9902079
2020/3/5,United Arab Emirates,29,5,0,9902079
2020/3/6,United Arab Emirates,29,5,0,9902079
2020/3/7,United Arab Emirates,45,7,0,9902079
2020/3/8,United Arab Emirates,45,7,0,9902079
2020/3/9,United Arab Emirates,45,7,0,9902079
2020/3/10,United Arab Emirates,74,12,0,9902079
2020/3/11,United Arab Emirates,74,17,0,9902079
2020/3/12,United Arab Emirates,85,17,0,9902079
2020/3/13,United Arab Emirates,85,17,0,9902079
2020/3/14,United Arab Emirates,85,17,0,9902079
2020/3/15,United Arab Emirates,98,23,0,9902079
2020/3/16,United Arab Emirates,98,23,0,9902079
2020/3/17,United Arab Emirates,98,23,0,9902079
2020/3/18,United Arab Emirates,113,26,0,9902079
2020/3/19,United Arab Emirates,140,31,0,9902079
2020/3/20,United Arab Emirates,140,31,2,9902079
2020/3/21,United Arab Emirates,153,38,2,9902079
2020/3/22,United Arab Emirates,153,38,2,9902079
2020/3/23,United Arab Emirates,198,38,2,9902079
2020/3/24,United Arab Emirates,248,45,2,9902079
2020/3/25,United Arab Emirates,333,52,2,9902079
2020/3/26,United Arab Emirates,333,52,2,9902079
2020/3/27,United Arab Emirates,405,52,2,9902079
2020/3/28,United Arab Emirates,468,52,2,9902079
2020/3/29,United Arab Emirates,570,58,3,9902079
2020/3/30,United Arab Emirates,611,61,5,9902079
2020/3/31,United Arab Emirates,664,61,6,9902079
2020/4/1,United Arab Emirates,814,61,8,9902079
2020/4/2,United Arab Emirates,1024,96,8,9902079
2020/4/3,United Arab Emirates,1264,108,9,9902079
2020/4/4,United Arab Emirates,1505,125,10,9902079
2020/4/5,United Arab Emirates,1799,144,10,9902079
2020/4/6,United Arab Emirates,2076,167,11,9902079
2020/4/7,United Arab Emirates,2359,186,12,9902079
2020/4/8,United Arab Emirates,2659,239,12,9902079
2020/4/9,United Arab Emirates,2990,268,14,9902079
2020/4/10,United Arab Emirates,3360,418,16,9902079
2020/4/11,United Arab Emirates,3736,588,20,9902079
2020/4/12,United Arab Emirates,4123,680,22,9902079
2020/4/13,United Arab Emirates,4521,852,25,9902079
2020/4/14,United Arab Emirates,4933,933,28,9902079
2020/4/15,United Arab Emirates,5365,1034,33,9902079
2020/4/16,United Arab Emirates,5825,1095,35,9902079
2020/4/17,United Arab Emirates,6302,1188,37,9902079
2020/4/18,United Arab Emirates,6302,1188,37,9902079
2020/4/19,United Arab Emirates,6781,1286,41,9902079
2020/4/20,United Arab Emirates,7265,1360,43,9902079
2020/4/21,United Arab Emirates,7755,1443,46,9902079
2020/4/22,United Arab Emirates,8238,1546,52,9902079
2020/4/23,United Arab Emirates,8756,1637,56,9902079
2020/4/24,United Arab Emirates,9281,1760,64,9902079
2020/4/25,United Arab Emirates,9813,1887,71,9902079
2020/4/26,United Arab Emirates,10349,1978,76,9902079
2020/4/27,United Arab Emirates,10839,2090,82,9902079
2020/4/28,United Arab Emirates,11380,2181,89,9902079
2020/4/29,United Arab Emirates,11929,2329,98,9902079
2020/4/30,United Arab Emirates,12481,2429,105,9902079
2020/5/1,United Arab Emirates,13038,2543,111,9902079
2020/5/2,United Arab Emirates,13599,2664,119,9902079
2020/5/3,United Arab Emirates,14163,2763,126,9902079
2020/5/4,United Arab Emirates,14730,2966,137,9902079
2020/5/5,United Arab Emirates,15192,3153,146,9902079
2020/5/6,United Arab Emirates,15738,3359,157,9902079
2020/5/7,United Arab Emirates,16240,3572,165,9902079
2020/5/8,United Arab Emirates,16793,3837,174,9902079
2020/5/9,United Arab Emirates,17417,4295,185,9902079
2020/5/10,United Arab Emirates,18198,4804,198,9902079
2020/5/11,United Arab Emirates,18878,5381,201,9902079
2020/5/12,United Arab Emirates,19661,6012,203,9902079
2020/5/13,United Arab Emirates,20386,6523,206,9902079
2020/5/14,United Arab Emirates,21084,6930,208,9902079
2020/5/15,United Arab Emirates,21831,7328,210,9902079
2020/5/16,United Arab Emirates,22627,7931,214,9902079
2020/5/17,United Arab Emirates,23358,8512,220,9902079
2020/5/18,United Arab Emirates,24190,9577,224,9902079
2020/5/19,United Arab Emirates,25063,10791,227,9902079
2020/5/20,United Arab Emirates,26004,11809,233,9902079
2020/5/21,United Arab Emirates,26898,12755,237,9902079
2020/5/22,United Arab Emirates,27892,13798,241,9902079
2020/5/23,United Arab Emirates,28704,14495,244,9902079
2020/5/24,United Arab Emirates,29485,15056,245,9902079
2020/5/25,United Arab Emirates,30307,15657,248,9902079
2020/5/26,United Arab Emirates,31086,15982,253,9902079
2020/5/27,United Arab Emirates,31969,16371,255,9902079
2020/5/28,United Arab Emirates,32532,16685,258,9902079
2020/5/29,United Arab Emirates,33170,17097,260,9902079
2020/5/30,United Arab Emirates,33896,17546,262,9902079
2020/5/31,United Arab Emirates,34557,17932,264,9902079
2020/6/1,United Arab Emirates,35192,18338,266,9902079
2020/6/2,United Arab Emirates,35788,18726,269,9902079
2020/6/3,United Arab Emirates,36359,19153,270,9902079
2020/6/4,United Arab Emirates,37018,19572,273,9902079
2020/6/5,United Arab Emirates,37642,20337,274,9902079
2020/6/6,United Arab Emirates,38268,21061,275,9902079
2020/6/7,United Arab Emirates,38808,21806,276,9902079
2020/6/8,United Arab Emirates,39376,22275,281,9902079
2020/6/9,United Arab Emirates,39904,22740,283,9902079
2020/6/10,United Arab Emirates,40507,24017,284,9902079
2020/6/11,United Arab Emirates,40986,25234,286,9902079
2020/6/12,United Arab Emirates,41499,25946,287,9902079
2020/6/13,United Arab Emirates,41990,26761,288,9902079
2020/6/14,United Arab Emirates,42294,27462,289,9902079
2020/6/15,United Arab Emirates,42636,28129,291,9902079
2020/6/16,United Arab Emirates,42982,28861,293,9902079
2020/6/17,United Arab Emirates,43364,29537,295,9902079
2020/6/18,United Arab Emirates,43752,30241,298,9902079
2020/6/19,United Arab Emirates,44145,30996,300,9902079
2020/6/20,United Arab Emirates,44533,31754,301,9902079
2020/6/21,United Arab Emirates,44925,32415,302,9902079
2020/6/22,United Arab Emirates,45303,33046,303,9902079
2020/6/23,United Arab Emirates,45683,33703,305,9902079
2020/6/24,United Arab Emirates,46133,34405,307,9902079
2020/6/25,United Arab Emirates,46563,35165,308,9902079
2020/6/26,United Arab Emirates,46973,35469,310,9902079
2020/6/27,United Arab Emirates,47360,35834,311,9902079
2020/6/28,United Arab Emirates,47797,36411,313,9902079
2020/6/29,United Arab Emirates,48246,37076,314,9902079
2020/6/30,United Arab Emirates,48667,37566,315,9902079
2020/7/1,United Arab Emirates,49069,38160,316,9902079
2020/7/2,United Arab Emirates,49469,38664,317,9902079
2020/7/3,United Arab Emirates,50141,39153,318,9902079
2020/7/4,United Arab Emirates,50857,39857,321,9902079
2020/7/5,United Arab Emirates,51540,40297,323,9902079
2020/7/6,United Arab Emirates,52068,40721,324,9902079
2020/7/7,United Arab Emirates,52600,41714,326,9902079
2020/7/8,United Arab Emirates,53045,42282,327,9902079
2020/7/9,United Arab Emirates,53577,43570,328,9902079
2020/7/10,United Arab Emirates,54050,43969,330,9902079
2020/7/11,United Arab Emirates,54453,44648,331,9902079
2020/7/12,United Arab Emirates,54854,45140,333,9902079
2020/7/13,United Arab Emirates,55198,45513,334,9902079
2020/7/14,United Arab Emirates,55573,46025,335,9902079
2020/7/15,United Arab Emirates,55848,46418,335,9902079
2020/7/16,United Arab Emirates,56129,47412,335,9902079
2020/7/17,United Arab Emirates,56422,48448,337,9902079
2020/7/18,United Arab Emirates,56711,48917,338,9902079
2020/7/19,United Arab Emirates,56922,49269,339,9902079
2020/7/20,United Arab Emirates,57193,49621,340,9902079
2020/7/21,United Arab Emirates,57498,49964,341,9902079
2020/7/22,United Arab Emirates,57734,50354,342,9902079
2020/7/23,United Arab Emirates,57988,50848,342,
2020/7/24,United Arab Emirates,58249,51235,343,
2020/7/25,United Arab Emirates,58562,51628,343,
2020/7/26,United Arab Emirates,58913,52182,344,
2020/7/27,United Arab Emirates,59177,52510,345,
2020/7/28,United Arab Emirates,59546,52905,347,
2020/7/29,United Arab Emirates,59921,53202,347,
2020/7/30,United Arab Emirates,60223,53626,349,
2020/7/31,United Arab Emirates,60506,53909,351,
2020/8/1,United Arab Emirates,60760,54255,351,
2020/8/2,United Arab Emirates,60999,54615,351,
2020/8/3,United Arab Emirates,61163,54863,351,
2020/8/4,United Arab Emirates,61352,55090,351,
2020/8/5,United Arab Emirates,61606,55385,353,
2020/8/6,United Arab Emirates,61845,55739,354,
2020/8/7,United Arab Emirates,62061,56015,356,
2020/8/8,United Arab Emirates,62300,56245,356,
2020/8/9,United Arab Emirates,62525,56568,357,
2020/8/10,United Arab Emirates,62704,56766,357,
2020/8/11,United Arab Emirates,62966,56961,358,
2020/8/12,United Arab Emirates,63212,57193,358,
2020/8/13,United Arab Emirates,63489,57372,358,
2020/8/14,United Arab Emirates,63819,57473,359,
2020/8/15,United Arab Emirates,64102,57571,361,
2020/8/16,United Arab Emirates,64312,57694,364,
2020/8/17,United Arab Emirates,64541,57794,364,
2020/8/18,United Arab Emirates,64906,57909,366,
2020/8/19,United Arab Emirates,65341,58022,367,
2020/8/20,United Arab Emirates,65802,58153,369,
2020/8/21,United Arab Emirates,66193,58296,370,
2020/8/22,United Arab Emirates,66617,58408,372,
2020/8/23,United Arab Emirates,67007,58488,375,
2020/8/24,United Arab Emirates,67282,58582,376,
2020/8/25,United Arab Emirates,67621,58754,377,
2020/8/26,United Arab Emirates,68020,59070,378,
2020/8/27,United Arab Emirates,68511,59472,378,
2020/8/28,United Arab Emirates,68901,59861,379,
2020/8/29,United Arab Emirates,69328,60202,379,
2020/8/30,United Arab Emirates,69690,60600,382,
2020/8/31,United Arab Emirates,70231,60931,384,
2020/9/1,United Arab Emirates,70805,61491,384,
2020/9/2,United Arab Emirates,71540,62029,387,
2020/9/3,United Arab Emirates,72154,62668,387,
2020/9/4,United Arab Emirates,72766,63158,387,
2020/9/5,United Arab Emirates,73471,63652,388,
2020/9/6,United Arab Emirates,73984,66095,388,
2020/9/7,United Arab Emirates,74454,66533,390,
2020/9/8,United Arab Emirates,75098,66943,391,
2020/9/9,United Arab Emirates,75981,67359,393,
2020/9/10,United Arab Emirates,76911,67945,398,
2020/9/11,United Arab Emirates,77842,68462,398,
2020/9/12,United Arab Emirates,78849,68983,399,
2020/9/13,United Arab Emirates,79489,69451,399,
2020/9/14,United Arab Emirates,80266,69981,399,
2020/9/15,United Arab Emirates,80940,70635,401,
2020/9/16,United Arab Emirates,81782,71456,402,
2020/9/17,United Arab Emirates,82568,72117,402,
2020/9/18,United Arab Emirates,83433,72790,403,
2020/9/19,United Arab Emirates,84242,73512,404,
2020/9/20,United Arab Emirates,84916,74273,404,
2020/9/21,United Arab Emirates,85595,75086,405,
2020/9/22,United Arab Emirates,86447,76025,405,
2020/9/23,United Arab Emirates,87530,76995,406,
2020/9/24,United Arab Emirates,88532,77937,407,
2020/9/25,United Arab Emirates,89540,78819,409,
2020/9/26,United Arab Emirates,90618,79676,411,
2020/9/27,United Arab Emirates,91469,80544,412,
2020/9/28,United Arab Emirates,92095,81462,413,
2020/9/29,United Arab Emirates,93090,82538,416,
2020/9/30,United Arab Emirates,94190,83724,419,
2020/10/1,United Arab Emirates,95348,84903,421,
2020/10/2,United Arab Emirates,96529,86071,424,
2020/10/3,United Arab Emirates,97760,87122,426,
2020/10/4,United Arab Emirates,98801,88123,426,
2020/10/5,United Arab Emirates,99733,89410,429,
2020/10/6,United Arab Emirates,100794,90556,435,
2020/10/7,United Arab Emirates,101840,91710,436,
2020/10/8,United Arab Emirates,102929,93479,438,
2020/10/9,United Arab Emirates,104004,94903,442,
2020/10/10,United Arab Emirates,105133,95973,443,
2020/10/11,United Arab Emirates,106229,97284,445,
2020/10/12,United Arab Emirates,107293,98555,446,
2020/10/13,United Arab Emirates,108608,100007,448,
2020/10/14,United Arab Emirates,110039,101659,450,
2020/10/15,United Arab Emirates,111437,103325,452,
2020/10/16,United Arab Emirates,112849,104943,455,
2020/10/17,United Arab Emirates,114387,106354,459,
2020/10/18,United Arab Emirates,115602,107516,463,
2020/10/19,United Arab Emirates,116517,108811,466,
2020/10/20,United Arab Emirates,117594,110313,470,
2020/10/21,United Arab Emirates,119132,111814,472,
2020/10/22,United Arab Emirates,120710,113364,474,
2020/10/23,United Arab Emirates,122273,115068,475,
2020/10/24,United Arab Emirates,123764,116894,475,
2020/10/25,United Arab Emirates,125123,118931,477,
2020/10/26,United Arab Emirates,126234,120750,480,
2020/10/27,United Arab Emirates,127624,122458,482,
2020/10/28,United Arab Emirates,129024,124647,485,
2020/10/29,United Arab Emirates,130336,126147,488,
2020/10/30,United Arab Emirates,131508,127607,490,
2020/10/31,United Arab Emirates,132629,128902,495,
2020/11/1,United Arab Emirates,133907,130508,496,
2020/11/2,United Arab Emirates,135141,132024,497,
