Country Name,Country ISO3,Year,Indicator Name,Indicator Code,Value
#country+name,#country+code,#date+year,#indicator+name,#indicator+code,#indicator+value+num
India,IND,2018,"Charges for the use of intellectual property, payments (BoP, current US$)",BM.GSR.ROYL.CD,7905957776.50492
India,IND,2017,"Charges for the use of intellectual property, payments (BoP, current US$)",BM.GSR.ROYL.CD,6515405393.63595
India,IND,2016,"Charges for the use of intellectual property, payments (BoP, current US$)",BM.GSR.ROYL.CD,5466041709.7527
India,IND,2015,"Charges for the use of intellectual property, payments (BoP, current US$)",BM.GSR.ROYL.CD,5009034406.59605
India,IND,2014,"Charges for the use of intellectual property, payments (BoP, current US$)",BM.GSR.ROYL.CD,4848711888.70729
India,IND,2013,"Charges for the use of intellectual property, payments (BoP, current US$)",BM.GSR.ROYL.CD,3903908830.45921
India,IND,2012,"Charges for the use of intellectual property, payments (BoP, current US$)",BM.GSR.ROYL.CD,3990055616.79302
India,IND,2011,"Charges for the use of intellectual property, payments (BoP, current US$)",BM.GSR.ROYL.CD,2819291078.7559
India,IND,2010,"Charges for the use of intellectual property, payments (BoP, current US$)",BM.GSR.ROYL.CD,2438302981.08653
India,IND,2009,"Charges for the use of intellectual property, payments (BoP, current US$)",BM.GSR.ROYL.CD,1860070100.10474
India,IND,2008,"Charges for the use of intellectual property, payments (BoP, current US$)",BM.GSR.ROYL.CD,1528826912.72299
India,IND,2007,"Charges for the use of intellectual property, payments (BoP, current US$)",BM.GSR.ROYL.CD,1159824390.70936
India,IND,2006,"Charges for the use of intellectual property, payments (BoP, current US$)",BM.GSR.ROYL.CD,845949436.030585
India,IND,2005,"Charges for the use of intellectual property, payments (BoP, current US$)",BM.GSR.ROYL.CD,671829366.31862
India,IND,2004,"Charges for the use of intellectual property, payments (BoP, current US$)",BM.GSR.ROYL.CD,611481232.354589
India,IND,2003,"Charges for the use of intellectual property, payments (BoP, current US$)",BM.GSR.ROYL.CD,549887942.05063
India,IND,2002,"Charges for the use of intellectual property, payments (BoP, current US$)",BM.GSR.ROYL.CD,345233066.962674
India,IND,2001,"Charges for the use of intellectual property, payments (BoP, current US$)",BM.GSR.ROYL.CD,317035850.702585
India,IND,2000,"Charges for the use of intellectual property, payments (BoP, current US$)",BM.GSR.ROYL.CD,282463092.346092
India,IND,1999,"Charges for the use of intellectual property, payments (BoP, current US$)",BM.GSR.ROYL.CD,315298932.626378
India,IND,1998,"Charges for the use of intellectual property, payments (BoP, current US$)",BM.GSR.ROYL.CD,200807738.730187
India,IND,1997,"Charges for the use of intellectual property, payments (BoP, current US$)",BM.GSR.ROYL.CD,150485539.464685
India,IND,1996,"Charges for the use of intellectual property, payments (BoP, current US$)",BM.GSR.ROYL.CD,118039538.685944
India,IND,1995,"Charges for the use of intellectual property, payments (BoP, current US$)",BM.GSR.ROYL.CD,90293739.5324619
India,IND,1994,"Charges for the use of intellectual property, payments (BoP, current US$)",BM.GSR.ROYL.CD,93836422.8417528
India,IND,1993,"Charges for the use of intellectual property, payments (BoP, current US$)",BM.GSR.ROYL.CD,75336944.7081246
India,IND,1992,"Charges for the use of intellectual property, payments (BoP, current US$)",BM.GSR.ROYL.CD,68598351.5448718
India,IND,1991,"Charges for the use of intellectual property, payments (BoP, current US$)",BM.GSR.ROYL.CD,49565207.8966533
India,IND,1990,"Charges for the use of intellectual property, payments (BoP, current US$)",BM.GSR.ROYL.CD,72465533.6920887
India,IND,1989,"Charges for the use of intellectual property, payments (BoP, current US$)",BM.GSR.ROYL.CD,127039845.217344
India,IND,1988,"Charges for the use of intellectual property, payments (BoP, current US$)",BM.GSR.ROYL.CD,108393928.245473
India,IND,1987,"Charges for the use of intellectual property, payments (BoP, current US$)",BM.GSR.ROYL.CD,40558650.905631
India,IND,1986,"Charges for the use of intellectual property, payments (BoP, current US$)",BM.GSR.ROYL.CD,24934650.1335626
India,IND,1985,"Charges for the use of intellectual property, payments (BoP, current US$)",BM.GSR.ROYL.CD,25143719.3536624
India,IND,1984,"Charges for the use of intellectual property, payments (BoP, current US$)",BM.GSR.ROYL.CD,22207099.1279203
India,IND,1983,"Charges for the use of intellectual property, payments (BoP, current US$)",BM.GSR.ROYL.CD,24571485.0458216
India,IND,1982,"Charges for the use of intellectual property, payments (BoP, current US$)",BM.GSR.ROYL.CD,38854328.1128294
India,IND,1981,"Charges for the use of intellectual property, payments (BoP, current US$)",BM.GSR.ROYL.CD,15153361.0803013
India,IND,1980,"Charges for the use of intellectual property, payments (BoP, current US$)",BM.GSR.ROYL.CD,12455736.6224531
India,IND,1979,"Charges for the use of intellectual property, payments (BoP, current US$)",BM.GSR.ROYL.CD,13496502.3464923
India,IND,1978,"Charges for the use of intellectual property, payments (BoP, current US$)",BM.GSR.ROYL.CD,13068415.5196535
India,IND,1977,"Charges for the use of intellectual property, payments (BoP, current US$)",BM.GSR.ROYL.CD,23026309.4666473
India,IND,1976,"Charges for the use of intellectual property, payments (BoP, current US$)",BM.GSR.ROYL.CD,17776013.3023229
India,IND,2018,"Charges for the use of intellectual property, receipts (BoP, current US$)",BX.GSR.ROYL.CD,784900902.149806
India,IND,2017,"Charges for the use of intellectual property, receipts (BoP, current US$)",BX.GSR.ROYL.CD,659628260.998322
India,IND,2016,"Charges for the use of intellectual property, receipts (BoP, current US$)",BX.GSR.ROYL.CD,524879155.063454
India,IND,2015,"Charges for the use of intellectual property, receipts (BoP, current US$)",BX.GSR.ROYL.CD,466556838.054459
India,IND,2014,"Charges for the use of intellectual property, receipts (BoP, current US$)",BX.GSR.ROYL.CD,658722433.043535
India,IND,2013,"Charges for the use of intellectual property, receipts (BoP, current US$)",BX.GSR.ROYL.CD,445568319.526626
India,IND,2012,"Charges for the use of intellectual property, receipts (BoP, current US$)",BX.GSR.ROYL.CD,321445173.962871
India,IND,2011,"Charges for the use of intellectual property, receipts (BoP, current US$)",BX.GSR.ROYL.CD,302615975.492119
India,IND,2010,"Charges for the use of intellectual property, receipts (BoP, current US$)",BX.GSR.ROYL.CD,127378163.310578
India,IND,2009,"Charges for the use of intellectual property, receipts (BoP, current US$)",BX.GSR.ROYL.CD,191939516.593492
India,IND,2008,"Charges for the use of intellectual property, receipts (BoP, current US$)",BX.GSR.ROYL.CD,147815443.392231
India,IND,2007,"Charges for the use of intellectual property, receipts (BoP, current US$)",BX.GSR.ROYL.CD,163126496.583273
India,IND,2006,"Charges for the use of intellectual property, receipts (BoP, current US$)",BX.GSR.ROYL.CD,60913260.3059551
India,IND,2005,"Charges for the use of intellectual property, receipts (BoP, current US$)",BX.GSR.ROYL.CD,205974583.701422
India,IND,2004,"Charges for the use of intellectual property, receipts (BoP, current US$)",BX.GSR.ROYL.CD,52796059.5739589
India,IND,2003,"Charges for the use of intellectual property, receipts (BoP, current US$)",BX.GSR.ROYL.CD,24088615.6906115
India,IND,2002,"Charges for the use of intellectual property, receipts (BoP, current US$)",BX.GSR.ROYL.CD,20159947.9368238
India,IND,2001,"Charges for the use of intellectual property, receipts (BoP, current US$)",BX.GSR.ROYL.CD,37156159.5439439
India,IND,2000,"Charges for the use of intellectual property, receipts (BoP, current US$)",BX.GSR.ROYL.CD,82548708.7700892
India,IND,1999,"Charges for the use of intellectual property, receipts (BoP, current US$)",BX.GSR.ROYL.CD,22883886.5633397
India,IND,1998,"Charges for the use of intellectual property, receipts (BoP, current US$)",BX.GSR.ROYL.CD,19303913.3226733
India,IND,1997,"Charges for the use of intellectual property, receipts (BoP, current US$)",BX.GSR.ROYL.CD,12414145.5187344
India,IND,1996,"Charges for the use of intellectual property, receipts (BoP, current US$)",BX.GSR.ROYL.CD,6899307.42773766
India,IND,1995,"Charges for the use of intellectual property, receipts (BoP, current US$)",BX.GSR.ROYL.CD,1395550.26340294
India,IND,1994,"Charges for the use of intellectual property, receipts (BoP, current US$)",BX.GSR.ROYL.CD,446175.135529177
India,IND,1993,"Charges for the use of intellectual property, receipts (BoP, current US$)",BX.GSR.ROYL.CD,290980.453742414
India,IND,1992,"Charges for the use of intellectual property, receipts (BoP, current US$)",BX.GSR.ROYL.CD,731658.988919697
India,IND,1991,"Charges for the use of intellectual property, receipts (BoP, current US$)",BX.GSR.ROYL.CD,615524.763325468
India,IND,1990,"Charges for the use of intellectual property, receipts (BoP, current US$)",BX.GSR.ROYL.CD,1323398.8097299
India,IND,1989,"Charges for the use of intellectual property, receipts (BoP, current US$)",BX.GSR.ROYL.CD,1292412.28765816
India,IND,1988,"Charges for the use of intellectual property, receipts (BoP, current US$)",BX.GSR.ROYL.CD,1032024.35151543
India,IND,1987,"Charges for the use of intellectual property, receipts (BoP, current US$)",BX.GSR.ROYL.CD,771836.313459158
India,IND,1986,"Charges for the use of intellectual property, receipts (BoP, current US$)",BX.GSR.ROYL.CD,397330.037929544
India,IND,1985,"Charges for the use of intellectual property, receipts (BoP, current US$)",BX.GSR.ROYL.CD,165407.730054585
India,IND,1984,"Charges for the use of intellectual property, receipts (BoP, current US$)",BX.GSR.ROYL.CD,173389.201559159
India,IND,1983,"Charges for the use of intellectual property, receipts (BoP, current US$)",BX.GSR.ROYL.CD,896690.489893738
India,IND,1982,"Charges for the use of intellectual property, receipts (BoP, current US$)",BX.GSR.ROYL.CD,625124.175325906
India,IND,1981,"Charges for the use of intellectual property, receipts (BoP, current US$)",BX.GSR.ROYL.CD,111305.389516412
India,IND,1977,"Charges for the use of intellectual property, receipts (BoP, current US$)",BX.GSR.ROYL.CD,113459.994886484
India,IND,1976,"Charges for the use of intellectual property, receipts (BoP, current US$)",BX.GSR.ROYL.CD,111523.92688918
India,IND,2015,Research and development expenditure (% of GDP),GB.XPD.RSDV.GD.ZS,0.61992
India,IND,2011,Research and development expenditure (% of GDP),GB.XPD.RSDV.GD.ZS,0.83125
India,IND,2010,Research and development expenditure (% of GDP),GB.XPD.RSDV.GD.ZS,0.82213
India,IND,2009,Research and development expenditure (% of GDP),GB.XPD.RSDV.GD.ZS,0.84444
India,IND,2008,Research and development expenditure (% of GDP),GB.XPD.RSDV.GD.ZS,0.8674
India,IND,2007,Research and development expenditure (% of GDP),GB.XPD.RSDV.GD.ZS,0.81554
India,IND,2006,Research and development expenditure (% of GDP),GB.XPD.RSDV.GD.ZS,0.82217
India,IND,2005,Research and development expenditure (% of GDP),GB.XPD.RSDV.GD.ZS,0.8358
India,IND,2004,Research and development expenditure (% of GDP),GB.XPD.RSDV.GD.ZS,0.76713
India,IND,2003,Research and development expenditure (% of GDP),GB.XPD.RSDV.GD.ZS,0.72901
India,IND,2002,Research and development expenditure (% of GDP),GB.XPD.RSDV.GD.ZS,0.73548
India,IND,2001,Research and development expenditure (% of GDP),GB.XPD.RSDV.GD.ZS,0.74586
India,IND,2000,Research and development expenditure (% of GDP),GB.XPD.RSDV.GD.ZS,0.76723
India,IND,1999,Research and development expenditure (% of GDP),GB.XPD.RSDV.GD.ZS,0.73392
India,IND,1998,Research and development expenditure (% of GDP),GB.XPD.RSDV.GD.ZS,0.7133
India,IND,1997,Research and development expenditure (% of GDP),GB.XPD.RSDV.GD.ZS,0.69597
India,IND,1996,Research and development expenditure (% of GDP),GB.XPD.RSDV.GD.ZS,0.64769
India,IND,2016,Scientific and technical journal articles,IP.JRN.ARTC.SC,110319.6
India,IND,2015,Scientific and technical journal articles,IP.JRN.ARTC.SC,106663.4
India,IND,2014,Scientific and technical journal articles,IP.JRN.ARTC.SC,100574.8
India,IND,2013,Scientific and technical journal articles,IP.JRN.ARTC.SC,88942.4
India,IND,2012,Scientific and technical journal articles,IP.JRN.ARTC.SC,82182.2
India,IND,2011,Scientific and technical journal articles,IP.JRN.ARTC.SC,75337.3
India,IND,2010,Scientific and technical journal articles,IP.JRN.ARTC.SC,62790.2
India,IND,2009,Scientific and technical journal articles,IP.JRN.ARTC.SC,54667.1
India,IND,2008,Scientific and technical journal articles,IP.JRN.ARTC.SC,48794.2
India,IND,2007,Scientific and technical journal articles,IP.JRN.ARTC.SC,43624.9
India,IND,2006,Scientific and technical journal articles,IP.JRN.ARTC.SC,38590.3
India,IND,2005,Scientific and technical journal articles,IP.JRN.ARTC.SC,33215.8
India,IND,2004,Scientific and technical journal articles,IP.JRN.ARTC.SC,28930.1
India,IND,2003,Scientific and technical journal articles,IP.JRN.ARTC.SC,26797.1
India,IND,2017,"Patent applications, nonresidents",IP.PAT.NRES,31621
India,IND,2016,"Patent applications, nonresidents",IP.PAT.NRES,31858
India,IND,2015,"Patent applications, nonresidents",IP.PAT.NRES,33079
India,IND,2014,"Patent applications, nonresidents",IP.PAT.NRES,30814
India,IND,2013,"Patent applications, nonresidents",IP.PAT.NRES,32362
India,IND,2012,"Patent applications, nonresidents",IP.PAT.NRES,34402
India,IND,2011,"Patent applications, nonresidents",IP.PAT.NRES,33450
India,IND,2010,"Patent applications, nonresidents",IP.PAT.NRES,30909
India,IND,2009,"Patent applications, nonresidents",IP.PAT.NRES,27025
India,IND,2008,"Patent applications, nonresidents",IP.PAT.NRES,30387
India,IND,2007,"Patent applications, nonresidents",IP.PAT.NRES,28922
India,IND,2006,"Patent applications, nonresidents",IP.PAT.NRES,23242
India,IND,2005,"Patent applications, nonresidents",IP.PAT.NRES,19661
India,IND,2004,"Patent applications, nonresidents",IP.PAT.NRES,13452
India,IND,2003,"Patent applications, nonresidents",IP.PAT.NRES,9188
India,IND,2002,"Patent applications, nonresidents",IP.PAT.NRES,8772
India,IND,2001,"Patent applications, nonresidents",IP.PAT.NRES,8213
India,IND,2000,"Patent applications, nonresidents",IP.PAT.NRES,6332
India,IND,1999,"Patent applications, nonresidents",IP.PAT.NRES,2620
India,IND,1998,"Patent applications, nonresidents",IP.PAT.NRES,6707
India,IND,1997,"Patent applications, nonresidents",IP.PAT.NRES,8229
India,IND,1996,"Patent applications, nonresidents",IP.PAT.NRES,6901
India,IND,1995,"Patent applications, nonresidents",IP.PAT.NRES,5021
India,IND,1994,"Patent applications, nonresidents",IP.PAT.NRES,3212
India,IND,1993,"Patent applications, nonresidents",IP.PAT.NRES,2511
India,IND,1992,"Patent applications, nonresidents",IP.PAT.NRES,2176
India,IND,1991,"Patent applications, nonresidents",IP.PAT.NRES,2328
India,IND,1990,"Patent applications, nonresidents",IP.PAT.NRES,2673
India,IND,1989,"Patent applications, nonresidents",IP.PAT.NRES,2600
India,IND,1988,"Patent applications, nonresidents",IP.PAT.NRES,2504
India,IND,1987,"Patent applications, nonresidents",IP.PAT.NRES,2520
India,IND,1986,"Patent applications, nonresidents",IP.PAT.NRES,2497
India,IND,1985,"Patent applications, nonresidents",IP.PAT.NRES,2493
India,IND,1984,"Patent applications, nonresidents",IP.PAT.NRES,2291
India,IND,1982,"Patent applications, nonresidents",IP.PAT.NRES,1948
India,IND,1981,"Patent applications, nonresidents",IP.PAT.NRES,1834
India,IND,1980,"Patent applications, nonresidents",IP.PAT.NRES,1817
India,IND,2017,"Patent applications, residents",IP.PAT.RESD,14961
India,IND,2016,"Patent applications, residents",IP.PAT.RESD,13199
India,IND,2015,"Patent applications, residents",IP.PAT.RESD,12579
India,IND,2014,"Patent applications, residents",IP.PAT.RESD,12040
India,IND,2013,"Patent applications, residents",IP.PAT.RESD,10669
India,IND,2012,"Patent applications, residents",IP.PAT.RESD,9553
India,IND,2011,"Patent applications, residents",IP.PAT.RESD,8841
India,IND,2010,"Patent applications, residents",IP.PAT.RESD,8853
India,IND,2009,"Patent applications, residents",IP.PAT.RESD,7262
India,IND,2008,"Patent applications, residents",IP.PAT.RESD,6425
India,IND,2007,"Patent applications, residents",IP.PAT.RESD,6296
India,IND,2006,"Patent applications, residents",IP.PAT.RESD,5686
India,IND,2005,"Patent applications, residents",IP.PAT.RESD,4721
India,IND,2004,"Patent applications, residents",IP.PAT.RESD,4014
India,IND,2003,"Patent applications, residents",IP.PAT.RESD,3425
India,IND,2002,"Patent applications, residents",IP.PAT.RESD,2693
India,IND,2001,"Patent applications, residents",IP.PAT.RESD,2379
India,IND,2000,"Patent applications, residents",IP.PAT.RESD,2206
India,IND,1999,"Patent applications, residents",IP.PAT.RESD,2206
India,IND,1998,"Patent applications, residents",IP.PAT.RESD,2247
India,IND,1997,"Patent applications, residents",IP.PAT.RESD,1926
India,IND,1996,"Patent applications, residents",IP.PAT.RESD,1661
India,IND,1995,"Patent applications, residents",IP.PAT.RESD,1545
India,IND,1994,"Patent applications, residents",IP.PAT.RESD,1588
India,IND,1993,"Patent applications, residents",IP.PAT.RESD,1209
India,IND,1992,"Patent applications, residents",IP.PAT.RESD,1248
India,IND,1991,"Patent applications, residents",IP.PAT.RESD,1267
India,IND,1990,"Patent applications, residents",IP.PAT.RESD,1147
India,IND,1989,"Patent applications, residents",IP.PAT.RESD,1048
India,IND,1988,"Patent applications, residents",IP.PAT.RESD,1033
India,IND,1987,"Patent applications, residents",IP.PAT.RESD,988
India,IND,1986,"Patent applications, residents",IP.PAT.RESD,999
India,IND,1985,"Patent applications, residents",IP.PAT.RESD,982
India,IND,1984,"Patent applications, residents",IP.PAT.RESD,1003
India,IND,1982,"Patent applications, residents",IP.PAT.RESD,1128
India,IND,1981,"Patent applications, residents",IP.PAT.RESD,1067
India,IND,1980,"Patent applications, residents",IP.PAT.RESD,1207
India,IND,2017,"Trademark applications, direct nonresident",IP.TMK.NRES,23547
India,IND,2016,"Trademark applications, direct nonresident",IP.TMK.NRES,31659
India,IND,2015,"Trademark applications, direct nonresident",IP.TMK.NRES,24237
India,IND,2014,"Trademark applications, direct nonresident",IP.TMK.NRES,23616
India,IND,2013,"Trademark applications, direct nonresident",IP.TMK.NRES,19646
India,IND,2012,"Trademark applications, direct nonresident",IP.TMK.NRES,14807
India,IND,2011,"Trademark applications, direct nonresident",IP.TMK.NRES,22161
India,IND,2010,"Trademark applications, direct nonresident",IP.TMK.NRES,17806
India,IND,2009,"Trademark applications, direct nonresident",IP.TMK.NRES,7540
India,IND,2008,"Trademark applications, direct nonresident",IP.TMK.NRES,10801
India,IND,2007,"Trademark applications, direct nonresident",IP.TMK.NRES,6500
India,IND,2006,"Trademark applications, direct nonresident",IP.TMK.NRES,15211
India,IND,2005,"Trademark applications, direct nonresident",IP.TMK.NRES,12361
India,IND,2004,"Trademark applications, direct nonresident",IP.TMK.NRES,15090
India,IND,2003,"Trademark applications, direct nonresident",IP.TMK.NRES,15450
India,IND,2002,"Trademark applications, direct nonresident",IP.TMK.NRES,5930
India,IND,2001,"Trademark applications, direct nonresident",IP.TMK.NRES,10490
India,IND,2000,"Trademark applications, direct nonresident",IP.TMK.NRES,17013
India,IND,1999,"Trademark applications, direct nonresident",IP.TMK.NRES,5393
India,IND,1995,"Trademark applications, direct nonresident",IP.TMK.NRES,4614
India,IND,1994,"Trademark applications, direct nonresident",IP.TMK.NRES,3418
India,IND,1993,"Trademark applications, direct nonresident",IP.TMK.NRES,2862
India,IND,1992,"Trademark applications, direct nonresident",IP.TMK.NRES,2054
India,IND,1991,"Trademark applications, direct nonresident",IP.TMK.NRES,2014
India,IND,1990,"Trademark applications, direct nonresident",IP.TMK.NRES,1968
India,IND,1989,"Trademark applications, direct nonresident",IP.TMK.NRES,1799
India,IND,1988,"Trademark applications, direct nonresident",IP.TMK.NRES,4523
India,IND,1987,"Trademark applications, direct nonresident",IP.TMK.NRES,3166
India,IND,1986,"Trademark applications, direct nonresident",IP.TMK.NRES,3645
India,IND,1985,"Trademark applications, direct nonresident",IP.TMK.NRES,1725
India,IND,1984,"Trademark applications, direct nonresident",IP.TMK.NRES,1612
India,IND,1983,"Trademark applications, direct nonresident",IP.TMK.NRES,2821
India,IND,1982,"Trademark applications, direct nonresident",IP.TMK.NRES,2141
India,IND,1981,"Trademark applications, direct nonresident",IP.TMK.NRES,1185
India,IND,2017,"Trademark applications, direct resident",IP.TMK.RESD,242482
India,IND,2016,"Trademark applications, direct resident",IP.TMK.RESD,264662
India,IND,2015,"Trademark applications, direct resident",IP.TMK.RESD,250585
India,IND,2014,"Trademark applications, direct resident",IP.TMK.RESD,200140
India,IND,2013,"Trademark applications, direct resident",IP.TMK.RESD,183172
India,IND,2012,"Trademark applications, direct resident",IP.TMK.RESD,176044
India,IND,2011,"Trademark applications, direct resident",IP.TMK.RESD,176386
India,IND,2010,"Trademark applications, direct resident",IP.TMK.RESD,172120
India,IND,2009,"Trademark applications, direct resident",IP.TMK.RESD,134403
India,IND,2008,"Trademark applications, direct resident",IP.TMK.RESD,119371
India,IND,2007,"Trademark applications, direct resident",IP.TMK.RESD,117014
India,IND,2006,"Trademark applications, direct resident",IP.TMK.RESD,88210
India,IND,2005,"Trademark applications, direct resident",IP.TMK.RESD,73308
India,IND,2004,"Trademark applications, direct resident",IP.TMK.RESD,63906
India,IND,2003,"Trademark applications, direct resident",IP.TMK.RESD,76801
India,IND,2002,"Trademark applications, direct resident",IP.TMK.RESD,88190
India,IND,2001,"Trademark applications, direct resident",IP.TMK.RESD,79746
India,IND,2000,"Trademark applications, direct resident",IP.TMK.RESD,67262
India,IND,1999,"Trademark applications, direct resident",IP.TMK.RESD,60337
India,IND,1995,"Trademark applications, direct resident",IP.TMK.RESD,38109
India,IND,1994,"Trademark applications, direct resident",IP.TMK.RESD,33679
India,IND,1993,"Trademark applications, direct resident",IP.TMK.RESD,24623
India,IND,1992,"Trademark applications, direct resident",IP.TMK.RESD,20928
India,IND,1991,"Trademark applications, direct resident",IP.TMK.RESD,19980
India,IND,1990,"Trademark applications, direct resident",IP.TMK.RESD,18713
India,IND,1989,"Trademark applications, direct resident",IP.TMK.RESD,17047
India,IND,1988,"Trademark applications, direct resident",IP.TMK.RESD,15059
India,IND,1987,"Trademark applications, direct resident",IP.TMK.RESD,15061
India,IND,1986,"Trademark applications, direct resident",IP.TMK.RESD,14165
India,IND,1985,"Trademark applications, direct resident",IP.TMK.RESD,14189
India,IND,1984,"Trademark applications, direct resident",IP.TMK.RESD,14694
India,IND,1983,"Trademark applications, direct resident",IP.TMK.RESD,13049
India,IND,1982,"Trademark applications, direct resident",IP.TMK.RESD,12550
India,IND,1981,"Trademark applications, direct resident",IP.TMK.RESD,13212
India,IND,2017,"Trademark applications, total",IP.TMK.TOTL,266029
India,IND,2016,"Trademark applications, total",IP.TMK.TOTL,296321
India,IND,2015,"Trademark applications, total",IP.TMK.TOTL,274822
India,IND,2014,"Trademark applications, total",IP.TMK.TOTL,223756
India,IND,2013,"Trademark applications, total",IP.TMK.TOTL,202818
India,IND,2012,"Trademark applications, total",IP.TMK.TOTL,190851
India,IND,2011,"Trademark applications, total",IP.TMK.TOTL,198547
India,IND,2010,"Trademark applications, total",IP.TMK.TOTL,189926
India,IND,2009,"Trademark applications, total",IP.TMK.TOTL,141943
India,IND,2008,"Trademark applications, total",IP.TMK.TOTL,130172
India,IND,2007,"Trademark applications, total",IP.TMK.TOTL,123514
India,IND,2006,"Trademark applications, total",IP.TMK.TOTL,103421
India,IND,2005,"Trademark applications, total",IP.TMK.TOTL,85669
India,IND,2004,"Trademark applications, total",IP.TMK.TOTL,78996
India,IND,2003,"Trademark applications, total",IP.TMK.TOTL,92251
India,IND,2002,"Trademark applications, total",IP.TMK.TOTL,94120
India,IND,2001,"Trademark applications, total",IP.TMK.TOTL,90236
India,IND,2000,"Trademark applications, total",IP.TMK.TOTL,84275
India,IND,1999,"Trademark applications, total",IP.TMK.TOTL,65730
India,IND,1998,"Trademark applications, total",IP.TMK.TOTL,51704
India,IND,1997,"Trademark applications, total",IP.TMK.TOTL,43302
India,IND,1996,"Trademark applications, total",IP.TMK.TOTL,43234
India,IND,1995,"Trademark applications, total",IP.TMK.TOTL,42723
India,IND,1994,"Trademark applications, total",IP.TMK.TOTL,37097
India,IND,1993,"Trademark applications, total",IP.TMK.TOTL,27485
India,IND,1992,"Trademark applications, total",IP.TMK.TOTL,22982
India,IND,1991,"Trademark applications, total",IP.TMK.TOTL,21994
India,IND,1990,"Trademark applications, total",IP.TMK.TOTL,20681
India,IND,1989,"Trademark applications, total",IP.TMK.TOTL,18846
India,IND,1988,"Trademark applications, total",IP.TMK.TOTL,19582
India,IND,1987,"Trademark applications, total",IP.TMK.TOTL,18227
India,IND,1986,"Trademark applications, total",IP.TMK.TOTL,17810
India,IND,1985,"Trademark applications, total",IP.TMK.TOTL,15914
India,IND,1984,"Trademark applications, total",IP.TMK.TOTL,16306
India,IND,1983,"Trademark applications, total",IP.TMK.TOTL,15870
India,IND,1982,"Trademark applications, total",IP.TMK.TOTL,14691
India,IND,1981,"Trademark applications, total",IP.TMK.TOTL,14397
India,IND,2015,Researchers in R&D (per million people),SP.POP.SCIE.RD.P6,216.18207
India,IND,2010,Researchers in R&D (per million people),SP.POP.SCIE.RD.P6,156.63853
India,IND,2005,Researchers in R&D (per million people),SP.POP.SCIE.RD.P6,135.32425
India,IND,2000,Researchers in R&D (per million people),SP.POP.SCIE.RD.P6,110.09534
India,IND,1998,Researchers in R&D (per million people),SP.POP.SCIE.RD.P6,115.68012
India,IND,1996,Researchers in R&D (per million people),SP.POP.SCIE.RD.P6,152.54575
India,IND,2015,Technicians in R&D (per million people),SP.POP.TECH.RD.P6,95.62936
India,IND,2010,Technicians in R&D (per million people),SP.POP.TECH.RD.P6,100.88542
India,IND,2005,Technicians in R&D (per million people),SP.POP.TECH.RD.P6,92.47992
India,IND,2000,Technicians in R&D (per million people),SP.POP.TECH.RD.P6,85.50869
India,IND,1998,Technicians in R&D (per million people),SP.POP.TECH.RD.P6,99.0734
India,IND,1996,Technicians in R&D (per million people),SP.POP.TECH.RD.P6,111.1633
India,IND,2018,High-technology exports (current US$),TX.VAL.TECH.CD,20273090235
India,IND,2017,High-technology exports (current US$),TX.VAL.TECH.CD,15161028362
India,IND,2016,High-technology exports (current US$),TX.VAL.TECH.CD,14300754797
India,IND,2015,High-technology exports (current US$),TX.VAL.TECH.CD,14615780664
India,IND,2014,High-technology exports (current US$),TX.VAL.TECH.CD,18344917155
India,IND,2013,High-technology exports (current US$),TX.VAL.TECH.CD,17965366385
India,IND,2012,High-technology exports (current US$),TX.VAL.TECH.CD,13927179245
India,IND,2011,High-technology exports (current US$),TX.VAL.TECH.CD,14546206697
India,IND,2010,High-technology exports (current US$),TX.VAL.TECH.CD,10778725729
India,IND,2009,High-technology exports (current US$),TX.VAL.TECH.CD,11347424854
India,IND,2018,High-technology exports (% of manufactured exports),TX.VAL.TECH.MF.ZS,9.00794862053066
India,IND,2017,High-technology exports (% of manufactured exports),TX.VAL.TECH.MF.ZS,7.35225095353592
India,IND,2016,High-technology exports (% of manufactured exports),TX.VAL.TECH.MF.ZS,7.64553108494774
India,IND,2015,High-technology exports (% of manufactured exports),TX.VAL.TECH.MF.ZS,7.99080243197538
India,IND,2014,High-technology exports (% of manufactured exports),TX.VAL.TECH.MF.ZS,9.09662570895559
India,IND,2013,High-technology exports (% of manufactured exports),TX.VAL.TECH.MF.ZS,8.68912719935026
India,IND,2012,High-technology exports (% of manufactured exports),TX.VAL.TECH.MF.ZS,7.42855405651073
India,IND,2011,High-technology exports (% of manufactured exports),TX.VAL.TECH.MF.ZS,7.76525596804629
India,IND,2010,High-technology exports (% of manufactured exports),TX.VAL.TECH.MF.ZS,7.67324605955113
India,IND,2009,High-technology exports (% of manufactured exports),TX.VAL.TECH.MF.ZS,9.61838606737704
