,name,area,Elevation,lat,lng
0,K2 ," Gilgit-Baltistan, Pakistan","8,611 m",35.881 , 76.513
1,Nanga Parbat ," Gilgit-Baltistan, Pakistan","8,125 m",35.237 , 74.589
2,Gasherbrum I ," Gilgit-Baltistan, Pakistan","8,080 m",35.724 , 76.696
3,Broad Peak ," Gilgit-Baltistan, Pakistan","8,051 m",35.811 , 76.569
4,Gasherbrum II ," Gilgit-Baltistan, Pakistan","8,034 m",35.758 , 76.653
5,Broad Peak Central," Gilgit-Baltistan, Pakistan","8,011 m",35.82 , 76.566
6,Gasherbrum III Feng ," Gilgit-Baltistan, Pakistan","7,952 m",35.759 , 76.642
7,Gasherbrum IV Feng ," Gilgit-Baltistan, Pakistan","7,925 m",35.762 , 76.616
8,Disteghil Sar ," Gilgit-Baltistan, Pakistan","7,885 m",36.326 , 75.188
9,Khinyang Chhish ," Gilgit-Baltistan, Pakistan","7,852 m",36.204 , 75.207
