,dob,dod,Names,Age,Role,Cause
1,23-Aug-02,22-Aug-61,Ida Siekmann,58,Escapee,Injuries
2,19-Jan-37,24-Aug-61,Günter Litfin,24,Escapee,Shot
3,19-Mar-34,29-Aug-61,Roland Hoff,27,Escapee,Shot
4,6-Jun-14,17-Sep-61,Rudolf Urban,47,Escapee,Pneumonia
5,31 July 1881,26-Sep-61,Olga Segler,80,Escapee,Injuries
6,11-Mar-39,4-Oct-61,Bernd Lünser,22,Escapee,Fall
7,8-Mar-36,5-Oct-61,Udo Düllick,25,Escapee,Drowned
8,18-Jun-36,14-Oct-61,Werner Probst,25,Escapee,Shot
9,28-Jan-42,26-Nov-61,Lothar Lehmann,19,Escapee,Drowned
10,27-May-41,9-Dec-61,Dieter Wohlfahrt,20,Escapee,Shot
11,31-Jan-40,10-Dec-61,Ingo Krüger,21,Escapee,Drowned
12,12-Aug-41,19-Dec-61,Georg Feldhahn,20,No intention,Drowned
13,25 April 1941,19-Feb-62,Dorit Schmiel,20,Escapee,Shot
14,1-Jul-37,27-Mar-62,Heinz Jercha,24,Helper of escapees,Shot
15,2-May-42,26 April 1962,Philipp Held,19,Escapee,Drowned
16,14-Sep-38,18 April 1962,Klaus Brueske,23,Escapee,Suffocation
17,17-Aug-42,18 April 1962,Peter Böhme,19,Escapee,Shot
18,28-Jun-41,18 April 1962,Jörgen Schmidtchen,20,Guard,Shot
19,7-May-42,29 April 1962,Horst Frank,19,Escapee,Shot
20,28-Dec-40,23-May-62,Peter Göring,21,Guard,Shot
21,29 April 1938,27-May-62,Lutz Haberlandt,24,Escapee,Shot
22,27 April 1945,5-Jun-62,Axel Hannemann,17,Escapee,Shot
23,21-Jul-08,11-Jun-62,Erna Kelm,53,Escapee,Drowned
24,1-Feb-49,11-Jun-62,Wolfgang Glöde,13,No intention,Shot
25,8-Mar-42,18-Jun-62,Reinhold Huhn,20,Guard,Shot
26,9-Dec-39,28-Jun-62,Siegfried Noffke,22,Escapee,Shot
27,14-Jan-44,17-Aug-62,Peter Fechter,18,Escapee,Shot
28,10-Jan-43,23-Aug-62,Hans-Dieter Wesa,19,Escapee,Shot
29,2-Dec-21,4-Sep-62,Ernst Mundt,40,Escapee,Shot
30,28 April 1940,30-Sep-62,Günter Seling,22,Guard,Shot-Accident
31,27 April 1902,8-Oct-62,Anton Walzer,60,Escapee,Shot
32,12-Jul-32,19-Nov-62,Horst Plischke,30,Escapee,Drowned
33,14-Dec-44,27-Nov-62,Otfried Reck,17,Escapee,Shot
34,14-Feb-42,5-Dec-62,Günter Wiedenhöft,20,Escapee,Drowned
35,11-Dec-42,1-Jan-63,Hans Räwel,20,Escapee,Shot
36,5-Jul-31,15-Jan-63,Horst Kutscher,31,Escapee,Shot
37,15-Jan-43,24-Jan-63,Peter Kreitlow,20,Escapee,Shot
38,1-Feb-47,3-Mar-63,Wolf-Olaf Muszynski,16,Escapee,Drowned
39,10-Jul-43,26 April 1963,Peter Mädler,19,Escapee,Shot
40,12-Feb-41,8-Sep-63,Siegfried Widera,22,Guard,Bludgeoned
41,21-Feb-40,4-Nov-63,Klaus Schröter,23,Escapee,Drowned
42,21-Oct-39,25-Nov-63,Dietmar Schulz,24,Escapee,Train
43,27-Oct-39,13-Dec-63,Dieter Berger,24,No intention,Shot
44,2-Oct-45,25-Dec-63,Paul Schultz,18,Escapee,Shot
45,31-Jan-39,27-Feb-64,Walter Hayn,25,Escapee,Shot
46,13-Aug-43,5-May-64,Adolf Philipp,20,No intention,Shot
47,20-Sep-34,22-Jun-64,Walter Heike,29,Escapee,Shot
48,27-Oct-43,28-Jul-64,Norbert Wolscht,20,Escapee,Drowned
49,10-Nov-44,28-Jul-64,Rainer Gneiser,19,Escapee,Drowned
50,12-Jun-27,18-Aug-64,Hildegard Trabant,37,Escapee,Shot
51,10-Nov-45,20-Aug-64,Wernhard Mispelhorn,18,Escapee,Shot
52,4-Jan-43,5-Oct-64,Egon Schultz,21,Guard,Shot-Accident
53,8-Aug-44,26-Nov-64,Hans-Joachim Wolf,20,Escapee,Shot
54,3 April 1945,3-Dec-64,Joachim Mehr,19,Escapee,Shot
55,19-Jan-65,,Unidentified man,Unidentified man,Escapee,Drowned
56,21-Feb-44,4-Mar-65,Christian Buttkus,21,Escapee,Shot
57,13-Sep-40,25-Mar-65,Ulrich Krzemien,24,West-East-Crossing,Drowned
58,20-Mar-39,3-May-65,Hans-Peter Hauptmann,26,No intention,Shot
59,28-Oct-22,15-Jun-65,Hermann Döbler,42,No intention,Shot
60,3-Mar-40,8-Aug-65,Klaus Kratzel,25,Escapee,Train
61,19-Jul-41,18-Aug-65,Klaus Garten,24,Escapee,Shot
62,21-May-42,18-Oct-65,Walter Kittel,23,Escapee,Shot
63,5-Jun-36,11-Nov-65,Heinz Cyrus,29,Escapee,Fall
64,17-Dec-17,25-Nov-65,Heinz Sokolowski,47,Escapee,Shot
65,27-Feb-03,3-Dec-65,Erich Kühn,62,Escapee,Unknown
66,7-Jun-38,26-Dec-65,Heinz Schöneberger,27,Escapee,Shot
67,23-Oct-46,11-Jan-66,Dieter Brandes,19,Escapee,Shot
68,5-Jun-34,7-Feb-66,Willi Block,31,Escapee,Shot
69,14-Jan-53,14-Mar-66,Lothar Schleusener,13,Escapee,Shot
70,27-Oct-55,14-Mar-66,Jörg Hartmann,10,Escapee,Shot
71,3-Jun-44,19-Mar-66,Willi Marzahn,21,Escapee,Shot
72,11-Mar-46,30-Mar-66,Eberhard Schulz,20,Escapee,Shot
73,19-Feb-45,25 April 1966,Michael Kollender,21,Escapee,Shot
74,28-Feb-35,29 April 1966,Paul Stretz,31,No intention,Shot
75,3-Mar-33,26-Jul-66,Eduard Wroblewski,33,Escapee,Shot
76,26-Oct-19,29-Aug-66,Heinz Schmidt,46,No intention,Shot
77,3-May-60,13-Sep-66,Andreas Senk,6,No intention,Drowned
78,10 April 1949,16-Dec-66,Karl-Heinz Kube,17,Escapee,Shot
79,28-Mar-29,27-Jan-67,Max Sahmland,37,Escapee,Shot
80,23-Nov-42,17-Oct-67,Franciszek Piesik,24,Escapee (Polish citizen),Drowned
81,31-Oct-45,18-Feb-68,Elke Weckeiser,22,Escapee,Shot
82,15-Feb-43,19-Feb-68,Dieter Weckeiser,25,Escapee,Shot
83,9-Feb-39,10-Mar-68,Herbert Mende,29,No intention,Shot
84,31-Jul-49,28-May-68,Bernd Lehmann,18,Escapee,Drowned
85,22-Jul-39,6-Jul-68,Siegfried Krug,28,No intention,Shot
86,12-Jul-47,15-Nov-68,Horst Körner,21,Escapee,Shot
87,30-Nov-41,15-Nov-68,Rolf Henniger,26,Guard,Shot
88,17-Dec-40,9 April 1969,Johannes Lange,28,Escapee,Shot
89,25-Jul-48,13-Sep-69,Klaus-Jürgen Kluge,21,Escapee,Shot
90,10-May-24,20-Sep-69,Leo Lis,45,Escapee,Shot
91,8-Jul-48,10-Mar-70,Eckhard Wehage,21,Escapee,Suicide
92,15-Dec-46,10-Mar-70,Christel Wehage,23,Escapee,Suicide
93,16-May-43,19-Jun-70,Heinz Müller,27,No intention,Shot
94,19-Jul-50,7-Jul-70,Willi Born,19,Escapee,Suicide
95,11-Jul-50,2-Aug-70,Friedhelm Ehrlich,20,No intention,Shot
96,6-Sep-28,7-Aug-70,Gerald Thiem,41,Unclear,Shot
97,2-Jun-39,13-Nov-70,Helmut Kliem,31,No intention,Shot
98,26-Jan-40,28-Nov-70,Zock Han,30,Escapee,Drowned
99,5-Aug-48,25-Dec-70,Christian-Peter Friese,22,Escapee,Shot
100,23-Jun-51,30-Jan-71,Rolf-Dieter Kabelitz,19,Escapee,Shot
101,1-Sep-42,15-Jul-71,Wolfgang Hoffmann,28,West-east-crossing,Accident
102,10-Jan-49,24-Jul-71,Werner Kühl,22,West-east-crossing,Shot
103,5-Sep-41,2-Oct-71,Dieter Beilig,30,West-east-crossing,Shot
104,20-Nov-48,21-Jan-72,Horst Kullack,23,Escapee,Shot
105,12-Jul-42,14-Feb-72,Manfred Weylandt,29,Escapee,Drowned
106,13-Oct-52,7-Mar-72,Klaus Schulze,19,Escapee,Shot
107,3-Jan-64,30-Oct-72,Cengaver Katrancı,8,No intention,Drowned
108,6-Jan-71,22-Jan-73,,1,Escapee,Suffocation
109,23 April 1944,5-Mar-73,Volker Frommann,29,Escapee,Train
110,8-Feb-40,15-Mar-73,Horst Einsiedel,33,Escapee,Shot
111,17-May-42,27 April 1973,Manfred Gertzki,30,Escapee,Drowned
112,3-Jan-64,14-May-73,Siegfried Kroboth,5,No intention,Drowned
113,1-Sep-50,5-Jan-74,Burkhard Niering,23,Escapee,Shot
114,23-Jul-35,29-Mar-74,,39,Escapee (Polish citizen),Shot
115,3-Dec-05,10-May-74,Johannes Sprenger,68,Suicide,Shot
116,22 April 1968,15-Jun-74,Giuseppe Savoca,6,No intention,Drowned
117,24-Nov-53,3 April 1975,Herbert Halli,21,Escapee,Shot
118,11-May-70,11-May-75,,5,No intention,Drowned
119,24-Mar-52,27-Jun-75,Herbert Kiebler,23,Escapee,Shot
120,30-Jun-54,5-Nov-75,Lothar Hennig,21,No intention,Shot
121,21-Feb-58,16-Feb-77,Dietmar Schwietzer,18,Escapee,Shot
122,13-Jul-54,12-May-77,Henri Weise,22,Escapee,Drowned
123,3-Jan-60,2-Feb-79,Vladimir Odinzov,18,Escapee (Soviet soldier),Shot
124,13-Mar-56,4-Nov-80,Ulrich Steinhauer,24,Guard,Shot
125,25-Aug-62,22-Nov-80,Marienetta Jirkowsky,18,Escapee,Shot
126,25-Sep-48,10-Dec-80,Grohganz Peter,33,Escapee,Shot
127,31-May-49,16-Mar-81,Johannes Muschol,31,West-east-crossing,Shot
128,24-Jun-54,16 April 1981,Hans-Jürgen Starrost,26,Escapee,Shot
129,22-Jul-55,12-Dec-81,Thomas Taubmann,26,Escapee,Train
130,8-Feb-55,6-Jun-82,,27,No intention,Shot
131,3-Mar-62,25-Dec-83,Silvio Proksch,21,Escapee,Shot
132,20-Oct-64,1-Dec-84,Michael Schmidt,20,Escapee,Shot
133,11-Sep-51,3-Sep-86,Rainer Liebeke,34,Escapee,Drowned
134,23-Aug-48,21-Nov-86,Manfred Mäder,38,Escapee,Shot
135,1-May-64,21-Nov-86,Shotalong,22,Escapee,Shot
136,31-Aug-61,24-Nov-86,Michael Bittner,25,Escapee,Shot
137,8-Jul-62,12-Feb-87,Lutz Schmidt,24,Escapee,Shot
138,13 April 1964,13-Jan-89,Ingolf Diederichs,24,Escapee,Train
139,21-Jun-68,5-Feb-89,Chris Gueffroy,20,Escapee,Shot
140,29-Aug-56,8-Mar-89,Winfried Freudenberg,32,Escapee,Balloon crash
