R_fighter,B_fighter,R_prob,B_prob
Ciryl Gane,Alexander Volkov,0.5165675571,0.4834324429
Tanner Boser,Ovince Saint Preux,0.4520415155,0.5479584845
Raoni Barcelos,Timur Valiev,0.57977148,0.42022852
Andre Fili,Daniel Pineda,0.5255200788,0.4744799212
Tim Means,Nicolas Dalby,0.5223196328,0.4776803672
Renato Moicano,Jai Herbert,0.71,0.28
Kennedy Nzechukwu,Danilo Marques,0.54,0.45
Shavkat Rakhmonov,Michel Prazeres,0.76,0.23
Warlley Alves,Jeremiah Wells,0.73,0.26
Marcin Prachnio,Ike Villanueva,0.6038066741,0.3961933259
Julia Avila,Julija Stoliarenko,0.8,0.19
Charles Rosa,Justin Jaynes,0.3865114404,0.6134885596
Yancy Medeiros,Damir Hadzovic,0.5180140848,0.4819859152
