,code,name
0,100,Fokker 100
1,141,British Aerospace BAe 146-100
2,142,British Aerospace BAe 146-200
3,143,British Aerospace BAe 146-300
4,146,British Aerospace BAe 146
5,14F,British Aerospace BAe 146 Freighter
6,14X,British Aerospace BAe 146-100QT/QC
7,14Y,British Aerospace BAe 146-200QT/QC
8,14Z,British Aerospace BAe 146-300QT/QC
9,310,Airbus Industrie A310
10,312,Airbus Industrie A310-200
11,313,Airbus Industrie A310-300
12,318,Airbus Industrie A318
13,319,Airbus Industrie A319
14,31F,Airbus Industrie A310 Freighter
15,31X,Airbus Industrie A310-200 Freighter
16,31Y,Airbus Industrie A310-300 Freighter
17,320,Airbus Industrie A320
18,321,Airbus Industrie A321
19,32S,Airbus Industrie A318/319/320/321
20,330,Airbus Industrie A330
21,332,Airbus Industrie A330-200
22,333,Airbus Industrie A330-300
23,340,Airbus Industrie A340
24,342,Airbus Industrie A340-200
25,343,Airbus Industrie A340-300
26,345,Airbus Industrie A340-500
27,346,Airbus Industrie A340-600
28,380,Airbus Industrie A380
29,388,Airbus Industrie A380-800
30,38F,Airbus Industrie A380 Freighter
31,703,Boeing 707-300
32,707,Boeing 707/720
33,70F,Boeing 707-300 Freighter
34,70M,Boeing 707-300 Combi
35,717,Boeing 717-200
36,721,Boeing 727-100
37,722,Boeing 727-200
38,727,Boeing 727
39,72A,Boeing 727-200 Advanced
40,72B,Boeing 727-100 Combi
41,72C,Boeing 727-200 Combi
42,72F,Boeing 727 Freighter
43,72M,Boeing 727 Combi
44,72S,Boeing 727-200
45,72X,Boeing 727-100 Freighter
46,72Y,Boeing 727-200 Freighter
47,731,Boeing 737-100
48,732,Boeing 737-200
49,733,Boeing 737-300
50,734,Boeing 737-400
51,735,Boeing 737-500
52,736,Boeing 737-600
53,737,Boeing 737
54,738,Boeing 737-800
55,739,Boeing 737-900
56,73A,Boeing 737-200/200C Advanced
57,73C,Boeing 737-300
58,73E,Boeing 737-900ER
59,73F,Boeing 737 Freighter
60,73G,Boeing 737-700
61,73H,Boeing 737-800 With Winglets
62,73J,Boeing 737-900 With Winglets
63,73N,Boeing 737-300 Mixed Config
64,73M,Boeing 737-200 Combi
65,73P,Boeing 737-400 Freighter
66,73Q,Boeing 737-400 Mixed Config
67,73S,Boeing 737 Advanced
68,73W,Boeing 737-700 With Winglets
69,73X,Boeing 737-200 Freighter
70,73Y,Boeing 737-300 Freighter
71,741,Boeing 747-100
72,742,Boeing 747-200
73,743,Boeing 747-300 (including -100SUD and -200SUD)
74,744,Boeing 747-400
75,747,Boeing 747
76,74C,Boeing 747-200 Combi
77,74D,Boeing 747-300 Combi (including -200SUD)
78,74F,Boeing 747 Freighter
79,74E,Boeing 747-400 Combi
80,74J,Boeing 747-400 Domestic
81,74L,Boeing 747SP
82,74M,Boeing 747 Combi
83,74T,Boeing 747-100 Freighter
84,74U,Boeing 747-300 Freighter
85,74V,Boeing 747SR Freighter
86,74X,Boeing 747-200 Freighter
87,74Y,Boeing 747-400 Freighter
88,752,Boeing 757-200
89,753,Boeing 757-300
90,75W,Boeing 757-200 With Winglets
91,757,Boeing 757
92,75F,Boeing 757-200 Freighter
93,75M,Boeing 757-200 Combi
94,762,Boeing 767-200
95,763,Boeing 767-300
96,764,Boeing 767-400
97,767,Boeing 767
98,76F,Boeing 767 Freighter
99,76X,Boeing 767-200 Freighter
100,76Y,Boeing 767-300 Freighter
101,772,Boeing 777-200/200ER
102,773,Boeing 777-300
103,777,Boeing 777
104,77L,Boeing 777-200LR
105,77W,Boeing 777-300ER
106,A26,Antonov An-26
107,A28,Antonov An-28
108,A30,Antonov An-30
109,A32,Antonov An-32
110,A40,Antonov An-140
111,A4F,Antonov An-124 Ruslan
112,A81,Antonov An-148-100
113,AB3,Airbus Industrie A300
114,AB4,Airbus Industrie A300B2/B4/C4
115,AB6,Airbus Industrie A300-600
116,ABB,Airbus Industrie A300-600ST Beluga
117,ABF,Airbus Industrie A300 Freighter
118,ABX,Airbus Industrie A300B4/C4/F4 Freighter
119,ABY,Airbus Industrie A300-600 Freighter
120,ACD,Twin Aero Commander/Turbo/Jetprop
121,AGH,Agusta A109
122,AN4,Antonov An-24
123,AN6,Antonov An-26/30/32
124,AN7,Antonov An-72/74
125,ANF,Antonov An-12
126,AR1,Avro RJ100 Avroliner
127,AR7,Avro RJ70 Avroliner
128,AR8,Avro RJ85 Avroliner
129,ARJ,Avro RJ Avroliner
130,ARX,Avro RJX
131,AT4,Aerospatiale/Alenia ATR 42-300/320
132,AT5,Aerospatiale/Alenia ATR 42-500
133,AT7,Aerospatiale/Alenia ATR 72
134,ATP,British Aerospace ATP
135,ATR,Aerospatiale/Alenia ATR
136,AX1,Avro RJX100
137,AX8,Avro RJX85
138,B11,British Aerospace BAC One Eleven
139,B12,British Aerospace BAC One Eleven 200
140,B13,British Aerospace BAC One Eleven 300
141,B14,British Aerospace BAC One Eleven 400
142,B15,British Aerospace BAC One Eleven 500
143,B72,Boeing 720B
144,BE1,Beechcraft Beech 1900
145,BE2,Beechcraft twin piston
146,BE9,Beechcraft Airliner 99
147,BEC,Beechcraft Light Aircraft
148,BEH,Beechcraft Beech 1900D
149,BES,Beechcraft Beech 1900C
150,BET,Beechcraft Light Aircraft Twin Prop
151,BH2,Bell Helicopters
152,BNI,Pilatus Britten-Norman BN-2A/B
153,BNT,Pilatus Britten-Norman BN-2A Trislander
154,BUS,Non Aircraft - Bus
155,CCJ,Canadair Challenger
156,CD2,Government Aircraft Factories N22B/N24A Nomad
157,CN1,Cessna light aircraft - single piston engine
158,CNA,Cessna Light Aircraft
159,CNC,Cessna light aircraft - single turboprop engine
160,CNJ,Cessna Citation
161,CNT,Cessna light aircraft - twin turboprop engines
162,CR1,Canadair Regional Jet 100
163,CR2,Canadair Regional Jet 200
164,CR7,Canadair Regional Jet 700
165,CR9,Canadair Regional Jet 900
166,CRA,Canadair Regional Jet 705
167,CRJ,Canadair Regional Jet
168,CRV,Aerospatiale/SUD SE210 Caravelle
169,CS2,CASA/IPTN CN-212 Aviocar
170,CS5,CASA/IPTN CN-235
171,CV5,Convair 580
172,CVF,Convair 580/600/640 Freighter
173,CWC,Curtiss C-46 Commando
174,CVR,Convair 240/440/580
175,D10,Boeing/McDonnell Douglas DC-10
176,D11,Boeing/McDonnell Douglas DC-10-10/15
177,D1C,Boeing/McDonnell Douglas DC-10-30/40
178,D1F,Boeing/McDonnell Douglas DC-10 Freighter
179,D1X,Boeing/McDonnell Douglas DC-10-10 Freighter
180,D1Y,Boeing/McDonnell Douglas DC-10-30/40 Freighter
181,D28,Fairchild Dornier Do-228
182,D38,Fairchild Dornier Do-328
183,D3F,Boeing/Douglas DC-3 Freighter
184,D6F,Boeing/Douglas DC-6A/B/C Freighter
185,D8F,Boeing/McDonnell Douglas DC-8 Freighter
186,D8L,Boeing/McDonnell Douglas DC-8-62
187,D8M,Boeing/McDonnell Douglas DC-8 Combi
188,D8Q,Boeing/McDonnell Douglas DC-8-72
189,D8T,Boeing/McDonnell Douglas DC-8-50 Freighter
190,D8X,Boeing/McDonnell Douglas DC-8-61/62/63 Freighter
191,D8Y,Boeing/McDonnell Douglas DC-8-71/72/73 Freighter
192,D91,Boeing/McDonnell Douglas DC-9-10
193,D92,Boeing/McDonnell Douglas DC-9-20
194,D93,Boeing/McDonnell Douglas DC-9-30
195,D94,Boeing/McDonnell Douglas DC-9-40
196,D95,Boeing/McDonnell Douglas DC-9-50
197,D9C,Boeing/McDonnell Douglas DC-9-30 Freighter
198,D9F,Boeing/McDonnell Douglas DC-9-40 Freighter
199,D9S,Boeing/McDonnell Douglas DC-9-30/40/50
200,D9X,Boeing/McDonnell Douglas DC-9-10 Freighter
201,DC3,Boeing/Douglas DC-3
202,DC6,Boeing/Douglas DC-6
203,DC8,Boeing/McDonnell Douglas DC-8
204,DC9,Boeing/McDonnell Douglas DC-9
205,DCF,Boeing/McDonnell Douglas DC-9 Freighter
206,DH1,De Havilland Canada DHC-8-100 Dash 8/8Q
207,DH2,De Havilland Canada DHC-8-200 Dash 8/8Q
208,DH3,De Havilland Canada DHC-8-300 Dash 8/8Q
209,DH4,De Havilland Canada DHC-8-400 Dash 8/8Q
210,DH7,De Havilland Canada DHC-7 Dash 7
211,DH8,De Havilland Canada DHC-8 Dash 8 All S.
212,DHC,De Havilland Canada DHC-4 Caribou
213,DHL,De Havilland Canada DHC-3 Turbo Otter
214,DHP,De Havilland Canada DHC-2 Beaver
215,DHS,De Havilland Canada DHC-3 Otter
216,DHT,De Havilland Canada DHC-6 Twin Otter
217,E70,Embraer ERJ-170
218,E75,Embraer ERJ-175
219,E90,Embraer ERJ-190
220,E95,Embraer ERJ-195
221,EM2,Embraer EMB-120 Brasilia
222,EM9,Embraer E190
223,EMB,Embraer EMB-110 Bandeirante
224,EMJ,Embraer ERJ-170/190
225,ER3,Embraer ERJ-135 Regional Jet
226,ER4,Embraer ERJ-145 Regional Jet
227,ERD,Embraer ERJ-140 Regional Jet
228,ERJ,Embraer ERJ-135/140/145 Regional Jet
229,F21,Fokker F28 Fellowship 1000
230,F22,Fokker F28 Fellowship 2000
231,F23,Fokker F28 Fellowship 3000
232,F24,Fokker F28 Fellowship 4000
233,F27,Fokker F27 Friendship/Fairchild F27
234,F28,Fokker F28 Fellowship
235,F50,Fokker 50
236,F70,Fokker 70
237,FA7,Fairchild Dornier 728JET
238,FK7,Fairchild FH227
239,FRJ,Fairchild Dornier 328JET
240,GRG,Grumman G-21 Goose
241,GRM,Grumman G-73 Turbo Mallard
242,HEC,Helio H-250 Courier/H-295/395 Super Courier
243,HS7,British Aerospace/Hawker Siddeley HS748
244,I14,Ilyushin IL-114
245,I93,Ilyushin IL-96-300
246,I9F,Ilyushin IL-96 Freighter
247,I9M,Ilyushin IL-96M
248,I9Y,Ilyushin IL-96T
249,IL6,Ilyushin IL-62
250,IL7,Ilyushin IL-76
251,IL8,Ilyushin IL-18
252,IL9,Ilyushin IL-96
253,ILW,Ilyushin IL-86
254,J31,British Aerospace Jetstream 31
255,J32,British Aerospace Jetstream 32
256,J41,British Aerospace Jetstream 41
257,JST,British Aerospace Jetstream 31/32/41
258,JU5,Junkers Ju52
259,L10,Lockheed L-1011 Tristar
260,L11,Lockheed L-1011-1/50/100/150/200/250
261,L15,Lockheed L-1011-500 Tristar
262,L1F,Lockheed L-1011 Tristar Freighter
263,L4T,Let 410 Turbolet
264,LCH,Non Aircraft - Launch/Boat
265,LMO,Non Aircraft - Limousine
266,LOE,Lockheed L-188 Electra
267,LOH,Lockheed L-100 Hercules
268,LRJ,Learjet
269,M11,Boeing/McDonnell Douglas MD-11
270,M1F,Boeing/McDonnell Douglas MD-11 Freighter
271,M1M,Boeing/McDonnell Douglas MD-11 Combi
272,M80,Boeing/McDonnell Douglas MD-80
273,M81,Boeing/McDonnell Douglas MD-81
274,M82,Boeing/McDonnell Douglas MD-82
275,M83,Boeing/McDonnell Douglas MD-83
276,M87,Boeing/McDonnell Douglas MD-87
277,M88,Boeing/McDonnell Douglas MD-88
278,M90,Boeing/McDonnell Douglas MD-90
279,MIH,Mil
280,MU2,Mitsubishi MU-2
281,ND2,Aerospatiale/Nord 262
282,NDC,Aerospatiale SN601 Corvette
283,NDE,Aerospatiale/Eurocopter Ecureuil AS350/AS355
284,PA1,Piper light aircraft - single piston engine
285,PA2,Piper light aircraft - twin piston engines
286,PAG,Piper Light Aircraft
287,PL2,Pilatus PC-12
288,PN6,Partenavia P68
289,S20,Saab 2000
290,SF3,Saab SF-340
291,SFB,Saab SF-340B
292,SSC,Aerospatiale/British Aerospace Concorde (discontinued)
293,SH3,Shorts SD-330
294,SH6,Shorts SD-360
295,S58,Sikorsky S-58T
296,S61,Sikorsky S-61
297,S76,Sikorsky S-76
298,SWM,Fairchild Metro/Merlin
299,T20,Tupolev Tu-204/214
300,TU3,Tupolev Tu-134
301,TU5,Tupolev Tu-154
302,TRN,Non Aircraft - Train
303,VCV,Vickers Viscount
304,WWP,Israel Aircraft Industries 1124 Westwind
305,YK2,Yakovlev Yak-42
306,YK4,Yakovlev Yak-40
307,YN2,Yunshuji Y-12/Xian Y-12
308,YN7,Yunshuji Y-7/Harbin Y-7
309,YS1,NAMC YS-11
