Hurricane_Name,Landfall_Date,End_Date,Vmax_(knot),Vmax_(mph),HII,Category,Landfall_State,Landfall_County,Landfall_City,Landfall_Lat,Landfall_Long,Landfall_NDVI,Landfall_NDWI,StartLandVal,P2_State,P2_County,P2_City,P2_Lat,P2_Long,P2_NDVI,P2_NDWI,P2_Val,P3_State,P3_County,P3_City,P3_Lat,P3_Long,P3_NDVI,P3_NDWI,P3_Val,P4_State,P4_County,P4_City,P4_Lat,P4_Long,P4_NDVI,P4_NDWI,P4_Val,P5_State,P5_County,P5_City,P5_Lat,P5_Long,P5_NDVI,P5_NDWI,P5_Val,P6_State,P6_County,P6_City,P6_Lat,P6_Long,P6_NDVI,P6_NDWI,P6_Val,P7_State,P7_County,P7_City,P7_Lat,P7_Long,P7_NDVI,P7_NDWI,P7_Val,P8_State,P8_County,P8_City,P8_Lat,P8_Long,P8_NDVI,P8_NDWI,P8_Val,End_State,End_County,End_City,End_Lat,End_Long,End_NDVI,End_NDWI,End_Val,Tot_Val
Bob,8/16/1991,8/29/1991,100,115,2.415084003,3,Ocean,Ocean,Ocean,33,-76.1,null,null,0,Ocean,Ocean,Ocean,34.6,-75.3,null,null,0,Ocean,Ocean,Ocean,36.5,-74.5,null,null,0,Ocean,Ocean,Ocean,38.9,-73,null,null,0,Rhode Island,RI-Washington,New Shoreham,41.2,-71.6,0.253206057,0.276898092,114000,Rhode Island,RI-Newport ,Newport,41.4,-71.4,0.185636353,0.300375341,114000,Maine,ME-Lincoln,Boothbay,43.8,-69.6,0.219801689,0.359196841,84100,Maine,ME-Knox,Rockland,44.1,-69.1,0.154221771,0.362120781,84100,Maine,ME-Washington,NorthWashington,45.6,-67.6,0.355514972,0.357513898,2370,398570
Beryl,8/14/1994,8/19/1994,50,57.5,0.603771001,0,Georgia,GA-Butts,Jackson,33.3,-83.9,null,null,0,Georgia,GA-Banks,Homer,34.3,-83.5,null,null,0,NorthCarolina,NC-Ashville,Asheville,35.5,-82.6,null,null,0,West Virgina,WV-McDowell,Welch,37.5,-81.5,null,null,0,Virginia,VA-N/A,Blue Grass ,38.5,-79.6,null,null,0,Maryland,MD-Caroline,Jackson,39.5,-77.5,0.344160779,0.237748873,7860,Pennsylvania,PA-Luzerne,Nanticoke,41.2,-76,0.327550563,0.271157708,51500,NewYork,NY-Dutchess,Wappinger,41.6,-73.9,0.344061443,0.276953781,241900,Connecticut,CT-Windham,Woodstock,42,-72,0.37290298,0.273170869,"12,300",313560
Felix,8/8/1995,8/25/1995,120,138,3.477720964,4,Ocean,Ocean,Ocean,35.9,-68.3,null,null,0,Ocean,Ocean,Ocean,36.6,-67.8,null,null,0,Ocean,Ocean,Ocean,37.7,-67,null,null,0,Ocean,Ocean,Ocean,40.6,-63.3,null,null,0,Ocean,Ocean,Ocean,42.5,-59.8,null,null,0,Ocean,Ocean,Ocean,44.5,-55.8,null,null,0,Ocean,Ocean,Ocean,49,-46,null,null,0,Ocean,Ocean,Ocean,50.8,-40.5,null,null,0,Ocean,Ocean,Ocean,53.5,-35.5,null,null,0,0
Bertha,7/5/1996,7/17/1996,100,115,2.415084003,3,Ocean,Ocean,Ocean,32.2,-78.4,null,null,0,Ocean,Ocean,Ocean,33.6,-78.1,null,null,0,NorthCarolina,NC-New Hanover,Kirkland,34.3,-77.8,null,null,0,NorthCarolina,NC-Jones,Tuckahoe,35,-77.6,null,null,0,Virginia,N/A,Franklin,36.7,-77,null,null,0,Maryland,MD-Dorchester,Straits,38.3,-76.1,0.310670311,0.188060808,7860,NewJersey,NJ-Monmouth,Freehold,40.2,-74.5,0.225510386,0.212110309,13500,Massachusetts,MA-Worchester,Oxford,42.1,-71.9,0.362518598,0.268695646,227400,Maine,ME-Knox,North Haven,44.1,-69,0.1380847,0.367751927,84100,332860
Josephine,10/4/1996,10/6/1996,60,69,0.869430241,0,Ocean,Ocean,Ocean,51,-38,null,null,0,Ocean,Ocean,Ocean,51,-32,null,null,0,Ocean,Ocean,Ocean,51,-26,null,null,0,Ocean,Ocean,Ocean,51,-21,null,null,0,Ocean,Ocean,Ocean,51,-18,null,null,0,Ocean,Ocean,Ocean,51.5,-16.5,null,null,0,Ocean,Ocean,Ocean,52.5,-15.5,null,null,0,Ocean,Ocean,Ocean,53,-15.5,null,null,0,Ocean,Ocean,Ocean,53.5,-15.5,null,null,0,0
Dennis,8/24/1999,9/8/1999,90,103.5,1.956218042,2,NorthCarolina,NC-Greene,Snow Hill,35.5,-77.7,null,null,0,NorthCarolina,NC-Granville ,Dutchville,36.1,-78.8,null,null,0,NorthCarolina,NC-Guilford,Summerfield,36.2,-79.9,null,null,0,Virginia,VA-Franklin,Rocky Mount,37,-79.9,null,null,0,Virginia,VA-Rockbridge,Buffalo,37.7,-79.5,null,null,0,Virgina,VA-Page,Shenandoah,38.5,-78.5,null,null,0,Pennsylvania,PA-Snyder,Kreamer,40.8,-77,0.355313168,0.251212378,6250,NewYork,NY-Oswego,Oswego/Lake Ontario,43.5,-76.5,0.084255344,0.355265099,379600,NewYork,NY-Jefferson,Black River,44,-75.8,0.361344982,0.285407677,3230,389080
Floyd,9/7/1999,9/19/1999,135,155.25,4.401490595,4,Ocean,Ocean,Ocean,30.6,-79.1,null,null,0,Ocean,Ocean,Ocean,33.7,-78,null,null,0,Ocean,Ocean,Ocean,33.8,-78,null,null,0,NorthCarolina,NC-Beaufort,Long Acre,35.7,-76.8,null,null,0,Virginia,VA-Accomack,Chincoteague,38,-75.3,null,null,0,NewYork,NY-Nassau,Zachs Bay/Wantagh,40.6,-73.5,0.096254165,0.272362552,379600,Massachusetts,MA-Worchester,Sturbridge,42.1,-72.1,0.378159115,0.282473916,227400,Maine,ME-York,Wells,43.3,-70.6,0.152769454,0.379860751,2370,Maine,ME-Knox,North Haven,44.2,-68.9,0.1380847,0.367751927,84100,693470
Gordon,9/14/2000,9/21/2000,70,80.5,1.183391161,1,NorthCarolina,NC-Cumberland,Fayetteville,35,-79,null,null,0,Virginia,VA-Lunenburg,Victoria,37,-78.2,null,null,0,Marland,MD-Dorchester,Bucktown,38.5,-76,0.330830931,0.202484749,7860,NewJersey,NJ-Ocean,Toms River,40,-74,-0.155504091,0.369996016,183000,Connecticut,CT-New London,Preston,41.5,-72,0.425623084,0.247877889,106900,Maine,Ocean,Gulf of Maine,42,-69.5,-0.140700084,0.302809998,0,Ocean,Ocean,Ocean,42.5,-67.2,null,null,0,Ocean,Ocean,Ocean,43,-65,null,null,0,Ocean,Ocean,Ocean,43.5,-63,null,null,0,297760
Allison,6/5/2001,6/19/2001,50,57.5,0.603771001,0,Virginia,VA-None,Virginia Beach,36.692,-76.05,null,null,0,Virginia,VA-None,Virginia Beach/Ocean,36.8,-75.9,null,null,0,Ocean,Ocean,Ocean,36.97,-75.685,null,null,0,Ocean,Ocean,Ocean,37.2,-75.5,null,null,0,Ocean,Ocean,Ocean,37.47,-75.486,null,null,0,Virginia,VA-Accomack,Chincoteague,37.8,-75.4,null,null,0,Ocean,Ocean,Ocean,38.193,-75.025, null,null,0,Ocean,Ocean,Ocean,38.6,-74.5,null,null,0,Ocean,Ocean,Ocean,38.957,-73.979,null,null,0,0
Frances,8/25/2004,9/10/2004,125,143.75,3.773568755,4,Alabama,AL-Lee,Smiths Station,32.5,-85.1,null,null,0,Georgia,GA-Coweta,Newnan,33.4,-84.7,null,null,0,Georgia,GA-Cherokee,Ball Ground,34.3,-84.3,null,null,0,Tennessee,TN-Cocke,Liberty Hill,36.1,-83.2,null,null,0,West Virginia,WV-Logan,Holden,37.8,-82.1,null,null,0,West Virginia,WV-Roane,Looneyville,38.7,-81.3,null,null,0,Pennsylvania,PA-Allegheny,Pittsburgh,40.5,-80,0.339801607,0.183239398,51500,NewYork,NY-Livingston,Livonia,42.8,-77.7,0.290847758,0.269594577,379600,NewYork,NY-Jefferson,Theresa,44.3,-75.7,0.350369198,0.291093585,3230,434330
Gaston,8/27/2004,9/3/2004,65,74.75,1.020372991,1,Ocean,Ocean,Ocean,39.1,-72.9,null,null,0,Ocean,Ocean,Ocean,40.2,-70.5,null,null,0,Ocean,Ocean,Ocean,41.7,-63.5,null,null,0,Ocean,Ocean,Ocean,43,-59.6,null,null,0,Ocean,Ocean,Ocean,45,-55,null,null,0,Ocean,Ocean,Ocean,48.5,-44,null,null,0,Ocean,Ocean,Ocean,50,-38,null,null,0,Ocean,Ocean,Ocean,51.1,-32,null,null,0,Ocean,Ocean,Ocean,52,-28.9,null,null,0,0
Hermine,8/27/2004,8/31/2004,50,57.5,0.603771001,0,Ocean,Ocean,Ocean,31.1,-69.8,null,null,0,Ocean,Ocean,Ocean,31.8,-70.5,null,null,0,Ocean,Ocean,Ocean,32.6,-71.1,null,null,0,Ocean,Ocean,Ocean,33.8,-71.5,null,null,0,Ocean,Ocean,Ocean,35.8,-71.5,null,null,0,Ocean,Ocean,Ocean,37.6,-71.4,null,null,0,Ocean,Ocean,Ocean,39.9,-71.3,null,null,0,Massachusetts,MA-Bristol,Buzzards Bay/Dartmouth,41.5,-70.9,0.1424505,0.308310918,227400,Maine,ME-York,York,43.1,-70.5,-0.101130178,0.458964382,84100,311500
Cindy,7/3/2005,7/11/2005,65,74.75,1.020372991,1,Ocean,Ocean,Ocean,37.8,-78.3,null,null,0,Maryland,MD-Charles,Patuxent,38.4,-76.7,0.104200231,0.317390925,7860,NewJersey,NJ-Cape May,Cape May,39.1,-74.8,0.096273006,0.253191411,1532520,Ocean,Ocean,Ocean,39.5,-72,null,null,0,Ocean,Ocean,Ocean,40.8,-70.7,null,null,0,Ocean,Ocean,Ocean,41.6,-69.8,null,null,0,Ocean,Ocean,Ocean,43.5,-69.6,null,null,0,Maine,ME-Somerset,Solon,44.9,-69.8,0.340984736,0.339237385,2370,Maine,NE-Somerset,NE Somerset,45.5,-70,0.341830211,0.396903635,2370,1545120
Irene,8/4/2005,8/18/2005,90,103.5,1.956218042,2,Ocean,Ocean,Ocean,36.6,-63,null,null,0,Ocean,Ocean,Ocean,36.5,-62,null,null,0,Ocean,Ocean,Ocean,36.5,-61.3,null,null,0,Ocean,Ocean,Ocean,36.5,-60.6,null,null,0,Ocean,Ocean,Ocean,36.9,-59.1,null,null,0,Ocean,Ocean,Ocean,37.6,-57.3,null,null,0,Ocean,Ocean,Ocean,38.6,-55,null,null,0,Ocean,Ocean,Ocean,40.3,-52.3,null,null,0,Ocean,Ocean,Ocean,43.3,-48.9,null,null,0,0
Beryl,7/18/2006,7/22/2006,50,57.5,0.603771001,0,Ocean,Ocean,Ocean,39.1,-72.5,null,null,0,Ocean,Ocean,Ocean,39.42,-72.208,null,null,0,Ocean,Ocean,Ocean,39.8,-71.8,null,null,0,Ocean,Ocean,Ocean,40.2,-71.447,null,null,0,Ocean,Ocean,Ocean,41,-70.5,null,null,0,Massachusetts,MA-Nantucket,Nantucket/Ocean,41.3,-70.1,-0.119460813,0.329161532,227400,Ocean,Ocean,Ocean,41.911,-69.21,null,null,0,Maine,Ocean,Gulf of Maine,42.4,-68.4,null,null,0,Ocean,Ocean,Ocean,43.064,-67.423,null,null,0,227400
Ernesto,8/24/2006,9/4/2006,65,74.75,1.020372991,1,Virginia,VA-King and Queen,Shanghai,37.6,-76.8,null,null,0,Virginia,VA-Richmond,Wellford,37.885,-76.735,null,null,0,Maryland,MD-Charles County,Benedict,38.52,-76.692,0.103294893,0.314934656,7860,Maryland,MD-Prince George's ,Bowie,38.9,-76.7,0.121261614,0.269757568,127400,Maryland,MD-None,Baltimore,39.347,-76.671,0.335434427,0.256516763,1622502,Pennsylvania,PA-York,Spry,39.9,-76.7,0.340486466,0.262456355,127400,Pennsylvania,PA-Dauphin,Rife,40.54,-76.87,0.343050715,0.248182774,6250,Pennsylvania,PA-Alleghany,Perrysville,41.3,-77.1,0.3891316,0.284562901,127400,NewYork,NY-Steuben,Cameron,42.2,-77.365,0.331284604,0.260582244,3230,2022042
Barry,5/31/2007,6/5/2007,50,57.5,0.603771001,0,Georgia,GA-McIntosh,Ridgeville,31.4,-81.4,null,null,0,SouthCarolina,SC-Beaufort,Bluffton,32.1,-81,null,null,0,SouthCarolina,SC-Charleston,West Ashley,32.8,-80,null,null,0,Ocean,Ocean,Ocean,33.7,-78.4,null,null,0,NorthCarolina,NC-Dare,Pamlico Sound,35.3,-76,null,null,0,Ocean,Ocean,Ocean,37.2,-74.6,null,null,0,Ocean,Ocean,Ocean,39,-73.2,null,null,0,Ocean,Ocean,Ocean,42.4,-70.8,null,null,0,Maine,ME-Kennebec,Benton,44.6,-69.5,0.355282454,0.331751007,2370,2370
Hanna ,8/28/2008,9/8/2008,75,86.25,1.358484752,1,Ocean,Ocean,Ocean,28.2,-78.5,null,null,0,Ocean,Ocean,Ocean,29.9,-78.7,null,null,0,Ocean,Ocean,Ocean,31.5,-79.3,null,null,0,Ocean,Ocean,Ocean,33.4,-78.8,null,null,0,SouthCarolina,SC-Horry,North Myrtle Beach,33.8,-78.7,null,null,0,NorthCarolina,NC-Wilson,Old Fields,35.7,-78.1,null,null,0,Virginia,VA-Richmond,Sharps,37.8,-76.7,null,null,0,NewJersey,NJ-Ocean,Plumstead Township,40,-74.5,0.272463028,0.212634014,13500,Rhode Island,RI-Providence,Chepacet,41.9,-71.7,0.376626242,0.258365721,15200,28700
Irene,8/21/2011,8/30/2011,105,120.75,2.662630113,3,NorthCarolina,NC-Carteret,Harkers Island,34.7,-76.6,null,null,0,NorthCarolina,NC-Hyde,Lake Mattamuskeet,35.5,-76.3,null,null,0,Ocean,Ocean,Ocean,36.7,-75.7,null,null,0,Ocean,Ocean,Ocean,38.1,-75,null,null,0,NewJersey,NJ-Atlantic,Brigantine,39.4,-74.4,-0.018598499,0.306852481,183000,NewJersey,NJ-Monmouth,Tinton Falls,40.3,-74.1,-0.01614998,0.269130313,183000,NewYork,NY-Kings,Brooklyn,40.6,-74,0.138349385,0.213389892,1113520,Massachusetts,MA-Berkshire,Windsor,42.5,-73.1,0.37205131,0.318926731,227400,Vermont,VT-Windsor,Ludlow,43.351,-72.7,0.366601575,0.324365763,71700,1778620
Sandy,10/21/2012,10/31/2012,100,115,2.415084003,3,Ocean,Ocean,Ocean,36.9,-71,null,null,0,Ocean,Ocean,Ocean,38.3,-73.2,null,null,0,Ocean,Ocean,Ocean,38.8,-74,null,null,0,NewJersey,NJ-Atlantic,Brigantine,39.4,-74.4,-0.018598499,0.306852481,183000,NewJersey,NJ-Atlantic,Galloway,39.5,-74.5,0.128620835,0.266251247,183000,Pennsylvania,PA-Lancaster,Quarryville,39.9,-76.2,0.377317162,0.222060188,6250,Pennsylvania,PA-Franklin,Willow Hill,40.1,-77.8,0.371897566,0.210141238,6250,Pennsylvania,PA-Cambridge,Vinco,40.4,-78.9,0.314698685,0.191281002,6250,Pennsylvania,PA-Butler,Sarver,40.7,-79.8,0.35156767,0.18808668,6250,391000
Andrea,6/5/2013,6/8/2013,55,63.25,0.730562911,0,Ocean,Ocean,Gulf of Mexico,28.9,-83.9,null,null,0,Florida,FL-Dixie,Horseshoe Beach,29.5,-83.4,null,null,0,Florida,FL-Dixie,Bell,29.8,-83,null,null,0,Georgia,GA-McIntosh,Chimney Villa,31.6,-81.4,null,null,0,SouthCarolina,SC-Sumter,Lake Marion,33.5,-80.2,null,null,0,NorthCarolina,NC-Cumberland,Mingo,35.2,-78.6,null,null,0,Virginia,VA-Mathews,Chesapeake Bay,37.4,-76.2,null,null,0,Ocean,Ocean,NY/NJ Bight,39.9,-73.6,null,null,0,Ocean,Ocean,Ocean,42.4,-70.4,null,null,0,0
Ana,5/6/2015,5/12/2015,50,57.5,0.603771001,0,Virginia,VA-None,Chesapeake Bay/Hampton,37,-76.3,null,null,0,Virginia,VA-Northhampton,Exmore,37.519,-75.773,null,null,0,Ocean,Ocean,Ocean,38.1,-75.1,null,null,0,Ocean,Ocean,Ocean,38.67,-74.188,null,null,0,Ocean,Ocean,Ocean,39.3,-73.1,null,null,0,Ocean,Ocean,Ocean,39.971,-72.019,null,null,0,Ocean,Ocean,Ocean,40.8,-70.7,null,null,0,Ocean,Ocean,Gulf of Maine,41.846,-68.989,null,null,0,Ocean,Ocean,Ocean,43,-67,null,null,0,0
Hermine,8/28/2016,9/8/2016,70,80.5,1.183391161,1,Ocean,Ocean,Ocean,39.5,-72.1,null,null,0,Ocean,Ocean,Ocean,39.542,-71.972,null,null,0,Ocean,Ocean,Ocean,39.6,-71.8,null,null,0,Ocean,Ocean,Ocean,39.705,-71.572,null,null,0,Ocean,Ocean,Ocean,39.9,-71.3,null,null,0,Ocean,Ocean,Ocean,40.19,-71.015,null,null,0,Ocean,Ocean,Ocean,40.6,-70.7,null,null,0,Ocean,Ocean,Ocean,41.12,-70.359,null,null,0,Massachusetts,MA-Barnestable,Chatham,41.7,-70,-0.115293801,0.293799278,227400,227400
Nate,10/3/2017,10/11/2017,80,92,1.545653762,1,Ohio,OH-Highland,Lincolnville,39.1,-83.4,null,null,0,Ohio,OH-Coshocton,Walhonding,40.393,-82.087,null,null,0,Pennsylvania,PA-Mercer,Pymatuning,41.5,-80.5,0.36425084,0.225464734,6250,NewYork,NY-Cattaragus,Machias,42.398,-78.502,0.350919322,0.288276229,3230,NewYork,NY-Onondaga,Van Buren,43.1,-76.3,0.304391569,0.289547932,3230,NewYork,NY-Hamilton,Indian Lake,43.661,-74.155,0.291929774,0.316519451,3230,New Hampshire,NH-Grafton,Bath,44.2,-72,0.329902583,0.320120495,92900,Maine,ME-Somerset,Solon,44.944,-69.762,0.340400367,0.340993126,84100,Maine,ME-Washington,NorthWashington,45.6,-67.6,0.355514972,0.357513898,2370,195310
