{"realtime_start": "2019-12-23", "realtime_end": "2019-12-23", "seriess": [{"id": "FLSLOAS", "realtime_start": "2019-12-23", "realtime_end": "2019-12-23", "title": "Student Loans Owned and Securitized, Flow", "observation_start": "2006-04-01", "observation_end": "2019-07-01", "frequency": "Quarterly, End of Period", "frequency_short": "Q", "units": "Billions of Dollars", "units_short": "Bil. of $", "seasonal_adjustment": "Not Seasonally Adjusted", "seasonal_adjustment_short": "NSA", "last_updated": "2019-11-07 14:11:02-06", "popularity": 24, "notes": "For further information, please refer to the Board of Governors of the Federal Reserve System's G.19 release, online at http://www.federalreserve.gov/releases/g19/."}]}