{"realtime_start": "2019-12-23", "realtime_end": "2019-12-23", "seriess": [{"id": "SLOAS", "realtime_start": "2019-12-23", "realtime_end": "2019-12-23", "title": "Student Loans Owned and Securitized, Outstanding", "observation_start": "2006-01-01", "observation_end": "2019-07-01", "frequency": "Quarterly, End of Period", "frequency_short": "Q", "units": "Billions of Dollars", "units_short": "Bil. of $", "seasonal_adjustment": "Not Seasonally Adjusted", "seasonal_adjustment_short": "NSA", "last_updated": "2019-11-07 14:11:02-06", "popularity": 67, "notes": "For further information, please refer to the Board of Governors of the Federal Reserve System's G.19 release (http://www.federalreserve.gov/releases/g19/)."}]}