Date,Country/Region,Confirmed,Deaths,Recovered,Active,New_cases,New_deaths,New_recovered,WHO_Region,monthly_temperature,monthly_humidity,quarantine,Confirmed_per_1000
2020/1/22 0:00,United Arab Emirates,0,0,0,0,0,0,0,Eastern Mediterranean,25,55,2020/3/26 0:00,0
2020/1/23 0:00,United Arab Emirates,0,0,0,0,0,0,0,Eastern Mediterranean,25,55,2020/3/26 0:00,0
2020/1/24 0:00,United Arab Emirates,0,0,0,0,0,0,0,Eastern Mediterranean,25,55,2020/3/26 0:00,0
2020/1/25 0:00,United Arab Emirates,0,0,0,0,0,0,0,Eastern Mediterranean,25,55,2020/3/26 0:00,0
2020/1/26 0:00,United Arab Emirates,0,0,0,0,0,0,0,Eastern Mediterranean,25,55,2020/3/26 0:00,0
2020/1/27 0:00,United Arab Emirates,0,0,0,0,0,0,0,Eastern Mediterranean,25,55,2020/3/26 0:00,0
2020/1/28 0:00,United Arab Emirates,0,0,0,0,0,0,0,Eastern Mediterranean,25,55,2020/3/26 0:00,0
2020/2/1 0:00,United Arab Emirates,4,0,0,4,0,0,0,Eastern Mediterranean,25,55,2020/3/26 0:00,0.000403956
2020/2/2 0:00,United Arab Emirates,5,0,0,5,1,0,0,Eastern Mediterranean,24,52,2020/3/26 0:00,0.000504944
2020/2/3 0:00,United Arab Emirates,5,0,0,5,0,0,0,Eastern Mediterranean,24,52,2020/3/26 0:00,0.000504944
2020/2/4 0:00,United Arab Emirates,5,0,0,5,0,0,0,Eastern Mediterranean,24,52,2020/3/26 0:00,0.000504944
2020/2/5 0:00,United Arab Emirates,5,0,0,5,0,0,0,Eastern Mediterranean,24,52,2020/3/26 0:00,0.000504944
2020/2/6 0:00,United Arab Emirates,5,0,0,5,0,0,0,Eastern Mediterranean,24,52,2020/3/26 0:00,0.000504944
2020/2/7 0:00,United Arab Emirates,5,0,0,5,0,0,0,Eastern Mediterranean,24,52,2020/3/26 0:00,0.000504944
2020/2/8 0:00,United Arab Emirates,7,0,0,7,2,0,0,Eastern Mediterranean,24,52,2020/3/26 0:00,0.000706922
2020/2/9 0:00,United Arab Emirates,7,0,0,7,0,0,0,Eastern Mediterranean,24,52,2020/3/26 0:00,0.000706922
2020/2/10 0:00,United Arab Emirates,8,0,0,8,1,0,0,Eastern Mediterranean,24,52,2020/3/26 0:00,0.000807911
2020/2/11 0:00,United Arab Emirates,8,0,0,8,0,0,0,Eastern Mediterranean,24,52,2020/3/26 0:00,0.000807911
2020/2/13 0:00,United Arab Emirates,8,0,1,7,0,0,0,Eastern Mediterranean,24,52,2020/3/26 0:00,0.000807911
2020/2/14 0:00,United Arab Emirates,8,0,1,7,0,0,0,Eastern Mediterranean,24,52,2020/3/26 0:00,0.000807911
2020/2/15 0:00,United Arab Emirates,8,0,3,5,0,0,2,Eastern Mediterranean,24,52,2020/3/26 0:00,0.000807911
2020/2/16 0:00,United Arab Emirates,9,0,4,5,1,0,1,Eastern Mediterranean,24,52,2020/3/26 0:00,0.0009089
2020/2/17 0:00,United Arab Emirates,9,0,4,5,0,0,0,Eastern Mediterranean,24,52,2020/3/26 0:00,0.0009089
2020/2/18 0:00,United Arab Emirates,9,0,4,5,0,0,0,Eastern Mediterranean,24,52,2020/3/26 0:00,0.0009089
2020/2/19 0:00,United Arab Emirates,9,0,4,5,0,0,0,Eastern Mediterranean,24,52,2020/3/26 0:00,0.0009089
2020/2/20 0:00,United Arab Emirates,9,0,4,5,0,0,0,Eastern Mediterranean,24,52,2020/3/26 0:00,0.0009089
2020/2/21 0:00,United Arab Emirates,9,0,4,5,0,0,0,Eastern Mediterranean,24,52,2020/3/26 0:00,0.0009089
2020/2/22 0:00,United Arab Emirates,13,0,4,9,4,0,0,Eastern Mediterranean,24,52,2020/3/26 0:00,0.001312856
2020/2/23 0:00,United Arab Emirates,13,0,4,9,0,0,0,Eastern Mediterranean,24,52,2020/3/26 0:00,0.001312856
2020/2/24 0:00,United Arab Emirates,13,0,4,9,0,0,0,Eastern Mediterranean,24,52,2020/3/26 0:00,0.001312856
2020/2/25 0:00,United Arab Emirates,13,0,4,9,0,0,0,Eastern Mediterranean,24,52,2020/3/26 0:00,0.001312856
2020/2/26 0:00,United Arab Emirates,13,0,4,9,0,0,0,Eastern Mediterranean,24,52,2020/3/26 0:00,0.001312856
2020/2/27 0:00,United Arab Emirates,13,0,4,9,0,0,0,Eastern Mediterranean,24,52,2020/3/26 0:00,0.001312856
2020/2/28 0:00,United Arab Emirates,19,0,5,14,6,0,1,Eastern Mediterranean,24,52,2020/3/26 0:00,0.001918789
2020/2/29 0:00,United Arab Emirates,21,0,5,16,2,0,0,Eastern Mediterranean,24,52,2020/3/26 0:00,0.002120767
2020/3/1 0:00,United Arab Emirates,21,0,5,16,0,0,0,Eastern Mediterranean,24,52,2020/3/26 0:00,0.002120767
2020/3/2 0:00,United Arab Emirates,21,0,5,16,0,0,0,Eastern Mediterranean,26,53,2020/3/26 0:00,0.002120767
2020/3/3 0:00,United Arab Emirates,27,0,5,22,6,0,0,Eastern Mediterranean,26,53,2020/3/26 0:00,0.0027267
2020/3/4 0:00,United Arab Emirates,27,0,5,22,0,0,0,Eastern Mediterranean,26,53,2020/3/26 0:00,0.0027267
2020/3/5 0:00,United Arab Emirates,29,0,5,24,2,0,0,Eastern Mediterranean,26,53,2020/3/26 0:00,0.002928678
2020/3/6 0:00,United Arab Emirates,29,0,5,24,0,0,0,Eastern Mediterranean,26,53,2020/3/26 0:00,0.002928678
2020/3/7 0:00,United Arab Emirates,45,0,7,38,16,0,2,Eastern Mediterranean,26,53,2020/3/26 0:00,0.0045445
2020/3/8 0:00,United Arab Emirates,45,0,7,38,0,0,0,Eastern Mediterranean,26,53,2020/3/26 0:00,0.0045445
2020/3/9 0:00,United Arab Emirates,45,0,7,38,0,0,0,Eastern Mediterranean,26,53,2020/3/26 0:00,0.0045445
2020/3/10 0:00,United Arab Emirates,74,0,12,62,29,0,5,Eastern Mediterranean,26,53,2020/3/26 0:00,0.007473178
2020/3/11 0:00,United Arab Emirates,74,0,17,57,0,0,5,Eastern Mediterranean,26,53,2020/3/26 0:00,0.007473178
2020/3/12 0:00,United Arab Emirates,85,0,17,68,11,0,0,Eastern Mediterranean,26,53,2020/3/26 0:00,0.008584056
2020/3/13 0:00,United Arab Emirates,85,0,17,68,0,0,0,Eastern Mediterranean,26,53,2020/3/26 0:00,0.008584056
2020/3/14 0:00,United Arab Emirates,85,0,17,68,0,0,0,Eastern Mediterranean,26,53,2020/3/26 0:00,0.008584056
2020/3/15 0:00,United Arab Emirates,98,0,23,75,13,0,6,Eastern Mediterranean,26,53,2020/3/26 0:00,0.009896912
2020/3/16 0:00,United Arab Emirates,98,0,23,75,0,0,0,Eastern Mediterranean,26,53,2020/3/26 0:00,0.009896912
2020/3/17 0:00,United Arab Emirates,98,0,23,75,0,0,0,Eastern Mediterranean,26,53,2020/3/26 0:00,0.009896912
2020/3/18 0:00,United Arab Emirates,113,0,26,87,15,0,3,Eastern Mediterranean,26,53,2020/3/26 0:00,0.011411745
2020/3/19 0:00,United Arab Emirates,140,0,31,109,27,0,5,Eastern Mediterranean,26,53,2020/3/26 0:00,0.014138445
2020/3/21 0:00,United Arab Emirates,153,2,38,113,13,0,7,Eastern Mediterranean,26,53,2020/3/26 0:00,0.015451301
2020/3/22 0:00,United Arab Emirates,153,2,38,113,0,0,0,Eastern Mediterranean,26,53,2020/3/26 0:00,0.015451301
2020/3/23 0:00,United Arab Emirates,198,2,38,158,45,0,0,Eastern Mediterranean,26,53,2020/3/26 0:00,0.019995801
2020/3/24 0:00,United Arab Emirates,248,2,45,201,50,0,7,Eastern Mediterranean,26,53,2020/3/26 0:00,0.025045246
2020/3/25 0:00,United Arab Emirates,333,2,52,279,85,0,7,Eastern Mediterranean,26,53,2020/3/26 0:00,0.033629301
2020/3/26 0:00,United Arab Emirates,333,2,52,279,0,0,0,Eastern Mediterranean,26,53,2020/3/26 0:00,0.033629301
2020/3/27 0:00,United Arab Emirates,405,2,52,351,72,0,0,Eastern Mediterranean,26,53,2020/3/26 0:00,0.040900502
2020/3/28 0:00,United Arab Emirates,468,2,52,414,63,0,0,Eastern Mediterranean,26,53,2020/3/26 0:00,0.047262802
2020/3/29 0:00,United Arab Emirates,570,3,58,509,102,1,6,Eastern Mediterranean,26,53,2020/3/26 0:00,0.057563669
2020/3/30 0:00,United Arab Emirates,611,5,61,545,41,2,3,Eastern Mediterranean,26,53,2020/3/26 0:00,0.061704214
2020/3/31 0:00,United Arab Emirates,664,6,61,597,53,1,0,Eastern Mediterranean,26,53,2020/3/26 0:00,0.067056625
2020/4/1 0:00,United Arab Emirates,814,8,61,745,150,2,0,Eastern Mediterranean,30,50,2020/3/26 0:00,0.082204959
2020/4/2 0:00,United Arab Emirates,1024,8,96,920,210,0,35,Eastern Mediterranean,30,50,2020/3/26 0:00,0.103412627
2020/4/3 0:00,United Arab Emirates,1264,9,108,1147,240,1,12,Eastern Mediterranean,30,50,2020/3/26 0:00,0.127649961
2020/4/4 0:00,United Arab Emirates,1505,10,125,1370,241,1,17,Eastern Mediterranean,30,50,2020/3/26 0:00,0.151988284
2020/4/5 0:00,United Arab Emirates,1799,10,144,1645,294,0,19,Eastern Mediterranean,30,50,2020/3/26 0:00,0.181679019
2020/4/6 0:00,United Arab Emirates,2076,11,167,1898,277,1,23,Eastern Mediterranean,30,50,2020/3/26 0:00,0.209652943
2020/4/7 0:00,United Arab Emirates,2359,12,186,2161,283,1,19,Eastern Mediterranean,30,50,2020/3/26 0:00,0.238232799
2020/4/8 0:00,United Arab Emirates,2659,12,239,2408,300,0,53,Eastern Mediterranean,30,50,2020/3/26 0:00,0.268529467
2020/4/9 0:00,United Arab Emirates,2990,14,268,2708,331,2,29,Eastern Mediterranean,30,50,2020/3/26 0:00,0.301956791
2020/4/10 0:00,United Arab Emirates,3360,16,418,2926,370,2,150,Eastern Mediterranean,30,50,2020/3/26 0:00,0.339322682
2020/4/11 0:00,United Arab Emirates,3736,20,588,3128,376,4,170,Eastern Mediterranean,30,50,2020/3/26 0:00,0.377294506
2020/4/12 0:00,United Arab Emirates,4123,22,680,3421,387,2,92,Eastern Mediterranean,30,50,2020/3/26 0:00,0.416377207
2020/4/13 0:00,United Arab Emirates,4521,25,852,3644,398,3,172,Eastern Mediterranean,30,50,2020/3/26 0:00,0.456570787
2020/4/14 0:00,United Arab Emirates,4933,28,933,3972,412,3,81,Eastern Mediterranean,30,50,2020/3/26 0:00,0.498178211
2020/4/15 0:00,United Arab Emirates,5365,33,1034,4298,432,5,101,Eastern Mediterranean,30,50,2020/3/26 0:00,0.541805413
2020/4/16 0:00,United Arab Emirates,5825,35,1095,4695,460,2,61,Eastern Mediterranean,30,50,2020/3/26 0:00,0.588260304
2020/4/17 0:00,United Arab Emirates,6302,37,1188,5077,477,2,93,Eastern Mediterranean,30,50,2020/3/26 0:00,0.636432006
2020/4/18 0:00,United Arab Emirates,6302,37,1188,5077,0,0,0,Eastern Mediterranean,30,50,2020/3/26 0:00,0.636432006
2020/4/19 0:00,United Arab Emirates,6781,41,1286,5454,479,4,98,Eastern Mediterranean,30,50,2020/3/26 0:00,0.684805686
2020/4/20 0:00,United Arab Emirates,7265,43,1360,5862,484,2,74,Eastern Mediterranean,30,50,2020/3/26 0:00,0.73368431
2020/4/21 0:00,United Arab Emirates,7755,46,1443,6266,490,3,83,Eastern Mediterranean,30,50,2020/3/26 0:00,0.783168868
2020/4/22 0:00,United Arab Emirates,8238,52,1546,6640,483,6,103,Eastern Mediterranean,30,50,2020/3/26 0:00,0.831946503
2020/4/23 0:00,United Arab Emirates,8756,56,1637,7063,518,4,91,Eastern Mediterranean,30,50,2020/3/26 0:00,0.88425875
2020/4/24 0:00,United Arab Emirates,9281,64,1760,7457,525,8,123,Eastern Mediterranean,30,50,2020/3/26 0:00,0.937277919
2020/4/25 0:00,United Arab Emirates,9813,71,1887,7855,532,7,127,Eastern Mediterranean,30,50,2020/3/26 0:00,0.99100401
2020/4/26 0:00,United Arab Emirates,10349,76,1978,8295,536,5,91,Eastern Mediterranean,30,50,2020/3/26 0:00,1.045134057
2020/4/27 0:00,United Arab Emirates,10839,82,2090,8667,490,6,112,Eastern Mediterranean,30,50,2020/3/26 0:00,1.094618615
2020/4/28 0:00,United Arab Emirates,11380,89,2181,9110,541,7,91,Eastern Mediterranean,30,50,2020/3/26 0:00,1.149253606
2020/4/29 0:00,United Arab Emirates,11929,98,2329,9502,549,9,148,Eastern Mediterranean,30,50,2020/3/26 0:00,1.204696509
2020/4/30 0:00,United Arab Emirates,12481,105,2429,9947,552,7,100,Eastern Mediterranean,30,50,2020/3/26 0:00,1.260442378
2020/5/1 0:00,United Arab Emirates,13038,111,2543,10384,557,6,114,Eastern Mediterranean,33,48,2020/3/26 0:00,1.316693191
2020/5/2 0:00,United Arab Emirates,13599,119,2664,10816,561,8,121,Eastern Mediterranean,33,48,2020/3/26 0:00,1.373347961
2020/5/3 0:00,United Arab Emirates,14163,126,2763,11274,564,7,99,Eastern Mediterranean,33,48,2020/3/26 0:00,1.430305696
2020/5/4 0:00,United Arab Emirates,14730,137,2966,11627,567,11,203,Eastern Mediterranean,33,48,2020/3/26 0:00,1.487566399
2020/5/5 0:00,United Arab Emirates,15192,146,3153,11893,462,9,187,Eastern Mediterranean,33,48,2020/3/26 0:00,1.534223268
2020/5/6 0:00,United Arab Emirates,15738,157,3359,12222,546,11,206,Eastern Mediterranean,33,48,2020/3/26 0:00,1.589363203
2020/5/7 0:00,United Arab Emirates,16240,165,3572,12503,502,8,213,Eastern Mediterranean,33,48,2020/3/26 0:00,1.640059628
2020/5/8 0:00,United Arab Emirates,16793,174,3837,12782,553,9,265,Eastern Mediterranean,33,48,2020/3/26 0:00,1.695906486
2020/5/9 0:00,United Arab Emirates,17417,185,4295,12937,624,11,458,Eastern Mediterranean,33,48,2020/3/26 0:00,1.758923555
2020/5/10 0:00,United Arab Emirates,18198,198,4804,13196,781,13,509,Eastern Mediterranean,33,48,2020/3/26 0:00,1.837795881
2020/5/11 0:00,United Arab Emirates,18878,201,5381,13296,680,3,577,Eastern Mediterranean,33,48,2020/3/26 0:00,1.906468329
2020/5/12 0:00,United Arab Emirates,19661,203,6012,13446,783,2,631,Eastern Mediterranean,33,48,2020/3/26 0:00,1.985542632
2020/5/13 0:00,United Arab Emirates,20386,206,6523,13657,725,3,511,Eastern Mediterranean,33,48,2020/3/26 0:00,2.05875958
2020/5/14 0:00,United Arab Emirates,21084,208,6930,13946,698,2,407,Eastern Mediterranean,33,48,2020/3/26 0:00,2.129249827
2020/5/15 0:00,United Arab Emirates,21831,210,7328,14293,747,2,398,Eastern Mediterranean,33,48,2020/3/26 0:00,2.204688531
2020/5/16 0:00,United Arab Emirates,22627,214,7931,14482,796,4,603,Eastern Mediterranean,33,48,2020/3/26 0:00,2.28507569
2020/5/17 0:00,United Arab Emirates,23358,220,8512,14626,731,6,581,Eastern Mediterranean,33,48,2020/3/26 0:00,2.358898571
2020/5/18 0:00,United Arab Emirates,24190,224,9577,14389,832,4,1065,Eastern Mediterranean,33,48,2020/3/26 0:00,2.44292133
2020/5/19 0:00,United Arab Emirates,25063,227,10791,14045,873,3,1214,Eastern Mediterranean,33,48,2020/3/26 0:00,2.531084634
2020/5/20 0:00,United Arab Emirates,26004,233,11809,13962,941,6,1018,Eastern Mediterranean,33,48,2020/3/26 0:00,2.626115182
2020/5/21 0:00,United Arab Emirates,26898,237,12755,13906,894,4,946,Eastern Mediterranean,33,48,2020/3/26 0:00,2.716399253
2020/5/22 0:00,United Arab Emirates,27892,241,13798,13853,994,4,1043,Eastern Mediterranean,33,48,2020/3/26 0:00,2.816782213
2020/5/23 0:00,United Arab Emirates,28704,244,14495,13965,812,3,697,Eastern Mediterranean,33,48,2020/3/26 0:00,2.898785195
2020/5/24 0:00,United Arab Emirates,29485,245,15056,14184,781,1,561,Eastern Mediterranean,33,48,2020/3/26 0:00,2.97765752
2020/5/25 0:00,United Arab Emirates,30307,248,15657,14402,822,3,601,Eastern Mediterranean,33,48,2020/3/26 0:00,3.060670391
2020/5/26 0:00,United Arab Emirates,31086,253,15982,14851,779,5,325,Eastern Mediterranean,33,48,2020/3/26 0:00,3.139340738
2020/5/27 0:00,United Arab Emirates,31969,255,16371,15343,883,2,389,Eastern Mediterranean,33,48,2020/3/26 0:00,3.228513931
2020/5/28 0:00,United Arab Emirates,32532,258,16685,15589,563,3,314,Eastern Mediterranean,33,48,2020/3/26 0:00,3.285370678
2020/5/29 0:00,United Arab Emirates,33170,260,17097,15813,638,2,412,Eastern Mediterranean,33,48,2020/3/26 0:00,3.349801592
2020/5/30 0:00,United Arab Emirates,33896,262,17546,16088,726,2,449,Eastern Mediterranean,33,48,2020/3/26 0:00,3.423119529
2020/5/31 0:00,United Arab Emirates,34557,264,17932,16361,661,2,386,Eastern Mediterranean,33,48,2020/3/26 0:00,3.489873187
2020/6/1 0:00,United Arab Emirates,35192,266,18338,16588,635,2,406,Eastern Mediterranean,38,49,2020/3/26 0:00,3.554001135
2020/6/2 0:00,United Arab Emirates,35788,269,18726,16793,596,3,388,Eastern Mediterranean,38,49,2020/3/26 0:00,3.614190515
2020/6/3 0:00,United Arab Emirates,36359,270,19153,16936,571,1,427,Eastern Mediterranean,38,49,2020/3/26 0:00,3.671855173
2020/6/4 0:00,United Arab Emirates,37018,273,19572,17173,659,3,419,Eastern Mediterranean,38,49,2020/3/26 0:00,3.738406854
2020/6/5 0:00,United Arab Emirates,37642,274,20337,17031,624,1,765,Eastern Mediterranean,38,49,2020/3/26 0:00,3.801423923
2020/6/6 0:00,United Arab Emirates,38268,275,21061,16932,626,1,724,Eastern Mediterranean,38,49,2020/3/26 0:00,3.86464297
2020/6/7 0:00,United Arab Emirates,38808,276,21806,16726,540,1,745,Eastern Mediterranean,38,49,2020/3/26 0:00,3.919176973
2020/6/8 0:00,United Arab Emirates,39376,281,22275,16820,568,5,469,Eastern Mediterranean,38,49,2020/3/26 0:00,3.976538664
2020/6/9 0:00,United Arab Emirates,39904,283,22740,16881,528,2,465,Eastern Mediterranean,38,49,2020/3/26 0:00,4.0298608
2020/6/10 0:00,United Arab Emirates,40507,284,24017,16206,603,1,1277,Eastern Mediterranean,38,49,2020/3/26 0:00,4.090757103
2020/6/11 0:00,United Arab Emirates,40986,286,25234,15466,479,2,1217,Eastern Mediterranean,38,49,2020/3/26 0:00,4.139130783
2020/6/12 0:00,United Arab Emirates,41499,287,25946,15266,513,1,712,Eastern Mediterranean,38,49,2020/3/26 0:00,4.190938085
2020/6/13 0:00,United Arab Emirates,41990,288,26761,14941,491,1,815,Eastern Mediterranean,38,49,2020/3/26 0:00,4.240523631
2020/6/14 0:00,United Arab Emirates,42294,289,27462,14543,304,1,701,Eastern Mediterranean,38,49,2020/3/26 0:00,4.271224255
2020/6/15 0:00,United Arab Emirates,42636,291,28129,14216,342,2,667,Eastern Mediterranean,38,49,2020/3/26 0:00,4.305762457
2020/6/16 0:00,United Arab Emirates,42982,293,28861,13828,346,2,732,Eastern Mediterranean,38,49,2020/3/26 0:00,4.340704614
2020/6/17 0:00,United Arab Emirates,43364,295,29537,13532,382,2,676,Eastern Mediterranean,38,49,2020/3/26 0:00,4.379282371
2020/6/18 0:00,United Arab Emirates,43752,298,30241,13213,388,3,704,Eastern Mediterranean,38,49,2020/3/26 0:00,4.418466062
2020/6/19 0:00,United Arab Emirates,44145,300,30996,12849,393,2,755,Eastern Mediterranean,38,49,2020/3/26 0:00,4.458154697
2020/6/20 0:00,United Arab Emirates,44533,301,31754,12478,388,1,758,Eastern Mediterranean,38,49,2020/3/26 0:00,4.497338387
2020/6/21 0:00,United Arab Emirates,44925,302,32415,12208,392,1,661,Eastern Mediterranean,38,49,2020/3/26 0:00,4.536926033
2020/6/22 0:00,United Arab Emirates,45303,303,33046,11954,378,1,631,Eastern Mediterranean,38,49,2020/3/26 0:00,4.575099835
2020/6/23 0:00,United Arab Emirates,45683,305,33703,11675,380,2,657,Eastern Mediterranean,38,49,2020/3/26 0:00,4.613475615
2020/6/24 0:00,United Arab Emirates,46133,307,34405,11421,450,2,702,Eastern Mediterranean,38,49,2020/3/26 0:00,4.658920617
2020/6/25 0:00,United Arab Emirates,46563,308,35165,11090,430,1,760,Eastern Mediterranean,38,49,2020/3/26 0:00,4.702345841
2020/6/26 0:00,United Arab Emirates,46973,310,35469,11194,410,2,304,Eastern Mediterranean,38,49,2020/3/26 0:00,4.743751287
2020/6/27 0:00,United Arab Emirates,47360,311,35834,11215,387,1,365,Eastern Mediterranean,38,49,2020/3/26 0:00,4.782833989
2020/6/28 0:00,United Arab Emirates,47797,313,36411,11073,437,2,577,Eastern Mediterranean,38,49,2020/3/26 0:00,4.826966135
2020/6/29 0:00,United Arab Emirates,48246,314,37076,10856,449,1,665,Eastern Mediterranean,38,49,2020/3/26 0:00,4.872310148
2020/6/30 0:00,United Arab Emirates,48667,315,37566,10786,421,1,490,Eastern Mediterranean,38,49,2020/3/26 0:00,4.914826472
2020/7/1 0:00,United Arab Emirates,49069,316,38160,10593,402,1,594,Eastern Mediterranean,37,49,2020/3/26 0:00,4.955424007
2020/7/2 0:00,United Arab Emirates,49469,317,38664,10488,400,1,504,Eastern Mediterranean,37,57,2020/3/26 0:00,4.995819565
2020/7/3 0:00,United Arab Emirates,50141,318,39153,10670,672,1,489,Eastern Mediterranean,37,57,2020/3/26 0:00,5.063684101
2020/7/4 0:00,United Arab Emirates,50857,321,39857,10679,716,3,704,Eastern Mediterranean,37,57,2020/3/26 0:00,5.135992149
2020/7/5 0:00,United Arab Emirates,51540,323,40297,10920,683,2,440,Eastern Mediterranean,37,57,2020/3/26 0:00,5.204967563
2020/7/6 0:00,United Arab Emirates,52068,324,40721,11023,528,1,424,Eastern Mediterranean,37,57,2020/3/26 0:00,5.258289699
2020/7/7 0:00,United Arab Emirates,52600,326,41714,10560,532,2,993,Eastern Mediterranean,37,57,2020/3/26 0:00,5.31201579
2020/7/8 0:00,United Arab Emirates,53045,327,42282,10436,445,1,568,Eastern Mediterranean,37,57,2020/3/26 0:00,5.356955847
2020/7/9 0:00,United Arab Emirates,53577,328,43570,9679,532,1,1288,Eastern Mediterranean,37,57,2020/3/26 0:00,5.410681939
2020/7/10 0:00,United Arab Emirates,54050,330,43969,9751,473,2,399,Eastern Mediterranean,37,57,2020/3/26 0:00,5.458449685
2020/7/11 0:00,United Arab Emirates,54453,331,44648,9474,403,1,679,Eastern Mediterranean,37,57,2020/3/26 0:00,5.499148209
2020/7/12 0:00,United Arab Emirates,54854,333,45140,9381,401,2,492,Eastern Mediterranean,37,57,2020/3/26 0:00,5.539644755
2020/7/13 0:00,United Arab Emirates,55198,334,45513,9351,344,1,373,Eastern Mediterranean,37,57,2020/3/26 0:00,5.574384935
2020/7/14 0:00,United Arab Emirates,55573,335,46025,9213,375,1,512,Eastern Mediterranean,37,57,2020/3/26 0:00,5.61225577
2020/7/15 0:00,United Arab Emirates,55848,335,46418,9095,275,0,393,Eastern Mediterranean,37,57,2020/3/26 0:00,5.640027715
2020/7/16 0:00,United Arab Emirates,56129,335,47412,8382,281,0,994,Eastern Mediterranean,37,57,2020/3/26 0:00,5.668405594
2020/7/17 0:00,United Arab Emirates,56422,337,48448,7637,293,2,1036,Eastern Mediterranean,37,57,2020/3/26 0:00,5.69799534
2020/7/18 0:00,United Arab Emirates,56711,338,48917,7456,289,1,469,Eastern Mediterranean,37,57,2020/3/26 0:00,5.72718113
2020/7/19 0:00,United Arab Emirates,56922,339,49269,7314,211,1,352,Eastern Mediterranean,37,57,2020/3/26 0:00,5.748489787
2020/7/20 0:00,United Arab Emirates,57193,340,49621,7232,271,1,352,Eastern Mediterranean,37,57,2020/3/26 0:00,5.775857777
2020/7/21 0:00,United Arab Emirates,57498,341,49964,7193,305,1,343,Eastern Mediterranean,37,57,2020/3/26 0:00,5.806659389
2020/7/22 0:00,United Arab Emirates,57734,342,50354,7038,236,1,390,Eastern Mediterranean,37,57,2020/3/26 0:00,5.830492768
2020/7/23 0:00,United Arab Emirates,57988,342,50848,6798,254,0,494,Eastern Mediterranean,37,57,2020/3/26 0:00,5.856143947
2020/7/24 0:00,United Arab Emirates,58249,343,51235,6671,261,1,387,Eastern Mediterranean,37,57,2020/3/26 0:00,5.882502048
2020/7/25 0:00,United Arab Emirates,58562,343,51628,6591,313,0,393,Eastern Mediterranean,37,57,2020/3/26 0:00,5.914111572
2020/7/26 0:00,United Arab Emirates,58913,344,52182,6387,351,1,554,Eastern Mediterranean,37,57,2020/3/26 0:00,5.949558673
2020/7/27 0:00,United Arab Emirates,59177,345,52510,6322,264,1,328,Eastern Mediterranean,37,57,2020/3/26 0:00,5.976219741
