Timestamp,What is your gender? ,What age group are you in? ,What devices do you use when spending your time online? ,How many hours do you spend online? (in hours),How many hours of sleep do you regularly get? ,Would you rather spend less or more time online? 
01/10/2021 23:15:18,Male,0-12,"Computer / Laptop, Phone",6-8,8-10,Less
01/10/2021 23:15:39,Female,0-12,"Computer / Laptop, Tablet",6-8,8-10,Neutral
01/10/2021 23:16:18,Male,19-59,"Computer / Laptop, Phone",6-8,5-7,More
01/10/2021 23:16:41,Female,13-18,"Computer / Laptop, Phone, Tablet",3-5,8-10,Neutral
01/10/2021 23:17:07,Female,60 and above,"Phone, Tablet",9-12,10<,Less
01/10/2021 23:17:57,Male,19-59,"Computer / Laptop, Phone",9-12,5-7,Less
01/10/2021 23:18:23,Male,60 and above,"Computer / Laptop, Tablet",6-8,8-10,More
01/10/2021 23:18:43,Female,0-12,Tablet,6-8,10<,Neutral
01/10/2021 23:19:03,Female,13-18,Computer / Laptop,6-8,8-10,Neutral
01/10/2021 23:19:21,Male,19-59,"Computer / Laptop, Phone",6-8,5-7,Less
01/10/2021 23:19:40,Male,13-18,"Computer / Laptop, Phone",9-12,5-7,Less
01/10/2021 23:19:55,Female,19-59,"Computer / Laptop, Phone",6-8,8-10,Less
01/10/2021 23:20:25,Male,0-12,Tablet,6-8,10<,Neutral
01/10/2021 23:21:06,Female,13-18,"Computer / Laptop, Phone",6-8,8-10,Less
01/10/2021 23:21:27,Male,13-18,Computer / Laptop,6-8,5-7,Less
01/10/2021 23:21:49,Male,19-59,"Computer / Laptop, Phone",6-8,8-10,Less
01/10/2021 23:22:10,Female,60 and above,"Phone, Tablet",0-2,8-10,Neutral
01/10/2021 23:22:34,Female,13-18,"Computer / Laptop, Phone",9-12,8-10,Neutral
01/10/2021 23:23:02,Male,0-12,"Computer / Laptop, Tablet",3-5,8-10,More
01/10/2021 23:23:29,Male,19-59,"Computer / Laptop, Phone, Tablet",6-8,5-7,Less