Title,Date
"The Social Dilemma","10/29/20"
"The Intern","10/28/20"
"Moneyball","10/28/20"
"Emily in Paris: Season 1: Emily in Paris","10/28/20"
"The End of the F***ing World: Season 1: Episode 1","10/28/20"
"Sex and the City: The Movie","10/28/20"
"Silver Linings Playbook","10/28/20"
"Definitely, Maybe","10/27/20"
"100 Humans: Season 1: The Best Age to Be Alive","10/26/20"
"Eat Pray Love","10/25/20"
"Our Planet: Season 1: Frozen Worlds","10/20/20"
"Our Planet: Season 1: One Planet","10/20/20"
"The Exam","10/18/20"
"The Heartbreak Kid","10/18/20"
"Friends: Season 1: The One with the Birth","10/18/20"
"Love Is Blind: Season 1: Will You Marry Me?","10/18/20"
"Love Is Blind: Season 1: Is Love Blind?","10/18/20"
"The Women","10/18/20"
"How to Live Mortgage Free with Sarah Beeny: Season 1: Episode 3","10/17/20"
"Maid in Manhattan","10/17/20"
"Dream Home Makeover: Season 1: Manor House Designs","10/17/20"
"Tiny House Nation: Volume 2: Dad's Tiny Homecoming","10/16/20"
"Dream Home Makeover: Season 1: Forever Home","10/16/20"
"Tiny House Nation: Volume 2: A Texas-Sized Tiny","10/11/20"
"Tiny House Nation: Volume 2: A Firefighter Rebuilds","10/11/20"
"Holiday in the Wild","10/11/20"
"Falling Inn Love","10/11/20"
"David Attenborough: A Life on Our Planet","10/11/20"
"Grand Designs: Season 15: Malvern","10/11/20"
"Amazing Interiors: Season 1: Circus House, Recycled House, Sci-Fi Museum","10/4/20"
"Minimalism: A Documentary About the Important Things","10/3/20"
"How to Live Mortgage Free with Sarah Beeny: Season 1: Episode 2","10/3/20"
"How to Live Mortgage Free with Sarah Beeny: Season 1: Episode 1","10/3/20"
"Get Organized with The Home Edit: Season 1: Rachel Zoe and a Multipurpose Garage","10/3/20"
"Stay Here: Season 1: Seattle Houseboat","10/3/20"
"The Witcher: Season 1: The End’s Beginning","9/30/20"
"Tiny House Nation: Volume 2: Tiny House Hits the Road","9/27/20"
"Tiny House Nation: Volume 2: Going Tiny in the Music City","9/27/20"
"Tidying Up with Marie Kondo: Season 1: When Two (Messes) Become One","9/27/20"
"Tidying Up with Marie Kondo: Season 1: Making Room for Baby","9/27/20"
"The Devil All The Time","9/27/20"
"Tidying Up with Marie Kondo: Season 1: Breaking Free from a Mountain of Stuff","9/26/20"
"Tidying Up with Marie Kondo: Season 1: From Students to Improvements","9/26/20"
"Tidying Up with Marie Kondo: Season 1: Sparking Joy After a Loss","9/26/20"
"Tidying Up with Marie Kondo: Season 1: The Downsizers","9/26/20"
"Enola Holmes","9/26/20"
"All Together Now","9/26/20"
"Interior Design Masters: Season 1: Episode 1","9/20/20"
"100 Humans: Season 1: What Makes Us Attractive?","9/20/20"
"Amazing Interiors: Season 1: House of Horrors, History House, House of Cars","9/19/20"
"Amazing Interiors: Season 1: Chicago Cubs Cave, Aquarium House, The Love Boat","9/19/20"
"Tidying Up with Marie Kondo: Season 1: Empty Nesters","9/19/20"
"Work It","9/19/20"
"The Umbrella Academy: Season 1: We Only See Each Other at Weddings and Funerals","9/19/20"
"Tidying Up with Marie Kondo: Season 1: Tidying With Toddlers","9/19/20"
"Get Organized with The Home Edit: Season 1: Reese Witherspoon and a Doctor's Dream Closet","9/19/20"
"Friends: Season 1: The One with the Ick Factor","9/13/20"
"Friends: Season 1: The One Where Rachel Finds Out","9/13/20"
"Friends: Season 1: The One with the Fake Monica","9/13/20"
"Gilmore Girls: Season 1: Pilot","9/12/20"
"Chesapeake Shores: Season 1: Home to Roost: Part 1","9/12/20"
"Chesapeake Shores: Season 1: Pilot: Part 2","9/12/20"
"Chesapeake Shores: Season 1: Pilot: Part 1","9/12/20"
"Changeling","9/9/20"
"Love, Guaranteed","9/6/20"
"The Show Must Go On: The Queen + Adam Lambert Story","9/6/20"
"Queen","9/6/20"
"Wonder","9/6/20"
"Pride & Prejudice","9/6/20"
"Friends: Season 1: The One with the Evil Orthodontist","8/29/20"
"Friends: Season 1: The One Where the Monkey Gets Away","8/29/20"
"Black Mirror: Bandersnatch","8/29/20"
"The Crown: Season 1: Gloriana","8/27/20"
"Suits: Season 1: Pilot Part 1 & 2","8/26/20"
"Friends: Season 1: The One with All the Poker","8/23/20"
"Desperados","8/23/20"
"The Break-Up","8/23/20"
"The Best of Me","8/21/20"
"My Week with Marilyn","8/20/20"
"Cable Girls: Season 3: Chapter 24: Destiny","8/18/20"
"A Dog's Journey","8/18/20"
"The Founder","8/18/20"
"Lucifer: Season 1: Pilot","8/5/20"
"Good Girls: Season 1: Pilot","7/21/20"
"The Crown: Season 1: Assassins","7/19/20"
"The Crown: Season 1: Pride & Joy","7/19/20"
"The Crown: Season 1: Scientia Potentia Est","7/19/20"
"Toy Boy: Season 1: Masquerade","7/19/20"
"365 Days","7/19/20"
"Cursed: Season 1: Alone","7/19/20"
"Cursed: Season 1: Cursed","7/19/20"
"Cursed: Season 1: Nimue","7/18/20"
"Black Mirror: Season 5: Smithereens","7/18/20"
"Black Mirror: Season 5: Striking Vipers","7/18/20"
"Snowpiercer: Season 1: First, the Weather Changed","7/17/20"
"Cable Girls: Season 3: Chapter 23: Hope","7/14/20"
"The Mirror Boy","7/14/20"
"The Blacklist: Season 1: Pilot","7/13/20"
"Down to Earth with Zac Efron: Season 1: Iceland","7/13/20"
"The Old Guard","7/12/20"
"Friends: Season 1: The One with the Two Parts: Part 2","7/9/20"
"The Royal House of Windsor: Season 1: Adapt or Die","6/27/20"
"Eurovision Song Contest: The Story of Fire Saga","6/26/20"
"Friends: Season 1: The One with the Two Parts: Part 1","6/23/20"
"Feel the Beat","6/21/20"
"Girls from Ipanema: Season 1: Welcome to Rio","6/21/20"
"Virgin River: Season 1: ... and Found","6/21/20"
"Virgin River: Season 1: Lost","6/21/20"
"Virgin River: Season 1: Carry On","6/21/20"
"The Wolf of Wall Street","6/20/20"
"Cable Girls: Season 3: Chapter 22: Fight","6/20/20"
"The Crown: Season 1: Gelignite","6/20/20"
"Morning Glory","6/19/20"
"What to Expect When You're Expecting","6/17/20"
"Isn't It Romantic","6/15/20"
"Narcos: Season 1: The Sword of Simón Bolívar","6/14/20"
"Trump: An American Dream: Season 1: Citizen Trump","6/7/20"
"Trump: An American Dream: Season 1: The Gambler","6/7/20"
"Trump: An American Dream: Season 1: Manhattan","6/7/20"
"The Story of Diana: Season 1: Part 1","6/7/20"
"The Last Dance: Season 1: Episode III","6/7/20"
"The Last Dance: Season 1: Episode II","6/7/20"
"Anne with an E: Season 1: Tightly Knotted to a Similar String","6/6/20"
"Anne with an E: Season 1: An Inward Treasure Born","6/6/20"
"Anne with an E: Season 1: But What Is So Headstrong as Youth?","6/6/20"
"Homeland","6/6/20"
"13 Reasons Why: Season 1: Tape 2, Side A","6/6/20"
"13 Reasons Why: Season 1: Tape 1, Side B","6/6/20"
"13 Reasons Why: Season 1: Tape 1, Side A","6/6/20"
"Diana: In Her Own Words","6/6/20"
"Anne with an E: Season 1: I Am No Bird, and No Net Ensnares Me","6/6/20"
"Anne with an E: Season 1: Your Will Shall Decide Your Destiny","6/6/20"
"Friends: Season 1: The One with the Stoned Guy","6/3/20"
"The Crown: Season 1: Wolferton Splash","6/3/20"
"The Crown: Season 1: Hyde Park Corner","6/3/20"
"Elizabeth: The Golden Age","6/3/20"
"Designated Survivor: Season 1: Pilot","5/31/20"
"Bodyguard: Season 1: Episode 6","5/30/20"
"Bodyguard: Season 1: Episode 5","5/30/20"
"Bodyguard: Season 1: Episode 4","5/30/20"
"Bodyguard: Season 1: Episode 3","5/30/20"
"Space Force: Season 1: THE LAUNCH","5/30/20"
"The Crown: Season 1: Smoke and Mirrors","5/30/20"
"The Crown: Season 1: Act of God","5/28/20"
"The Crown: Season 1: Windsor","5/27/20"
"Bodyguard: Season 1: Episode 2","5/26/20"
"Bodyguard: Season 1: Episode 1","5/24/20"
"The Irishman","5/19/20"
"Money Heist: Part 3: It's Dolphin Time","5/17/20"
"Money Heist: Part 3: 48 Meters Underground","5/17/20"
"Extraction","5/17/20"
"Marriage Story","5/17/20"
"Cable Girls: Season 3: Chapter 21: Sin","5/17/20"
"Cable Girls: Season 3: Chapter 20: Revenge","5/17/20"
"Cable Girls: Season 3: Chapter 19: Truth","5/17/20"
"Self Made: Inspired by the Life of Madam C.J. Walker: Limited Series: Bootstraps","5/16/20"
"Self Made: Inspired by the Life of Madam C.J. Walker: Limited Series: The Fight of the Century","5/16/20"
"Friends: Season 1: The One with the Dozen Lasagnas","5/16/20"
"Friends: Season 1: The One with Mrs. Bing","5/16/20"
"Friends: Season 1: The One with the Monkey","5/16/20"
"Friends: Season 1: The One with the Candy Hearts","5/16/20"
"Friends: Season 1: The One with the Boobies","5/16/20"
"Cable Girls: Season 3: Chapter 18: Death","5/16/20"
"Money Heist: Part 3: Aikido","5/14/20"
"Cable Girls: Season 3: Chapter 17: Time","5/12/20"
"Cable Girls: Season 2: Chapter 16: Innocence","5/11/20"
"Cable Girls: Season 2: Chapter 15: Opportunities","5/11/20"
"Money Heist: Part 3: We're Back","5/11/20"
"Money Heist: Part 2: Episode 9","5/10/20"
"Dead to Me: Season 1: Maybe I'm Crazy","5/9/20"
"Dead to Me: Season 1: Pilot","5/9/20"
"Cable Girls: Season 2: Chapter 14: Loneliness","4/27/20"
"Cable Girls: Season 2: Chapter 13: Secrets","4/27/20"
"Cable Girls: Season 2: Chapter 12: Guilt","4/26/20"
"Money Heist: Part 2: Episode 8","4/23/20"
"Cable Girls: Season 2: Chapter 11: Jealousy","4/23/20"
"Cable Girls: Season 2: Chapter 10: Pact","4/23/20"
"Money Heist: Part 2: Episode 7","4/22/20"
"Money Heist: Part 2: Episode 6","4/22/20"
"The Silence of the Marsh","4/22/20"
"Friends: Season 1: The One Where Nana Dies Twice","4/22/20"
"Friends: Season 1: The One with the Blackout","4/22/20"
"Friends: Season 1: The One with the Butt","4/22/20"
"Friends: Season 1: The One with the East German Laundry Detergent","4/22/20"
"Friends: Season 1: The One with George Stephanopoulos","4/22/20"
"Cable Girls: Season 2: Chapter 9: The Choice","4/22/20"
"Sex Education: Season 1: Episode 1","4/21/20"
"The Last Dance: Season 1: Episode I","4/21/20"
"Friends: Season 1: The One with the Thumb","4/21/20"
"Friends: Season 1: The One with the Sonogram at the End","4/21/20"
"Cable Girls: Season 1: Chapter 8: Love","4/20/20"
"Friends: Season 1: The One Where Monica Gets a Roommate (Pilot)","4/20/20"
"Assassin's Creed","4/19/20"
"Peaky Blinders: Season 1: Episode 1","4/18/20"
"Toy Boy: Season 1: End of the Tunnel","4/18/20"
"Toy Boy: Season 1: The Murderer's Pulse","4/18/20"
"Toy Boy: Season 1: Square One","4/18/20"
"Cable Girls: Season 1: Chapter 7: Loss","4/17/20"
"Cable Girls: Season 1: Chapter 6: Family","4/16/20"
"Cable Girls: Season 1: Chapter 5: The Past","4/14/20"
"Cable Girls: Season 1: Chapter 4: Feelings","4/14/20"
"Money Heist: Part 2: Episode 5","4/13/20"
"Love Wedding Repeat","4/13/20"
"The Two Popes","4/13/20"
"Money Heist: Part 2: Episode 4","4/11/20"
"Toy Boy: Season 1: The Final Judgement","4/10/20"
"Toy Boy: Season 1: Among the Dead","4/10/20"
"Caliphate: Season 1: Episode 1","4/10/20"
"Cable Girls: Season 1: Chapter 3: Lies","4/10/20"
"Cable Girls: Season 1: Chapter 2: Memories","4/10/20"
"Cable Girls: Season 1: Chapter 1: Dreams","4/10/20"
"Elite: Season 1: Welcome","4/10/20"
"Locked Up: Season 1: Mom, I Lied to You","4/10/20"
"Locked Up: Season 1: A Bad Day","4/10/20"
"Money Heist: Part 2: Episode 3","4/9/20"
"Money Heist: Part 2: Episode 2","4/9/20"
"Money Heist: Part 2: Episode 1","4/8/20"
"Narcos: Season 1: Descenso","4/6/20"
"Toy Boy: Season 1: Pilot","4/5/20"
"Pandemic: How to Prevent an Outbreak: Season 1: It Hunts Us","4/4/20"
"The Occupant","4/4/20"
"Money Heist: Part 1: Episode 13","4/3/20"
"Lady Bird","3/31/20"
"The Tourist","3/31/20"
"Money Heist: Part 1: Episode 12","3/29/20"
"Money Heist: Part 1: Episode 11","3/29/20"
"Money Heist: Part 1: Episode 10","3/29/20"
"Money Heist: Part 1: Episode 9","3/29/20"
"Money Heist: Part 1: Episode 8","3/29/20"
"Money Heist: Part 1: Episode 7","3/29/20"
"Money Heist: Part 1: Episode 6","3/29/20"
"Money Heist: Part 1: Episode 5","3/29/20"
"Money Heist: Part 1: Episode 4","3/29/20"
"Money Heist: Part 1: Episode 3","3/29/20"
"Money Heist: Part 1: Episode 2","3/29/20"
"Money Heist: Part 1: Episode 1","3/29/20"
"Mowgli: Legend of the Jungle","3/28/20"
"Revenge","3/28/20"
"Tall Girl","3/27/20"
"The Society: Season 1: What Happened","3/27/20"
