date,areaType,areaCode,areaName,newCasesByPublishDate,newAdmissions
"2021-01-27",nation,S92000003,Scotland,1330,
"2021-01-26",nation,S92000003,Scotland,1049,
"2021-01-25",nation,S92000003,Scotland,752,
"2021-01-24",nation,S92000003,Scotland,1195,
"2021-01-23",nation,S92000003,Scotland,1307,119
"2021-01-22",nation,S92000003,Scotland,1480,133
"2021-01-21",nation,S92000003,Scotland,1636,165
"2021-01-20",nation,S92000003,Scotland,1656,156
"2021-01-19",nation,S92000003,Scotland,1165,174
"2021-01-18",nation,S92000003,Scotland,1429,162
"2021-01-17",nation,S92000003,Scotland,1341,142
"2021-01-16",nation,S92000003,Scotland,1753,151
"2021-01-15",nation,S92000003,Scotland,2160,165
"2021-01-14",nation,S92000003,Scotland,1707,174
"2021-01-13",nation,S92000003,Scotland,1949,164
"2021-01-12",nation,S92000003,Scotland,1875,195
"2021-01-11",nation,S92000003,Scotland,1782,234
"2021-01-10",nation,S92000003,Scotland,1877,158
"2021-01-09",nation,S92000003,Scotland,1865,172
"2021-01-08",nation,S92000003,Scotland,2309,185
"2021-01-07",nation,S92000003,Scotland,2649,185
"2021-01-06",nation,S92000003,Scotland,2039,194
"2021-01-05",nation,S92000003,Scotland,2529,181
"2021-01-04",nation,S92000003,Scotland,1905,179
"2021-01-03",nation,S92000003,Scotland,2464,136
"2021-01-02",nation,S92000003,Scotland,2137,143
"2021-01-01",nation,S92000003,Scotland,2539,132
"2020-12-31",nation,S92000003,Scotland,2622,158
"2020-12-30",nation,S92000003,Scotland,2045,178
"2020-12-29",nation,S92000003,Scotland,1895,150
"2020-12-28",nation,S92000003,Scotland,967,148
"2020-12-27",nation,S92000003,Scotland,740,137
"2020-12-26",nation,S92000003,Scotland,1149,105
"2020-12-25",nation,S92000003,Scotland,1165,77
"2020-12-24",nation,S92000003,Scotland,1314,90
"2020-12-23",nation,S92000003,Scotland,1190,95
"2020-12-22",nation,S92000003,Scotland,1316,98
"2020-12-21",nation,S92000003,Scotland,1504,100
"2020-12-20",nation,S92000003,Scotland,934,66
"2020-12-19",nation,S92000003,Scotland,572,90
"2020-12-18",nation,S92000003,Scotland,744,83
"2020-12-17",nation,S92000003,Scotland,858,96
"2020-12-16",nation,S92000003,Scotland,689,107
"2020-12-15",nation,S92000003,Scotland,845,78
"2020-12-14",nation,S92000003,Scotland,734,92
"2020-12-13",nation,S92000003,Scotland,800,69
"2020-12-12",nation,S92000003,Scotland,1064,67
"2020-12-11",nation,S92000003,Scotland,1001,89
"2020-12-10",nation,S92000003,Scotland,933,91
"2020-12-09",nation,S92000003,Scotland,897,91
"2020-12-08",nation,S92000003,Scotland,692,100
"2020-12-07",nation,S92000003,Scotland,677,89
"2020-12-06",nation,S92000003,Scotland,643,62
"2020-12-05",nation,S92000003,Scotland,777,76
"2020-12-04",nation,S92000003,Scotland,966,87
"2020-12-03",nation,S92000003,Scotland,958,73
"2020-12-02",nation,S92000003,Scotland,951,103
"2020-12-01",nation,S92000003,Scotland,754,78
"2020-11-30",nation,S92000003,Scotland,369,86
"2020-11-29",nation,S92000003,Scotland,746,63
"2020-11-28",nation,S92000003,Scotland,788,61
"2020-11-27",nation,S92000003,Scotland,969,91
"2020-11-26",nation,S92000003,Scotland,1225,98
"2020-11-25",nation,S92000003,Scotland,880,87
"2020-11-24",nation,S92000003,Scotland,771,101
"2020-11-23",nation,S92000003,Scotland,949,106
"2020-11-22",nation,S92000003,Scotland,844,65
"2020-11-21",nation,S92000003,Scotland,887,87
"2020-11-20",nation,S92000003,Scotland,1018,103
"2020-11-19",nation,S92000003,Scotland,1089,93
"2020-11-18",nation,S92000003,Scotland,1264,91
"2020-11-17",nation,S92000003,Scotland,1248,107
"2020-11-16",nation,S92000003,Scotland,717,92
"2020-11-15",nation,S92000003,Scotland,1159,89
"2020-11-14",nation,S92000003,Scotland,1118,97
"2020-11-13",nation,S92000003,Scotland,1357,106
"2020-11-12",nation,S92000003,Scotland,1212,110
"2020-11-11",nation,S92000003,Scotland,1261,116
"2020-11-10",nation,S92000003,Scotland,832,99
"2020-11-09",nation,S92000003,Scotland,912,98
"2020-11-08",nation,S92000003,Scotland,1115,75
"2020-11-07",nation,S92000003,Scotland,1596,83
"2020-11-06",nation,S92000003,Scotland,1072,95
"2020-11-05",nation,S92000003,Scotland,1216,97
"2020-11-04",nation,S92000003,Scotland,1433,113
"2020-11-03",nation,S92000003,Scotland,999,106
"2020-11-02",nation,S92000003,Scotland,951,106
"2020-11-01",nation,S92000003,Scotland,1148,94
"2020-10-31",nation,S92000003,Scotland,1101,102
"2020-10-30",nation,S92000003,Scotland,1281,119
"2020-10-29",nation,S92000003,Scotland,1128,95
"2020-10-28",nation,S92000003,Scotland,1202,121
"2020-10-27",nation,S92000003,Scotland,1327,128
"2020-10-26",nation,S92000003,Scotland,1122,130
"2020-10-25",nation,S92000003,Scotland,1303,108
"2020-10-24",nation,S92000003,Scotland,1433,114
"2020-10-23",nation,S92000003,Scotland,1401,122
"2020-10-22",nation,S92000003,Scotland,1712,127
"2020-10-21",nation,S92000003,Scotland,1739,128
"2020-10-20",nation,S92000003,Scotland,1456,130
"2020-10-19",nation,S92000003,Scotland,993,127
"2020-10-18",nation,S92000003,Scotland,316,83
"2020-10-17",nation,S92000003,Scotland,1167,81
"2020-10-16",nation,S92000003,Scotland,1196,125
"2020-10-15",nation,S92000003,Scotland,1351,102
"2020-10-14",nation,S92000003,Scotland,1429,115
"2020-10-13",nation,S92000003,Scotland,1297,115
"2020-10-12",nation,S92000003,Scotland,961,101
"2020-10-11",nation,S92000003,Scotland,956,77
"2020-10-10",nation,S92000003,Scotland,1009,71
"2020-10-09",nation,S92000003,Scotland,1246,76
"2020-10-08",nation,S92000003,Scotland,1027,92
"2020-10-07",nation,S92000003,Scotland,1054,77
"2020-10-06",nation,S92000003,Scotland,800,91
"2020-10-05",nation,S92000003,Scotland,697,69
"2020-10-04",nation,S92000003,Scotland,758,42
"2020-10-03",nation,S92000003,Scotland,764,44
"2020-10-02",nation,S92000003,Scotland,775,54
"2020-10-01",nation,S92000003,Scotland,668,60
"2020-09-30",nation,S92000003,Scotland,640,46
"2020-09-29",nation,S92000003,Scotland,806,31
"2020-09-28",nation,S92000003,Scotland,222,44
"2020-09-27",nation,S92000003,Scotland,344,31
"2020-09-26",nation,S92000003,Scotland,714,34
"2020-09-25",nation,S92000003,Scotland,558,37
"2020-09-24",nation,S92000003,Scotland,465,32
"2020-09-23",nation,S92000003,Scotland,486,24
"2020-09-22",nation,S92000003,Scotland,383,31
"2020-09-21",nation,S92000003,Scotland,255,24
"2020-09-20",nation,S92000003,Scotland,245,18
"2020-09-19",nation,S92000003,Scotland,350,18
"2020-09-18",nation,S92000003,Scotland,203,14
"2020-09-17",nation,S92000003,Scotland,290,17
"2020-09-16",nation,S92000003,Scotland,267,34
"2020-09-15",nation,S92000003,Scotland,267,19
"2020-09-14",nation,S92000003,Scotland,70,16
"2020-09-13",nation,S92000003,Scotland,244,12
"2020-09-12",nation,S92000003,Scotland,221,14
"2020-09-11",nation,S92000003,Scotland,175,19
"2020-09-10",nation,S92000003,Scotland,161,18
"2020-09-09",nation,S92000003,Scotland,159,7
"2020-09-08",nation,S92000003,Scotland,176,10
"2020-09-07",nation,S92000003,Scotland,146,11
"2020-09-06",nation,S92000003,Scotland,208,7
"2020-09-05",nation,S92000003,Scotland,141,8
"2020-09-04",nation,S92000003,Scotland,159,15
"2020-09-03",nation,S92000003,Scotland,101,3
"2020-09-02",nation,S92000003,Scotland,156,6
"2020-09-01",nation,S92000003,Scotland,154,3
"2020-08-31",nation,S92000003,Scotland,160,5
"2020-08-30",nation,S92000003,Scotland,123,3
"2020-08-29",nation,S92000003,Scotland,88,4
"2020-08-28",nation,S92000003,Scotland,51,5
"2020-08-27",nation,S92000003,Scotland,68,8
"2020-08-26",nation,S92000003,Scotland,67,11
"2020-08-25",nation,S92000003,Scotland,44,11
"2020-08-24",nation,S92000003,Scotland,66,7
"2020-08-23",nation,S92000003,Scotland,83,1
"2020-08-22",nation,S92000003,Scotland,123,5
"2020-08-21",nation,S92000003,Scotland,71,4
"2020-08-20",nation,S92000003,Scotland,77,8
"2020-08-19",nation,S92000003,Scotland,50,5
"2020-08-18",nation,S92000003,Scotland,49,5
"2020-08-17",nation,S92000003,Scotland,26,6
"2020-08-16",nation,S92000003,Scotland,43,2
"2020-08-15",nation,S92000003,Scotland,51,7
"2020-08-14",nation,S92000003,Scotland,65,5
"2020-08-13",nation,S92000003,Scotland,47,3
"2020-08-12",nation,S92000003,Scotland,47,2
"2020-08-11",nation,S92000003,Scotland,52,2
"2020-08-10",nation,S92000003,Scotland,29,5
"2020-08-09",nation,S92000003,Scotland,48,0
"2020-08-08",nation,S92000003,Scotland,60,3
"2020-08-07",nation,S92000003,Scotland,43,5
"2020-08-06",nation,S92000003,Scotland,66,0
"2020-08-05",nation,S92000003,Scotland,64,4
"2020-08-04",nation,S92000003,Scotland,23,2
"2020-08-03",nation,S92000003,Scotland,18,4
"2020-08-02",nation,S92000003,Scotland,31,0
"2020-08-01",nation,S92000003,Scotland,18,2
"2020-07-31",nation,S92000003,Scotland,30,3
"2020-07-30",nation,S92000003,Scotland,17,3
"2020-07-29",nation,S92000003,Scotland,22,3
"2020-07-28",nation,S92000003,Scotland,4,0
"2020-07-27",nation,S92000003,Scotland,3,3
"2020-07-26",nation,S92000003,Scotland,4,1
"2020-07-25",nation,S92000003,Scotland,27,6
"2020-07-24",nation,S92000003,Scotland,20,0
"2020-07-23",nation,S92000003,Scotland,16,3
"2020-07-22",nation,S92000003,Scotland,10,2
"2020-07-21",nation,S92000003,Scotland,22,1
"2020-07-20",nation,S92000003,Scotland,7,0
"2020-07-19",nation,S92000003,Scotland,23,2
"2020-07-18",nation,S92000003,Scotland,21,1
"2020-07-17",nation,S92000003,Scotland,17,3
"2020-07-16",nation,S92000003,Scotland,11,3
"2020-07-15",nation,S92000003,Scotland,5,1
"2020-07-14",nation,S92000003,Scotland,3,0
"2020-07-13",nation,S92000003,Scotland,6,1
"2020-07-12",nation,S92000003,Scotland,19,1
"2020-07-11",nation,S92000003,Scotland,7,3
"2020-07-10",nation,S92000003,Scotland,18,4
"2020-07-09",nation,S92000003,Scotland,6,0
"2020-07-08",nation,S92000003,Scotland,7,1
"2020-07-07",nation,S92000003,Scotland,2,1
"2020-07-06",nation,S92000003,Scotland,4,3
"2020-07-05",nation,S92000003,Scotland,9,2
"2020-07-04",nation,S92000003,Scotland,11,1
"2020-07-03",nation,S92000003,Scotland,12,2
"2020-07-02",nation,S92000003,Scotland,5,2
"2020-07-01",nation,S92000003,Scotland,8,3
"2020-06-30",nation,S92000003,Scotland,10,0
"2020-06-29",nation,S92000003,Scotland,5,2
"2020-06-28",nation,S92000003,Scotland,8,3
"2020-06-27",nation,S92000003,Scotland,15,4
"2020-06-26",nation,S92000003,Scotland,17,1
"2020-06-25",nation,S92000003,Scotland,5,2
"2020-06-24",nation,S92000003,Scotland,9,4
"2020-06-23",nation,S92000003,Scotland,12,5
"2020-06-22",nation,S92000003,Scotland,14,8
"2020-06-21",nation,S92000003,Scotland,26,1
"2020-06-20",nation,S92000003,Scotland,26,2
"2020-06-19",nation,S92000003,Scotland,27,4
"2020-06-18",nation,S92000003,Scotland,11,4
"2020-06-17",nation,S92000003,Scotland,21,6
"2020-06-16",nation,S92000003,Scotland,15,5
"2020-06-15",nation,S92000003,Scotland,29,7
"2020-06-14",nation,S92000003,Scotland,25,6
"2020-06-13",nation,S92000003,Scotland,21,4
"2020-06-12",nation,S92000003,Scotland,27,2
"2020-06-11",nation,S92000003,Scotland,17,7
"2020-06-10",nation,S92000003,Scotland,12,8
"2020-06-09",nation,S92000003,Scotland,14,5
"2020-06-08",nation,S92000003,Scotland,18,3
"2020-06-07",nation,S92000003,Scotland,18,7
"2020-06-06",nation,S92000003,Scotland,21,5
"2020-06-05",nation,S92000003,Scotland,29,10
"2020-06-04",nation,S92000003,Scotland,49,7
"2020-06-03",nation,S92000003,Scotland,33,9
"2020-06-02",nation,S92000003,Scotland,53,5
"2020-06-01",nation,S92000003,Scotland,18,7
"2020-05-31",nation,S92000003,Scotland,18,10
"2020-05-30",nation,S92000003,Scotland,55,4
"2020-05-29",nation,S92000003,Scotland,39,10
"2020-05-28",nation,S92000003,Scotland,48,6
"2020-05-27",nation,S92000003,Scotland,55,11
"2020-05-26",nation,S92000003,Scotland,29,14
"2020-05-25",nation,S92000003,Scotland,55,13
"2020-05-24",nation,S92000003,Scotland,60,8
"2020-05-23",nation,S92000003,Scotland,72,14
"2020-05-22",nation,S92000003,Scotland,113,15
"2020-05-21",nation,S92000003,Scotland,105,14
"2020-05-20",nation,S92000003,Scotland,96,18
"2020-05-19",nation,S92000003,Scotland,61,13
"2020-05-18",nation,S92000003,Scotland,57,27
"2020-05-17",nation,S92000003,Scotland,90,9
"2020-05-16",nation,S92000003,Scotland,187,18
"2020-05-15",nation,S92000003,Scotland,143,31
"2020-05-14",nation,S92000003,Scotland,188,27
"2020-05-13",nation,S92000003,Scotland,166,27
"2020-05-12",nation,S92000003,Scotland,136,37
"2020-05-11",nation,S92000003,Scotland,141,33
"2020-05-10",nation,S92000003,Scotland,181,27
"2020-05-09",nation,S92000003,Scotland,156,20
"2020-05-08",nation,S92000003,Scotland,225,33
"2020-05-07",nation,S92000003,Scotland,215,36
"2020-05-06",nation,S92000003,Scotland,272,46
"2020-05-05",nation,S92000003,Scotland,171,40
"2020-05-04",nation,S92000003,Scotland,169,53
"2020-05-03",nation,S92000003,Scotland,170,40
"2020-05-02",nation,S92000003,Scotland,273,46
"2020-05-01",nation,S92000003,Scotland,301,56
"2020-04-30",nation,S92000003,Scotland,319,57
"2020-04-29",nation,S92000003,Scotland,313,50
"2020-04-28",nation,S92000003,Scotland,200,72
"2020-04-27",nation,S92000003,Scotland,197,77
"2020-04-26",nation,S92000003,Scotland,273,39
"2020-04-25",nation,S92000003,Scotland,354,43
"2020-04-24",nation,S92000003,Scotland,288,91
"2020-04-23",nation,S92000003,Scotland,371,67
"2020-04-22",nation,S92000003,Scotland,366,63
"2020-04-21",nation,S92000003,Scotland,222,70
"2020-04-20",nation,S92000003,Scotland,263,68
"2020-04-19",nation,S92000003,Scotland,367,58
"2020-04-18",nation,S92000003,Scotland,411,74
"2020-04-17",nation,S92000003,Scotland,307,109
"2020-04-16",nation,S92000003,Scotland,354,97
"2020-04-15",nation,S92000003,Scotland,390,98
"2020-04-14",nation,S92000003,Scotland,291,101
"2020-04-13",nation,S92000003,Scotland,155,102
"2020-04-12",nation,S92000003,Scotland,322,85
"2020-04-11",nation,S92000003,Scotland,315,79
"2020-04-10",nation,S92000003,Scotland,318,118
"2020-04-09",nation,S92000003,Scotland,392,130
"2020-04-08",nation,S92000003,Scotland,336,158
"2020-04-07",nation,S92000003,Scotland,268,171
"2020-04-06",nation,S92000003,Scotland,255,202
"2020-04-05",nation,S92000003,Scotland,361,161
"2020-04-04",nation,S92000003,Scotland,344,153
"2020-04-03",nation,S92000003,Scotland,399,212
"2020-04-02",nation,S92000003,Scotland,292,169
"2020-04-01",nation,S92000003,Scotland,317,214
"2020-03-31",nation,S92000003,Scotland,430,184
"2020-03-30",nation,S92000003,Scotland,179,191
"2020-03-29",nation,S92000003,Scotland,139,137
"2020-03-28",nation,S92000003,Scotland,186,155
"2020-03-27",nation,S92000003,Scotland,165,148
"2020-03-26",nation,S92000003,Scotland,175,155
"2020-03-25",nation,S92000003,Scotland,135,123
"2020-03-24",nation,S92000003,Scotland,85,98
"2020-03-23",nation,S92000003,Scotland,83,95
"2020-03-22",nation,S92000003,Scotland,43,52
"2020-03-21",nation,S92000003,Scotland,51,62
"2020-03-20",nation,S92000003,Scotland,56,72
"2020-03-19",nation,S92000003,Scotland,39,42
"2020-03-18",nation,S92000003,Scotland,32,43
"2020-03-17",nation,S92000003,Scotland,24,42
"2020-03-16",nation,S92000003,Scotland,18,31
"2020-03-15",nation,S92000003,Scotland,32,17
"2020-03-14",nation,S92000003,Scotland,36,22
"2020-03-13",nation,S92000003,Scotland,25,25
"2020-03-12",nation,S92000003,Scotland,24,24
"2020-03-11",nation,S92000003,Scotland,9,27
"2020-03-10",nation,S92000003,Scotland,4,30
"2020-03-09",nation,S92000003,Scotland,5,19
"2020-03-08",nation,S92000003,Scotland,2,12
"2020-03-07",nation,S92000003,Scotland,5,10
"2020-03-06",nation,S92000003,Scotland,5,21
"2020-03-05",nation,S92000003,Scotland,3,19
"2020-03-04",nation,S92000003,Scotland,2,10
"2020-03-03",nation,S92000003,Scotland,0,13
"2020-03-02",nation,S92000003,Scotland,1,11
"2020-03-01",nation,S92000003,Scotland,0,5
"2020-02-29",nation,S92000003,Scotland,0,
"2020-02-28",nation,S92000003,Scotland,0,
"2020-02-27",nation,S92000003,Scotland,0,
"2020-02-26",nation,S92000003,Scotland,0,
"2020-02-25",nation,S92000003,Scotland,0,
"2020-02-24",nation,S92000003,Scotland,0,
"2020-02-23",nation,S92000003,Scotland,0,
"2020-02-22",nation,S92000003,Scotland,0,
"2020-02-21",nation,S92000003,Scotland,0,
"2020-02-20",nation,S92000003,Scotland,0,
"2020-02-19",nation,S92000003,Scotland,0,
"2020-02-18",nation,S92000003,Scotland,0,
"2020-02-17",nation,S92000003,Scotland,0,
"2020-02-16",nation,S92000003,Scotland,0,
"2020-02-15",nation,S92000003,Scotland,0,
"2020-02-14",nation,S92000003,Scotland,0,
"2020-02-13",nation,S92000003,Scotland,0,
"2020-02-12",nation,S92000003,Scotland,0,
"2020-02-11",nation,S92000003,Scotland,0,
"2020-02-10",nation,S92000003,Scotland,0,
"2020-02-09",nation,S92000003,Scotland,0,
"2020-02-08",nation,S92000003,Scotland,0,
"2020-02-07",nation,S92000003,Scotland,0,
"2020-02-06",nation,S92000003,Scotland,0,
"2020-02-05",nation,S92000003,Scotland,0,
"2020-02-04",nation,S92000003,Scotland,0,
"2020-02-03",nation,S92000003,Scotland,0,
"2020-02-02",nation,S92000003,Scotland,0,
"2020-02-01",nation,S92000003,Scotland,0,
"2020-01-31",nation,S92000003,Scotland,0,
"2020-01-30",nation,S92000003,Scotland,0,
"2020-01-29",nation,S92000003,Scotland,0,
"2020-01-28",nation,S92000003,Scotland,0,
"2020-01-27",nation,S92000003,Scotland,0,
"2020-01-26",nation,S92000003,Scotland,0,
"2020-01-25",nation,S92000003,Scotland,0,
"2020-01-24",nation,S92000003,Scotland,0,
"2020-01-23",nation,S92000003,Scotland,0,
"2020-01-22",nation,S92000003,Scotland,0,
"2020-01-21",nation,S92000003,Scotland,0,
"2020-01-20",nation,S92000003,Scotland,0,
"2020-01-19",nation,S92000003,Scotland,0,
"2020-01-18",nation,S92000003,Scotland,0,
"2020-01-17",nation,S92000003,Scotland,0,
"2020-01-16",nation,S92000003,Scotland,0,
"2020-01-15",nation,S92000003,Scotland,0,
"2020-01-14",nation,S92000003,Scotland,0,
"2020-01-13",nation,S92000003,Scotland,0,
"2020-01-12",nation,S92000003,Scotland,0,
"2020-01-11",nation,S92000003,Scotland,0,
"2020-01-10",nation,S92000003,Scotland,0,
"2020-01-09",nation,S92000003,Scotland,0,
"2020-01-08",nation,S92000003,Scotland,0,
"2020-01-07",nation,S92000003,Scotland,0,
"2020-01-06",nation,S92000003,Scotland,0,
"2020-01-05",nation,S92000003,Scotland,0,
"2020-01-04",nation,S92000003,Scotland,0,
"2020-01-03",nation,S92000003,Scotland,0,