Country,Value
Solomon Islands,
Vanuatu,
Timor-Leste,
Bhutan,
Comoros,
South Sudan,
Kiribati,
Argentina,100
Haiti,
Nepal,97
Seychelles,
Guinea,
Togo,
Maldives,
Liberia,
Congo - Kinshasa,
Gambia,
Aruba,
Guinea-Bissau,
Benin,
Chad,
Burundi,
Burkina Faso,
Central African Republic,
Mozambique,
Panama,70
Madagascar,
Curaçao,
Cameroon,
Lebanon,68
Congo - Brazzaville,
Equatorial Guinea,
Jamaica,
Mali,
Djibouti,
Côte d’Ivoire,
Cuba,
Caribbean Netherlands,
Uruguay,63
Sierra Leone,
Bermuda,
Suriname,
Bangladesh,60
Tajikistan,
Eritrea,
Malta,
French Guiana,
Trinidad & Tobago,
Senegal,
Guatemala,58
Lesotho,
Niger,
Laos,
Belize,
Gabon,
Cape Verde,
St Barthélemy,
Gibraltar,
Vietnam,56
Namibia,
Turkmenistan,
Guyana,
Falkland Islands (Islas Malvinas),
Sudan,
Qatar,53
Cayman Islands,
São Tomé & Príncipe,
Syria,53
Malawi,
Zimbabwe,
Eswatini,
Fiji,
Colombia,51
Indonesia,51
Mauritania,
Mauritius,
Sint Maarten,
El Salvador,48
Bolivia,48
Kenya,48
Zambia,
Paraguay,48
Barbados,
Botswana,
Uganda,
Ethiopia,
Brunei,
Angola,
Costa Rica,46
St Martin,
Luxembourg,
Ecuador,46
Ghana,
Honduras,
Brazil,46
Algeria,43
Singapore,43
Rwanda,
Jordan,43
Malaysia,43
Nicaragua,
Tanzania,
Switzerland,43
Peru,43
United Arab Emirates,43
Tunisia,43
Egypt,43
Oman,
Libya,
Bahrain,
Germany,41
Liechtenstein,
St Lucia,
North Korea,
Macao,
Grenada,
Guadeloupe,
Monaco,
Mayotte,
Yemen,
French Polynesia,
Papua New Guinea,
Turks & Caicos Islands,
Western Sahara,
Palestine,
Antigua & Barbuda,
Kyrgyzstan,
Nigeria,36
St Vincent & the Grenadines,
Venezuela,36
Réunion,
Montserrat,
Chile,36
Martinique,
Jersey,
St Kitts & Nevis,
France,34
Somalia,
Thailand,34
New Caledonia,
Faroe Islands,
Hong Kong,34
Kuwait,34
Ireland,34
Belgium,34
Guernsey,
Mexico,34
Dominica,
Åland Islands,
St Helena,
Uzbekistan,
United Kingdom,31
Morocco,31
Cambodia,
Austria,31
Kazakhstan,31
San Marino,
South Africa,31
Andorra,
Myanmar (Burma),
Iran,31
Svalbard & Jan Mayen,
Sweden,29
Israel,29
Cyprus,
Sri Lanka,29
Portugal,29
Spain,29
Iraq,29
Netherlands,26
Saudi Arabia,26
Iceland,
Italy,26
Samoa,
Isle of Man,
Afghanistan,
Taiwan,26
Cook Islands,
New Zealand,24
Croatia,24
Norway,24
Australia,24
St Pierre & Miquelon,
Pakistan,24
Anguilla,
Russia,24
Canada,21
Greece,21
Mongolia,
British Virgin Islands,
Belarus,21
Poland,21
Tonga,
Denmark,21
Moldova,
Greenland,
Bosnia & Herzegovina,
Montenegro,
Armenia,
Bulgaria,19
Hungary,19
India,19
Serbia,19
Albania,
North Macedonia,
China,17
South Korea,17
Dominican Republic,
Estonia,
Ukraine,17
Puerto Rico,
Romania,17
Georgia,
United States,17
Bahamas,
Kosovo,
Azerbaijan,
American Samoa,
Slovenia,
Finland,14
US Virgin Islands,
Palau,
Japan,14
Slovakia,
Latvia,
Lithuania,
Marshall Islands,
Turkey,9
Northern Mariana Islands,
Czechia,9
Guam,
Philippines,4
Micronesia,
Wallis & Futuna,
Tuvalu,
British Indian Ocean Territory,
Antarctica,
French Southern Territories,
Bouvet Island,
Cocos (Keeling) Islands,
Christmas Island,
Heard & McDonald Islands,
Norfolk Island,
Niue,
Nauru,
Pitcairn Islands,
South Georgia & South Sandwich Islands,
Tokelau,
US Outlying Islands,
Vatican City,
