Query,Value
2018 World Cup,100
2014 FIFA World Cup,72
2018,53
2014,38
Football,28
2010 FIFA World Cup,26
2022 FIFA World Cup,16
2010,16
2006 FIFA World Cup,13
2002 FIFA World Cup,11
1998 FIFA World Cup,7
Brazil,7
Russia,7
1966 FIFA World Cup,6
1930 FIFA World Cup,6
1982 FIFA World Cup,6
1994 FIFA World Cup,6
Championship,6
Brazilians,6
Brazil national football team,6
1974 FIFA World Cup,5
1970 FIFA World Cup,5
1950 FIFA World Cup,5
1978 FIFA World Cup,5
1990 FIFA World Cup,5
,
RISING,
2018,Breakout
Political party,Breakout
Schedule,Breakout
Quiniela (Argentina),Breakout
Lionel Messi,Breakout
Qatar,Breakout
Darts,Breakout
Shakira,Breakout
1990 FIFA World Cup Final,Breakout
Neymar,Breakout
2026,Breakout
2014,Breakout
1970 FIFA World Cup Final,Breakout
1978 FIFA World Cup Final,Breakout
Bracket,Breakout
2010 FIFA World Cup Final,Breakout
Panini Group,Breakout
Ceremony,Breakout
Russian Language,4650%
Russian,4400%
Russia,900%
2010,300%
2014 FIFA World Cup,140%
Brazil national football team,130%
Brazil,120%
