Query,Value
world cup,100
mundial,44
fifa,24
world cup 2018,23
fifa world,21
coupe du monde,19
wm,19
fifa world cup,19
world cup 2014,14
mundial 2018,12
copa do mundo,11
piala dunia,11
mundial 2014,8
world cup 2010,7
brasil,7
mondiali,7
2018 fifa world cup,7
ワールド カップ,6
copa 2014,6
copa 2018,6
coupe du monde 2018,5
world cup schedule,5
كاس العالم,5
world cup football,5
wm 2018,5
,
RISING,
mundial 2018,Breakout
piala dunia,Breakout
2018 fifa world cup,Breakout
copa 2014,Breakout
coupe du monde 2018,Breakout
wm 2018,Breakout
piala dunia 2018,Breakout
jadwal piala dunia,Breakout
wm 2014,Breakout
mundial rusia,Breakout
บอล โลก,Breakout
rusia 2018,Breakout
coupe du monde 2014,Breakout
mundial rusia 2018,Breakout
fifa world cup 2014,Breakout
world cup 2018 schedule,Breakout
чм 2018,Breakout
copa do mundo 2014,Breakout
copa do mundo 2018,Breakout
lịch world cup 2018,Breakout
mundial brasil 2014,Breakout
mondiali 2018,Breakout
piala dunia 2014,Breakout
piala dunia 2018 jadwal,Breakout
fifa world cup 2018 schedule,Breakout
